CustomerID,CategoryID
1,1
2,8
3,10
3,6
4,0
4,8
4,5
5,8
5,3
8,5
8,7
9,5
9,3
10,7
12,8
13,8
13,0
14,0
14,7
14,8
15,7
15,8
16,9
16,7
17,3
20,0
20,8
20,6
21,9
22,0
22,7
22,4
25,5
25,9
29,5
29,10
30,6
32,10
33,2
34,10
34,2
36,3
37,6
38,6
38,8
39,4
39,9
42,7
44,7
44,6
45,5
46,1
48,6
49,5
49,2
50,2
50,0
50,5
52,5
52,3
52,9
53,3
55,5
55,0
57,4
59,4
60,4
61,2
65,2
69,0
69,8
70,4
70,6
70,7
71,5
71,3
72,10
72,0
73,2
75,7
75,8
77,3
77,7
78,1
79,7
79,3
80,5
80,0
81,6
83,8
84,8
84,9
86,1
86,4
87,9
89,6
90,2
91,0
91,10
93,9
93,4
94,0
95,8
95,1
96,2
97,3
99,5
100,9
100,6
100,4
102,3
102,6
103,2
103,0
104,9
104,3
105,5
107,4
107,2
107,5
109,3
111,4
111,3
113,4
113,5
115,4
115,10
120,7
120,5
120,9
122,0
122,2
123,1
124,0
125,9
126,7
126,5
127,3
129,1
130,10
132,2
133,0
134,0
134,1
142,7
143,4
144,0
145,3
146,1
148,1
149,1
149,4
149,6
151,8
151,1
152,8
154,10
154,6
157,2
158,4
159,7
159,1
160,9
160,3
162,0
162,4
162,5
163,8
164,8
164,10
164,9
165,10
165,5
165,3
167,9
169,6
169,1
170,8
171,7
173,10
175,6
175,2
175,0
175,5
176,0
176,1
176,10
176,6
177,4
179,1
179,8
180,5
181,8
182,1
184,5
184,2
190,4
191,9
192,4
192,2
193,1
197,7
198,3
198,10
200,4
202,9
203,8
203,6
203,3
204,0
204,10
206,0
208,4
208,7
209,0
211,7
214,4
214,8
214,10
214,0
215,4
216,7
217,3
217,2
218,4
218,8
218,6
218,10
220,2
220,6
220,10
221,5
224,0
226,0
227,1
229,9
230,1
232,1
233,0
234,3
235,8
235,0
236,1
238,9
238,0
238,3
242,2
243,4
243,9
244,1
244,7
244,2
245,8
246,1
246,7
246,8
247,6
247,0
247,10
247,5
249,10
251,6
251,3
252,6
253,2
253,10
255,8
255,5
256,2
256,6
257,7
258,10
259,4
259,3
259,8
262,3
262,1
263,3
264,0
264,10
265,5
265,9
267,2
269,4
269,10
269,2
269,8
270,2
270,3
273,4
274,5
276,2
278,3
279,4
279,10
279,9
280,3
280,6
281,6
284,4
285,7
286,3
286,0
287,7
288,10
289,10
289,8
290,9
290,4
290,2
294,0
294,8
296,0
297,8
297,0
298,2
299,5
300,8
301,6
301,3
302,3
302,7
303,0
304,3
305,5
306,2
306,3
307,2
307,10
307,0
308,5
308,2
309,7
309,1
310,5
311,7
312,8
314,3
315,6
315,1
316,5
316,7
318,3
319,5
319,3
320,3
321,4
323,9
324,5
325,9
325,4
326,8
327,8
328,8
328,0
330,0
331,4
333,9
334,7
334,5
335,9
337,10
338,10
340,3
340,1
341,0
342,1
343,2
343,1
345,6
346,5
347,6
348,9
349,5
350,1
353,3
354,6
354,2
354,5
356,4
357,10
357,4
357,5
360,5
360,6
362,2
362,4
363,0
363,5
364,0
365,1
366,6
366,4
367,3
369,3
370,10
371,2
374,0
378,10
380,5
380,4
384,2
386,2
388,7
388,1
388,4
388,2
389,5
390,5
391,9
392,8
392,6
393,1
394,8
395,0
395,3
395,10
396,8
398,7
398,4
401,8
401,4
401,9
402,4
403,9
404,1
405,10
408,2
409,9
410,4
410,2
411,7
411,10
412,10
415,8
415,1
416,2
418,2
418,1
420,7
422,3
423,9
424,4
425,8
427,1
428,1
428,8
430,4
430,2
431,7
433,4
434,5
434,1
435,0
439,6
441,3
442,9
443,9
443,8
444,4
445,8
445,2
447,5
448,5
450,4
451,6
452,5
453,1
455,1
455,8
459,2
459,10
460,3
462,2
463,7
465,8
467,2
467,8
467,5
468,4
469,1
476,9
476,3
476,10
478,3
479,0
479,2
480,5
481,6
482,1
484,6
485,2
486,0
488,6
488,8
489,6
491,6
492,9
493,3
494,3
494,2
494,10
495,7
496,7
496,8
498,7
498,6
498,5
500,5
501,3
502,8
503,10
503,3
505,4
507,9
508,9
509,9
509,4
512,5
513,5
514,3
514,6
519,2
520,2
520,1
520,10
521,8
521,1
522,4
525,7
526,1
526,5
526,8
526,3
526,6
527,8
527,3
527,0
528,4
529,7
529,3
531,0
532,0
533,5
533,4
534,1
534,5
535,10
536,5
537,9
537,8
538,8
538,7
538,6
539,8
540,6
540,7
540,1
547,4
547,6
547,3
549,1
550,0
551,1
552,2
552,3
553,3
553,8
554,4
555,5
556,1
556,8
557,2
558,4
558,5
560,0
560,8
560,6
564,8
564,7
565,1
566,4
566,5
567,6
568,4
568,2
568,3
568,7
569,9
569,0
569,2
570,2
570,5
570,10
572,8
574,7
575,6
575,7
575,1
576,5
576,8
578,5
578,4
578,9
578,7
579,5
579,9
579,2
581,7
582,0
582,7
582,3
582,10
584,7
584,9
585,4
586,10
587,5
588,5
589,9
590,0
591,4
591,10
593,6
594,4
595,9
596,7
596,9
596,1
596,3
597,2
597,7
600,0
602,4
602,6
603,8
604,2
606,7
606,8
606,3
608,4
611,6
611,0
613,10
614,9
614,1
615,1
616,6
616,10
616,5
617,5
619,7
621,5
621,4
622,5
623,10
623,2
624,0
624,7
627,8
632,8
634,3
634,2
634,1
634,8
635,1
636,5
637,1
638,5
639,0
640,4
641,2
642,8
643,6
645,5
646,7
646,4
648,0
651,2
653,5
654,3
654,7
654,0
658,9
659,2
661,10
661,2
661,5
661,4
662,1
666,6
667,10
668,10
669,7
669,9
670,0
671,2
671,7
672,4
674,7
674,5
674,4
675,9
675,8
678,4
679,5
679,1
679,6
680,2
681,10
681,1
682,7
683,8
684,2
685,8
686,10
687,1
687,8
689,8
689,2
689,7
690,7
690,1
691,3
692,3
693,9
694,3
694,7
695,3
696,3
698,5
699,8
699,1
707,6
708,9
708,10
710,2
712,9
714,6
716,9
717,3
718,7
721,4
722,3
725,0
728,3
729,8
729,2
731,8
733,1
734,3
735,9
739,4
739,6
739,3
741,10
742,2
744,5
745,2
748,10
751,0
751,6
752,9
753,9
754,3
755,9
756,8
757,5
759,1
759,10
760,4
761,3
761,0
761,2
762,10
762,0
763,9
764,9
766,3
766,8
767,5
768,8
771,8
771,2
774,9
775,2
776,6
776,9
776,4
777,6
777,3
777,1
778,8
778,3
778,1
779,4
780,1
780,10
781,0
782,7
785,0
786,0
787,1
788,7
789,8
789,10
790,6
792,2
794,4
794,6
795,8
795,9
795,3
796,2
796,6
796,8
797,9
799,9
801,7
801,8
803,9
803,5
803,8
804,4
804,0
805,0
806,10
807,7
807,8
807,9
808,1
808,6
808,2
808,4
808,0
811,5
814,9
816,3
817,5
818,2
819,10
822,6
822,10
822,0
822,5
823,1
824,3
824,5
825,2
826,6
826,3
827,5
828,7
828,8
829,8
830,2
831,0
832,3
832,4
834,8
836,8
838,5
839,0
839,7
839,4
840,3
840,5
840,7
840,2
842,4
842,8
843,10
846,1
848,5
848,7
848,9
852,7
854,5
854,1
855,0
856,8
856,2
857,3
859,9
859,2
859,4
861,9
862,0
863,9
864,6
865,4
867,4
867,6
869,8
869,0
870,1
871,10
876,2
878,4
879,5
879,8
879,10
879,4
879,9
880,1
880,10
880,9
884,0
885,5
885,1
890,10
890,0
891,2
893,1
893,4
893,9
893,10
894,6
894,5
894,10
896,0
896,9
897,5
898,5
899,4
900,6
900,2
900,1
901,10
901,0
903,1
905,5
905,7
905,3
906,9
907,1
908,5
909,6
910,1
913,2
914,8
915,1
915,8
916,3
919,0
920,9
921,8
921,9
922,5
924,0
924,9
925,2
927,0
928,0
929,6
929,9
929,10
930,4
930,3
932,3
932,6
932,0
933,10
935,6
935,5
937,7
938,10
938,6
939,2
939,3
939,1
940,2
940,8
943,9
945,10
946,9
948,8
948,7
949,8
950,2
951,1
953,9
957,7
957,8
957,3
958,7
958,5
958,0
960,9
961,5
962,5
963,2
963,5
964,5
964,7
964,9
964,8
965,2
965,1
966,10
966,3
967,2
970,1
970,6
971,7
973,2
974,0
976,4
977,6
978,4
978,6
979,4
980,7
981,5
982,10
984,4
984,2
985,7
986,2
986,1
996,3
996,1
997,6
998,7
999,10
1000,9
1001,7
1003,8
1006,2
1006,1
1006,6
1007,1
1007,5
1007,7
1010,7
1010,10
1010,1
1011,4
1011,2
1012,5
1013,8
1015,5
1016,7
1016,10
1017,7
1018,8
1020,2
1021,10
1022,4
1023,5
1024,7
1024,8
1027,4
1027,1
1030,1
1031,10
1031,6
1035,9
1036,10
1037,8
1037,7
1038,9
1039,5
1040,0
1040,7
1041,2
1042,10
1042,7
1045,1
1045,4
1047,5
1047,3
1049,2
1050,9
1052,1
1052,7
1053,4
1055,6
1057,5
1058,4
1059,0
1059,8
1060,10
1061,2
1061,8
1062,4
1064,2
1064,1
1066,6
1068,8
1068,10
1068,4
1069,5
1071,4
1071,8
1073,3
1073,4
1076,10
1076,3
1080,10
1082,2
1082,6
1083,4
1084,10
1086,2
1087,10
1087,2
1088,7
1089,2
1089,6
1093,6
1093,3
1094,6
1095,0
1096,9
1097,5
1098,7
1098,6
1098,8
1100,5
1102,4
1105,2
1106,8
1106,6
1106,5
1109,6
1109,8
1109,7
1110,5
1110,10
1113,5
1114,10
1117,3
1119,5
1120,4
1121,0
1121,4
1124,0
1127,4
1128,5
1131,9
1133,5
1135,8
1136,5
1138,4
1139,9
1139,5
1140,8
1144,4
1144,10
1146,1
1147,3
1148,0
1148,3
1148,6
1149,8
1150,1
1151,5
1151,6
1152,2
1152,7
1153,5
1155,2
1156,7
1156,10
1157,0
1157,6
1159,9
1159,5
1159,10
1160,0
1161,0
1161,9
1162,7
1163,10
1163,8
1164,5
1165,4
1165,8
1165,1
1166,3
1167,0
1168,6
1169,2
1169,1
1169,9
1173,1
1173,0
1174,9
1175,5
1176,10
1178,0
1178,8
1179,7
1179,9
1180,2
1180,6
1181,5
1181,10
1182,2
1185,9
1187,6
1187,4
1188,0
1190,10
1191,9
1193,10
1193,6
1194,1
1194,0
1196,7
1197,9
1198,3
1200,6
1200,5
1202,9
1203,6
1203,2
1204,7
1205,2
1205,8
1205,1
1206,8
1209,10
1209,6
1209,7
1211,6
1212,10
1213,2
1214,1
1215,1
1216,10
1216,1
1222,4
1224,7
1225,5
1226,6
1226,9
1227,1
1227,4
1228,7
1228,8
1228,6
1229,1
1229,6
1230,6
1232,3
1233,8
1233,1
1235,9
1236,6
1236,5
1236,7
1239,7
1240,8
1241,0
1241,8
1242,4
1242,3
1245,1
1246,6
1249,7
1251,5
1253,7
1253,10
1255,1
1255,10
1256,8
1256,2
1259,5
1260,10
1261,1
1261,9
1261,8
1262,0
1262,5
1264,9
1264,6
1264,0
1264,10
1265,5
1266,5
1268,9
1268,4
1269,0
1270,10
1270,4
1273,0
1273,5
1273,1
1274,0
1275,6
1277,0
1277,9
1277,4
1278,8
1279,10
1279,3
1279,0
1280,5
1280,3
1281,7
1282,9
1283,5
1283,1
1283,6
1284,3
1284,1
1284,0
1285,3
1286,4
1287,0
1287,3
1288,7
1289,10
1291,7
1292,4
1292,8
1292,3
1293,3
1293,10
1294,5
1294,10
1294,0
1297,9
1298,6
1298,7
1301,2
1302,5
1303,0
1305,6
1306,0
1306,1
1307,3
1307,6
1307,10
1307,5
1308,2
1309,4
1310,8
1311,10
1313,4
1313,0
1313,5
1314,9
1314,3
1314,1
1315,4
1316,3
1317,10
1319,2
1320,5
1320,0
1321,4
1324,3
1327,6
1327,4
1328,8
1330,7
1333,3
1333,10
1334,9
1334,0
1337,9
1337,10
1338,1
1341,0
1341,5
1342,0
1344,5
1345,6
1346,7
1346,4
1346,10
1347,8
1348,2
1349,9
1350,2
1352,10
1352,3
1353,4
1354,7
1354,4
1355,3
1356,4
1356,8
1357,8
1358,3
1359,9
1360,7
1362,6
1362,0
1365,6
1366,0
1366,8
1367,2
1373,9
1373,2
1374,9
1374,5
1374,10
1374,6
1374,2
1376,0
1376,10
1377,9
1377,8
1380,5
1380,8
1381,4
1381,7
1382,4
1382,7
1385,9
1385,10
1386,1
1387,9
1387,7
1388,8
1391,7
1391,5
1392,8
1393,1
1393,8
1393,2
1393,10
1394,2
1395,7
1398,8
1399,8
1399,9
1400,10
1403,3
1404,0
1404,9
1406,3
1406,7
1408,4
1408,5
1409,8
1410,5
1411,5
1412,3
1415,8
1415,2
1416,1
1417,8
1419,4
1419,7
1419,1
1420,4
1420,3
1422,1
1422,6
1424,3
1425,9
1426,2
1429,3
1429,8
1430,0
1431,3
1432,10
1435,1
1435,4
1435,3
1436,5
1438,2
1444,9
1445,0
1446,0
1446,5
1446,10
1447,4
1450,9
1450,3
1450,4
1454,0
1454,9
1456,5
1456,6
1457,1
1458,4
1459,1
1462,7
1464,8
1466,3
1466,6
1467,1
1467,8
1467,5
1469,3
1469,0
1472,3
1472,1
1473,2
1473,5
1474,3
1475,9
1476,6
1477,8
1477,1
1478,10
1480,1
1482,0
1482,10
1482,9
1486,4
1486,9
1487,2
1488,6
1488,4
1490,5
1490,3
1492,8
1494,7
1496,5
1497,6
1498,5
1500,6
1501,9
1506,0
1506,8
1508,6
1510,7
1511,2
1514,6
1514,7
1514,2
1515,3
1515,8
1524,0
1524,9
1526,1
1528,6
1529,6
1530,6
1531,6
1531,0
1531,8
1532,2
1532,5
1532,8
1532,4
1533,3
1533,7
1534,8
1535,10
1536,7
1537,1
1537,0
1539,5
1542,6
1542,4
1545,0
1546,0
1547,7
1548,2
1548,9
1549,7
1549,10
1549,4
1551,10
1552,4
1552,5
1552,10
1553,2
1555,3
1556,8
1557,9
1557,5
1557,7
1559,0
1561,4
1562,7
1562,2
1563,8
1564,6
1564,5
1564,2
1567,6
1568,9
1568,3
1568,0
1570,4
1571,3
1571,7
1572,4
1573,10
1574,3
1574,1
1575,5
1576,0
1577,3
1580,5
1580,9
1581,3
1582,0
1582,3
1583,9
1583,2
1583,3
1586,1
1586,5
1587,10
1587,0
1587,7
1588,10
1590,5
1590,2
1592,6
1593,10
1594,9
1594,4
1595,9
1600,4
1602,0
1602,1
1603,7
1604,10
1604,1
1606,6
1607,0
1607,7
1608,0
1608,10
1609,8
1610,8
1612,1
1613,1
1613,0
1613,9
1613,5
1616,0
1617,10
1618,10
1619,3
1621,8
1621,6
1626,3
1626,10
1626,7
1627,4
1629,2
1629,7
1631,7
1632,9
1632,5
1632,1
1633,0
1633,5
1633,7
1635,5
1635,10
1636,4
1636,10
1638,5
1638,1
1639,7
1640,5
1640,1
1641,5
1642,9
1643,10
1643,1
1644,9
1645,2
1646,6
1647,6
1648,9
1649,7
1652,2
1652,8
1653,10
1653,9
1655,2
1656,6
1658,4
1658,3
1659,0
1661,0
1662,10
1662,4
1663,2
1664,8
1667,6
1667,3
1668,10
1669,4
1670,7
1670,3
1672,1
1673,4
1675,0
1677,7
1677,2
1678,6
1679,2
1679,1
1681,3
1681,2
1683,7
1683,8
1683,5
1685,0
1689,1
1690,8
1690,1
1693,10
1694,5
1694,0
1695,3
1695,6
1695,10
1697,5
1698,2
1700,6
1702,6
1702,2
1705,2
1707,3
1709,3
1710,5
1710,3
1712,7
1715,0
1715,9
1716,1
1717,9
1717,7
1720,1
1721,4
1722,1
1723,9
1724,4
1724,9
1726,3
1727,2
1729,2
1729,0
1730,5
1731,2
1732,5
1733,4
1733,7
1733,3
1735,1
1735,6
1737,2
1738,10
1738,7
1740,6
1741,1
1741,4
1741,10
1745,10
1746,1
1750,2
1751,6
1752,5
1752,0
1752,3
1752,8
1754,1
1754,4
1754,10
1755,5
1755,2
1758,9
1759,9
1760,10
1760,8
1762,10
1763,2
1763,8
1764,3
1765,9
1767,10
1768,9
1769,8
1769,4
1770,0
1771,3
1771,7
1771,5
1772,10
1773,3
1775,9
1777,8
1777,3
1779,7
1781,5
1781,7
1782,9
1782,10
1785,1
1785,2
1785,4
1787,8
1788,6
1788,4
1789,2
1791,2
1792,6
1792,1
1792,8
1794,8
1794,9
1795,5
1796,4
1796,7
1796,10
1797,8
1798,7
1799,10
1799,0
1800,1
1801,10
1802,5
1803,0
1804,0
1808,2
1808,0
1809,8
1810,1
1810,7
1814,4
1815,5
1815,4
1816,5
1817,6
1818,4
1820,7
1821,4
1821,5
1821,9
1822,7
1823,8
1823,4
1824,8
1825,5
1826,2
1828,8
1830,6
1832,10
1836,1
1837,10
1838,6
1840,10
1841,0
1843,2
1844,10
1844,1
1845,2
1845,9
1847,0
1847,7
1848,10
1851,9
1852,0
1853,8
1853,9
1855,6
1855,9
1856,10
1856,7
1857,3
1858,10
1858,0
1859,7
1859,1
1860,1
1861,10
1863,10
1864,5
1865,7
1866,0
1867,7
1868,10
1869,2
1871,10
1872,4
1872,8
1873,10
1873,3
1874,1
1874,8
1874,2
1877,10
1877,9
1877,5
1879,9
1879,2
1880,3
1881,2
1882,0
1883,6
1883,3
1884,5
1884,7
1886,8
1886,9
1891,8
1891,3
1891,2
1893,2
1894,10
1895,0
1895,5
1897,9
1898,0
1900,4
1902,6
1903,10
1904,4
1904,9
1904,7
1905,1
1905,10
1906,7
1907,5
1908,6
1908,2
1908,8
1909,3
1909,10
1910,6
1912,5
1913,7
1914,9
1915,0
1916,5
1917,8
1917,4
1918,9
1918,7
1919,8
1919,10
1919,5
1919,1
1921,0
1923,7
1924,2
1925,0
1926,5
1927,2
1927,0
1928,8
1930,5
1931,1
1932,7
1932,1
1933,8
1933,5
1934,2
1935,0
1936,3
1937,4
1937,2
1941,9
1941,10
1941,4
1942,8
1943,1
1943,9
1945,8
1946,5
1946,8
1946,10
1947,6
1949,3
1952,5
1952,1
1953,9
1953,1
1953,10
1954,2
1955,9
1955,10
1955,8
1956,3
1959,6
1961,10
1964,1
1966,1
1966,10
1969,4
1970,6
1971,4
1971,0
1972,8
1976,3
1979,3
1981,1
1981,2
1982,9
1984,4
1984,5
1986,7
1986,1
1986,2
1987,5
1990,7
1991,3
1991,9
1992,10
1993,0
1994,4
1994,0
1994,8
1996,10
1996,0
1996,1
1997,0
1999,5
2000,7
2004,7
2005,10
2005,5
2006,5
2007,5
2007,4
2009,3
2010,9
2012,3
2013,9
2017,0
2017,4
2017,10
2018,7
2020,7
2021,9
2022,4
2022,1
2023,4
2023,9
2024,6
2024,10
2025,5
2029,3
2029,0
2030,0
2030,8
2033,1
2033,3
2034,6
2035,3
2036,1
2037,4
2037,3
2038,2
2039,1
2043,8
2043,5
2045,1
2046,0
2048,1
2049,2
2049,3
2050,4
2050,2
2053,9
2054,10
2056,1
2056,4
2057,7
2058,3
2058,4
2059,1
2061,6
2064,7
2065,8
2065,7
2068,2
2069,4
2070,10
2071,8
2071,2
2072,4
2073,10
2073,2
2074,0
2075,7
2075,9
2075,6
2075,10
2075,8
2076,7
2077,0
2077,6
2077,3
2082,4
2083,5
2083,0
2084,1
2084,9
2084,10
2085,9
2086,6
2087,0
2088,9
2089,8
2089,3
2089,1
2090,8
2090,10
2092,2
2092,0
2092,1
2092,4
2096,3
2096,0
2097,6
2098,0
2098,6
2099,5
2099,0
2100,10
2100,3
2100,7
2101,3
2102,5
2102,10
2102,1
2103,0
2106,8
2106,9
2106,1
2106,7
2106,0
2107,4
2108,1
2110,10
2110,8
2111,1
2111,3
2111,5
2112,7
2112,1
2115,9
2116,1
2119,1
2119,9
2119,2
2120,10
2120,2
2120,0
2121,5
2121,1
2125,9
2127,2
2127,7
2127,6
2129,10
2130,5
2131,7
2134,1
2135,5
2135,1
2137,7
2138,0
2141,3
2141,7
2142,5
2143,3
2143,2
2144,0
2145,8
2146,6
2146,5
2150,8
2151,2
2152,2
2152,3
2153,1
2155,2
2155,6
2156,6
2157,4
2159,2
2160,1
2161,0
2161,6
2161,7
2163,9
2164,1
2165,9
2165,4
2166,6
2166,3
2167,5
2167,3
2168,6
2169,4
2169,9
2171,8
2174,1
2177,1
2178,2
2178,3
2178,10
2180,7
2181,1
2182,4
2183,10
2184,8
2185,3
2185,5
2185,4
2186,5
2186,9
2186,10
2188,4
2189,9
2189,2
2190,10
2190,3
2191,9
2191,0
2192,2
2192,5
2194,6
2194,4
2195,7
2196,0
2197,6
2198,0
2199,6
2199,5
2201,6
2202,7
2204,6
2205,4
2205,10
2206,4
2212,9
2212,1
2212,8
2212,5
2213,0
2217,1
2218,10
2218,2
2219,0
2220,6
2224,8
2224,0
2226,6
2227,4
2227,0
2228,8
2228,5
2228,9
2229,6
2230,6
2231,1
2232,0
2232,4
2233,2
2235,0
2235,1
2236,10
2236,7
2240,6
2241,6
2242,0
2242,4
2244,6
2245,1
2245,10
2245,2
2247,4
2247,1
2247,6
2247,9
2248,10
2249,8
2249,1
2249,3
2250,2
2251,7
2253,0
2253,9
2254,8
2255,8
2255,9
2255,0
2256,3
2260,0
2268,4
2269,7
2269,5
2276,9
2276,6
2278,3
2278,6
2279,6
2279,7
2281,2
2284,5
2284,0
2285,7
2286,3
2286,8
2286,9
2287,9
2288,3
2289,9
2289,7
2289,2
2289,4
2290,5
2291,7
2292,3
2292,2
2292,6
2293,4
2297,7
2298,8
2300,4
2301,5
2302,4
2304,7
2305,5
2306,7
2308,9
2309,9
2310,7
2312,7
2312,5
2313,2
2316,9
2317,4
2319,1
2322,6
2322,7
2323,2
2324,10
2324,8
2325,1
2328,0
2331,3
2331,7
2332,8
2333,6
2334,6
2334,5
2336,2
2336,7
2337,4
2338,6
2340,9
2341,7
2342,3
2346,3
2346,2
2346,8
2346,10
2347,2
2348,4
2353,10
2353,3
2355,9
2355,7
2356,5
2357,5
2358,10
2359,8
2359,9
2361,5
2361,0
2363,5
2363,0
2363,7
2363,1
2364,2
2365,2
2366,10
2367,2
2369,6
2370,3
2371,1
2371,10
2374,10
2375,2
2378,0
2380,4
2380,8
2380,5
2382,9
2382,8
2383,4
2383,1
2386,7
2386,3
2388,5
2389,5
2389,3
2390,9
2390,8
2391,7
2392,4
2392,6
2393,6
2393,8
2395,6
2396,0
2396,10
2396,2
2397,10
2397,3
2399,6
2401,10
2401,6
2402,7
2402,8
2405,3
2407,3
2409,8
2410,0
2411,6
2412,2
2412,5
2413,0
2414,5
2415,2
2415,7
2415,10
2416,9
2416,8
2417,9
2418,5
2418,6
2419,0
2420,0
2420,3
2421,9
2421,8
2423,5
2424,5
2425,1
2425,7
2426,10
2427,0
2430,5
2430,1
2430,3
2433,8
2434,0
2435,3
2435,0
2437,2
2441,6
2441,8
2441,1
2442,5
2443,4
2443,9
2443,3
2445,10
2446,8
2447,5
2449,7
2450,4
2450,5
2453,9
2453,4
2453,7
2453,5
2454,9
2455,6
2456,8
2459,8
2459,10
2461,6
2461,10
2463,2
2466,9
2466,0
2467,0
2468,5
2469,0
2470,1
2471,0
2471,4
2471,2
2474,5
2475,8
2478,3
2482,3
2483,3
2483,9
2483,7
2484,6
2485,6
2485,8
2486,6
2486,2
2487,10
2489,5
2490,1
2492,5
2492,4
2493,3
2494,0
2495,10
2495,2
2496,2
2496,0
2497,4
2498,8
2498,0
2501,5
2502,4
2502,8
2504,0
2507,8
2509,7
2513,9
2516,2
2517,10
2518,6
2523,5
2523,7
2526,6
2526,9
2527,2
2528,8
2528,5
2529,0
2530,2
2531,7
2532,4
2534,10
2534,6
2535,3
2535,8
2536,8
2537,3
2538,10
2538,8
2539,2
2542,0
2542,9
2542,8
2542,7
2543,0
2544,2
2545,5
2546,6
2547,8
2547,9
2547,3
2548,3
2550,5
2550,10
2551,9
2552,0
2554,1
2556,6
2557,0
2557,6
2557,7
2560,1
2560,3
2561,10
2561,7
2561,1
2562,8
2563,2
2564,1
2565,3
2565,8
2566,2
2567,7
2569,6
2570,4
2571,9
2572,7
2574,9
2577,6
2578,9
2578,1
2578,6
2580,2
2582,8
2583,6
2583,0
2583,7
2585,8
2585,10
2586,10
2586,6
2587,5
2587,8
2590,6
2592,7
2592,8
2593,9
2594,7
2594,2
2594,5
2594,3
2595,7
2595,8
2596,9
2596,4
2599,1
2599,4
2601,6
2601,1
2602,5
2605,0
2605,1
2606,8
2609,10
2609,6
2610,10
2613,10
2615,4
2619,3
2621,5
2621,8
2622,8
2623,1
2623,8
2623,2
2624,5
2626,6
2627,3
2628,3
2628,7
2629,10
2631,9
2632,0
2632,7
2634,4
2634,1
2636,8
2636,0
2636,7
2637,5
2637,4
2639,5
2639,3
2640,5
2643,7
2644,9
2646,4
2646,2
2647,0
2648,10
2648,1
2649,2
2649,10
2652,6
2652,2
2653,9
2654,7
2654,6
2656,9
2657,5
2657,1
2657,9
2658,9
2661,8
2661,9
2662,4
2663,10
2663,3
2665,10
2666,4
2667,10
2668,2
2669,3
2670,1
2672,9
2673,8
2673,1
2675,4
2675,1
2675,9
2677,3
2677,6
2679,9
2682,10
2683,2
2683,0
2683,3
2684,3
2685,8
2686,10
2686,3
2687,8
2689,3
2690,9
2690,6
2691,8
2693,10
2694,1
2695,10
2696,5
2697,3
2697,10
2698,1
2700,3
2703,8
2703,4
2703,2
2706,3
2706,0
2706,6
2706,1
2706,8
2707,6
2707,1
2707,0
2708,2
2711,0
2711,4
2711,5
2714,0
2715,8
2715,9
2716,7
2719,9
2720,2
2720,10
2723,1
2724,2
2728,5
2729,10
2729,6
2730,3
2731,3
2732,0
2734,5
2734,8
2735,5
2735,9
2737,4
2737,2
2738,9
2739,7
2739,5
2739,4
2740,1
2742,4
2743,7
2743,8
2743,9
2743,6
2744,4
2744,3
2744,1
2745,5
2747,5
2747,6
2748,9
2748,3
2748,7
2749,1
2749,3
2749,6
2750,5
2752,4
2753,3
2754,10
2754,4
2755,7
2756,5
2757,3
2758,1
2758,8
2759,0
2760,6
2760,5
2761,9
2761,10
2762,10
2762,3
2763,6
2764,4
2765,3
2765,2
2768,2
2770,3
2771,10
2771,7
2772,3
2773,6
2773,4
2774,2
2775,3
2776,7
2779,1
2780,2
2781,10
2782,9
2782,0
2783,6
2786,9
2790,5
2790,3
2793,9
2793,2
2797,0
2798,0
2798,10
2799,3
2801,2
2801,1
2802,2
2802,10
2803,0
2803,1
2804,8
2804,7
2804,4
2804,9
2804,1
2805,10
2806,6
2808,7
2809,5
2810,7
2811,10
2812,3
2813,10
2814,7
2814,1
2814,10
2815,0
2815,9
2818,4
2818,5
2819,10
2819,7
2819,6
2821,1
2821,5
2822,4
2822,5
2823,10
2824,2
2826,9
2826,1
2828,5
2829,1
2833,9
2833,8
2834,0
2836,7
2836,2
2837,7
2837,6
2839,10
2840,6
2841,2
2841,5
2842,3
2843,2
2843,10
2844,0
2844,5
2844,2
2845,9
2846,3
2847,7
2847,2
2849,2
2850,5
2852,7
2852,10
2854,1
2855,10
2857,10
2860,7
2861,5
2862,4
2862,5
2862,6
2863,6
2863,1
2864,9
2864,8
2865,3
2865,2
2866,2
2867,9
2870,7
2872,3
2874,7
2874,4
2875,6
2875,7
2877,1
2877,3
2877,7
2880,2
2881,9
2881,4
2881,2
2882,2
2883,7
2883,0
2884,10
2884,7
2886,9
2886,1
2886,6
2887,2
2887,9
2888,4
2888,8
2889,8
2891,7
2894,8
2895,4
2899,9
2899,10
2900,10
2900,6
2900,3
2901,6
2901,10
2902,3
2904,6
2905,4
2906,10
2908,10
2908,4
2909,3
2909,8
2909,5
2909,4
2911,0
2911,8
2911,5
2912,2
2912,9
2913,0
2913,8
2917,10
2920,2
2924,6
2926,1
2928,0
2928,10
2928,2
2929,3
2929,6
2930,0
2931,5
2931,2
2932,9
2935,7
2937,6
2939,7
2940,3
2941,4
2944,1
2944,8
2945,9
2945,3
2948,3
2949,5
2950,2
2950,3
2951,1
2951,9
2951,8
2951,0
2953,10
2953,3
2954,10
2954,6
2955,10
2956,1
2958,0
2958,5
2960,8
2963,2
2963,0
2965,3
2965,2
2966,7
2967,6
2967,9
2970,9
2972,10
2974,5
2975,2
2975,9
2977,9
2977,3
2978,0
2978,6
2981,5
2982,8
2982,1
2982,5
2983,3
2984,3
2984,8
2986,1
2987,3
2990,4
2990,5
2991,6
2991,3
2993,1
2993,6
2993,5
2994,9
2995,7
2998,2
2998,9
2999,5
3002,10
3002,3
3003,4
3005,10
3005,8
3010,6
3011,1
3014,6
3015,0
3016,5
3016,4
3017,10
3018,8
3020,7
3020,0
3021,3
3021,9
3022,5
3023,3
3023,7
3024,10
3024,2
3025,1
3025,4
3027,2
3027,10
3031,1
3031,2
3031,7
3033,10
3034,8
3035,4
3035,10
3035,3
3037,6
3038,3
3039,3
3039,7
3040,9
3040,0
3043,4
3045,6
3047,9
3047,1
3048,10
3049,4
3050,4
3050,2
3050,9
3052,7
3054,0
3054,2
3054,4
3055,7
3056,4
3056,3
3058,9
3058,0
3058,8
3059,3
3061,4
3061,0
3062,9
3063,0
3063,3
3064,5
3065,10
3065,9
3068,2
3069,4
3069,7
3070,3
3072,4
3072,10
3072,1
3074,4
3074,6
3075,5
3076,10
3078,4
3078,10
3078,0
3078,3
3079,0
3080,0
3083,3
3084,6
3084,7
3086,3
3087,6
3090,9
3092,10
3093,9
3094,5
3094,7
3095,9
3099,5
3100,3
3103,5
3104,4
3104,0
3105,2
3109,0
3110,5
3111,9
3112,9
3112,4
3115,6
3117,5
3117,1
3118,0
3119,10
3121,1
3122,6
3122,5
3122,3
3122,2
3123,10
3123,9
3124,2
3125,8
3126,6
3127,1
3128,0
3130,3
3131,10
3133,10
3133,6
3134,8
3135,1
3135,10
3135,9
3135,8
3136,2
3138,3
3139,2
3139,3
3139,6
3140,4
3141,4
3142,4
3145,6
3145,7
3145,0
3148,0
3149,10
3149,2
3150,0
3151,4
3152,4
3153,7
3153,8
3153,4
3154,3
3156,3
3156,9
3157,9
3159,3
3160,6
3161,4
3162,0
3162,2
3164,10
3169,6
3170,0
3170,5
3171,3
3173,9
3173,0
3174,0
3175,7
3177,0
3180,5
3182,9
3184,0
3185,4
3186,2
3186,5
3187,4
3187,3
3188,5
3189,0
3190,10
3192,2
3192,8
3193,7
3194,0
3195,6
3198,5
3198,3
3198,8
3202,0
3202,4
3204,7
3205,8
3205,1
3206,9
3206,3
3209,2
3209,7
3211,9
3212,4
3214,4
3215,9
3216,5
3216,2
3216,1
3217,8
3217,5
3219,4
3219,5
3221,7
3221,8
3221,6
3223,7
3223,5
3224,10
3226,9
3226,2
3226,7
3227,1
3228,10
3228,7
3232,4
3233,6
3233,8
3233,9
3233,0
3234,5
3236,9
3238,6
3238,10
3238,0
3239,6
3239,3
3240,10
3240,1
3242,7
3243,9
3243,1
3246,10
3247,1
3247,9
3248,8
3248,0
3249,1
3253,6
3254,1
3254,2
3255,8
3255,9
3257,3
3259,4
3260,5
3261,5
3261,4
3262,4
3262,8
3264,6
3265,7
3265,1
3266,4
3266,1
3267,3
3272,7
3279,3
3281,1
3282,1
3282,2
3284,10
3284,4
3284,2
3285,6
3285,5
3286,6
3286,2
3286,0
3286,1
3288,3
3290,4
3291,6
3293,7
3293,4
3293,1
3295,9
3296,1
3296,10
3297,3
3297,7
3297,5
3298,10
3299,5
3299,6
3300,2
3300,8
3303,0
3303,2
3303,6
3305,6
3305,1
3306,7
3306,0
3309,8
3310,10
3311,9
3313,3
3315,8
3315,1
3316,6
3318,3
3318,4
3321,0
3322,7
3323,9
3323,2
3327,2
3330,7
3331,4
3331,5
3332,4
3332,3
3333,7
3333,1
3335,4
3335,8
3335,0
3336,9
3337,9
3338,4
3338,3
3340,3
3340,1
3345,5
3347,1
3347,2
3347,6
3348,9
3352,1
3352,4
3353,3
3354,3
3355,4
3355,8
3358,1
3359,0
3359,2
3359,3
3360,5
3361,10
3361,0
3365,3
3365,2
3366,9
3367,8
3367,7
3368,2
3368,8
3369,9
3369,0
3370,0
3371,3
3371,6
3371,8
3372,3
3372,7
3372,2
3373,2
3374,5
3375,8
3380,1
3381,8
3382,9
3382,3
3383,2
3386,1
3387,3
3387,6
3388,0
3389,7
3389,1
3392,9
3393,10
3394,1
3394,8
3394,5
3396,7
3400,4
3401,1
3402,0
3403,3
3404,4
3404,5
3405,6
3406,8
3406,3
3407,5
3407,10
3408,3
3408,1
3409,3
3409,5
3410,7
3412,7
3413,3
3414,6
3414,1
3417,2
3419,7
3421,2
3422,5
3422,0
3424,8
3425,1
3425,3
3426,3
3426,5
3427,0
3428,10
3429,1
3430,0
3431,5
3432,4
3432,0
3433,6
3434,7
3434,6
3435,10
3436,7
3438,9
3439,6
3440,1
3443,9
3443,0
3443,4
3444,2
3445,0
3445,7
3445,10
3446,5
3446,3
3447,4
3448,5
3449,2
3452,6
3452,10
3454,9
3455,10
3455,3
3456,0
3456,1
3457,6
3459,1
3460,7
3461,1
3462,8
3463,4
3464,3
3464,1
3464,5
3465,8
3465,7
3465,0
3467,5
3467,2
3468,8
3470,1
3475,2
3478,0
3479,10
3479,6
3479,1
3480,5
3481,10
3482,0
3484,5
3484,7
3484,4
3484,10
3487,1
3487,9
3489,3
3491,0
3491,1
3493,0
3494,2
3495,7
3498,0
3498,7
3499,1
3500,2
3503,6
3505,8
3505,2
3507,2
3507,9
3508,7
3508,9
3511,6
3512,5
3513,3
3515,0
3515,1
3516,6
3523,9
3524,10
3525,2
3526,6
3526,8
3529,1
3530,6
3531,2
3531,5
3534,4
3534,5
3534,10
3535,8
3541,8
3542,1
3543,9
3544,5
3545,8
3545,4
3548,8
3548,10
3549,4
3549,9
3550,7
3550,1
3550,5
3550,3
3551,3
3552,2
3554,6
3555,9
3555,6
3556,1
3557,8
3557,2
3557,9
3558,5
3559,4
3560,0
3562,6
3564,4
3565,4
3566,0
3566,2
3567,3
3568,3
3568,7
3569,4
3570,5
3571,4
3571,8
3571,1
3571,9
3573,8
3576,1
3576,0
3578,7
3578,8
3579,10
3580,3
3581,0
3581,10
3582,0
3582,3
3583,1
3583,2
3584,4
3584,1
3584,6
3586,3
3587,10
3587,2
3592,7
3593,3
3595,7
3596,1
3598,4
3599,4
3599,2
3599,1
3601,0
3601,8
3602,3
3607,4
3607,2
3608,10
3609,3
3610,9
3610,8
3610,6
3611,7
3611,4
3611,1
3612,0
3612,3
3612,5
3613,0
3616,6
3616,7
3616,4
3616,5
3618,4
3619,5
3619,4
3620,0
3620,9
3621,9
3621,5
3622,10
3623,9
3623,1
3623,3
3624,7
3625,3
3625,2
3627,5
3627,9
3628,7
3628,0
3628,5
3629,1
3631,10
3632,7
3633,7
3635,6
3636,2
3637,9
3639,9
3642,7
3645,9
3646,8
3647,4
3648,8
3651,8
3651,5
3653,3
3657,8
3657,0
3659,10
3660,8
3661,4
3662,7
3664,10
3665,3
3665,2
3667,0
3669,3
3670,8
3670,5
3670,4
3671,8
3671,3
3672,3
3674,7
3674,8
3679,6
3679,4
3679,1
3680,8
3680,10
3681,10
3683,8
3683,3
3684,8
3686,7
3686,4
3688,3
3689,2
3690,6
3692,4
3692,0
3693,5
3694,10
3696,3
3697,0
3698,9
3699,8
3701,2
3701,5
3702,5
3703,6
3703,10
3705,7
3708,0
3710,9
3710,8
3710,5
3712,1
3713,9
3714,1
3715,10
3715,2
3716,5
3719,3
3721,9
3721,4
3721,3
3721,8
3722,2
3722,9
3725,1
3726,0
3727,10
3727,2
3728,5
3729,7
3729,1
3730,2
3731,6
3734,9
3735,10
3738,2
3738,1
3740,7
3741,3
3742,9
3744,0
3744,9
3745,0
3745,7
3745,8
3747,3
3747,2
3748,2
3748,10
3749,3
3750,0
3751,8
3751,1
3752,8
3755,5
3758,9
3758,7
3759,10
3760,2
3762,2
3762,1
3763,4
3763,8
3764,9
3765,5
3765,3
3767,9
3768,2
3768,0
3769,9
3772,4
3772,6
3773,2
3774,8
3775,8
3775,6
3776,1
3777,0
3777,10
3778,8
3778,4
3778,3
3778,7
3779,1
3780,3
3782,10
3782,0
3783,1
3784,9
3785,8
3785,6
3785,9
3786,0
3786,1
3787,4
3788,5
3792,1
3793,10
3793,1
3794,9
3795,4
3796,8
3799,6
3801,5
3801,6
3801,9
3804,3
3807,7
3809,0
3810,2
3810,1
3810,7
3814,4
3815,4
3817,4
3817,5
3817,9
3818,1
3819,2
3820,4
3820,6
3820,1
3821,9
3822,6
3822,2
3823,5
3824,10
3825,8
3825,10
3828,1
3828,3
3829,10
3830,5
3830,4
3831,4
3832,8
3832,9
3833,6
3833,7
3835,0
3836,10
3836,9
3836,5
3837,8
3838,7
3839,3
3841,3
3842,2
3842,0
3844,2
3845,7
3847,9
3848,4
3849,7
3849,8
3851,3
3851,8
3853,5
3855,0
3855,2
3855,3
3857,2
3857,8
3857,9
3862,8
3863,5
3863,3
3864,2
3865,6
3865,7
3868,7
3869,10
3869,1
3869,2
3871,6
3872,7
3872,4
3876,3
3877,2
3879,8
3880,3
3881,6
3882,10
3884,3
3885,0
3887,0
3887,5
3888,5
3889,9
3890,4
3891,0
3892,10
3893,3
3894,0
3895,9
3897,0
3899,2
3901,7
3901,2
3903,1
3904,5
3905,6
3908,5
3909,6
3912,3
3913,10
3913,1
3914,10
3914,2
3914,6
3915,8
3915,4
3917,0
3917,4
3918,8
3919,5
3921,6
3921,5
3923,7
3923,2
3923,9
3924,8
3924,10
3925,9
3926,9
3927,8
3928,8
3929,2
3930,8
3931,0
3932,6
3932,9
3933,3
3934,3
3935,4
3936,9
3937,5
3938,0
3943,7
3944,9
3945,7
3945,4
3946,4
3947,2
3949,2
3950,1
3950,2
3950,0
3951,2
3953,2
3954,5
3955,9
3958,4
3959,4
3959,2
3960,9
3960,6
3960,5
3961,2
3962,5
3962,10
3963,7
3963,4
3964,8
3965,10
3965,8
3966,7
3966,5
3967,5
3967,0
3969,7
3972,10
3973,0
3976,10
3977,7
3979,3
3979,6
3979,2
3980,6
3981,4
3983,2
3984,2
3985,5
3985,6
3986,3
3987,5
3988,4
3989,0
3989,3
3989,10
3989,9
3991,10
3992,6
3994,0
3994,2
3995,3
3996,7
3996,2
3998,0
4000,9
4000,6
4002,2
4003,2
4003,0
4004,3
4006,5
4008,10
4009,8
4009,2
4010,1
4013,8
4014,6
4014,8
4015,6
4017,1
4017,7
4018,6
4018,0
4019,2
4020,3
4022,7
4022,2
4024,4
4024,6
4025,2
4027,0
4028,8
4028,9
4028,5
4030,1
4030,4
4031,7
4031,5
4032,9
4034,0
4034,5
4035,9
4036,10
4038,7
4039,6
4039,8
4041,6
4041,3
4043,0
4046,2
4047,2
4049,10
4049,1
4050,2
4051,0
4052,9
4052,4
4054,10
4054,8
4054,0
4055,3
4056,1
4059,5
4059,6
4060,9
4060,0
4063,10
4064,1
4066,6
4066,5
4067,9
4068,9
4069,10
4069,1
4070,6
4071,0
4072,4
4074,2
4074,3
4074,5
4074,10
4075,8
4075,4
4075,7
4075,10
4077,10
4077,8
4077,5
4078,1
4078,4
4078,5
4078,9
4079,5
4083,4
4083,1
4085,4
4087,3
4088,8
4089,3
4091,10
4092,5
4092,6
4093,6
4094,4
4094,6
4097,7
4097,10
4100,1
4100,4
4101,1
4101,2
4102,10
4103,7
4107,3
4108,5
4109,10
4110,0
4111,8
4111,2
4112,10
4114,10
4115,2
4115,8
4115,7
4116,1
4116,6
4116,2
4117,3
4117,7
4119,9
4119,2
4119,5
4121,10
4123,7
4123,3
4123,10
4124,0
4124,3
4125,1
4126,10
4127,0
4128,7
4128,4
4129,3
4129,7
4129,2
4130,1
4130,5
4131,3
4132,1
4133,8
4134,5
4135,1
4137,6
4137,8
4137,5
4138,9
4138,0
4138,4
4142,6
4143,8
4144,0
4144,3
4145,10
4146,9
4146,5
4146,10
4147,10
4148,9
4149,6
4149,0
4151,7
4151,2
4152,7
4152,10
4153,9
4154,4
4155,7
4156,1
4157,2
4158,3
4159,5
4160,2
4160,9
4161,1
4163,3
4163,4
4163,0
4164,10
4165,9
4165,10
4166,3
4167,4
4168,8
4169,8
4170,2
4172,4
4173,6
4175,9
4177,3
4178,5
4181,6
4181,2
4182,7
4183,5
4185,6
4185,8
4186,4
4187,1
4188,3
4188,7
4189,3
4189,6
4190,4
4193,6
4193,8
4193,1
4194,3
4195,8
4197,6
4197,10
4198,6
4199,1
4199,10
4199,8
4199,3
4200,10
4201,4
4202,1
4202,5
4202,4
4205,8
4205,4
4206,10
4206,9
4207,4
4208,4
4209,10
4209,2
4216,1
4219,4
4219,10
4220,10
4220,1
4221,4
4222,0
4223,2
4224,10
4226,5
4227,5
4228,8
4229,0
4229,4
4230,6
4230,9
4231,8
4231,5
4232,2
4233,8
4233,1
4236,4
4236,0
4238,3
4238,5
4242,0
4242,7
4245,1
4246,0
4249,6
4249,4
4249,8
4251,10
4251,3
4251,8
4254,6
4256,0
4256,2
4257,9
4258,4
4258,5
4259,6
4259,3
4259,10
4259,2
4261,6
4263,10
4264,10
4264,2
4265,3
4265,4
4265,2
4266,1
4266,9
4267,1
4267,6
4270,0
4270,1
4270,10
4272,4
4273,7
4276,1
4276,8
4277,2
4278,6
4278,9
4282,4
4282,9
4285,4
4287,0
4287,5
4288,2
4289,6
4289,0
4292,2
4292,5
4293,9
4294,0
4294,1
4296,7
4297,5
4298,1
4299,1
4299,6
4300,10
4301,5
4303,1
4304,4
4305,5
4306,4
4307,8
4309,5
4309,10
4310,9
4311,3
4312,9
4313,4
4313,0
4314,8
4314,5
4316,6
4316,10
4317,5
4318,10
4318,3
4320,6
4321,0
4321,10
4321,4
4321,1
4323,7
4325,0
4325,5
4327,7
4328,9
4328,1
4328,5
4329,5
4330,6
4331,7
4333,0
4333,7
4333,4
4334,1
4337,10
4337,1
4337,0
4338,9
4339,1
4340,10
4340,1
4340,8
4341,0
4344,8
4344,0
4345,9
4345,3
4346,7
4347,6
4348,1
4350,3
4350,4
4351,2
4354,5
4355,3
4357,4
4357,10
4358,7
4359,9
4360,3
4361,0
4362,1
4362,5
4363,2
4363,4
4367,3
4368,2
4369,3
4369,4
4370,1
4370,3
4371,4
4372,4
4372,10
4374,6
4375,7
4376,1
4378,2
4380,1
4380,7
4380,10
4382,0
4382,3
4382,8
4382,4
4383,6
4384,1
4385,10
4386,3
4387,10
4390,8
4390,5
4392,4
4393,2
4393,9
4394,2
4394,3
4394,5
4395,8
4396,5
4397,8
4400,7
4400,0
4401,5
4401,4
4402,9
4404,10
4405,5
4405,2
4406,7
4407,8
4407,5
4410,2
4410,7
4411,10
4412,2
4412,4
4412,10
4413,6
4413,0
4414,1
4417,7
4419,5
4420,1
4420,6
4422,5
4422,0
4423,1
4424,0
4425,5
4426,9
4429,9
4431,1
4431,10
4431,9
4432,0
4433,9
4433,5
4433,0
4434,8
4435,6
4435,4
4436,8
4437,3
4437,2
4441,10
4442,3
4442,7
4443,5
4446,8
4446,0
4446,2
4447,3
4448,9
4449,7
4449,8
4450,7
4452,3
4452,8
4453,7
4455,10
4455,0
4456,5
4458,5
4459,1
4459,10
4460,6
4460,4
4462,3
4464,3
4464,7
4464,5
4466,0
4468,6
4468,8
4469,10
4470,1
4470,5
4471,10
4472,8
4472,5
4472,9
4474,6
4477,3
4477,5
4478,3
4479,0
4480,5
4480,8
4480,10
4482,8
4482,9
4482,0
4483,1
4485,9
4486,3
4487,6
4490,7
4491,1
4491,10
4492,1
4492,10
4492,8
4493,8
4494,2
4496,2
4498,6
4499,7
4499,5
4501,1
4502,1
4504,2
4505,9
4505,1
4505,0
4506,4
4506,6
4506,0
4507,8
4507,5
4507,1
4508,2
4509,0
4510,0
4511,7
4512,5
4513,0
4513,1
4514,6
4514,1
4514,2
4516,4
4516,3
4516,1
4516,8
4516,9
4517,6
4518,6
4519,10
4519,6
4520,1
4520,9
4520,4
4521,9
4521,0
4522,6
4523,6
4524,3
4526,5
4526,8
4526,4
4527,6
4527,9
4527,8
4528,6
4529,7
4533,10
4533,1
4534,2
4534,7
4534,3
4535,8
4536,8
4536,4
4537,2
4538,5
4539,0
4539,4
4539,5
4539,1
4540,2
4541,10
4542,8
4544,3
4544,7
4545,8
4546,3
4546,8
4547,8
4549,2
4551,3
4552,9
4553,10
4553,1
4555,5
4555,0
4557,10
4557,6
4558,10
4559,4
4560,4
4561,6
4562,4
4562,0
4563,4
4564,4
4564,5
4566,6
4567,4
4568,0
4569,2
4570,9
4571,10
4571,4
4574,8
4575,8
4575,2
4576,5
4577,3
4578,8
4578,1
4578,9
4578,6
4579,10
4580,1
4580,9
4581,2
4581,5
4582,5
4584,10
4586,1
4586,2
4586,10
4587,8
4588,5
4588,1
4590,0
4591,5
4594,8
4595,7
4596,0
4596,6
4598,5
4598,4
4599,0
4599,4
4599,3
4601,5
4603,5
4604,8
4605,4
4605,3
4607,1
4608,9
4609,4
4609,0
4610,5
4610,9
4610,2
4611,4
4613,2
4617,9
4620,9
4620,8
4621,6
4621,0
4622,5
4623,10
4625,8
4627,9
4627,6
4628,6
4630,6
4630,5
4632,3
4632,6
4633,5
4635,10
4636,9
4638,10
4638,9
4639,6
4639,1
4640,2
4640,9
4641,8
4643,0
4643,2
4650,6
4650,2
4652,6
4652,7
4653,9
4654,9
4654,10
4654,4
4654,2
4654,0
4655,10
4656,9
4656,2
4657,4
4658,3
4659,7
4659,1
4660,7
4660,8
4661,8
4661,0
4664,3
4664,8
4665,0
4665,3
4665,9
4666,10
4666,6
4671,9
4672,3
4672,10
4672,6
4675,6
4675,10
4675,0
4675,7
4676,3
4677,7
4678,3
4678,7
4680,4
4680,9
4682,7
4683,0
4684,4
4684,10
4684,2
4685,1
4685,4
4685,0
4685,3
4686,1
4686,9
4688,4
4691,7
4691,4
4692,7
4692,1
4694,3
4695,1
4695,8
4696,2
4696,9
4697,1
4697,6
4698,7
4699,2
4700,10
4701,1
4702,3
4704,9
4705,4
4705,5
4707,8
4710,6
4710,10
4710,4
4712,0
4712,8
4713,8
4713,10
4714,0
4714,10
4715,8
4716,0
4716,10
4717,5
4717,3
4719,9
4722,10
4723,10
4723,1
4724,0
4725,0
4725,3
4727,6
4727,5
4728,9
4728,3
4728,0
4730,0
4731,5
4732,9
4732,10
4733,4
4735,8
4736,2
4736,3
4736,0
4737,2
4738,9
4738,1
4740,8
4741,9
4743,10
4744,4
4745,6
4746,4
4748,1
4748,0
4748,3
4749,3
4750,2
4750,4
4754,2
4755,0
4755,10
4757,10
4757,6
4758,1
4762,8
4764,9
4764,8
4765,10
4766,2
4766,4
4768,2
4769,8
4771,5
4773,4
4775,8
4778,4
4778,10
4780,10
4781,1
4781,4
4781,10
4782,7
4783,8
4784,6
4784,5
4785,4
4786,10
4787,4
4787,9
4791,10
4792,1
4794,0
4795,9
4795,5
4797,6
4798,0
4798,6
4800,9
4801,8
4801,3
4802,0
4802,2
4804,0
4805,5
4805,1
4806,7
4806,9
4806,2
4807,2
4807,8
4808,3
4809,7
4809,8
4811,9
4812,7
4812,9
4813,2
4814,9
4814,3
4815,4
4815,6
4815,10
4816,6
4816,0
4817,0
4818,8
4822,5
4823,0
4823,6
4824,10
4824,0
4825,5
4825,0
4825,3
4826,4
4826,0
4827,5
4828,9
4829,7
4833,1
4835,8
4835,3
4838,4
4838,2
4839,10
4839,9
4841,10
4842,9
4842,0
4843,1
4844,0
4845,1
4845,3
4847,7
4848,10
4849,10
4850,0
4852,8
4853,6
4854,0
4855,4
4856,6
4857,0
4858,1
4860,1
4861,5
4862,7
4862,10
4863,8
4864,5
4865,7
4866,2
4866,1
4867,5
4870,8
4870,2
4872,7
4873,8
4873,9
4875,4
4876,1
4876,7
4878,1
4878,5
4879,7
4879,3
4884,4
4885,9
4886,2
4887,5
4888,4
4888,9
4889,2
4889,7
4890,9
4891,8
4892,1
4892,10
4893,0
4893,4
4893,2
4893,8
4894,0
4897,8
4897,9
4898,3
4900,8
4900,2
4901,9
4901,7
4902,4
4903,6
4904,0
4906,7
4907,6
4908,7
4910,8
4910,2
4911,0
4912,10
4912,3
4913,6
4915,2
4915,4
4915,3
4916,4
4916,9
4916,7
4916,2
4918,4
4918,3
4919,6
4919,1
4920,2
4920,3
4920,7
4921,4
4922,1
4922,8
4922,2
4923,8
4924,9
4925,0
4925,5
4927,10
4929,6
4930,8
4931,5
4932,4
4934,7
4935,6
4940,3
4942,8
4944,0
4945,3
4946,8
4946,2
4947,1
4947,6
4948,5
4948,8
4948,0
4949,10
4949,3
4952,10
4953,1
4954,0
4954,5
4955,2
4958,6
4959,6
4960,10
4961,2
4963,7
4963,9
4963,2
4964,4
4964,1
4965,7
4967,4
4967,10
4967,1
4968,3
4968,4
4969,1
4971,2
4972,10
4973,1
4973,0
4974,2
4975,7
4975,8
4975,5
4979,5
4980,1
4980,0
4981,2
4981,9
4981,3
4983,5
4986,1
4986,0
4987,2
4987,4
4987,7
4990,3
4991,8
4992,3
4993,10
4994,2
4995,0
4995,9
4997,0
4997,7
4998,8
4998,6
5001,9
5002,8
5002,5
5004,3
5005,2
5005,9
5007,8
5007,10
5008,4
5008,5
5008,2
5009,5
5009,6
5012,5
5012,0
5013,0
5015,3
5015,8
5016,8
5017,5
5018,1
5018,10
5020,0
5021,4
5021,10
5024,2
5024,3
5024,0
5024,10
5025,4
5026,0
5026,2
5028,3
5028,5
5029,9
5029,4
5030,9
5030,8
5034,0
5035,4
5035,6
5036,2
5037,10
5038,5
5039,10
5039,4
5040,0
5040,3
5042,0
5043,0
5043,1
5045,7
5046,6
5048,3
5048,6
5049,3
5050,7
5052,1
5052,9
5053,8
5054,7
5055,1
5056,1
5056,0
5058,0
5059,8
5061,9
5062,10
5063,0
5066,2
5067,7
5067,8
5069,1
5070,2
5071,6
5075,1
5075,0
5078,4
5078,3
5079,6
5080,6
5084,9
5084,2
5085,0
5086,2
5088,9
5089,2
5089,8
5091,10
5092,2
5093,2
5094,1
5096,8
5097,9
5098,10
5099,3
5100,4
5101,3
5102,8
5102,9
5103,3
5104,9
5104,2
5106,8
5106,1
5108,0
5108,10
5108,7
5109,4
5110,4
5111,4
5111,3
5111,9
5114,10
5115,8
5115,10
5117,10
5117,0
5117,3
5121,0
5122,9
5123,1
5125,0
5125,1
5125,5
5127,6
5128,10
5128,3
5129,10
5129,5
5130,5
5130,10
5130,7
5130,3
5131,9
5132,5
5133,4
5134,3
5134,7
5134,2
5135,7
5136,3
5137,5
5137,2
5137,8
5138,5
5138,7
5138,3
5139,10
5141,3
5144,5
5146,8
5148,9
5149,6
5149,8
5151,2
5152,8
5153,1
5153,2
5154,1
5155,0
5155,2
5155,8
5156,0
5156,3
5156,1
5156,6
5156,9
5157,4
5158,3
5159,1
5159,5
5160,6
5160,1
5161,7
5161,5
5161,6
5163,10
5166,2
5167,0
5167,10
5169,3
5169,10
5170,1
5170,3
5171,2
5172,7
5172,1
5172,5
5175,1
5176,7
5177,8
5178,5
5179,10
5180,9
5180,7
5180,10
5180,8
5181,10
5183,1
5186,0
5186,4
5187,10
5189,4
5189,8
5189,7
5190,2
5190,8
5192,2
5194,10
5195,7
5195,5
5197,4
5197,9
5199,8
5200,3
5200,8
5200,9
5201,8
5202,4
5203,3
5203,5
5205,4
5205,10
5206,5
5209,5
5211,1
5211,10
5212,5
5212,8
5212,1
5216,1
5216,5
5217,0
5218,7
5219,8
5221,8
5221,2
5222,5
5223,8
5224,6
5224,8
5225,3
5226,3
5227,9
5227,6
5229,5
5229,8
5231,6
5231,3
5232,6
5234,9
5234,4
5234,3
5235,3
5235,0
5236,0
5237,4
5237,7
5240,9
5240,8
5240,7
5241,4
5241,5
5244,2
5245,0
5247,6
5247,7
5248,6
5249,9
5249,5
5249,8
5250,6
5250,4
5250,1
5253,3
5253,6
5254,3
5255,7
5256,5
5259,7
5260,10
5262,4
5263,5
5263,2
5264,9
5266,5
5266,2
5268,1
5269,7
5269,9
5270,4
5271,5
5273,0
5274,5
5276,4
5277,9
5278,2
5281,6
5283,2
5284,1
5286,5
5286,2
5288,10
5288,5
5289,6
5289,2
5291,0
5292,7
5292,8
5294,4
5294,9
5294,2
5297,1
5297,10
5297,0
5298,2
5298,0
5299,3
5299,1
5299,10
5301,6
5301,9
5301,7
5301,1
5302,10
5303,3
5304,5
5305,7
5306,7
5308,8
5309,2
5310,4
5310,1
5310,7
5311,4
5312,10
5312,6
5313,0
5313,9
5314,0
5314,1
5316,6
5317,8
5318,3
5318,0
5318,4
5319,6
5320,7
5320,10
5320,6
5321,9
5321,8
5323,8
5324,4
5324,1
5327,3
5328,5
5329,9
5333,9
5334,7
5335,10
5336,8
5336,5
5339,8
5340,7
5340,4
5341,8
5341,10
5342,4
5342,5
5343,5
5346,5
5346,3
5346,7
5348,3
5348,9
5350,4
5350,8
5351,6
5352,10
5352,2
5352,9
5352,7
5353,6
5353,8
5353,9
5355,8
5355,5
5356,8
5357,7
5357,9
5358,3
5358,7
5359,4
5361,3
5361,8
5364,6
5365,3
5366,1
5366,7
5366,8
5369,4
5371,3
5372,7
5372,5
5372,3
5374,9
5376,9
5378,2
5378,6
5378,3
5379,3
5380,0
5380,7
5381,0
5383,1
5383,2
5384,6
5385,5
5385,2
5386,5
5389,6
5391,4
5392,9
5393,6
5394,1
5396,3
5398,4
5399,0
5400,1
5402,8
5403,4
5406,5
5407,1
5409,5
5411,2
5413,5
5413,7
5413,0
5415,5
5416,3
5416,0
5416,8
5418,10
5421,7
5423,9
5423,2
5424,8
5424,2
5425,0
5425,1
5425,6
5428,6
5432,9
5436,1
5436,3
5437,0
5439,1
5439,4
5440,6
5441,9
5441,3
5443,1
5444,8
5444,9
5445,5
5445,6
5446,4
5447,10
5448,1
5448,0
5449,4
5449,3
5449,1
5451,2
5451,10
5451,3
5452,5
5453,6
5453,5
5453,7
5454,7
5454,6
5455,6
5455,8
5457,9
5459,9
5460,2
5461,5
5462,7
5462,2
5463,7
5463,3
5463,4
5464,4
5466,6
5470,8
5471,2
5473,4
5475,10
5475,3
5477,5
5477,8
5478,8
5479,0
5481,2
5482,7
5483,10
5484,8
5484,0
5485,1
5485,8
5487,2
5487,9
5488,8
5488,4
5490,9
5491,4
5492,4
5492,6
5493,10
5494,4
5494,8
5497,0
5497,10
5502,0
5504,0
5504,6
5504,2
5508,9
5509,10
5509,1
5513,7
5514,3
5514,9
5515,8
5516,0
5518,8
5519,8
5520,9
5520,4
5521,5
5522,7
5524,0
5525,9
5525,3
5528,2
5529,3
5533,8
5536,5
5537,3
5537,9
5537,7
5537,2
5538,2
5539,6
5540,9
5540,5
5541,6
5542,4
5542,7
5542,10
5543,10
5543,0
5545,4
5545,7
5547,10
5548,10
5550,2
5552,3
5553,2
5556,9
5560,0
5560,6
5560,10
5561,3
5562,6
5563,8
5563,9
5564,3
5564,0
5565,2
5567,10
5567,7
5568,6
5569,1
5572,5
5573,1
5574,1
5574,10
5575,9
5575,0
5575,10
5576,2
5576,0
5579,7
5579,10
5582,2
5582,3
5583,6
5584,10
5585,10
5585,3
5586,1
5586,10
5587,7
5587,1
5588,9
5588,0
5589,1
5591,5
5591,6
5594,2
5595,3
5596,3
5597,5
5598,0
5598,7
5604,8
5604,2
5605,6
5607,0
5608,9
5608,5
5609,8
5609,3
5610,5
5610,0
5611,2
5612,2
5612,7
5612,8
5613,0
5614,1
5616,7
5617,6
5618,7
5618,8
5618,10
5618,1
5619,8
5620,2
5621,10
5625,1
5625,10
5625,4
5626,8
5626,5
5627,2
5628,7
5628,6
5630,6
5630,7
5630,3
5632,4
5633,0
5634,1
5635,6
5635,10
5635,1
5636,8
5637,3
5637,9
5638,10
5638,2
5640,1
5641,2
5642,10
5642,0
5643,0
5644,7
5645,6
5647,10
5647,8
5648,9
5649,9
5649,5
5649,2
5651,8
5651,6
5651,5
5652,3
5653,4
5655,6
5655,3
5655,4
5656,6
5656,9
5657,4
5658,8
5658,10
5658,3
5659,9
5659,7
5660,1
5661,7
5661,6
5662,0
5663,1
5666,7
5667,10
5667,9
5668,5
5670,8
5672,5
5673,10
5675,3
5675,2
5676,6
5676,0
5677,3
5677,10
5677,1
5677,0
5678,8
5679,9
5680,4
5681,1
5682,2
5683,10
5685,1
5685,7
5687,10
5688,8
5688,3
5689,6
5692,6
5692,7
5693,3
5694,1
5696,0
5697,2
5698,7
5700,10
5701,1
5701,8
5701,7
5703,1
5705,0
5705,3
5706,1
5707,6
5707,7
5709,1
5711,4
5711,5
5711,10
5713,1
5715,8
5720,5
5721,7
5722,4
5723,8
5724,3
5724,8
5725,5
5726,0
5726,2
5727,5
5727,2
5728,5
5728,4
5730,7
5730,9
5732,10
5733,0
5733,9
5734,3
5735,8
5736,6
5736,0
5737,1
5738,9
5738,3
5744,7
5746,6
5746,7
5747,2
5748,1
5748,10
5750,0
5751,7
5751,8
5752,3
5752,9
5753,10
5753,3
5755,4
5756,6
5758,2
5758,0
5759,8
5761,3
5763,0
5763,10
5763,7
5763,8
5765,4
5765,10
5767,2
5767,3
5768,8
5768,0
5769,7
5773,2
5775,6
5775,1
5775,7
5776,2
5776,5
5777,7
5777,3
5780,0
5780,8
5780,10
5781,6
5781,7
5782,8
5783,1
5785,7
5785,5
5786,8
5787,9
5789,2
5789,9
5792,2
5792,7
5793,7
5794,2
5796,6
5797,4
5798,5
5799,3
5800,0
5801,5
5803,5
5805,0
5807,6
5807,8
5807,4
5807,1
5807,3
5809,1
5809,6
5809,10
5809,3
5812,2
5812,1
5813,1
5813,10
5815,2
5816,10
5817,3
5818,6
5819,2
5823,2
5824,3
5824,2
5825,6
5825,7
5826,2
5827,3
5828,0
5829,1
5830,5
5830,9
5830,1
5831,2
5834,9
5834,8
5837,0
5839,0
5840,1
5841,9
5841,10
5843,0
5843,5
5843,6
5846,10
5846,1
5848,5
5850,10
5851,4
5852,8
5857,4
5860,5
5862,7
5863,9
5863,10
5863,3
5863,1
5865,6
5866,9
5867,10
5867,0
5868,0
5868,8
5869,3
5870,7
5871,8
5871,2
5871,7
5872,10
5873,9
5878,10
5878,2
5878,8
5878,1
5880,4
5880,9
5881,0
5881,5
5883,8
5883,9
5883,3
5885,9
5885,10
5886,9
5887,10
5888,0
5888,5
5888,1
5889,9
5889,5
5889,1
5890,2
5890,9
5891,5
5892,10
5896,10
5896,2
5897,3
5897,9
5897,7
5898,0
5899,3
5901,0
5903,9
5903,4
5904,9
5904,0
5905,6
5905,3
5906,6
5908,7
5908,5
5909,4
5911,1
5913,0
5915,7
5917,9
5919,3
5922,4
5925,3
5927,1
5927,9
5928,1
5930,3
5932,7
5932,3
5933,8
5935,10
5936,0
5942,6
5942,8
5943,5
5943,7
5944,0
5944,10
5945,10
5945,2
5946,2
5949,9
5949,1
5950,6
5950,3
5951,6
5955,10
5955,8
5956,9
5958,4
5959,9
5960,5
5961,0
5961,7
5962,3
5963,10
5964,3
5964,4
5966,1
5967,5
5969,6
5972,5
5972,9
5973,1
5973,5
5977,6
5977,1
5981,2
5982,3
5982,10
5982,8
5983,3
5984,5
5985,10
5985,6
5986,9
5986,8
5987,2
5988,2
5988,8
5989,6
5989,8
5990,2
5992,1
5993,9
5995,5
5996,3
5996,0
5997,8
5999,0
5999,9
6000,6
6001,0
6003,9
6003,6
6005,4
6005,1
6007,4
6008,9
6008,3
6009,2
6009,5
6010,9
6010,6
6011,5
6011,9
6012,3
6015,9
6016,3
6017,3
6018,8
6018,0
6019,10
6020,9
6020,1
6020,4
6020,10
6021,0
6021,6
6022,3
6022,5
6022,1
6024,0
6024,3
6025,2
6026,3
6027,1
6028,9
6028,2
6028,5
6030,1
6032,7
6033,2
6037,10
6038,1
6039,9
6039,3
6040,5
6042,6
6043,10
6043,5
6043,2
6044,3
6046,9
6046,2
6048,0
6049,6
6051,1
6051,4
6053,8
6054,8
6055,1
6057,0
6059,3
6060,2
6061,10
6062,3
6062,4
6064,6
6064,8
6065,5
6065,4
6068,6
6068,3
6069,0
6070,6
6071,5
6071,6
6072,7
6073,1
6074,5
6075,2
6077,3
6079,10
6081,7
6084,10
6084,8
6084,3
6086,3
6086,1
6087,5
6091,0
6091,2
6092,2
6093,9
6095,10
6095,3
6096,10
6098,6
6102,5
6104,10
6105,7
6107,3
6107,4
6108,10
6108,1
6109,10
6109,5
6109,1
6113,4
6113,5
6116,3
6116,4
6117,9
6117,10
6118,2
6118,4
6118,6
6118,8
6119,4
6120,9
6123,10
6125,8
6126,1
6126,10
6128,8
6129,10
6130,3
6131,10
6133,4
6134,8
6134,2
6135,0
6137,10
6138,9
6139,10
6141,1
6142,5
6142,9
6142,0
6142,7
6144,5
6145,9
6145,4
6146,6
6146,3
6147,3
6147,5
6147,2
6148,3
6151,4
6154,2
6155,10
6157,3
6159,4
6160,5
6160,1
6160,2
6161,9
6162,1
6162,5
6164,2
6164,4
6165,10
6166,5
6166,3
6170,3
6172,9
6173,0
6174,0
6175,6
6178,2
6180,0
6180,9
6181,9
6181,6
6182,3
6184,9
6184,1
6185,10
6185,1
6185,4
6186,7
6187,10
6188,10
6188,0
6189,3
6189,0
6190,6
6190,3
6190,4
6192,1
6194,9
6194,7
6196,4
6196,3
6198,2
6199,9
6199,7
6200,5
6201,3
6201,7
6202,8
6203,2
6204,7
6205,0
6205,4
6206,10
6207,6
6208,9
6209,10
6209,3
6210,1
6211,7
6212,9
6213,3
6213,4
6214,8
6215,0
6216,8
6216,7
6217,8
6217,3
6220,5
6220,9
6221,10
6221,6
6222,4
6223,9
6224,5
6225,9
6225,5
6225,7
6225,2
6226,7
6227,4
6227,0
6229,10
6230,4
6231,8
6232,6
6232,7
6234,7
6234,9
6234,5
6235,5
6235,9
6236,6
6237,5
6237,2
6237,7
6238,7
6238,0
6239,0
6239,1
6240,5
6243,3
6246,8
6246,4
6249,3
6250,8
6251,10
6252,2
6252,6
6252,4
6253,0
6253,5
6253,2
6255,3
6256,5
6257,5
6257,1
6257,0
6257,8
6260,8
6262,2
6265,3
6265,1
6266,5
6267,8
6267,10
6267,1
6269,1
6270,0
6272,3
6272,5
6274,8
6275,0
6275,10
6277,0
6277,3
6277,9
6278,5
6279,5
6280,10
6281,10
6282,0
6282,8
6283,5
6283,10
6283,1
6284,1
6284,2
6284,0
6285,8
6285,7
6289,7
6291,9
6291,3
6294,8
6295,1
6295,7
6296,7
6296,1
6296,4
6297,8
6298,5
6299,3
6299,5
6299,8
6299,6
6300,0
6301,6
6302,8
6303,6
6305,9
6306,6
6306,7
6309,10
6309,8
6312,3
6312,0
6312,6
6314,10
6316,6
6317,5
6318,9
6318,10
6319,0
6319,6
6321,4
6322,8
6323,8
6323,5
6323,3
6325,7
6325,9
6325,5
6332,0
6333,10
6334,3
6335,2
6335,0
6336,0
6336,8
6337,2
6338,6
6338,4
6340,10
6340,5
6341,2
6341,7
6341,3
6342,9
6342,6
6343,10
6343,1
6344,6
6345,7
6345,0
6346,7
6347,4
6347,3
6348,7
6348,6
6349,10
6350,8
6351,4
6354,0
6354,1
6354,4
6354,8
6358,4
6360,10
6360,5
6361,1
6362,0
6364,4
6368,8
6369,1
6370,8
6372,6
6372,3
6373,9
6374,10
6374,0
6375,4
6375,3
6377,2
6382,0
6385,5
6385,4
6385,6
6389,4
6389,8
6391,9
6393,7
6394,4
6394,7
6395,10
6395,6
6396,2
6398,2
6398,3
6399,7
6399,0
6400,1
6400,5
6401,7
6401,8
6401,10
6403,1
6403,9
6404,1
6405,10
6405,7
6405,0
6406,9
6407,3
6411,1
6411,7
6411,5
6412,2
6414,1
6415,8
6415,10
6416,8
6416,2
6418,9
6421,9
6422,9
6422,0
6423,3
6424,2
6424,10
6426,1
6426,8
6426,9
6427,10
6428,0
6428,6
6429,5
6430,5
6431,7
6431,10
6432,4
6432,10
6433,1
6435,0
6435,7
6437,7
6440,9
6441,1
6441,5
6441,10
6442,7
6443,1
6443,4
6445,7
6447,7
6450,8
6450,5
6450,3
6452,3
6453,3
6453,1
6454,4
6455,10
6455,3
6455,4
6456,6
6456,2
6456,5
6457,4
6457,10
6459,10
6460,7
6461,10
6464,7
6464,3
6464,0
6465,4
6465,9
6466,1
6468,7
6471,1
6472,10
6472,3
6473,7
6474,4
6474,5
6475,8
6475,1
6477,6
6478,2
6479,9
6479,7
6481,7
6482,10
6483,6
6484,7
6486,8
6486,5
6487,9
6487,4
6488,1
6488,0
6488,7
6489,8
6489,2
6490,0
6491,6
6492,6
6493,8
6495,7
6496,0
6497,10
6498,3
6499,0
6500,9
6501,9
6501,5
6504,3
6506,3
6506,7
6506,1
6506,4
6508,1
6509,9
6509,3
6509,10
6511,5
6512,5
6512,3
6514,5
6515,9
6516,2
6517,8
6517,0
6518,1
6518,9
6520,4
6521,9
6524,3
6525,5
6525,4
6527,10
6528,2
6529,6
6529,9
6529,1
6530,4
6531,3
6532,5
6532,3
6533,5
6536,1
6537,4
6540,10
6540,3
6541,8
6542,4
6542,5
6543,4
6543,0
6545,8
6547,9
6548,2
6549,6
6549,7
6550,2
6550,9
6551,8
6553,8
6553,5
6554,8
6554,4
6556,2
6558,8
6559,5
6561,0
6562,10
6562,1
6563,6
6563,7
6563,3
6564,6
6564,7
6564,4
6565,10
6566,2
6567,5
6568,3
6569,4
6571,4
6572,2
6572,6
6573,9
6573,6
6573,3
6574,3
6574,6
6575,2
6575,7
6577,7
6577,9
6578,0
6579,10
6579,0
6581,1
6582,3
6583,2
6586,5
6587,6
6590,0
6591,8
6592,4
6593,9
6593,10
6594,9
6595,8
6595,10
6596,2
6597,10
6598,9
6598,8
6600,4
6600,10
6600,1
6602,3
6602,9
6603,8
6603,10
6604,5
6604,7
6604,1
6605,3
6605,0
6607,0
6608,8
6610,4
6610,6
6611,10
6612,10
6614,9
6614,2
6615,6
6615,4
6617,6
6618,3
6618,7
6618,1
6621,9
6623,8
6627,3
6627,8
6629,2
6629,9
6632,4
6633,10
6635,9
6635,8
6635,1
6636,1
6636,0
6637,3
6638,3
6639,9
6640,1
6640,5
6641,9
6641,2
6642,4
6643,4
6644,2
6644,8
6644,4
6646,4
6646,7
6647,0
6647,10
6650,8
6653,4
6655,2
6656,6
6656,5
6656,2
6657,10
6661,10
6661,1
6662,10
6662,1
6663,8
6663,6
6663,9
6663,1
6666,1
6667,1
6670,9
6672,3
6672,5
6672,9
6672,7
6673,4
6674,5
6675,7
6677,10
6677,5
6678,10
6678,4
6678,0
6679,9
6681,0
6683,0
6687,2
6687,10
6688,4
6691,5
6693,3
6695,9
6695,7
6696,3
6696,1
6697,5
6699,10
6699,0
6699,9
6700,8
6701,6
6704,5
6707,0
6707,8
6709,0
6710,6
6712,4
6713,7
6714,4
6715,4
6716,10
6717,8
6717,0
6720,9
6721,5
6721,1
6722,3
6722,4
6723,9
6724,2
6725,0
6728,7
6729,10
6729,4
6729,5
6730,4
6731,0
6732,9
6732,5
6733,4
6735,0
6735,5
6735,3
6735,6
6738,8
6739,8
6739,9
6740,5
6740,9
6740,10
6741,7
6741,1
6741,6
6742,10
6742,2
6743,10
6744,3
6744,7
6745,1
6747,6
6748,7
6750,8
6753,0
6753,5
6754,1
6754,0
6755,1
6755,5
6755,3
6758,3
6760,4
6761,2
6763,0
6764,6
6765,3
6766,8
6768,9
6768,5
6768,8
6768,4
6770,0
6771,2
6773,0
6773,6
6774,2
6774,3
6777,7
6778,5
6778,2
6779,2
6780,4
6781,10
6783,7
6783,1
6783,4
6784,9
6785,0
6786,3
6788,10
6788,9
6789,6
6790,3
6791,2
6792,7
6795,3
6795,1
6795,10
6796,0
6797,7
6800,1
6801,4
6802,1
6806,8
6806,6
6809,8
6809,10
6810,6
6811,3
6812,1
6812,2
6813,2
6814,10
6816,9
6821,9
6822,3
6824,5
6824,9
6825,1
6825,5
6827,7
6828,0
6828,2
6830,2
6832,10
6833,5
6835,7
6836,0
6836,7
6838,6
6838,2
6838,10
6841,8
6841,4
6845,2
6845,8
6845,3
6846,8
6847,7
6850,10
6852,9
6853,2
6854,7
6856,8
6857,2
6857,3
6857,1
6858,2
6860,4
6861,10
6861,9
6862,3
6862,9
6863,5
6864,5
6865,2
6866,5
6866,1
6868,10
6869,9
6870,2
6871,1
6873,6
6874,0
6875,6
6876,5
6877,10
6878,3
6878,8
6879,8
6881,7
6882,8
6883,9
6883,0
6886,1
6888,3
6890,10
6891,3
6893,5
6893,8
6894,0
6895,1
6895,7
6896,3
6896,0
6897,3
6899,6
6900,6
6900,4
6901,10
6903,0
6904,10
6905,2
6905,8
6906,4
6907,4
6907,2
6909,7
6909,10
6910,6
6911,0
6911,10
6911,9
6912,3
6912,8
6914,8
6915,2
6917,5
6919,8
6920,9
6922,4
6922,0
6923,10
6923,9
6924,7
6924,9
6927,3
6927,2
6928,4
6928,9
6929,4
6931,3
6932,6
6933,2
6934,10
6935,1
6937,3
6937,7
6938,0
6939,5
6939,4
6940,6
6941,5
6941,4
6945,5
6945,7
6946,10
6947,7
6947,9
6948,1
6948,6
6949,8
6949,5
6951,9
6951,6
6952,5
6952,2
6953,1
6953,8
6954,5
6955,6
6956,0
6956,2
6957,7
6958,5
6958,8
6959,8
6959,10
6960,10
6961,5
6963,10
6964,4
6964,10
6964,5
6965,10
6967,2
6969,8
6971,5
6972,1
6973,1
6973,3
6974,0
6975,2
6976,0
6976,9
6978,10
6978,5
6978,2
6979,4
6982,2
6982,1
6983,2
6984,1
6984,6
6987,6
6990,3
6992,1
6992,9
6994,7
6995,10
6995,2
6996,4
7001,4
7003,5
7004,4
7004,2
7004,8
7008,5
7010,7
7010,1
7011,9
7011,3
7012,7
7014,9
7014,6
7014,4
7015,5
7016,6
7016,2
7016,5
7017,5
7017,2
7018,10
7019,2
7020,8
7022,6
7022,1
7022,7
7024,5
7024,10
7025,9
7027,0
7028,7
7028,6
7029,2
7029,6
7030,4
7031,6
7032,0
7034,2
7034,10
7035,2
7035,5
7035,7
7036,2
7038,0
7039,5
7042,8
7043,1
7044,2
7045,5
7046,1
7046,9
7048,2
7049,1
7050,4
7051,10
7053,2
7054,3
7054,1
7055,1
7055,6
7058,10
7060,6
7060,5
7061,3
7063,0
7064,10
7065,9
7065,3
7067,9
7068,9
7068,1
7068,2
7069,2
7069,10
7070,5
7071,0
7071,3
7071,5
7071,2
7072,0
7073,0
7074,8
7074,9
7076,5
7076,6
7078,0
7079,5
7080,6
7082,5
7083,3
7084,10
7084,4
7086,0
7087,8
7088,2
7088,10
7089,7
7091,7
7092,4
7093,3
7093,1
7094,4
7096,4
7097,9
7097,2
7098,10
7098,7
7100,3
7102,5
7103,3
7103,2
7105,2
7106,9
7106,1
7108,10
7109,1
7110,5
7110,10
7110,7
7112,4
7112,2
7112,7
7113,1
7113,10
7113,6
7115,8
7118,6
7119,6
7121,4
7122,9
7123,9
7123,10
7124,4
7124,1
7127,2
7127,8
7128,5
7131,9
7132,5
7132,7
7133,9
7135,10
7135,7
7135,6
7136,8
7137,5
7137,0
7138,1
7138,0
7139,0
7141,7
7142,7
7143,10
7145,9
7145,3
7146,10
7146,7
7146,2
7146,3
7148,3
7148,0
7149,5
7151,3
7153,9
7153,4
7153,0
7153,1
7154,3
7155,10
7155,0
7155,1
7155,4
7156,5
7156,6
7159,10
7159,5
7159,7
7160,10
7160,1
7161,3
7164,3
7165,2
7165,10
7165,0
7165,7
7168,5
7170,8
7171,4
7172,8
7173,6
7173,0
7174,3
7177,9
7177,4
7177,10
7178,0
7179,3
7180,10
7180,5
7182,1
7182,5
7182,7
7183,8
7183,2
7184,4
7187,8
7187,1
7189,1
7191,7
7193,6
7194,4
7195,0
7196,6
7197,0
7198,10
7199,9
7202,4
7203,10
7204,7
7205,6
7207,2
7207,1
7208,4
7210,0
7211,3
7212,10
7216,5
7216,2
7217,8
7218,10
7218,0
7219,10
7220,1
7220,6
7222,8
7223,6
7223,2
7224,10
7226,10
7227,4
7227,3
7227,5
7228,6
7229,5
7230,3
7231,1
7231,3
7233,7
7233,6
7234,4
7234,0
7235,7
7236,4
7237,2
7238,1
7238,4
7238,10
7240,4
7240,9
7242,8
7243,7
7244,10
7245,3
7245,2
7247,5
7247,6
7247,10
7248,4
7250,7
7252,6
7252,2
7254,6
7258,1
7259,10
7259,7
7261,7
7261,2
7262,1
7262,4
7264,6
7265,2
7269,3
7272,10
7273,9
7274,7
7278,8
7279,8
7279,1
7281,3
7281,2
7283,1
7285,8
7286,8
7287,6
7287,10
7287,3
7289,8
7290,8
7290,9
7290,4
7293,5
7293,6
7294,6
7296,2
7296,3
7297,5
7297,4
7298,8
7298,0
7300,2
7302,1
7303,1
7305,8
7306,9
7306,6
7306,0
7307,9
7308,9
7308,2
7309,6
7309,3
7309,4
7311,0
7311,6
7311,3
7312,2
7313,3
7313,2
7313,9
7314,0
7314,6
7315,5
7315,1
7318,3
7318,7
7318,8
7319,3
7320,3
7321,6
7321,3
7321,5
7321,10
7322,9
7323,0
7323,8
7324,0
7324,2
7324,9
7327,7
7329,9
7335,5
7335,8
7336,6
7336,8
7336,7
7336,3
7338,10
7342,3
7344,1
7345,3
7347,6
7347,4
7350,9
7352,0
7355,9
7357,9
7360,5
7361,0
7363,8
7363,1
7364,3
7365,4
7367,7
7368,4
7369,8
7369,2
7370,0
7371,5
7371,10
7372,3
7372,7
7374,9
7376,2
7377,7
7378,9
7379,2
7379,3
7382,3
7384,6
7385,2
7386,5
7386,3
7388,7
7393,8
7393,2
7394,4
7395,2
7395,10
7396,6
7398,7
7399,1
7401,3
7401,7
7401,10
7402,0
7403,0
7404,0
7405,3
7405,5
7406,3
7407,6
7407,9
7407,10
7408,3
7408,5
7412,3
7412,1
7414,9
7414,5
7414,0
7415,9
7418,7
7421,9
7421,7
7421,2
7425,7
7426,2
7427,10
7427,7
7427,9
7428,1
7432,10
7432,2
7433,8
7435,1
7437,9
7438,4
7438,5
7438,7
7438,1
7439,1
7439,6
7441,10
7441,0
7441,6
7442,1
7443,0
7445,2
7446,6
7449,10
7454,6
7455,1
7455,2
7455,7
7456,10
7457,3
7457,2
7458,10
7458,2
7458,1
7459,2
7460,6
7460,2
7462,4
7462,0
7462,3
7463,7
7463,9
7463,8
7464,7
7465,1
7465,10
7465,5
7470,6
7472,7
7475,1
7477,4
7477,7
7478,1
7479,0
7480,8
7480,4
7480,7
7481,5
7481,7
7482,9
7482,6
7482,5
7484,8
7486,8
7486,4
7489,2
7489,9
7490,4
7491,9
7491,5
7494,4
7495,0
7495,2
7495,10
7496,7
7496,5
7498,2
7500,6
7501,3
7501,2
7503,1
7507,2
7509,1
7510,0
7511,5
7512,6
7512,0
7514,10
7516,1
7517,4
7518,10
7519,3
7521,9
7521,1
7522,5
7524,10
7524,6
7525,6
7526,2
7527,4
7528,3
7530,7
7530,3
7530,2
7531,7
7531,4
7531,3
7532,10
7533,3
7533,5
7534,4
7534,8
7535,10
7535,7
7536,4
7537,9
7538,6
7539,4
7542,7
7544,8
7548,1
7549,8
7549,4
7549,5
7550,4
7551,0
7551,9
7551,6
7552,7
7553,6
7554,9
7555,0
7556,10
7556,6
7557,6
7558,8
7558,9
7561,2
7562,6
7562,8
7564,6
7565,7
7567,6
7567,1
7568,1
7570,4
7570,1
7571,9
7571,7
7572,3
7575,0
7575,1
7576,0
7576,4
7577,5
7578,6
7578,2
7579,7
7579,8
7579,2
7581,6
7583,2
7583,4
7584,7
7585,8
7585,4
7587,5
7587,2
7587,8
7588,6
7589,3
7590,8
7594,1
7601,2
7603,2
7603,9
7603,10
7604,9
7604,8
7605,5
7607,6
7607,4
7609,8
7611,7
7612,2
7612,7
7615,3
7616,2
7616,6
7616,4
7617,1
7617,2
7618,2
7619,1
7619,6
7619,4
7621,4
7621,1
7622,7
7623,1
7626,0
7626,5
7626,10
7626,3
7627,2
7629,10
7631,5
7632,5
7633,4
7635,5
7636,1
7637,9
7637,7
7638,7
7639,10
7640,2
7643,3
7645,2
7646,4
7650,2
7651,3
7652,4
7653,6
7654,3
7657,7
7657,9
7658,2
7658,9
7658,3
7659,8
7659,2
7660,0
7661,5
7661,8
7662,4
7664,10
7666,7
7668,8
7670,8
7671,7
7671,3
7672,1
7673,1
7673,8
7674,1
7675,3
7675,7
7676,6
7678,10
7681,1
7682,9
7684,8
7685,4
7686,1
7686,0
7688,8
7690,0
7690,5
7691,0
7692,7
7692,5
7695,3
7696,4
7696,8
7696,5
7696,1
7697,8
7697,4
7697,10
7698,2
7699,7
7699,10
7700,1
7700,3
7701,5
7702,9
7703,7
7704,4
7706,4
7708,2
7709,8
7711,10
7711,6
7716,2
7718,1
7718,10
7719,7
7720,2
7721,3
7721,6
7722,2
7722,4
7723,6
7723,9
7723,8
7723,2
7723,5
7724,2
7725,9
7725,4
7726,5
7727,6
7727,10
7727,9
7731,7
7731,3
7732,6
7732,5
7733,3
7734,8
7737,7
7738,0
7740,10
7740,3
7741,5
7741,4
7742,2
7742,4
7743,3
7745,3
7746,6
7746,0
7747,0
7749,10
7750,5
7751,0
7751,10
7754,7
7755,4
7755,9
7755,7
7755,6
7756,2
7757,10
7757,2
7757,5
7757,8
7758,7
7758,1
7762,9
7762,1
7763,8
7763,6
7764,10
7765,2
7765,9
7766,10
7766,1
7767,7
7769,1
7772,7
7772,6
7773,3
7774,10
7777,6
7778,6
7778,0
7779,4
7779,3
7780,2
7780,10
7781,9
7781,8
7782,8
7783,0
7784,7
7786,7
7786,9
7787,0
7788,4
7789,4
7791,9
7792,5
7792,8
7793,4
7793,1
7794,8
7794,0
7795,5
7796,8
7798,7
7802,4
7804,9
7806,8
7807,1
7807,3
7807,0
7810,3
7810,1
7811,0
7811,10
7813,7
7813,9
7814,4
7814,10
7814,2
7815,2
7816,8
7816,9
7816,6
7816,0
7816,4
7816,10
7818,4
7819,2
7819,3
7822,7
7822,8
7823,5
7823,8
7824,1
7825,4
7826,0
7828,2
7830,10
7830,9
7830,4
7833,3
7833,5
7833,8
7834,4
7834,7
7834,9
7835,8
7835,5
7836,3
7836,1
7837,2
7838,8
7840,7
7841,4
7842,2
7843,8
7845,7
7846,1
7848,6
7850,2
7852,7
7855,0
7858,2
7859,8
7860,0
7860,3
7862,5
7863,9
7864,4
7866,5
7867,7
7867,4
7868,7
7869,6
7872,6
7873,3
7874,8
7874,0
7875,9
7875,0
7876,10
7877,4
7881,6
7882,9
7882,8
7883,0
7884,8
7887,9
7891,2
7892,0
7892,4
7895,1
7897,6
7898,5
7898,8
7898,0
7899,0
7903,5
7904,7
7904,8
7904,5
7906,4
7906,8
7908,0
7909,4
7909,7
7909,3
7912,5
7912,6
7913,2
7914,7
7915,9
7917,5
7918,8
7918,10
7920,10
7920,0
7921,10
7921,4
7922,5
7923,10
7928,5
7929,1
7930,3
7931,3
7934,3
7935,9
7936,9
7937,10
7938,10
7939,7
7939,5
7939,1
7941,10
7941,4
7942,3
7942,8
7943,2
7943,9
7944,9
7947,6
7947,5
7948,5
7948,1
7949,8
7949,4
7952,10
7952,7
7954,8
7958,5
7959,4
7960,6
7961,4
7961,5
7962,5
7963,4
7963,10
7964,7
7965,8
7968,4
7968,1
7968,10
7971,1
7971,7
7972,10
7976,6
7976,10
7976,5
7977,7
7980,1
7981,4
7982,2
7983,5
7985,10
7987,1
7987,3
7990,10
7991,6
7991,8
7992,3
7992,9
7993,10
7994,6
7994,5
7995,3
7996,4
7997,1
7997,7
7998,10
7998,3
7998,1
7999,4
7999,9
8001,4
8002,10
8003,2
8003,4
8006,6
8007,1
8009,4
8010,7
8011,3
8012,6
8013,10
8016,7
8016,4
8016,3
8017,5
8019,9
8020,10
8020,9
8021,2
8021,10
8021,6
8024,8
8025,7
8026,6
8026,9
8026,8
8027,9
8027,10
8027,6
8028,6
8031,1
8032,10
8032,1
8032,3
8034,6
8034,3
8035,6
8036,5
8037,10
8039,2
8039,3
8039,10
8042,5
8043,8
8044,7
8045,4
8046,9
8048,9
8048,0
8050,10
8050,1
8051,8
8051,1
8051,10
8052,1
8053,1
8053,2
8054,8
8054,0
8055,4
8056,10
8056,5
8056,2
8056,8
8057,1
8058,2
8058,4
8058,10
8059,1
8061,1
8061,3
8062,10
8062,6
8065,1
8067,0
8068,10
8070,8
8073,1
8073,7
8073,0
8075,6
8076,9
8077,10
8077,7
8080,10
8081,5
8083,9
8084,5
8084,1
8085,7
8087,5
8088,5
8088,3
8090,10
8090,5
8092,6
8094,3
8095,4
8096,7
8097,4
8098,9
8102,6
8106,6
8107,7
8108,7
8110,1
8110,8
8110,2
8112,3
8112,1
8114,0
8115,5
8116,9
8117,6
8117,5
8117,8
8120,2
8122,1
8123,9
8124,4
8124,1
8124,5
8127,8
8127,1
8128,3
8128,4
8129,6
8129,3
8130,3
8132,4
8132,8
8135,8
8135,3
8135,5
8135,0
8136,9
8137,2
8137,8
8139,10
8139,1
8141,10
8141,3
8143,9
8143,5
8144,1
8144,2
8146,0
8147,9
8147,1
8147,10
8148,2
8149,3
8149,1
8150,9
8150,7
8151,3
8151,4
8152,10
8152,2
8153,7
8156,1
8156,8
8156,7
8157,8
8159,5
8161,8
8162,2
8164,1
8165,1
8170,8
8170,9
8171,6
8172,3
8172,10
8173,7
8173,8
8173,4
8174,1
8176,0
8177,2
8178,5
8180,4
8181,4
8183,5
8185,9
8187,4
8187,2
8187,8
8188,10
8191,5
8191,1
8192,2
8192,6
8193,9
8194,6
8196,1
8196,10
8196,2
8197,8
8199,8
8200,8
8203,5
8204,8
8204,0
8205,0
8207,10
8207,9
8208,9
8211,5
8212,3
8213,2
8214,10
8214,4
8214,1
8215,3
8216,9
8216,8
8217,0
8217,3
8218,3
8220,9
8221,0
8221,5
8221,8
8222,3
8223,6
8223,1
8225,8
8225,9
8227,0
8228,0
8228,3
8228,9
8228,2
8229,5
8230,7
8231,10
8231,6
8234,1
8234,8
8235,1
8239,2
8240,10
8240,1
8241,6
8242,8
8242,5
8243,3
8244,0
8245,10
8246,2
8247,0
8247,8
8249,8
8249,2
8253,8
8253,0
8254,5
8255,6
8255,4
8256,4
8256,10
8256,2
8257,2
8257,0
8259,2
8260,6
8261,5
8261,4
8261,8
8262,3
8262,7
8263,6
8264,6
8264,10
8267,2
8267,7
8268,1
8268,2
8269,1
8271,6
8272,9
8273,1
8276,9
8277,3
8277,6
8279,8
8279,0
8280,1
8281,8
8281,3
8281,9
8282,1
8282,10
8283,10
8284,5
8284,0
8289,9
8292,2
8295,8
8297,10
8297,8
8298,4
8302,10
8303,3
8305,1
8306,6
8309,7
8309,5
8310,4
8310,9
8311,5
8316,9
8316,2
8317,0
8317,4
8317,7
8319,8
8319,2
8319,9
8319,6
8319,1
8321,7
8322,2
8323,9
8323,10
8326,1
8328,3
8328,0
8329,3
8330,3
8330,10
8330,8
8332,4
8332,5
8333,3
8334,5
8334,6
8335,1
8336,8
8337,6
8337,7
8338,1
8339,1
8340,8
8340,10
8340,9
8340,3
8341,8
8345,9
8345,4
8346,6
8347,5
8347,4
8349,2
8349,9
8351,6
8354,8
8354,3
8354,6
8356,9
8356,1
8358,6
8359,4
8360,5
8362,1
8364,9
8366,9
8367,5
8368,0
8369,8
8371,7
8371,6
8372,1
8373,10
8374,10
8377,10
8379,3
8379,8
8380,6
8382,3
8382,2
8382,9
8383,7
8383,0
8383,8
8384,10
8385,5
8387,1
8387,0
8387,5
8388,6
8388,5
8389,3
8391,9
8391,10
8395,2
8395,1
8396,1
8398,4
8399,3
8399,1
8400,5
8400,10
8401,7
8401,1
8402,8
8402,2
8403,0
8405,10
8406,5
8408,5
8408,2
8409,6
8410,5
8411,3
8413,9
8413,0
8413,7
8414,6
8414,2
8415,6
8416,8
8417,10
8418,7
8419,5
8419,1
8420,1
8422,10
8422,4
8423,1
8425,8
8425,3
8426,6
8427,2
8427,8
8427,5
8428,8
8428,9
8428,0
8430,2
8430,1
8430,9
8432,3
8432,10
8432,7
8433,0
8433,7
8434,6
8435,4
8435,1
8435,5
8436,5
8438,2
8439,8
8440,2
8441,2
8441,6
8442,5
8448,5
8449,10
8450,8
8451,5
8451,7
8452,4
8452,2
8453,3
8453,2
8454,8
8456,9
8458,10
8460,8
8461,5
8461,8
8461,2
8461,3
8462,8
8463,9
8464,5
8464,2
8465,10
8466,8
8466,1
8467,4
8467,2
8467,5
8471,2
8472,2
8472,0
8472,1
8473,10
8473,8
8475,8
8476,0
8477,7
8478,4
8478,9
8479,8
8480,7
8480,2
8483,7
8483,10
8486,10
8487,7
8487,5
8489,5
8489,3
8489,10
8490,5
8492,3
8493,6
8493,2
8493,4
8493,9
8494,2
8496,9
8497,8
8499,2
8500,6
8500,1
8504,10
8504,6
8504,9
8505,7
8506,3
8507,8
8507,3
8509,9
8509,10
8511,9
8512,6
8512,7
8513,3
8513,7
8513,0
8515,5
8516,4
8518,3
8518,9
8521,1
8521,7
8522,8
8523,10
8524,0
8524,9
8524,2
8524,4
8525,9
8527,4
8527,6
8527,3
8528,2
8529,3
8530,1
8530,0
8531,5
8532,10
8533,5
8534,6
8537,10
8539,7
8540,3
8540,9
8541,6
8541,2
8542,6
8542,10
8543,6
8544,3
8544,8
8544,6
8544,5
8547,10
8548,8
8550,6
8551,5
8552,8
8554,0
8555,2
8555,5
8555,6
8557,9
8558,8
8562,4
8563,10
8564,9
8565,1
8565,5
8566,10
8567,3
8567,7
8567,4
8569,7
8572,5
8573,8
8573,2
8574,6
8576,8
8577,1
8578,9
8580,8
8586,10
8587,7
8587,8
8588,4
8588,1
8588,8
8589,7
8591,6
8591,9
8592,6
8594,5
8595,7
8596,9
8596,1
8597,9
8597,2
8599,9
8601,3
8602,1
8602,7
8602,6
8602,2
8603,6
8605,7
8606,6
8607,9
8607,6
8609,7
8610,0
8613,7
8614,1
8614,6
8620,5
8620,7
8620,3
8621,10
8622,4
8624,0
8624,6
8624,5
8624,7
8625,2
8628,0
8628,9
8629,10
8630,1
8630,10
8631,5
8633,5
8633,10
8635,9
8636,4
8637,6
8637,8
8638,4
8638,2
8641,8
8643,6
8643,8
8645,7
8645,4
8646,3
8647,1
8648,0
8648,4
8650,2
8650,9
8654,3
8654,1
8655,2
8655,0
8655,5
8657,9
8659,10
8660,7
8662,5
8662,0
8663,2
8663,0
8665,1
8669,7
8670,0
8671,4
8671,6
8673,2
8674,1
8674,5
8676,10
8678,6
8678,8
8678,4
8679,6
8679,8
8680,8
8681,1
8681,7
8681,2
8686,1
8688,3
8688,8
8689,0
8689,4
8689,8
8689,1
8690,8
8692,8
8693,8
8693,7
8694,6
8696,10
8696,0
8699,7
8700,4
8701,0
8701,6
8703,1
8703,8
8703,2
8704,10
8704,0
8705,8
8705,4
8705,7
8709,8
8710,10
8713,6
8715,5
8716,10
8717,1
8717,4
8718,4
8720,7
8722,10
8722,7
8723,9
8724,9
8725,4
8725,5
8726,8
8726,4
8728,5
8729,9
8729,3
8733,2
8734,4
8735,8
8735,2
8736,9
8737,7
8737,5
8738,7
8738,3
8739,6
8741,2
8741,0
8741,6
8743,1
8745,1
8748,5
8749,10
8749,2
8749,7
8749,0
8750,4
8750,8
8751,1
8754,0
8755,0
8760,3
8761,9
8762,5
8766,9
8768,10
8769,3
8770,0
8770,7
8770,3
8772,5
8773,8
8774,3
8776,3
8776,7
8776,0
8778,10
8782,9
8783,3
8783,2
8784,9
8784,3
8785,7
8786,5
8787,5
8787,2
8788,0
8789,2
8790,1
8790,5
8790,3
8791,0
8792,5
8792,3
8793,5
8794,1
8795,7
8796,0
8796,3
8797,5
8799,6
8799,9
8800,9
8802,2
8804,8
8804,1
8805,8
8805,6
8807,4
8807,9
8808,8
8809,9
8809,2
8810,3
8810,2
8810,8
8813,3
8813,8
8815,9
8815,8
8816,1
8817,6
8818,10
8819,8
8819,7
8820,8
8820,1
8821,0
8821,8
8823,9
8824,10
8824,4
8825,6
8826,8
8826,4
8828,1
8832,1
8834,9
8834,8
8835,1
8835,3
8836,0
8837,3
8840,0
8843,10
8843,7
8845,0
8848,9
8849,3
8849,1
8850,7
8850,9
8851,1
8852,0
8852,9
8855,2
8855,4
8856,1
8857,6
8858,1
8858,4
8858,0
8859,10
8862,0
8864,4
8864,6
8865,2
8866,3
8867,4
8868,7
8869,2
8869,7
8869,1
8869,0
8870,10
8870,2
8871,7
8872,3
8872,8
8873,7
8874,6
8877,10
8877,4
8878,6
8880,6
8882,3
8883,10
8884,0
8885,9
8885,5
8885,0
8887,9
8887,5
8888,8
8888,4
8889,4
8889,2
8889,6
8891,8
8891,3
8894,10
8895,4
8895,9
8896,3
8897,5
8899,10
8899,6
8900,2
8901,0
8904,4
8906,6
8908,1
8908,8
8910,4
8912,6
8913,6
8915,5
8915,0
8916,2
8917,2
8918,5
8918,3
8920,1
8920,7
8922,4
8923,7
8923,1
8924,6
8926,7
8927,10
8928,6
8928,10
8930,1
8931,3
8932,6
8932,10
8933,2
8936,2
8939,3
8940,3
8940,4
8940,0
8942,3
8943,8
8943,10
8944,1
8945,1
8946,10
8948,2
8948,3
8948,5
8948,8
8948,6
8950,4
8954,4
8954,2
8955,8
8955,4
8956,6
8956,3
8957,5
8957,10
8958,3
8958,1
8959,3
8960,10
8961,6
8966,9
8967,8
8968,3
8968,7
8969,1
8971,9
8971,6
8973,5
8973,7
8975,6
8983,8
8984,8
8985,8
8986,4
8987,10
8988,5
8989,9
8990,10
8990,4
8991,9
8991,7
8992,2
8993,1
8993,4
8995,0
8996,3
8997,9
8997,5
8997,10
9000,10
9000,7
9000,2
9000,9
9001,4
9001,10
9003,4
9003,10
9008,0
9008,1
9009,8
9009,3
9009,0
9010,10
9011,10
9011,2
9012,2
9012,7
9013,0
9013,10
9013,9
9013,8
9015,8
9016,6
9016,7
9017,7
9018,5
9019,8
9019,10
9020,4
9020,9
9023,2
9024,7
9026,4
9028,10
9029,0
9029,9
9031,2
9031,7
9032,9
9032,10
9034,4
9034,0
9034,5
9035,6
9036,7
9037,2
9037,7
9038,10
9039,0
9039,4
9039,10
9041,2
9041,5
9043,6
9044,0
9046,3
9047,9
9049,3
9051,7
9052,8
9053,10
9053,2
9053,9
9055,7
9055,2
9056,8
9056,5
9059,9
9059,7
9061,6
9062,7
9062,8
9063,3
9063,9
9064,7
9064,9
9069,4
9071,2
9071,4
9073,10
9073,9
9076,8
9078,5
9078,6
9081,8
9083,4
9083,6
9086,3
9087,0
9092,10
9093,9
9094,0
9095,9
9096,6
9097,8
9099,3
9099,2
9100,1
9101,1
9104,5
9104,4
9105,9
9105,2
9109,8
9110,6
9111,4
9112,8
9113,1
9113,3
9114,3
9115,9
9116,2
9117,6
9117,5
9119,7
9120,6
9123,1
9123,4
9125,7
9129,2
9130,4
9130,0
9131,3
9131,10
9132,3
9134,2
9134,8
9136,2
9136,1
9137,9
9137,10
9139,8
9140,7
9140,10
9140,1
9140,9
9141,8
9141,4
9141,0
9142,3
9143,1
9143,4
9144,3
9144,9
9144,1
9145,2
9145,8
9147,2
9148,3
9148,4
9149,5
9149,2
9150,9
9151,9
9151,10
9152,4
9152,10
9153,4
9154,8
9154,4
9155,7
9155,2
9156,6
9157,1
9157,9
9159,2
9160,5
9161,3
9162,0
9162,10
9162,6
9163,6
9163,10
9163,9
9164,3
9164,1
9165,5
9165,9
9166,4
9166,6
9167,7
9168,8
9168,0
9169,7
9169,2
9170,10
9170,6
9172,7
9174,4
9174,6
9176,7
9177,1
9177,9
9180,7
9180,10
9181,3
9187,0
9188,0
9189,9
9189,2
9190,1
9190,2
9190,7
9191,1
9192,0
9194,3
9194,1
9195,2
9197,10
9198,4
9199,10
9200,5
9200,3
9200,7
9200,0
9201,3
9201,0
9202,3
9202,10
9202,7
9204,5
9204,8
9204,6
9208,9
9209,7
9209,1
9211,8
9213,10
9215,6
9216,6
9217,8
9217,3
9218,6
9219,3
9221,4
9222,1
9222,0
9223,3
9226,1
9226,5
9227,4
9227,1
9227,10
9229,5
9229,4
9230,8
9231,7
9232,2
9233,9
9234,8
9235,9
9235,2
9235,5
9236,8
9237,8
9239,0
9239,6
9240,0
9240,8
9241,1
9242,0
9243,5
9243,2
9248,10
9248,1
9248,5
9250,6
9251,5
9253,9
9253,6
9254,5
9255,10
9256,7
9258,7
9260,8
9261,9
9261,2
9262,8
9263,6
9264,3
9264,4
9265,0
9266,10
9267,6
9267,10
9268,2
9270,7
9271,2
9272,9
9273,9
9274,1
9274,10
9275,10
9275,3
9276,9
9276,0
9277,3
9277,1
9278,0
9278,9
9278,3
9282,6
9283,1
9284,10
9284,3
9285,0
9285,3
9286,2
9287,4
9289,2
9291,8
9292,9
9292,4
9293,10
9295,8
9296,5
9297,9
9298,3
9298,6
9299,0
9302,0
9303,7
9305,2
9306,0
9307,5
9307,0
9308,5
9308,4
9308,0
9308,10
9309,2
9310,8
9311,4
9311,8
9311,2
9312,3
9312,4
9313,4
9314,5
9314,9
9315,4
9315,6
9316,7
9317,2
9318,6
9319,8
9320,0
9320,10
9321,2
9322,7
9323,3
9323,0
9326,0
9327,3
9328,9
9328,2
9329,8
9331,0
9333,1
9333,2
9334,4
9337,5
9337,6
9339,9
9339,0
9340,3
9341,6
9343,10
9345,6
9346,4
9347,8
9349,2
9349,9
9350,5
9350,9
9350,3
9350,6
9350,10
9351,4
9352,0
9353,8
9354,9
9355,9
9358,3
9358,2
9359,6
9359,2
9361,3
9362,6
9362,1
9363,10
9363,0
9364,0
9364,2
9365,7
9367,0
9368,7
9370,3
9370,10
9370,2
9371,0
9374,1
9376,3
9376,7
9378,6
9378,7
9379,10
9380,8
9380,4
9381,10
9382,8
9382,0
9383,5
9384,9
9387,9
9388,3
9388,9
9389,8
9389,2
9391,2
9392,10
9392,8
9393,1
9394,2
9394,0
9396,5
9398,7
9398,0
9401,0
9401,4
9401,1
9403,8
9403,6
9404,6
9405,0
9405,7
9405,5
9405,2
9409,8
9409,6
9412,7
9413,3
9413,6
9413,8
9414,9
9415,3
9415,9
9415,8
9417,10
9419,6
9419,0
9420,9
9420,4
9421,8
9421,7
9422,10
9423,6
9424,9
9425,0
9426,5
9427,1
9427,0
9428,1
9428,6
9429,5
9429,8
9430,2
9431,1
9433,6
9435,0
9436,4
9436,9
9436,6
9437,7
9437,0
9439,4
9440,9
9440,5
9440,8
9441,7
9441,8
9446,7
9447,1
9448,10
9448,3
9449,5
9450,2
9450,3
9451,9
9451,5
9452,8
9453,0
9453,7
9454,8
9455,10
9456,3
9456,8
9457,8
9457,3
9459,10
9460,2
9460,3
9462,0
9463,7
9468,9
9468,7
9468,10
9469,6
9470,8
9471,9
9471,3
9472,0
9472,7
9473,6
9474,10
9476,1
9476,8
9476,6
9477,0
9477,3
9478,3
9479,3
9479,10
9480,9
9481,9
9483,8
9483,10
9484,1
9484,8
9486,10
9486,8
9487,6
9488,6
9490,4
9491,8
9492,10
9492,8
9492,7
9493,9
9495,2
9495,7
9497,4
9498,4
9502,3
9503,10
9505,6
9508,2
9511,4
9515,9
9515,5
9519,7
9521,3
9521,0
9521,6
9521,7
9523,7
9523,10
9524,3
9524,10
9525,6
9525,2
9525,4
9526,9
9526,4
9528,6
9529,2
9530,7
9533,4
9533,3
9536,3
9538,1
9538,6
9539,3
9542,7
9542,10
9545,10
9547,1
9548,9
9549,8
9549,6
9550,2
9551,4
9551,3
9552,5
9553,4
9555,4
9557,3
9558,6
9560,10
9560,3
9562,0
9563,8
9564,7
9565,8
9566,9
9567,5
9568,0
9569,10
9569,5
9570,0
9570,9
9571,8
9571,10
9571,0
9573,3
9575,9
9575,4
9577,3
9578,8
9578,7
9578,2
9579,5
9580,3
9581,7
9581,1
9582,8
9585,0
9586,6
9586,5
9588,6
9588,3
9588,8
9590,8
9590,4
9595,3
9595,6
9596,5
9597,0
9597,1
9601,8
9601,5
9603,1
9604,0
9607,2
9607,6
9607,4
9610,10
9610,1
9611,4
9612,2
9613,3
9613,7
9613,1
9614,5
9614,4
9615,7
9615,3
9617,1
9619,1
9620,10
9620,6
9622,6
9623,7
9624,9
9624,0
9627,10
9628,10
9628,6
9629,1
9629,6
9630,1
9631,5
9631,8
9632,9
9634,9
9634,8
9635,3
9635,4
9636,10
9636,3
9639,4
9641,7
9641,8
9643,7
9645,8
9646,9
9646,7
9646,4
9647,3
9648,5
9649,9
9650,1
9651,10
9651,9
9653,7
9654,0
9654,7
9654,5
9659,8
9660,5
9661,8
9661,4
9661,1
9662,9
9663,4
9665,5
9670,2
9670,9
9671,6
9672,7
9673,5
9675,4
9675,8
9675,0
9675,1
9678,8
9679,3
9679,4
9680,5
9683,0
9685,2
9686,6
9687,2
9687,4
9688,7
9688,5
9688,0
9690,6
9692,9
9692,4
9693,6
9696,5
9696,0
9697,2
9697,1
9698,10
9698,5
9699,2
9700,10
9701,6
9701,9
9702,2
9703,1
9703,4
9703,2
9703,9
9703,0
9705,2
9705,5
9706,9
9706,6
9707,0
9707,2
9707,10
9708,4
9711,9
9711,7
9713,7
9713,0
9714,6
9715,9
9716,5
9716,4
9718,10
9718,4
9721,1
9721,5
9722,6
9723,8
9723,9
9724,6
9727,5
9727,1
9729,6
9731,8
9732,8
9732,6
9733,3
9734,9
9734,10
9735,3
9736,0
9736,9
9737,3
9738,2
9740,1
9740,6
9741,3
9743,7
9744,6
9744,5
9745,3
9746,9
9746,3
9746,10
9747,2
9750,10
9751,5
9751,0
9751,6
9753,1
9754,9
9754,6
9755,7
9756,9
9756,10
9757,3
9758,4
9758,2
9758,9
9759,8
9759,10
9760,2
9761,0
9762,4
9762,8
9763,8
9765,4
9765,9
9765,8
9766,9
9766,6
9767,7
9769,7
9769,0
9770,0
9771,7
9773,2
9773,5
9773,7
9773,0
9774,3
9776,8
9776,9
9778,9
9778,10
9779,7
9779,2
9780,1
9780,10
9783,10
9784,6
9787,3
9788,8
9790,8
9791,7
9793,10
9794,0
9794,4
9797,9
9799,0
9802,10
9802,8
9803,1
9804,10
9805,5
9805,7
9807,5
9809,2
9809,9
9810,8
9811,4
9812,7
9813,0
9813,4
9814,8
9814,7
9814,2
9815,8
9815,0
9815,6
9817,3
9824,4
9824,9
9825,10
9826,8
9826,7
9827,4
9827,7
9828,6
9829,5
9832,5
9833,10
9833,5
9833,1
9834,7
9836,5
9836,3
9837,10
9837,3
9839,7
9839,4
9840,7
9841,6
9842,0
9846,0
9847,6
9847,1
9848,7
9852,4
9852,9
9855,1
9857,1
9857,9
9858,4
9858,3
9859,1
9860,5
9863,7
9864,5
9866,4
9868,3
9868,8
9870,8
9871,3
9872,1
9875,3
9877,0
9878,7
9880,6
9880,8
9880,9
9882,5
9883,10
9884,6
9885,0
9886,7
9886,1
9887,4
9888,1
9888,5
9889,8
9893,7
9893,4
9893,8
9893,3
9895,3
9897,5
9897,2
9898,9
9898,10
9899,9
9899,0
9900,4
9900,7
9900,10
9901,9
9901,7
9902,3
9902,1
9903,6
9903,2
9904,4
9906,2
9906,3
9907,3
9908,9
9908,10
9909,9
9910,7
9910,4
9911,0
9913,4
9914,7
9915,2
9915,8
9916,2
9919,6
9920,4
9923,4
9924,0
9924,5
9924,3
9925,3
9925,5
9928,7
9929,2
9930,6
9930,2
9931,2
9933,3
9935,4
9938,5
9941,4
9941,5
9942,8
9944,6
9944,5
9946,3
9949,4
9953,2
9956,7
9957,5
9957,6
9958,6
9958,9
9958,10
9959,5
9964,4
9965,1
9966,0
9967,10
9970,0
9972,2
9972,0
9973,9
9973,7
9976,5
9977,7
9978,4
9982,8
9982,7
9985,2
9987,7
9987,0
9987,4
9989,3
9990,7
9991,4
9992,5
9994,2
9995,0
9996,9
9997,3
9998,1
9998,2
10001,10
10002,10
10002,1
10002,8
10002,5
10004,1
10004,7
10005,2
10005,4
10007,10
10008,10
10008,6
10010,0
10010,1
10011,1
10013,10
10013,0
10013,5
10016,5
10016,3
10016,9
10017,3
10018,10
10018,5
10018,0
10019,3
10019,6
10021,6
10021,2
10022,8
10022,9
10026,7
10026,6
10026,0
10028,6
10029,3
10029,0
10030,4
10031,9
10032,8
10034,0
10035,3
10035,7
10037,4
10038,10
10041,10
10041,1
10043,1
10043,6
10044,3
10044,1
10045,8
10045,6
10045,0
10046,2
10046,10
10048,5
10049,4
10051,6
10052,0
10054,3
10055,3
10055,8
10056,5
10057,4
10058,4
10059,3
10059,7
10063,4
10064,8
10064,7
10066,8
10067,0
10067,6
10070,3
10070,7
10072,7
10073,9
10074,7
10074,9
10076,6
10076,3
10078,8
10078,7
10079,9
10081,2
10081,1
10082,2
10082,1
10082,9
10085,2
10085,4
10086,5
10086,6
10086,8
10088,9
10089,0
10090,4
10091,2
10092,9
10092,10
10093,0
10093,10
10093,3
10093,5
10094,4
10094,0
10095,10
10095,5
10097,9
10097,0
10098,4
10098,0
10099,2
10099,7
10100,6
10101,7
10101,0
10101,3
10102,4
10105,2
10106,10
10107,10
10107,7
10107,6
10109,7
10110,9
10110,4
10111,5
10112,4
10115,5
10117,1
10117,4
10118,0
10119,7
10120,0
10120,6
10121,10
10121,7
10122,9
10123,4
10126,10
10126,1
10127,0
10127,10
10130,2
10131,6
10131,3
10131,0
10137,4
10138,7
10139,7
10140,10
10141,2
10141,0
10142,1
10143,9
10144,2
10144,9
10146,3
10146,5
10148,4
10150,1
10152,0
10153,9
10154,8
10156,6
10156,7
10157,5
10160,9
10160,5
10162,10
10162,5
10162,6
10163,9
10163,2
10163,0
10163,6
10163,3
10167,1
10167,8
10168,6
10168,8
10170,3
10172,4
10174,7
10175,0
10178,8
10179,0
10183,4
10183,8
10184,1
10186,1
10187,8
10187,4
10187,6
10188,7
10189,5
10189,8
10196,0
10197,6
10197,0
10198,6
10198,5
10199,8
10200,4
10201,0
10202,4
10202,0
10204,0
10204,10
10207,10
10209,8
10210,8
10211,8
10213,9
10213,7
10214,3
10214,0
10215,9
10216,2
10216,10
10217,8
10217,2
10219,0
10220,2
10220,8
10220,5
10222,3
10224,1
10225,3
10225,4
10226,10
10227,1
10227,6
10228,0
10228,7
10231,0
10232,7
10233,6
10234,8
10235,8
10235,7
10236,10
10238,9
10238,10
10241,0
10242,0
10242,3
10247,2
10247,9
10249,10
10254,0
10254,3
10255,7
10256,4
10257,1
10258,1
10260,0
10262,2
10263,3
10263,8
10263,5
10265,5
10268,0
10268,10
10269,8
10271,6
10271,1
10274,3
10275,8
10276,10
10276,0
10277,1
10278,9
10280,0
10284,6
10285,9
10285,4
10285,3
10286,1
10287,6
10287,4
10287,9
10288,0
10289,1
10290,2
10294,6
10294,4
10295,8
10295,4
10297,8
10298,2
10299,1
10300,7
10300,4
10301,1
10301,3
10301,8
10301,7
10301,10
10302,0
10303,8
10304,0
10304,2
10305,5
10305,6
10306,4
10306,9
10307,1
10308,6
10308,0
10311,0
10312,5
10314,2
10314,9
10315,2
10315,8
10317,0
10318,2
10318,4
10318,0
10319,0
10319,7
10319,1
10320,2
10320,8
10322,1
10323,5
10323,10
10325,7
10329,5
10330,6
10333,9
10337,4
10337,8
10337,2
10339,6
10339,3
10342,7
10342,0
10343,0
10345,8
10345,1
10345,0
10347,2
10347,6
10348,5
10350,0
10361,5
10364,2
10364,8
10365,5
10365,3
10366,3
10366,4
10367,0
10368,4
10369,2
10370,0
10371,7
10371,2
10371,1
10372,9
10372,1
10372,8
10373,3
10377,6
10379,0
10379,2
10379,7
10380,8
10385,6
10386,1
10387,5
10387,4
10388,7
10388,6
10390,2
10390,8
10391,4
10392,8
10392,4
10394,2
10394,8
10395,8
10396,9
10396,0
10397,2
10397,1
10399,1
10400,10
10401,6
10405,4
10406,7
10407,8
10409,3
10410,8
10413,7
10413,10
10414,5
10415,5
10415,2
10416,3
10416,0
10417,7
10420,7
10421,6
10421,2
10424,6
10426,9
10426,2
10426,3
10429,4
10429,9
10430,1
10432,10
10432,7
10434,10
10434,2
10434,4
10435,8
10436,5
10437,9
10437,0
10438,2
10439,9
10443,3
10445,7
10446,1
10446,9
10446,4
10446,2
10447,6
10447,0
10449,2
10450,3
10450,1
10453,10
10454,4
10455,7
10456,1
10457,9
10458,9
10459,8
10460,5
10464,3
10465,1
10467,3
10468,10
10468,3
10468,9
10469,6
10469,4
10471,7
10472,5
10473,3
10473,0
10474,9
10474,10
10475,6
10475,0
10476,10
10477,3
10478,9
10478,0
10480,4
10480,10
10481,2
10481,3
10482,2
10483,9
10483,8
10486,3
10486,1
10486,2
10487,5
10488,9
10492,8
10492,1
10493,6
10493,2
10495,6
10495,7
10497,10
10498,6
10499,10
10499,1
10501,8
10502,2
10503,1
10504,3
10504,7
10505,5
10505,6
10506,2
10507,5
10511,1
10511,4
10512,2
10514,0
10516,0
10516,6
10516,3
10517,10
10517,1
10518,8
10519,6
10520,9
10520,6
10521,9
10521,7
10522,6
10523,10
10524,10
10526,6
10527,9
10527,1
10529,4
10531,3
10532,10
10532,3
10534,5
10534,0
10535,9
10535,1
10535,0
10536,10
10537,4
10538,8
10538,5
10539,3
10539,6
10541,1
10541,3
10542,1
10543,6
10543,5
10544,5
10544,0
10545,6
10545,2
10546,7
10546,5
10547,9
10547,7
10547,4
10548,2
10548,4
10548,0
10548,6
10549,8
10552,7
10552,3
10554,1
10556,7
10557,6
10559,10
10561,4
10563,7
10564,7
10565,0
10566,7
10568,2
10569,2
10570,10
10570,0
10572,4
10572,0
10577,8
10578,4
10579,8
10579,9
10579,4
10580,7
10580,5
10581,1
10581,2
10582,0
10582,8
10583,3
10584,4
10584,3
10585,3
10587,1
10589,1
10591,6
10592,9
10592,10
10593,3
10593,1
10594,2
10595,10
10595,0
10597,8
10599,6
10600,10
10602,0
10604,8
10606,8
10608,2
10611,5
10611,10
10612,2
10612,9
10616,7
10616,8
10616,6
10616,1
10616,4
10617,3
10617,8
10618,2
10618,3
10619,10
10620,4
10621,9
10621,1
10621,3
10622,4
10622,1
10623,9
10623,2
10623,4
10624,8
10626,7
10627,4
10628,6
10629,4
10631,10
10631,1
10631,9
10634,5
10636,10
10636,5
10637,5
10640,7
10640,9
10643,7
10643,0
10644,4
10645,7
10647,8
10649,10
10650,4
10651,8
10652,8
10653,2
10653,5
10655,5
10655,6
10656,2
10656,4
10656,7
10656,1
10657,2
10658,8
10658,2
10660,0
10660,10
10662,7
10663,8
10664,1
10665,0
10665,10
10667,5
10667,6
10668,0
10669,10
10669,2
10669,5
10670,1
10670,5
10672,1
10673,0
10673,9
10674,1
10677,8
10677,10
10678,0
10681,4
10681,10
10682,0
10682,10
10682,4
10683,9
10683,6
10684,1
10684,10
10684,7
10687,4
10687,3
10689,6
10690,0
10690,5
10692,4
10693,6
10695,1
10700,6
10701,2
10701,5
10703,7
10705,6
10705,8
10706,7
10706,5
10706,4
10707,0
10709,9
10711,9
10712,5
10712,4
10712,6
10713,6
10714,7
10714,2
10714,9
10714,6
10715,5
10716,6
10717,9
10718,4
10719,5
10719,8
10720,10
10720,5
10721,9
10721,10
10722,10
10727,9
10728,8
10728,4
10731,7
10731,3
10731,1
10732,0
10732,8
10733,7
10733,2
10734,7
10735,7
10737,1
10737,9
10737,2
10740,9
10741,8
10742,3
10745,3
10745,1
10746,1
10748,7
10748,3
10748,8
10749,0
10751,0
10752,3
10753,3
10753,2
10753,8
10753,6
10754,2
10754,3
10755,3
10756,7
10756,4
10757,1
10758,8
10759,4
10759,2
10760,10
10760,1
10761,4
10761,3
10762,8
10763,0
10763,3
10763,9
10764,10
10766,1
10766,8
10766,6
10767,5
10769,10
10771,2
10771,10
10771,6
10773,1
10774,2
10775,1
10776,9
10776,7
10779,6
10779,10
10783,0
10784,3
10787,2
10788,9
10789,4
10792,9
10792,4
10792,6
10793,3
10794,4
10797,5
10800,0
10801,3
10801,5
10803,4
10804,3
10805,7
10806,8
10806,2
10806,5
10807,9
10807,0
10807,4
10808,5
10811,2
10812,6
10812,4
10814,10
10815,6
10816,1
10816,3
10816,5
10817,3
10818,8
10822,3
10823,2
10825,7
10827,0
10828,0
10828,1
10829,3
10830,3
10832,0
10832,7
10832,4
10833,4
10834,5
10838,6
10838,10
10838,7
10841,7
10843,3
10846,1
10846,7
10846,9
10847,7
10851,0
10858,8
10860,10
10860,5
10861,9
10861,0
10862,4
10862,3
10862,10
10863,8
10865,7
10868,10
10868,2
10868,8
10868,4
10870,4
10874,6
10874,4
10874,10
10877,0
10877,7
10878,9
10878,6
10878,8
10879,6
10881,1
10881,7
10881,6
10882,0
10882,8
10882,10
10882,6
10885,8
10887,5
10887,9
10888,5
10891,6
10893,0
10893,7
10893,6
10896,7
10897,8
10898,7
10898,5
10898,3
10900,0
10902,1
10902,3
10903,2
10904,10
10905,7
10905,4
10905,5
10906,4
10906,9
10906,7
10906,6
10909,3
10909,4
10910,10
10910,6
10911,2
10912,6
10915,7
10916,6
10916,0
10918,0
10919,7
10919,0
10921,0
10922,3
10922,2
10925,3
10925,0
10927,7
10927,1
10927,6
10928,2
10928,5
10928,0
10929,9
10930,9
10931,5
10931,2
10932,0
10932,6
10933,8
10933,10
10934,3
10934,4
10935,1
10936,7
10938,4
10940,8
10940,4
10941,3
10942,5
10942,4
10944,4
10945,8
10946,0
10948,0
10948,1
10949,5
10950,4
10952,6
10956,2
10957,10
10957,7
10958,4
10961,6
10962,1
10962,0
10963,7
10963,1
10964,1
10964,4
10964,6
10967,9
10968,1
10969,8
10970,2
10971,5
10971,1
10972,0
10974,1
10975,3
10975,8
10975,4
10976,4
10976,2
10977,5
10977,0
10978,4
10979,5
10979,8
10981,3
10981,6
10982,8
10982,4
10982,5
10985,9
10985,2
10986,6
10986,7
10986,9
10989,1
10990,4
10991,0
10991,3
10992,2
10993,7
10994,6
10994,9
10996,8
10996,7
10997,10
10998,5
10999,8
11000,9
11001,10
11001,0
11002,9
11002,5
11003,9
11003,8
11003,5
11005,4
11006,8
11006,6
11009,3
11010,3
11011,5
11012,6
11013,0
11014,7
11014,8
11015,1
11015,10
11016,6
11016,9
11016,2
11016,0
11018,1
11019,3
11020,10
11023,6
11027,3
11028,4
11028,7
11029,9
11030,1
11032,4
11032,2
11033,9
11033,4
11033,3
11034,10
11037,10
11037,2
11039,6
11040,8
11041,6
11041,4
11041,7
11042,9
11044,5
11044,2
11044,4
11044,1
11044,7
11045,6
11045,0
11046,4
11046,0
11047,2
11049,9
11049,8
11050,1
11051,5
11052,8
11057,10
11058,10
11058,0
11060,2
11060,6
11060,9
11061,0
11061,9
11063,3
11065,4
11067,4
11067,2
11068,10
11069,3
11069,5
11069,4
11070,2
11072,2
11072,0
11075,6
11076,2
11076,5
11078,10
11078,0
11078,6
11079,9
11080,10
11082,3
11082,2
11082,10
11083,4
11083,1
11083,10
11084,8
11084,6
11085,0
11085,2
11086,0
11089,9
11090,1
11094,1
11095,4
11096,3
11096,2
11096,10
11097,10
11097,2
11098,3
11100,4
11100,6
11101,7
11101,9
11101,3
11103,4
11103,10
11105,0
11105,3
11107,8
11111,3
11112,4
11116,1
11119,5
11122,10
11122,7
11128,5
11128,10
11130,4
11132,1
11132,0
11134,0
11137,8
11139,1
11139,7
11140,0
11141,8
11141,5
11142,4
11144,4
11144,10
11145,7
11146,1
11146,4
11147,3
11148,2
11149,3
11152,5
11152,3
11153,1
11154,4
11154,5
11155,9
11157,3
11157,9
11158,9
11159,7
11161,10
11162,7
11163,1
11164,4
11165,1
11165,10
11166,3
11167,0
11173,10
11174,5
11175,5
11177,8
11178,8
11181,4
11182,8
11183,2
11184,6
11185,7
11187,0
11188,4
11188,7
11189,0
11189,10
11191,1
11191,5
11191,3
11192,8
11192,0
11192,5
11192,3
11193,1
11194,6
11194,4
11195,5
11199,6
11201,3
11202,1
11202,5
11207,6
11208,3
11208,10
11212,4
11215,6
11218,9
11219,8
11219,0
11220,10
11220,8
11221,7
11223,9
11224,4
11224,10
11226,7
11226,1
11227,5
11227,4
11229,6
11229,0
11230,8
11232,7
11232,8
11232,4
11234,8
11234,6
11235,5
11236,0
11237,1
11237,5
11239,0
11240,0
11241,3
11241,10
11242,8
11245,1
11246,9
11247,6
11248,6
11248,7
11248,0
11248,3
11249,3
11250,7
11250,9
11250,6
11251,1
11251,4
11252,4
11252,0
11257,6
11259,9
11261,0
11261,5
11261,6
11262,9
11263,3
11267,1
11268,5
11269,6
11270,7
11271,3
11272,5
11273,4
11274,2
11275,1
11275,2
11279,6
11281,2
11281,10
11283,7
11283,6
11284,9
11285,10
11287,2
11288,5
11289,0
11290,5
11291,1
11291,4
11293,5
11293,0
11294,6
11295,1
11295,9
11296,4
11297,7
11297,0
11298,8
11298,1
11298,2
11299,6
11300,7
11303,4
11309,8
11309,4
11312,5
11314,8
11314,6
11315,0
11316,5
11316,0
11317,9
11321,10
11325,1
11326,4
11327,4
11327,3
11328,10
11328,7
11331,10
11332,2
11332,7
11333,9
11333,5
11334,10
11335,8
11337,1
11337,10
11338,8
11338,4
11339,5
11340,7
11341,4
11341,6
11342,3
11343,4
11344,1
11346,0
11346,6
11349,9
11349,8
11350,2
11351,0
11351,2
11351,7
11352,8
11354,6
11355,0
11358,2
11361,7
11364,7
11364,6
11364,2
11365,4
11365,5
11368,5
11370,1
11371,0
11371,4
11373,3
11373,7
11377,9
11378,5
11382,7
11382,0
11382,3
11383,2
11385,3
11385,6
11388,0
11388,8
11389,5
11390,8
11393,5
11394,0
11394,1
11394,10
11395,7
11395,1
11399,5
11400,0
11401,4
11402,9
11405,3
11408,4
11408,9
11410,6
11411,4
11411,8
11412,9
11412,7
11412,8
11413,2
11414,5
11415,9
11417,6
11418,6
11418,2
11420,2
11422,3
11423,6
11423,4
11424,0
11424,1
11425,6
11426,1
11427,9
11427,7
11430,9
11430,1
11432,1
11432,4
11433,3
11433,1
11434,4
11434,9
11436,2
11437,6
11438,5
11439,9
11442,0
11445,3
11445,8
11448,3
11449,2
11450,9
11451,1
11452,10
11452,4
11453,8
11455,6
11455,8
11455,2
11456,8
11457,0
11458,3
11461,3
11461,1
11462,7
11463,9
11463,7
11464,3
11464,10
11464,9
11465,8
11465,5
11465,4
11466,1
11467,9
11468,7
11469,7
11470,0
11470,4
11470,3
11471,10
11472,4
11472,8
11478,1
11480,2
11480,9
11483,3
11483,5
11483,7
11484,6
11484,9
11486,7
11488,1
11488,7
11489,9
11490,8
11492,1
11494,9
11495,6
11495,8
11496,6
11498,5
11498,2
11500,10
11501,10
11503,4
11505,0
11505,9
11506,4
11508,7
11509,4
11510,2
11511,10
11513,2
11514,7
11515,0
11515,2
11516,1
11516,8
11516,5
11517,6
11517,2
11518,10
11519,9
11520,0
11521,8
11521,9
11523,9
11525,2
11526,7
11528,2
11530,7
11532,9
11533,9
11535,2
11535,5
11536,10
11536,2
11537,2
11540,1
11543,10
11545,0
11546,3
11546,4
11547,6
11548,8
11548,9
11548,5
11549,2
11550,5
11552,7
11553,10
11556,9
11556,5
11557,4
11557,10
11558,0
11560,7
11562,3
11564,1
11564,3
11566,7
11567,9
11571,0
11571,8
11572,6
11576,0
11577,6
11579,8
11581,3
11582,7
11583,2
11587,1
11588,9
11589,2
11589,9
11589,8
11589,10
11590,8
11591,5
11593,9
11593,5
11595,3
11596,0
11598,1
11598,10
11599,3
11600,6
11601,7
11601,1
11602,9
11602,6
11603,0
11605,9
11606,4
11607,0
11607,7
11607,1
11608,10
11608,7
11609,8
11609,9
11610,8
11611,0
11613,9
11613,8
11613,3
11615,5
11617,6
11617,9
11617,3
11620,0
11621,9
11621,0
11624,9
11624,8
11625,6
11625,2
11628,8
11628,1
11630,2
11632,3
11633,8
11633,3
11634,4
11634,3
11635,9
11635,10
11636,6
11638,2
11639,8
11639,2
11640,3
11641,7
11641,4
11642,2
11644,2
11645,6
11646,6
11646,9
11647,6
11649,3
11651,4
11653,0
11656,9
11656,6
11657,9
11657,7
11661,8
11661,5
11661,3
11664,8
11665,9
11666,8
11666,5
11668,9
11668,5
11669,10
11670,1
11670,6
11670,0
11671,0
11672,2
11675,1
11675,7
11676,3
11677,0
11678,3
11680,6
11680,5
11681,3
11684,9
11685,4
11686,10
11688,5
11691,3
11693,6
11693,3
11693,1
11694,10
11694,7
11697,7
11697,0
11697,9
11698,3
11700,6
11703,5
11703,0
11704,4
11705,2
11705,0
11705,7
11706,3
11707,8
11708,0
11708,9
11709,4
11710,1
11710,2
11710,6
11712,6
11713,5
11713,6
11714,5
11714,9
11714,0
11715,1
11715,8
11715,9
11715,6
11716,0
11717,3
11719,5
11720,2
11720,10
11720,1
11721,6
11723,5
11725,9
11726,6
11727,2
11728,3
11728,9
11729,8
11729,9
11730,5
11730,6
11733,0
11735,8
11735,7
11736,1
11737,8
11740,0
11740,6
11742,9
11742,6
11744,3
11747,4
11750,9
11750,8
11750,5
11750,2
11751,6
11751,1
11751,5
11753,6
11753,5
11754,5
11755,10
11756,10
11757,0
11757,9
11759,1
11759,0
11761,4
11762,0
11763,3
11763,0
11765,1
11766,3
11766,7
11770,10
11770,6
11770,0
11771,9
11772,3
11773,1
11773,4
11773,0
11774,4
11775,3
11775,8
11776,5
11779,8
11780,6
11780,8
11783,6
11783,3
11784,3
11784,8
11785,9
11786,1
11789,0
11789,7
11790,7
11793,6
11794,3
11794,0
11795,2
11796,9
11797,0
11800,1
11800,2
11801,0
11804,5
11804,4
11805,0
11806,9
11809,6
11810,4
11813,9
11815,4
11816,9
11816,10
11816,7
11818,8
11818,4
11819,1
11821,2
11821,8
11822,4
11824,7
11825,0
11827,3
11830,6
11831,0
11832,3
11832,7
11834,6
11835,0
11837,7
11838,0
11838,9
11840,4
11840,7
11841,6
11841,3
11843,5
11843,2
11844,2
11845,1
11845,7
11848,9
11849,3
11850,1
11851,7
11852,9
11853,10
11855,9
11856,8
11856,7
11857,5
11858,1
11859,2
11861,9
11861,7
11862,1
11862,10
11862,0
11864,9
11865,2
11865,1
11866,6
11866,10
11867,4
11867,1
11867,8
11867,6
11868,10
11869,0
11869,4
11871,0
11872,0
11872,10
11872,8
11873,9
11875,7
11876,3
11877,10
11878,10
11878,0
11878,3
11879,2
11879,4
11883,6
11883,9
11884,7
11885,9
11886,6
11887,9
11889,6
11889,2
11889,7
11890,5
11892,1
11893,6
11893,4
11894,9
11894,3
11894,8
11896,6
11896,10
11899,2
11900,5
11901,3
11902,6
11902,10
11905,1
11905,10
11908,0
11910,7
11911,8
11911,9
11912,1
11914,0
11915,3
11915,9
11917,2
11918,0
11918,9
11919,7
11919,8
11919,1
11920,0
11921,3
11924,3
11924,5
11925,8
11925,3
11925,10
11926,3
11926,4
11926,6
11927,2
11928,6
11932,5
11932,4
11932,1
11932,10
11933,6
11934,4
11937,5
11938,7
11939,1
11942,10
11942,4
11945,7
11947,0
11948,7
11948,3
11949,4
11949,1
11950,9
11951,10
11952,9
11952,10
11952,8
11953,5
11956,2
11956,4
11957,9
11957,5
11958,2
11958,4
11959,1
11959,10
11961,10
11963,6
11963,10
11963,7
11964,10
11966,6
11967,4
11968,5
11969,6
11970,1
11970,9
11971,0
11972,3
11973,0
11974,4
11974,7
11977,4
11977,1
11979,6
11979,1
11982,8
11983,10
11985,3
11985,10
11985,1
11986,6
11986,3
11988,3
11989,8
11991,9
11992,2
11993,5
11995,5
11995,6
11997,0
11997,9
11998,0
11999,2
11999,3
12002,7
12002,5
12003,2
12003,4
12003,9
12004,2
12004,0
12005,6
12006,2
12008,3
12008,4
12010,4
12010,10
12013,7
12013,10
12014,9
12014,0
12014,5
12015,2
12016,4
12017,4
12017,5
12017,8
12019,5
12019,10
12019,1
12020,3
12022,6
12023,8
12024,10
12025,4
12028,10
12028,0
12031,3
12033,8
12033,7
12033,3
12034,1
12035,6
12036,1
12037,7
12037,1
12042,0
12044,5
12045,8
12046,6
12047,9
12047,5
12048,4
12049,5
12051,0
12052,0
12054,0
12055,8
12056,10
12056,6
12056,9
12057,6
12057,3
12058,0
12058,3
12059,0
12061,7
12061,3
12062,7
12062,3
12063,9
12064,3
12065,2
12067,8
12067,6
12068,6
12071,5
12073,5
12074,4
12077,0
12078,2
12078,5
12078,7
12079,2
12079,7
12080,8
12080,7
12080,5
12081,0
12082,8
12083,2
12083,9
12086,7
12087,1
12088,6
12088,5
12090,1
12091,1
12093,10
12093,3
12094,10
12095,9
12095,2
12096,8
12096,1
12097,2
12097,10
12097,3
12098,0
12098,7
12099,10
12101,5
12102,5
12102,9
12102,10
12105,6
12107,4
12110,8
12110,4
12111,7
12111,6
12111,1
12113,6
12113,9
12115,10
12117,6
12117,7
12117,1
12119,4
12122,8
12123,3
12123,0
12124,8
12126,8
12126,0
12128,1
12128,10
12129,7
12131,10
12132,7
12132,6
12132,1
12133,10
12136,0
12136,7
12137,3
12138,6
12138,5
12139,3
12141,8
12141,5
12141,3
12145,2
12145,4
12148,6
12149,1
12149,6
12153,8
12156,1
12158,0
12160,3
12162,10
12163,0
12165,1
12167,9
12167,6
12169,10
12170,1
12171,5
12171,7
12172,1
12174,2
12174,4
12174,7
12174,9
12174,5
12176,1
12177,7
12178,6
12179,3
12179,5
12179,0
12180,9
12180,0
12183,1
12183,3
12183,10
12185,1
12186,0
12186,5
12187,8
12188,2
12190,10
12190,7
12191,9
12191,7
12192,8
12193,7
12194,10
12195,1
12196,2
12196,8
12199,4
12200,8
12200,1
12200,7
12201,9
12202,10
12203,2
12203,5
12203,10
12207,9
12211,3
12212,6
12212,1
12213,3
12213,0
12213,5
12214,8
12214,10
12218,6
12219,0
12219,8
12219,6
12220,7
12221,8
12224,6
12225,6
12225,3
12227,0
12227,1
12229,7
12229,6
12230,10
12230,9
12232,8
12233,1
12233,7
12234,5
12234,4
12235,2
12235,1
12235,4
12237,4
12238,8
12238,10
12239,10
12240,5
12241,4
12241,1
12241,10
12242,2
12244,8
12245,0
12246,7
12248,8
12248,7
12248,1
12249,9
12251,0
12253,6
12255,7
12256,5
12257,10
12257,1
12258,6
12262,1
12262,10
12263,2
12264,1
12265,0
12265,6
12266,8
12266,9
12267,3
12267,9
12268,7
12268,4
12268,3
12269,5
12271,8
12271,5
12272,4
12272,7
12272,6
12273,3
12273,7
12274,3
12274,6
12275,1
12276,5
12276,1
12278,3
12280,6
12280,10
12281,8
12281,1
12284,7
12286,8
12287,9
12287,1
12288,0
12290,0
12290,6
12291,7
12292,4
12292,2
12293,9
12295,5
12296,0
12296,4
12299,0
12301,0
12301,3
12302,3
12302,9
12303,7
12304,5
12305,10
12305,9
12306,3
12308,9
12308,7
12308,1
12309,6
12309,3
12310,4
12310,7
12310,0
12311,7
12311,6
12312,10
12312,1
12313,6
12313,0
12314,7
12314,8
12315,3
12315,8
12317,6
12317,5
12319,0
12320,6
12321,8
12321,1
12322,0
12324,0
12326,7
12327,0
12330,8
12330,1
12332,2
12336,6
12336,7
12337,1
12338,5
12340,8
12341,6
12345,2
12346,8
12346,9
12348,6
12348,0
12350,5
12351,0
12351,9
12351,3
12352,3
12352,2
12354,2
12355,2
12360,9
12361,3
12363,2
12364,4
12365,0
12365,9
12366,1
12368,6
12370,5
12372,3
12372,1
12372,4
12373,2
12374,10
12374,3
12375,10
12375,6
12376,2
12379,8
12379,7
12380,10
12380,0
12380,4
12380,2
12381,8
12381,1
12384,4
12385,7
12387,7
12388,5
12389,3
12389,6
12392,7
12393,7
12393,1
12393,2
12394,1
12394,6
12395,8
12395,4
12395,0
12396,2
12396,10
12398,8
12400,0
12401,9
12403,3
12405,9
12406,1
12407,3
12407,6
12407,9
12408,1
12408,2
12409,9
12410,10
12412,9
12412,6
12412,4
12412,1
12413,2
12413,1
12414,2
12415,4
12416,4
12417,1
12419,9
12420,2
12421,0
12424,0
12427,1
12428,7
12429,1
12430,8
12430,10
12431,4
12431,10
12433,10
12434,6
12435,4
12437,4
12438,3
12439,2
12439,8
12441,9
12442,9
12444,9
12444,5
12444,7
12447,3
12448,10
12449,5
12451,8
12451,6
12454,10
12455,9
12456,10
12457,1
12457,9
12458,10
12459,10
12461,3
12463,4
12463,8
12466,1
12467,8
12467,9
12468,0
12469,7
12472,5
12472,8
12472,1
12473,9
12474,5
12474,2
12474,8
12475,0
12475,6
12475,10
12476,7
12476,10
12478,8
12478,1
12479,9
12480,4
12482,0
12482,10
12483,1
12483,8
12483,0
12484,4
12485,6
12486,6
12487,10
12490,7
12491,1
12491,3
12492,7
12493,7
12495,3
12495,10
12497,3
12498,8
12499,2
12499,8
12500,4
12500,7
12501,7
12501,10
12504,9
12504,10
12506,0
12507,3
12509,0
12510,6
12510,10
12511,3
12512,6
12512,9
12514,3
12514,7
12517,10
12517,7
12517,5
12518,8
12520,9
12521,8
12523,3
12523,1
12524,2
12525,10
12525,4
12527,6
12527,1
12531,3
12531,10
12532,7
12532,0
12533,5
12533,4
12535,5
12536,6
12537,6
12537,9
12540,7
12541,9
12542,4
12542,0
12543,3
12544,7
12544,5
12546,2
12547,7
12547,9
12548,1
12550,10
12551,7
12551,0
12553,5
12555,8
12556,10
12557,8
12557,9
12557,10
12557,2
12558,8
12559,0
12559,8
12559,2
12559,1
12560,2
12562,0
12562,5
12562,3
12563,10
12563,5
12564,4
12564,10
12564,6
12565,3
12565,0
12565,1
12566,9
12566,5
12567,4
12569,4
12569,2
12570,5
12570,3
12571,5
12572,7
12574,2
12580,10
12580,7
12585,0
12588,0
12588,1
12589,10
12589,0
12589,9
12590,7
12591,6
12591,8
12591,4
12593,7
12593,9
12595,4
12595,3
12596,3
12596,6
12597,2
12598,4
12598,0
12599,5
12600,4
12600,3
12601,7
12601,9
12602,6
12603,3
12603,8
12604,1
12604,0
12607,10
12608,1
12609,7
12609,10
12610,2
12611,9
12612,5
12614,3
12614,4
12615,5
12615,8
12616,6
12617,9
12621,2
12624,3
12625,5
12627,4
12627,5
12627,9
12627,1
12629,7
12630,5
12630,1
12631,1
12633,2
12634,9
12636,5
12637,4
12637,5
12638,9
12638,6
12638,7
12639,10
12639,3
12640,8
12641,3
12643,5
12645,9
12646,2
12646,9
12649,4
12650,5
12652,0
12653,4
12654,0
12654,2
12656,2
12656,3
12658,10
12660,2
12662,1
12662,2
12662,6
12663,10
12663,4
12663,0
12664,7
12667,10
12667,3
12667,1
12669,0
12670,4
12670,1
12674,10
12674,5
12674,6
12678,0
12679,2
12679,8
12680,10
12681,8
12682,4
12683,6
12683,10
12684,6
12686,3
12687,5
12687,8
12688,5
12689,8
12690,9
12691,0
12692,3
12692,5
12693,2
12694,10
12695,9
12699,9
12700,1
12700,6
12700,0
12701,7
12702,3
12702,9
12703,8
12703,7
12704,10
12705,10
12705,3
12707,0
12708,6
12708,5
12709,1
12710,3
12713,4
12714,8
12715,8
12715,7
12716,7
12718,10
12719,10
12720,4
12720,6
12721,2
12723,2
12723,9
12727,8
12728,5
12729,9
12729,2
12729,5
12730,8
12733,6
12735,10
12735,6
12739,6
12739,1
12741,10
12742,10
12743,6
12744,7
12745,0
12747,10
12748,9
12749,1
12749,5
12749,3
12750,3
12751,5
12751,8
12752,7
12752,1
12753,9
12753,5
12753,7
12754,5
12756,5
12757,7
12758,3
12760,6
12761,9
12765,1
12766,1
12767,8
12770,10
12771,9
12771,7
12771,8
12772,1
12772,10
12772,2
12772,6
12772,7
12774,8
12775,0
12775,2
12776,2
12776,0
12776,3
12777,6
12777,9
12778,5
12780,10
12781,8
12781,4
12781,3
12782,9
12783,6
12787,2
12787,6
12789,5
12790,10
12790,2
12792,8
12792,5
12793,7
12796,4
12796,10
12797,3
12798,9
12798,0
12799,7
12801,7
12803,4
12804,2
12806,9
12806,4
12807,5
12808,7
12808,6
12809,4
12810,9
12811,6
12812,6
12812,2
12813,10
12813,6
12813,7
12814,10
12814,4
12816,9
12816,10
12817,0
12818,5
12820,6
12821,7
12822,7
12822,6
12825,7
12825,4
12825,9
12826,6
12827,9
12827,0
12829,10
12831,7
12832,6
12833,9
12834,9
12834,8
12835,4
12836,10
12836,4
12837,10
12837,6
12838,1
12839,4
12839,9
12840,8
12841,1
12842,2
12842,1
12843,7
12843,6
12843,2
12843,0
12843,4
12844,8
12847,10
12848,2
12851,4
12852,4
12852,8
12853,9
12854,5
12855,8
12858,9
12858,4
12858,10
12858,2
12859,4
12859,5
12860,7
12863,8
12864,1
12864,6
12871,8
12872,0
12874,1
12874,10
12874,2
12880,4
12882,6
12884,2
12885,8
12885,0
12885,7
12886,8
12886,6
12888,9
12890,7
12891,6
12892,0
12893,9
12895,8
12895,10
12896,8
12896,5
12897,3
12897,7
12897,1
12899,3
12899,4
12901,0
12901,4
12901,8
12903,5
12905,7
12906,9
12906,5
12907,9
12909,7
12909,3
12911,4
12913,2
12915,7
12916,9
12919,5
12920,4
12920,6
12920,5
12923,9
12926,9
12926,6
12927,10
12927,8
12927,4
12928,0
12928,7
12930,8
12932,3
12933,0
12934,9
12934,5
12934,2
12934,8
12935,1
12935,10
12936,1
12937,5
12941,5
12942,8
12944,6
12944,8
12945,3
12945,8
12945,7
12946,3
12949,8
12950,8
12950,4
12951,9
12953,10
12953,9
12953,0
12954,5
12956,4
12961,1
12961,0
12962,2
12964,7
12964,1
12967,9
12968,4
12968,7
12969,8
12969,3
12970,9
12972,5
12972,7
12972,9
12972,2
12973,3
12973,4
12974,7
12976,8
12976,0
12977,1
12977,0
12978,1
12979,6
12980,8
12982,3
12983,4
12984,4
12984,8
12985,1
12985,6
12987,1
12987,9
12987,3
12990,0
12991,0
12992,4
12992,0
12993,6
12993,1
12994,7
12994,2
12995,9
12995,4
12997,5
12998,8
12998,7
12998,2
12999,0
13000,8
13001,2
13003,1
13005,6
13005,0
13007,10
13009,1
13009,10
13010,9
13010,5
13011,6
13012,6
13013,6
13015,6
13016,7
13016,1
13017,5
13018,9
13021,6
13021,0
13022,1
13024,4
13025,10
13026,9
13027,1
13028,1
13029,6
13030,9
13030,7
13031,2
13032,2
13033,0
13034,6
13034,5
13034,8
13035,9
13035,0
13035,5
13038,7
13039,1
13040,8
13041,4
13043,10
13043,5
13043,2
13044,6
13044,2
13045,6
13046,2
13048,9
13049,4
13049,1
13050,4
13052,4
13052,8
13053,3
13054,3
13055,8
13055,9
13056,3
13057,4
13058,3
13059,6
13060,8
13061,1
13061,2
13062,6
13062,0
13062,3
13064,3
13064,7
13066,7
13066,8
13066,9
13068,1
13070,8
13072,4
13072,2
13072,5
13073,9
13073,1
13075,8
13075,4
13075,6
13078,4
13079,4
13079,10
13079,0
13081,3
13082,5
13083,7
13083,5
13084,1
13085,3
13085,6
13087,8
13088,3
13089,3
13090,4
13092,2
13093,7
13093,0
13093,4
13094,4
13094,5
13094,2
13096,5
13097,2
13098,6
13099,2
13101,3
13102,1
13103,0
13105,3
13108,5
13111,0
13113,9
13114,1
13115,6
13115,2
13115,3
13116,7
13116,1
13116,2
13119,5
13120,8
13120,3
13120,4
13121,7
13124,4
13126,10
13126,6
13128,9
13129,0
13130,10
13131,1
13131,3
13134,2
13135,9
13135,2
13137,3
13137,10
13138,7
13138,1
13140,4
13141,5
13141,1
13141,0
13143,9
13143,3
13145,0
13146,1
13148,3
13148,4
13149,0
13155,10
13156,6
13156,10
13158,1
13158,10
13159,8
13160,3
13162,2
13163,7
13164,0
13164,3
13164,7
13164,6
13166,0
13167,3
13167,9
13167,1
13167,8
13168,3
13168,6
13170,2
13171,8
13171,9
13172,4
13174,4
13174,0
13175,6
13176,9
13177,1
13177,3
13178,8
13178,6
13178,1
13179,4
13180,1
13180,0
13180,5
13181,6
13182,7
13182,9
13184,5
13184,9
13185,1
13186,3
13186,4
13186,0
13187,7
13188,7
13190,6
13193,0
13194,7
13195,8
13195,5
13196,6
13197,10
13197,8
13199,6
13199,10
13200,1
13202,4
13204,10
13205,0
13206,7
13208,4
13208,3
13208,0
13208,1
13211,8
13211,5
13213,3
13215,5
13219,6
13220,6
13221,1
13221,4
13223,5
13225,8
13226,3
13227,3
13227,8
13229,1
13230,3
13232,10
13234,3
13234,2
13234,9
13236,2
13236,10
13236,8
13239,1
13239,6
13239,3
13239,0
13240,3
13241,7
13242,7
13243,7
13246,9
13246,3
13248,5
13248,4
13249,4
13250,4
13250,10
13250,0
13254,2
13255,4
13255,1
13256,0
13256,7
13256,3
13257,2
13257,4
13260,6
13260,5
13261,0
13262,10
13264,8
13264,4
13265,6
13266,10
13266,4
13269,3
13269,0
13270,9
13272,2
13272,6
13273,4
13274,5
13275,6
13276,3
13277,6
13277,9
13277,10
13278,1
13278,7
13279,2
13280,2
13281,0
13284,8
13284,3
13286,5
13287,7
13287,3
13289,0
13291,0
13292,2
13293,2
13294,2
13294,6
13296,1
13297,4
13300,1
13301,5
13301,3
13304,2
13305,8
13305,2
13306,7
13307,1
13308,0
13309,2
13309,8
13313,9
13314,2
13314,0
13316,4
13316,8
13316,6
13317,3
13320,3
13321,9
13322,4
13322,1
13324,0
13325,8
13326,5
13326,4
13327,3
13327,9
13328,7
13330,7
13330,5
13332,0
13332,9
13332,7
13332,2
13333,10
13334,6
13334,3
13339,9
13339,6
13339,0
13340,6
13340,8
13342,10
13344,7
13346,0
13346,9
13346,1
13346,3
13347,2
13348,3
13348,2
13353,9
13354,7
13354,0
13354,5
13356,10
13356,1
13357,10
13360,9
13360,0
13362,1
13362,2
13363,8
13363,7
13364,10
13365,3
13365,9
13365,5
13365,0
13366,3
13370,6
13370,9
13372,5
13372,0
13372,4
13372,6
13373,7
13373,9
13375,7
13377,10
13378,6
13379,7
13380,2
13380,8
13380,1
13380,3
13383,0
13383,8
13383,3
13383,2
13384,3
13384,1
13384,6
13385,0
13386,9
13386,10
13389,3
13391,6
13391,8
13393,2
13395,6
13396,2
13398,4
13398,7
13398,1
13401,2
13402,7
13403,1
13404,1
13405,3
13406,5
13407,10
13407,9
13407,3
13410,9
13413,6
13413,1
13414,4
13414,10
13414,5
13415,3
13417,7
13417,3
13417,2
13419,1
13419,2
13422,10
13423,4
13431,5
13431,1
13434,10
13434,8
13434,7
13435,5
13435,4
13436,7
13436,6
13436,10
13437,9
13437,7
13438,8
13439,8
13445,1
13446,8
13448,7
13449,7
13450,2
13453,4
13453,8
13454,10
13454,8
13454,7
13455,9
13456,3
13457,7
13460,8
13461,2
13461,10
13461,8
13462,7
13462,0
13463,3
13463,8
13464,6
13465,10
13467,9
13467,1
13468,1
13473,0
13473,8
13473,9
13474,9
13474,3
13474,1
13474,4
13475,9
13477,2
13477,7
13478,0
13478,1
13478,2
13478,4
13480,10
13482,5
13483,2
13483,9
13484,1
13485,8
13486,6
13487,5
13487,9
13487,4
13488,1
13489,4
13489,10
13493,6
13494,3
13494,8
13494,7
13497,0
13497,5
13498,5
13499,8
13501,9
13502,7
13504,10
13504,9
13505,6
13505,7
13506,4
13508,7
13511,4
13513,4
13513,1
13517,3
13520,5
13521,6
13521,3
13522,5
13522,7
13523,9
13527,3
13527,9
13528,1
13529,8
13530,7
13531,7
13532,5
13533,10
13534,4
13535,3
13535,8
13536,8
13536,7
13536,10
13537,5
13537,8
13537,10
13538,7
13539,4
13539,3
13540,4
13541,5
13542,7
13543,3
13543,0
13543,7
13544,7
13545,6
13547,0
13548,0
13549,0
13550,4
13551,1
13551,2
13554,5
13556,7
13556,8
13556,1
13557,10
13558,8
13558,9
13559,3
13559,5
13559,4
13564,3
13566,6
13566,0
13569,6
13569,7
13570,6
13570,3
13572,0
13572,3
13572,8
13574,8
13576,8
13578,6
13578,5
13579,9
13580,1
13582,3
13583,4
13584,1
13584,2
13584,9
13587,2
13587,3
13589,9
13590,3
13590,9
13591,10
13592,2
13593,7
13593,10
13596,4
13597,4
13597,10
13599,9
13599,2
13601,6
13602,3
13602,0
13602,9
13603,3
13603,4
13604,0
13604,8
13605,7
13605,6
13606,6
13607,4
13607,9
13608,8
13608,2
13609,1
13609,5
13611,7
13612,9
13612,1
13616,10
13617,0
13617,9
13618,6
13618,5
13619,1
13621,1
13622,3
13622,6
13624,2
13624,7
13630,2
13631,10
13631,1
13631,5
13632,6
13633,5
13634,2
13635,4
13635,7
13636,5
13636,7
13638,10
13639,9
13641,6
13642,6
13643,4
13643,9
13644,4
13645,1
13647,2
13648,4
13648,0
13649,1
13649,2
13652,10
13653,5
13653,6
13658,4
13658,8
13660,4
13663,7
13664,4
13664,6
13665,8
13665,3
13665,9
13665,10
13667,4
13668,6
13669,9
13669,2
13669,10
13671,10
13672,7
13673,4
13673,1
13673,3
13674,3
13676,2
13678,10
13679,9
13679,6
13679,1
13681,6
13682,3
13684,1
13684,6
13685,8
13686,3
13687,3
13687,2
13687,4
13690,9
13690,1
13690,2
13690,6
13691,9
13691,2
13692,6
13692,0
13695,0
13698,2
13699,8
13700,7
13700,5
13701,0
13702,3
13703,7
13703,3
13704,4
13704,9
13704,5
13705,2
13706,2
13707,4
13708,4
13708,6
13709,6
13710,0
13710,7
13711,4
13712,8
13715,0
13715,5
13718,4
13718,6
13720,10
13720,1
13721,10
13721,2
13723,1
13723,5
13725,5
13725,4
13727,9
13728,7
13729,6
13731,2
13732,8
13734,3
13735,7
13736,3
13737,0
13739,2
13740,2
13740,1
13742,7
13743,6
13745,10
13746,1
13746,8
13747,1
13749,2
13749,5
13749,4
13750,0
13750,8
13751,0
13751,7
13752,7
13753,2
13753,8
13753,7
13754,9
13754,4
13755,3
13757,10
13758,8
13758,1
13759,3
13759,4
13760,1
13760,0
13761,0
13762,2
13764,10
13764,2
13764,6
13764,0
13764,3
13766,6
13767,6
13767,9
13768,5
13769,5
13772,1
13774,3
13777,9
13777,4
13778,2
13779,9
13781,8
13783,1
13783,10
13784,5
13784,0
13785,3
13786,4
13787,2
13788,9
13788,2
13792,4
13793,6
13794,9
13794,7
13794,10
13796,8
13796,0
13796,4
13797,5
13797,8
13798,7
13799,5
13800,9
13801,9
13803,10
13804,9
13806,2
13808,10
13808,2
13810,3
13811,7
13811,8
13812,9
13813,0
13813,9
13814,0
13814,6
13814,7
13816,7
13819,5
13819,6
13824,6
13828,5
13829,1
13830,5
13830,7
13831,6
13836,8
13837,1
13839,10
13839,1
13840,2
13840,0
13841,1
13842,4
13845,3
13846,0
13846,1
13847,3
13847,9
13848,6
13849,6
13850,8
13852,0
13852,8
13852,1
13854,3
13854,10
13856,2
13857,2
13857,9
13857,3
13858,8
13861,10
13863,10
13863,9
13864,6
13866,9
13866,0
13866,7
13868,9
13868,6
13869,0
13870,6
13870,3
13871,9
13871,6
13872,3
13873,4
13874,0
13874,6
13875,2
13875,8
13876,2
13878,9
13878,5
13878,3
13881,6
13882,5
13883,10
13883,9
13884,7
13885,1
13885,4
13886,5
13895,10
13896,5
13896,9
13896,4
13898,3
13899,5
13899,1
13900,10
13902,5
13902,10
13903,2
13904,5
13906,10
13907,6
13907,9
13909,6
13909,1
13911,5
13911,6
13911,3
13912,10
13913,10
13915,3
13918,8
13920,9
13922,7
13922,9
13923,2
13925,2
13926,9
13927,0
13928,0
13929,4
13930,7
13930,8
13931,2
13934,3
13934,2
13937,0
13937,9
13938,1
13939,0
13939,5
13941,9
13942,7
13942,2
13943,3
13944,10
13944,2
13944,8
13944,9
13945,1
13945,6
13946,10
13946,7
13947,4
13948,5
13949,5
13952,0
13953,5
13954,9
13956,2
13957,10
13958,0
13959,1
13960,3
13960,0
13962,2
13962,7
13964,5
13965,1
13965,7
13965,9
13966,7
13966,10
13966,1
13967,5
13969,6
13970,8
13971,1
13972,6
13973,9
13973,10
13974,9
13974,8
13976,2
13976,9
13976,0
13976,5
13977,5
13977,3
13978,2
13979,2
13979,4
13981,4
13981,3
13984,0
13984,10
13984,2
13986,8
13986,1
13987,9
13988,7
13988,5
13989,5
13991,2
13994,3
13996,3
13999,0
13999,7
13999,3
14000,6
14000,10
14001,1
14001,8
14003,7
14005,5
14006,1
14007,3
14008,4
14012,7
14012,5
14015,2
14016,8
14016,7
14019,1
14021,3
14021,1
14023,4
14024,0
14025,7
14026,5
14028,5
14028,6
14028,2
14028,3
14028,1
14029,8
14029,5
14029,10
14030,3
14031,7
14031,6
14031,4
14032,6
14032,5
14032,3
14035,6
14035,0
14036,5
14036,2
14038,7
14040,1
14041,10
14042,0
14043,10
14045,4
14046,3
14047,5
14049,9
14054,4
14055,7
14057,4
14057,10
14057,9
14058,9
14062,5
14064,6
14065,1
14065,6
14065,7
14069,8
14070,8
14071,9
14072,4
14073,7
14074,2
14074,8
14075,5
14077,10
14077,8
14080,10
14081,9
14081,7
14081,1
14082,6
14082,4
14083,1
14083,3
14083,10
14084,2
14086,7
14086,6
14087,6
14087,0
14091,6
14091,2
14092,9
14093,1
14093,2
14093,8
14098,4
14099,1
14099,5
14099,2
14100,6
14100,10
14100,1
14101,4
14104,5
14105,5
14105,0
14106,5
14107,2
14107,6
14107,10
14109,4
14110,3
14112,8
14112,7
14112,5
14113,0
14114,7
14115,3
14115,4
14116,2
14116,5
14117,0
14117,8
14118,1
14118,0
14118,9
14119,4
14121,5
14122,9
14122,0
14123,8
14123,2
14125,10
14126,3
14126,1
14126,6
14127,7
14127,1
14127,9
14128,5
14129,2
14129,9
14129,8
14129,3
14131,10
14131,4
14135,9
14136,9
14139,10
14140,9
14141,2
14142,9
14144,3
14146,3
14146,9
14147,0
14149,7
14150,2
14150,4
14151,8
14151,1
14155,0
14157,1
14159,8
14160,3
14162,6
14163,9
14165,8
14166,0
14166,2
14166,7
14167,9
14168,6
14169,2
14170,7
14171,5
14174,4
14174,1
14174,9
14174,8
14175,5
14176,0
14176,7
14177,7
14177,0
14178,2
14178,0
14178,5
14179,8
14179,5
14179,3
14180,7
14182,1
14185,10
14186,7
14187,2
14188,0
14190,5
14191,3
14192,3
14194,8
14195,6
14195,3
14198,1
14200,1
14200,7
14205,7
14207,2
14208,10
14208,9
14209,7
14210,8
14212,4
14212,9
14213,10
14213,0
14215,7
14216,0
14216,8
14219,7
14220,8
14220,9
14221,9
14222,7
14222,1
14223,4
14226,8
14227,4
14227,6
14231,6
14231,4
14231,5
14232,10
14232,9
14234,6
14234,3
14237,0
14238,7
14239,4
14240,7
14241,2
14245,0
14246,2
14248,1
14250,1
14250,2
14250,7
14250,8
14251,10
14252,2
14252,5
14253,10
14255,6
14255,1
14258,7
14258,8
14260,5
14261,1
14263,9
14264,2
14264,9
14267,6
14267,1
14268,8
14268,0
14270,7
14270,10
14271,6
14272,7
14273,0
14274,0
14277,1
14277,9
14278,10
14279,10
14280,9
14280,5
14281,2
14281,0
14282,10
14283,0
14284,3
14285,4
14286,7
14286,3
14288,1
14288,3
14288,2
14289,9
14290,8
14290,0
14291,1
14292,5
14292,9
14293,7
14293,9
14294,3
14295,2
14296,5
14297,8
14299,1
14301,9
14302,3
14302,10
14304,3
14304,9
14304,1
14305,9
14305,3
14306,1
14307,0
14308,9
14310,3
14311,3
14312,6
14313,6
14314,2
14315,1
14319,5
14321,4
14321,3
14322,0
14322,6
14322,2
14324,8
14324,0
14324,9
14324,5
14325,1
14325,7
14327,5
14328,10
14329,1
14331,5
14331,8
14332,8
14333,3
14335,6
14336,10
14336,4
14338,5
14338,3
14338,8
14338,1
14340,6
14341,0
14341,6
14342,3
14343,5
14343,0
14343,10
14348,8
14348,5
14349,6
14351,10
14353,8
14353,1
14354,0
14357,10
14360,6
14361,5
14362,10
14363,1
14364,9
14365,1
14365,9
14366,7
14369,6
14370,2
14371,2
14372,1
14373,4
14377,4
14380,10
14383,3
14383,10
14385,7
14386,2
14389,9
14390,6
14391,3
14391,6
14391,0
14392,1
14392,0
14392,2
14396,8
14397,1
14400,0
14401,2
14402,10
14403,5
14403,0
14403,4
14403,1
14404,8
14405,0
14405,8
14405,1
14406,6
14406,1
14407,0
14407,3
14407,8
14408,2
14409,1
14410,4
14410,10
14413,4
14413,7
14413,2
14415,8
14415,3
14416,8
14420,1
14420,9
14420,6
14421,6
14425,9
14426,9
14427,2
14427,4
14427,6
14427,1
14431,6
14431,9
14434,2
14434,0
14435,10
14436,9
14436,3
14438,10
14438,5
14439,4
14440,3
14440,2
14442,0
14444,3
14445,8
14446,8
14447,10
14447,0
14448,5
14449,1
14450,5
14452,9
14456,8
14457,2
14457,3
14457,4
14459,4
14459,9
14461,7
14461,6
14461,8
14462,5
14462,0
14463,7
14464,0
14465,3
14465,2
14467,7
14468,0
14469,7
14470,0
14471,1
14476,8
14476,5
14477,8
14478,3
14482,4
14482,6
14482,3
14483,1
14484,7
14487,10
14488,3
14488,1
14490,10
14490,3
14491,3
14492,9
14492,1
14492,7
14493,7
14493,6
14493,4
14493,3
14495,1
14495,5
14496,10
14497,3
14498,4
14500,7
14502,10
14502,0
14503,10
14503,3
14504,2
14504,9
14505,2
14506,9
14506,2
14506,6
14507,2
14509,8
14509,9
14510,3
14510,0
14511,6
14511,1
14512,0
14512,9
14514,0
14515,10
14516,3
14517,0
14517,10
14518,3
14519,4
14519,2
14521,5
14521,1
14524,0
14524,5
14525,0
14528,5
14528,0
14529,1
14534,8
14534,6
14536,0
14536,7
14539,4
14539,0
14539,7
14539,3
14540,8
14540,1
14543,10
14543,5
14544,0
14546,5
14547,4
14548,7
14549,7
14552,8
14553,9
14554,0
14556,2
14558,9
14558,8
14559,6
14559,4
14561,7
14562,7
14562,8
14562,5
14563,10
14564,10
14565,3
14565,5
14566,3
14566,0
14568,1
14569,8
14571,4
14571,2
14573,5
14573,0
14573,6
14573,4
14573,10
14575,8
14575,3
14575,9
14576,4
14577,1
14578,6
14579,4
14582,2
14585,0
14587,6
14588,4
14588,9
14588,6
14589,0
14590,1
14592,1
14592,5
14593,1
14593,5
14595,4
14595,10
14595,9
14596,0
14598,7
14599,2
14600,6
14600,9
14601,3
14603,10
14605,1
14606,0
14615,5
14619,4
14620,7
14622,0
14623,6
14624,5
14626,0
14626,10
14628,5
14628,7
14631,10
14632,3
14633,8
14633,0
14633,7
14634,9
14634,1
14636,0
14636,9
14638,9
14639,5
14639,10
14640,7
14640,6
14644,9
14644,1
14648,1
14648,2
14650,0
14650,2
14650,1
14650,5
14652,9
14653,4
14653,5
14654,5
14659,0
14661,10
14662,4
14663,5
14663,3
14664,3
14665,2
14665,5
14666,6
14668,10
14670,4
14672,1
14673,8
14674,5
14675,5
14677,9
14678,9
14679,8
14680,3
14680,9
14681,4
14682,0
14683,8
14684,8
14684,9
14685,0
14685,7
14686,0
14686,5
14686,9
14687,6
14688,6
14688,8
14688,4
14689,0
14691,10
14692,2
14693,6
14694,5
14696,0
14699,2
14700,7
14701,10
14701,0
14703,2
14705,7
14707,0
14708,0
14710,8
14710,6
14711,7
14713,8
14715,7
14716,7
14716,2
14718,5
14719,6
14720,0
14721,2
14722,7
14722,6
14723,5
14724,1
14727,4
14730,5
14730,6
14730,0
14730,1
14731,7
14731,8
14734,0
14736,2
14736,10
14740,0
14740,10
14740,5
14740,2
14741,1
14741,8
14741,9
14741,2
14743,1
14743,10
14743,9
14745,3
14745,1
14745,2
14746,4
14748,3
14749,1
14750,2
14752,6
14753,7
14754,5
14755,1
14756,1
14758,7
14759,1
14759,3
14759,5
14761,7
14762,1
14762,3
14763,2
14763,4
14763,7
14764,6
14766,4
14767,1
14767,9
14767,0
14768,5
14768,10
14769,8
14771,7
14771,2
14772,5
14772,9
14773,5
14773,2
14774,5
14775,6
14775,8
14776,0
14777,5
14778,9
14778,10
14779,5
14779,3
14779,4
14781,4
14781,7
14782,3
14783,6
14784,7
14784,5
14785,0
14786,5
14789,3
14790,5
14793,4
14794,9
14795,3
14796,3
14797,5
14799,8
14802,4
14803,3
14803,10
14804,3
14804,7
14805,0
14807,4
14808,5
14810,2
14810,0
14814,7
14815,1
14817,0
14820,0
14820,9
14821,1
14822,8
14822,7
14823,4
14824,6
14825,9
14827,9
14829,1
14831,10
14832,6
14835,4
14835,2
14837,6
14837,4
14839,1
14839,2
14839,6
14840,4
14840,7
14840,8
14840,10
14841,6
14842,10
14842,2
14843,1
14843,4
14843,8
14845,10
14846,2
14846,6
14846,0
14847,5
14848,10
14849,5
14849,4
14850,2
14851,2
14853,4
14854,0
14855,9
14857,3
14857,7
14860,3
14860,9
14860,0
14861,7
14861,2
14861,6
14863,3
14864,2
14866,0
14867,0
14868,9
14869,2
14869,10
14870,10
14872,7
14872,6
14874,6
14875,8
14876,5
14877,1
14877,7
14877,5
14877,0
14880,2
14881,2
14881,0
14886,5
14886,4
14888,10
14890,7
14891,4
14891,1
14892,2
14893,3
14894,8
14895,3
14895,1
14896,6
14897,9
14899,9
14900,8
14903,2
14903,0
14904,7
14905,8
14905,7
14905,10
14905,4
14907,3
14908,8
14909,3
14909,9
14910,4
14911,0
14911,9
14911,8
14912,8
14912,10
14914,2
14915,7
14916,7
14917,6
14920,1
14920,5
14921,1
14921,2
14922,1
14922,7
14924,7
14924,3
14924,9
14927,4
14929,7
14929,3
14930,3
14930,1
14931,9
14933,10
14933,0
14935,1
14936,5
14936,8
14937,10
14938,3
14939,1
14943,2
14945,8
14946,6
14949,7
14952,8
14953,1
14953,8
14954,10
14955,9
14957,8
14957,2
14957,6
14957,5
14958,9
14959,10
14959,3
14960,5
14960,0
14961,0
14962,9
14964,2
14964,10
14965,6
14965,3
14966,7
14967,3
14968,7
14970,0
14972,3
14981,1
14981,2
14982,3
14982,9
14985,6
14989,4
14989,7
14990,1
14990,3
14991,5
14991,8
14991,1
14991,0
14991,9
14992,0
14992,2
14993,5
14995,5
14996,5
14997,9
14997,6
14999,5
15000,2
15000,6
15002,9
15002,3
15002,10
15002,2
15004,7
15005,5
15006,1
15008,7
15008,0
15010,5
15011,6
15012,6
15012,2
15013,9
15013,1
15014,1
15015,0
15015,5
15016,3
15018,10
15019,9
15021,0
15021,9
15023,8
15024,6
15025,10
15029,10
15029,8
15029,1
15032,5
15033,3
15033,0
15034,5
15037,7
15037,9
15037,5
15038,5
15040,9
15041,9
15043,9
15044,1
15044,9
15045,8
15045,4
15045,5
15045,7
15047,7
15047,1
15048,7
15049,8
15050,2
15050,0
15052,10
15055,10
15056,10
15056,8
15058,0
15058,3
15058,9
15059,8
15062,0
15062,7
15062,4
15063,2
15064,9
15066,7
15069,6
15071,1
15071,0
15075,6
15075,0
15076,2
15077,10
15078,3
15082,5
15083,3
15084,10
15085,9
15085,10
15085,6
15086,8
15088,2
15090,3
15091,4
15091,10
15091,5
15094,7
15094,9
15096,10
15096,8
15096,1
15097,5
15097,2
15098,10
15098,9
15098,1
15099,4
15100,10
15100,9
15101,0
15101,8
15102,1
15103,0
15104,7
15106,2
15106,6
15108,5
15109,5
15110,2
15111,1
15111,5
15111,0
15112,2
15112,5
15113,0
15113,7
15114,5
15114,8
15116,1
15117,8
15117,9
15118,2
15119,1
15120,7
15121,4
15121,0
15123,9
15124,6
15124,1
15126,8
15127,10
15127,5
15128,5
15128,0
15130,6
15134,2
15135,2
15137,10
15138,1
15141,1
15143,2
15144,10
15144,9
15148,0
15148,2
15149,10
15149,5
15152,0
15152,2
15153,9
15155,5
15156,9
15157,9
15158,5
15160,0
15160,2
15160,9
15161,10
15162,2
15162,10
15163,2
15164,0
15164,10
15164,4
15166,3
15166,5
15168,10
15169,6
15169,9
15169,8
15171,7
15172,2
15172,3
15173,4
15175,9
15175,10
15175,5
15176,6
15177,10
15177,2
15183,7
15183,0
15183,2
15184,10
15186,3
15187,2
15188,3
15189,3
15190,7
15191,9
15192,0
15192,2
15193,7
15193,5
15195,3
15196,8
15196,2
15197,3
15199,10
15199,9
15200,9
15204,2
15206,3
15207,6
15207,4
15207,8
15210,4
15213,9
15213,3
15214,8
15214,3
15215,5
15217,2
15217,3
15218,2
15219,3
15220,4
15221,6
15222,8
15223,4
15225,10
15227,9
15228,6
15229,2
15229,5
15232,8
15232,2
15235,8
15235,9
15236,4
15240,5
15241,9
15241,8
15242,9
15243,8
15245,6
15246,4
15247,7
15247,9
15250,4
15250,2
15251,2
15252,0
15253,7
15254,2
15257,4
15259,9
15260,10
15260,5
15261,6
15262,10
15263,3
15263,9
15263,8
15264,10
15267,3
15268,6
15268,7
15269,9
15270,1
15272,2
15273,5
15273,2
15275,6
15275,8
15276,2
15278,6
15279,4
15280,3
15280,8
15281,8
15281,4
15283,9
15283,1
15283,5
15283,6
15284,7
15285,8
15285,2
15286,6
15287,0
15288,9
15290,2
15290,7
15294,5
15296,4
15297,6
15297,9
15299,6
15299,10
15300,3
15301,1
15302,4
15302,5
15303,7
15303,8
15304,9
15304,2
15305,1
15305,6
15306,7
15306,2
15308,4
15309,7
15309,6
15309,0
15311,10
15313,9
15313,6
15314,1
15315,7
15316,5
15316,10
15318,5
15319,2
15319,7
15319,4
15320,7
15321,5
15322,3
15322,7
15323,9
15324,3
15325,3
15325,8
15326,6
15326,4
15327,3
15328,9
15328,6
15329,10
15329,4
15330,7
15330,2
15330,8
15331,6
15333,4
15334,0
15334,5
15335,1
15335,4
15336,8
15337,3
15338,10
15339,5
15339,6
15342,5
15342,8
15342,3
15343,8
15344,3
15346,7
15346,5
15347,9
15348,10
15348,2
15352,8
15353,7
15354,0
15354,1
15354,4
15356,0
15356,9
15358,0
15359,9
15361,4
15363,10
15363,4
15365,0
15367,9
15367,6
15367,7
15368,1
15368,10
15368,2
15369,0
15370,6
15370,7
15372,4
15372,3
15375,3
15375,8
15376,9
15377,0
15377,6
15383,1
15384,6
15384,5
15384,0
15384,9
15386,7
15386,4
15387,0
15388,8
15388,3
15388,0
15390,9
15390,5
15391,1
15393,4
15394,3
15395,4
15395,6
15396,5
15397,9
15397,3
15398,6
15398,3
15399,0
15402,9
15403,4
15405,6
15406,0
15408,8
15408,6
15409,10
15410,0
15410,7
15411,10
15411,5
15412,8
15413,9
15414,9
15416,3
15418,0
15425,7
15425,3
15426,7
15427,1
15428,1
15430,2
15431,10
15432,7
15432,2
15434,10
15434,5
15435,0
15435,2
15436,10
15437,0
15437,4
15437,8
15438,2
15439,7
15439,9
15441,7
15443,9
15443,8
15443,4
15443,7
15443,0
15444,5
15444,0
15444,1
15444,8
15445,7
15445,6
15446,0
15446,6
15451,2
15451,4
15452,0
15453,10
15454,5
15455,3
15456,2
15458,10
15459,7
15460,6
15460,0
15460,1
15461,7
15462,5
15465,2
15466,1
15469,6
15470,4
15472,2
15473,10
15474,1
15474,2
15474,6
15474,3
15478,2
15481,9
15483,9
15484,9
15484,6
15485,8
15485,4
15486,1
15486,9
15487,2
15490,9
15490,6
15491,9
15492,10
15492,7
15496,1
15498,9
15498,5
15500,0
15501,0
15502,6
15506,7
15507,4
15508,7
15509,7
15510,4
15510,2
15512,2
15512,0
15512,9
15512,1
15513,10
15514,4
15515,0
15516,6
15517,4
15518,3
15518,6
15519,7
15519,0
15520,6
15522,0
15523,9
15523,0
15525,9
15527,9
15527,0
15527,2
15528,7
15530,8
15535,4
15538,2
15538,6
15538,4
15538,7
15539,10
15539,6
15539,2
15541,3
15541,9
15543,3
15543,0
15543,6
15543,7
15544,2
15544,5
15544,4
15545,7
15546,9
15547,10
15548,8
15548,10
15550,6
15551,9
15555,7
15555,4
15556,5
15556,8
15557,1
15557,7
15559,3
15561,4
15562,0
15562,1
15563,10
15564,5
15564,10
15565,4
15567,1
15568,4
15568,2
15571,2
15572,1
15572,5
15576,10
15577,6
15577,3
15579,5
15579,3
15580,7
15581,1
15582,0
15583,9
15583,3
15585,9
15586,7
15588,6
15588,5
15588,9
15588,7
15589,6
15589,8
15590,3
15590,0
15590,4
15592,7
15592,4
15593,0
15593,9
15594,9
15594,0
15595,10
15595,2
15595,5
15596,10
15598,5
15599,6
15599,8
15602,10
15604,1
15604,8
15605,5
15606,3
15609,3
15609,0
15609,4
15610,4
15610,10
15611,4
15611,2
15612,1
15614,2
15614,1
15616,8
15616,1
15617,4
15618,3
15618,5
15618,9
15619,7
15619,2
15620,9
15624,8
15624,5
15626,8
15630,6
15631,3
15632,7
15632,4
15633,9
15634,2
15635,3
15635,7
15637,5
15638,8
15638,10
15639,1
15640,10
15641,2
15642,3
15643,3
15643,10
15646,1
15646,5
15647,6
15647,9
15648,6
15648,5
15648,8
15649,5
15650,4
15650,1
15651,4
15653,1
15654,9
15656,1
15657,5
15658,3
15658,1
15658,2
15659,5
15661,8
15661,9
15663,8
15664,7
15666,0
15667,5
15669,3
15669,2
15669,4
15669,0
15669,1
15673,2
15673,7
15675,1
15676,3
15676,1
15676,2
15677,0
15679,7
15680,9
15681,2
15684,8
15684,9
15685,6
15685,2
15687,0
15689,7
15689,0
15689,4
15689,6
15690,9
15690,4
15691,9
15692,6
15693,0
15694,2
15695,7
15696,5
15697,7
15697,3
15697,9
15697,10
15697,1
15699,8
15699,4
15699,3
15701,10
15702,5
15704,8
15707,1
15707,2
15708,1
15710,4
15710,8
15711,4
15712,3
15713,5
15714,10
15717,9
15719,5
15720,8
15720,3
15720,10
15721,4
15721,6
15724,10
15725,8
15727,6
15728,4
15729,4
15733,0
15733,9
15734,7
15734,10
15734,5
15735,5
15736,0
15740,7
15741,7
15744,9
15746,2
15746,10
15746,1
15746,6
15746,5
15747,10
15747,1
15747,2
15750,9
15750,4
15752,9
15753,8
15756,3
15757,1
15759,6
15759,10
15760,4
15760,0
15761,0
15761,1
15763,5
15764,4
15765,2
15766,6
15766,2
15767,3
15768,3
15770,7
15772,1
15773,7
15774,2
15775,0
15776,4
15778,7
15779,9
15780,6
15781,8
15783,5
15786,2
15787,9
15788,1
15789,1
15791,4
15791,5
15791,8
15791,3
15794,9
15794,1
15796,10
15797,1
15798,1
15798,6
15800,3
15802,2
15804,0
15804,4
15805,8
15805,4
15805,6
15808,7
15809,0
15809,5
15810,2
15810,1
15810,8
15811,5
15813,2
15815,2
15816,5
15816,6
15817,2
15817,6
15818,0
15818,4
15818,3
15820,2
15821,9
15821,6
15822,4
15822,3
15823,3
15824,4
15825,6
15826,5
15826,4
15826,10
15827,7
15827,10
15827,8
15827,0
15828,8
15828,2
15828,10
15828,3
15829,0
15829,8
15830,10
15831,5
15832,8
15834,6
15835,7
15836,8
15837,0
15837,3
15839,9
15840,3
15840,6
15845,2
15845,0
15846,10
15847,2
15847,7
15847,8
15847,9
15848,5
15850,10
15851,5
15851,6
15852,3
15852,6
15852,9
15853,2
15853,5
15854,7
15854,5
15855,10
15855,3
15858,6
15858,9
15858,2
15858,8
15859,8
15860,1
15862,0
15862,8
15862,5
15864,7
15864,4
15866,2
15866,9
15867,5
15867,10
15868,0
15869,6
15873,6
15874,7
15874,9
15875,7
15878,9
15879,4
15880,6
15880,3
15880,4
15885,1
15886,10
15886,1
15887,4
15888,9
15888,6
15890,7
15892,2
15893,1
15894,5
15894,9
15896,0
15896,1
15897,1
15898,7
15900,10
15901,8
15904,9
15904,10
15905,0
15905,3
15906,3
15906,10
15909,4
15909,5
15910,1
15912,10
15914,10
15914,9
15915,9
15916,7
15916,3
15917,3
15919,10
15922,8
15922,0
15923,9
15925,6
15925,7
15925,0
15927,4
15928,3
15928,7
15928,1
15928,0
15928,2
15930,3
15931,8
15932,0
15935,5
15937,1
15939,9
15942,1
15942,10
15942,3
15943,2
15943,7
15945,10
15946,10
15947,2
15949,3
15950,2
15952,5
15953,2
15954,7
15955,8
15955,5
15956,6
15959,4
15960,6
15960,10
15961,0
15962,0
15964,9
15964,3
15965,5
15966,5
15967,2
15967,3
15967,4
15969,1
15970,8
15971,7
15972,1
15973,7
15975,5
15976,3
15976,2
15977,10
15980,2
15980,8
15981,8
15982,10
15984,0
15984,9
15986,6
15990,9
15990,6
15993,10
15993,7
15994,7
15996,6
15997,9
15998,1
15999,7
16000,8
16002,3
16004,6
16005,2
16006,6
16006,3
16007,8
16009,2
16009,3
16010,7
16012,7
16012,6
16012,5
16013,3
16013,4
16015,0
16015,1
16017,3
16017,10
16018,5
16018,3
16019,1
16019,5
16020,1
16020,7
16021,0
16022,3
16022,0
16023,0
16024,3
16024,10
16025,1
16026,4
16026,2
16027,6
16030,6
16030,10
16031,10
16032,1
16033,1
16035,4
16036,5
16043,2
16044,7
16044,0
16044,2
16046,6
16047,9
16048,5
16050,7
16052,6
16052,7
16054,9
16055,9
16056,9
16056,0
16058,0
16058,8
16058,10
16059,1
16060,3
16062,9
16063,7
16064,4
16066,10
16067,3
16068,9
16070,1
16070,10
16070,5
16071,5
16073,4
16076,2
16077,5
16081,1
16081,0
16081,8
16087,1
16092,4
16093,0
16094,10
16094,2
16095,10
16095,0
16096,2
16097,7
16097,10
16099,0
16099,3
16100,7
16100,1
16100,5
16103,8
16104,10
16107,3
16107,8
16107,9
16108,10
16112,0
16113,10
16113,4
16115,3
16116,3
16118,4
16118,9
16118,7
16120,3
16123,2
16123,3
16125,10
16125,3
16125,0
16125,6
16125,5
16126,7
16127,4
16128,1
16128,7
16128,0
16129,10
16130,6
16131,10
16132,6
16132,5
16133,6
16133,9
16134,8
16134,9
16134,5
16135,0
16136,5
16136,10
16136,7
16137,7
16140,3
16142,2
16143,3
16146,1
16146,2
16147,2
16147,9
16148,10
16149,3
16151,1
16152,10
16155,9
16156,10
16156,4
16159,2
16162,2
16162,10
16163,3
16165,3
16166,6
16166,10
16167,2
16167,5
16167,10
16167,4
16169,0
16171,5
16172,4
16172,7
16173,8
16174,4
16174,9
16175,9
16176,4
16176,6
16176,7
16177,8
16177,2
16178,10
16181,8
16182,10
16182,0
16183,8
16183,0
16184,0
16184,2
16186,9
16187,2
16187,10
16188,2
16188,0
16189,7
16189,4
16190,10
16191,8
16191,0
16192,5
16192,2
16193,10
16197,1
16198,3
16199,4
16200,4
16202,10
16203,2
16204,2
16204,3
16208,1
16209,9
16211,6
16212,3
16215,7
16215,10
16215,8
16217,3
16217,6
16222,0
16222,9
16225,9
16226,7
16227,1
16228,3
16229,0
16230,3
16233,6
16234,2
16234,7
16235,1
16235,4
16236,8
16236,4
16239,9
16239,8
16240,8
16240,0
16242,8
16242,6
16242,9
16244,3
16244,6
16248,4
16248,0
16250,2
16253,3
16253,4
16256,4
16256,8
16257,10
16258,3
16260,1
16262,6
16264,2
16265,10
16266,4
16267,3
16269,4
16269,8
16270,0
16271,9
16272,2
16272,4
16273,4
16273,6
16275,2
16275,0
16276,8
16276,4
16278,5
16279,0
16280,6
16280,4
16281,8
16282,5
16283,4
16284,4
16286,8
16288,6
16288,5
16288,7
16289,7
16291,8
16291,7
16292,10
16295,0
16297,10
16297,0
16297,8
16298,5
16298,7
16299,10
16300,5
16301,1
16303,2
16304,10
16305,3
16306,9
16306,8
16306,2
16306,6
16307,8
16308,4
16309,0
16309,10
16311,3
16313,5
16316,1
16317,10
16318,2
16320,3
16321,5
16321,9
16322,9
16323,2
16325,6
16325,1
16326,8
16326,0
16326,9
16326,7
16326,6
16326,1
16327,1
16327,4
16327,9
16327,7
16328,0
16329,3
16329,4
16330,0
16331,5
16331,4
16332,5
16332,0
16333,5
16334,2
16336,3
16336,4
16337,7
16339,6
16340,2
16341,0
16341,1
16343,10
16348,2
16350,9
16350,4
16350,1
16351,3
16351,4
16352,1
16353,0
16354,10
16354,8
16354,3
16356,3
16356,10
16356,7
16356,2
16357,8
16357,7
16358,3
16358,10
16359,5
16361,0
16363,1
16363,10
16364,8
16364,4
16364,3
16365,9
16366,8
16368,8
16369,9
16369,5
16371,5
16372,10
16373,1
16374,2
16374,7
16377,3
16377,9
16377,1
16379,8
16380,3
16380,2
16380,9
16381,8
16381,9
16381,6
16388,7
16388,1
16389,10
16389,9
16389,2
16390,2
16391,0
16394,8
16395,8
16397,8
16398,0
16404,9
16404,0
16405,2
16405,8
16406,10
16406,8
16407,6
16409,1
16411,5
16411,7
16412,2
16412,1
16412,3
16413,5
16413,8
16414,4
16414,0
16416,5
16417,7
16418,2
16418,7
16419,0
16419,3
16420,6
16422,6
16423,7
16424,6
16424,3
16427,1
16428,4
16431,7
16431,2
16434,8
16434,4
16437,2
16437,3
16438,10
16438,1
16442,8
16442,9
16442,0
16442,3
16443,7
16445,0
16446,2
16446,10
16446,8
16448,9
16451,8
16453,9
16454,6
16454,1
16457,8
16457,2
16458,8
16458,0
16458,10
16460,6
16461,2
16461,5
16462,4
16464,6
16466,4
16468,5
16470,2
16470,0
16470,1
16471,8
16471,6
16471,0
16473,6
16473,7
16475,8
16475,0
16477,6
16478,8
16478,10
16478,5
16479,9
16481,3
16481,2
16482,3
16484,7
16484,6
16485,10
16485,0
16486,9
16487,10
16489,10
16490,2
16490,8
16490,0
16490,3
16491,5
16492,8
16494,9
16494,0
16496,2
16497,6
16497,1
16498,7
16499,10
16499,0
16500,10
16500,0
16501,7
16501,1
16502,3
16503,9
16504,8
16505,0
16507,6
16509,2
16509,1
16511,2
16511,9
16512,7
16512,8
16512,1
16512,9
16513,8
16514,1
16516,6
16517,8
16517,0
16518,4
16518,7
16519,6
16520,1
16520,4
16520,3
16522,5
16522,0
16524,0
16524,3
16524,8
16526,1
16529,1
16529,7
16530,6
16530,0
16530,9
16534,9
16535,6
16535,7
16536,9
16536,3
16537,6
16540,3
16540,1
16542,8
16542,2
16543,4
16543,6
16544,9
16546,3
16546,8
16547,7
16547,9
16548,2
16548,8
16549,8
16550,6
16552,8
16554,6
16557,2
16560,7
16560,3
16561,8
16561,0
16562,2
16563,2
16563,4
16565,5
16567,2
16567,0
16567,5
16568,10
16568,6
16570,0
16570,6
16571,4
16572,10
16574,4
16576,9
16576,3
16578,7
16578,0
16578,8
16578,5
16580,6
16580,3
16582,8
16582,6
16583,4
16584,7
16584,6
16585,5
16585,8
16587,7
16587,1
16589,7
16590,1
16590,4
16591,5
16592,4
16594,5
16594,10
16595,7
16596,8
16596,7
16596,3
16597,5
16599,3
16599,9
16600,10
16600,1
16602,10
16603,7
16603,1
16606,2
16606,0
16608,9
16608,2
16610,6
16611,10
16612,7
16612,8
16613,6
16614,8
16616,3
16619,8
16619,6
16620,4
16620,7
16623,7
16624,1
16624,2
16625,0
16625,6
16626,4
16626,0
16627,5
16627,6
16627,9
16628,6
16630,10
16631,1
16631,10
16632,2
16632,4
16632,1
16633,1
16634,7
16635,8
16635,2
16635,7
16638,8
16638,3
16640,4
16641,9
16643,6
16643,10
16644,4
16644,0
16644,7
16647,7
16647,4
16649,0
16650,8
16650,5
16650,10
16655,6
16656,5
16657,1
16658,9
16658,4
16662,6
16663,2
16663,8
16664,0
16664,3
16665,4
16665,8
16666,3
16667,9
16669,5
16669,7
16670,6
16673,4
16673,10
16674,4
16675,8
16675,5
16675,7
16677,3
16678,3
16678,2
16680,5
16680,6
16680,9
16680,8
16681,1
16683,1
16685,7
16685,0
16687,4
16688,5
16689,6
16693,3
16694,3
16696,10
16699,4
16702,9
16702,10
16702,7
16703,2
16704,10
16706,1
16707,9
16707,0
16708,7
16711,5
16711,1
16711,3
16713,10
16715,5
16716,10
16716,1
16716,7
16717,3
16717,9
16718,9
16719,2
16719,8
16722,9
16725,6
16726,6
16726,4
16727,8
16727,3
16727,0
16729,6
16732,7
16738,5
16738,0
16739,7
16743,9
16744,7
16744,1
16744,6
16747,8
16748,10
16750,10
16752,2
16753,7
16755,2
16757,10
16758,10
16759,8
16760,6
16761,4
16762,0
16762,5
16763,3
16763,2
16765,10
16766,9
16766,8
16767,1
16768,6
16769,10
16769,9
16770,4
16770,6
16771,8
16771,7
16772,0
16773,6
16773,5
16774,3
16775,0
16776,0
16776,5
16778,8
16779,2
16781,1
16781,5
16781,10
16783,5
16784,5
16785,2
16785,10
16786,9
16786,3
16788,8
16790,2
16790,9
16791,9
16792,7
16795,3
16795,4
16796,1
16797,9
16798,4
16799,9
16800,8
16801,3
16802,5
16802,3
16803,5
16803,7
16806,9
16807,9
16808,10
16808,4
16809,6
16809,8
16811,6
16814,6
16815,7
16818,4
16818,6
16819,5
16821,0
16823,1
16823,8
16825,5
16827,1
16830,2
16830,0
16830,8
16831,0
16832,0
16833,0
16833,9
16833,10
16834,1
16834,0
16835,8
16837,1
16837,4
16837,3
16837,8
16838,5
16839,9
16839,4
16840,0
16840,10
16841,1
16842,4
16844,7
16845,9
16845,1
16850,10
16850,6
16851,5
16851,1
16852,10
16857,0
16857,8
16858,5
16860,8
16860,4
16862,10
16862,1
16862,8
16863,4
16866,8
16866,0
16868,7
16868,5
16872,7
16872,1
16873,2
16873,0
16874,7
16875,8
16876,8
16876,9
16877,6
16878,4
16879,9
16880,0
16882,3
16886,4
16886,7
16886,9
16887,6
16887,2
16888,9
16888,5
16889,4
16890,7
16890,10
16891,9
16891,3
16892,5
16893,6
16893,7
16894,0
16897,9
16897,10
16897,4
16898,9
16899,2
16900,10
16901,10
16901,9
16904,4
16904,10
16906,3
16908,1
16909,1
16909,4
16913,10
16914,10
16916,2
16916,0
16917,7
16919,9
16920,7
16920,1
16920,9
16924,9
16925,9
16926,6
16926,1
16929,3
16932,0
16932,4
16932,3
16934,9
16934,7
16935,10
16936,9
16937,7
16938,8
16938,10
16939,2
16939,9
16940,3
16941,9
16942,0
16942,10
16942,4
16943,8
16943,4
16944,9
16946,9
16946,2
16946,5
16948,10
16948,1
16949,6
16950,10
16950,5
16950,7
16951,4
16951,3
16954,8
16954,3
16956,1
16958,0
16959,1
16961,10
16962,7
16964,5
16965,7
16965,8
16965,4
16966,5
16970,6
16972,4
16972,9
16974,6
16975,6
16975,10
16976,7
16976,3
16978,3
16980,4
16981,8
16981,2
16982,10
16983,9
16983,5
16987,10
16988,4
16988,6
16991,0
16995,1
16996,4
16997,7
16997,3
16997,0
17000,1
17000,3
17001,5
17002,4
17003,10
17005,1
17005,5
17005,9
17011,4
17011,3
17012,0
17012,9
17012,5
17014,4
17018,4
17019,3
17021,1
17021,9
17021,3
17022,5
17024,7
17025,9
17025,4
17026,9
17028,7
17029,3
17029,4
17033,5
17033,2
17033,7
17037,5
17040,10
17043,10
17043,5
17044,5
17046,0
17046,5
17047,7
17049,8
17050,7
17050,4
17050,10
17051,5
17053,6
17053,9
17053,3
17054,7
17054,9
17054,5
17055,8
17055,10
17055,0
17055,2
17057,4
17058,9
17059,2
17060,4
17061,3
17063,1
17063,7
17064,7
17065,4
17065,3
17067,9
17068,2
17069,9
17069,4
17071,10
17072,1
17072,5
17073,5
17074,10
17074,1
17077,8
17079,0
17079,6
17082,6
17083,10
17083,1
17084,4
17086,0
17088,9
17089,0
17089,4
17089,6
17089,9
17089,7
17090,3
17093,8
17094,2
17094,0
17095,7
17095,2
17095,4
17095,3
17096,1
17096,9
17097,0
17097,8
17098,1
17098,8
17099,10
17100,9
17100,8
17100,2
17100,1
17101,0
17101,7
17102,4
17102,10
17102,9
17106,7
17107,2
17108,3
17108,2
17109,9
17110,9
17111,1
17111,2
17112,5
17113,3
17114,9
17114,7
17115,1
17115,0
17116,1
17116,9
17117,5
17117,1
17118,10
17119,7
17120,4
17120,3
17121,1
17123,8
17123,6
17124,5
17124,10
17125,7
17125,3
17125,4
17126,2
17126,7
17127,5
17128,1
17129,9
17131,10
17133,5
17134,3
17134,8
17135,6
17135,1
17135,4
17136,2
17136,6
17137,4
17137,8
17140,7
17141,4
17142,5
17143,7
17144,9
17144,4
17146,4
17146,9
17147,9
17147,1
17149,4
17152,3
17154,9
17154,5
17156,8
17157,2
17157,5
17158,10
17160,0
17161,0
17161,1
17162,3
17164,2
17165,1
17165,4
17168,9
17168,2
17169,2
17169,9
17169,6
17173,5
17175,5
17175,1
17176,7
17178,6
17180,6
17180,5
17181,9
17182,8
17182,4
17183,0
17184,9
17185,8
17185,0
17186,5
17187,4
17189,0
17190,8
17190,10
17190,3
17192,4
17192,6
17193,2
17196,3
17196,6
17196,8
17197,6
17199,3
17199,7
17202,6
17202,3
17204,2
17206,2
17206,3
17206,0
17207,10
17208,2
17208,8
17210,1
17212,6
17213,5
17213,4
17214,6
17216,2
17217,7
17218,6
17219,5
17220,9
17220,5
17223,0
17223,2
17225,7
17226,4
17227,4
17228,6
17228,5
17234,7
17235,5
17235,1
17235,8
17235,3
17236,0
17237,5
17240,10
17240,5
17241,3
17241,8
17244,8
17245,1
17246,5
17247,1
17248,3
17251,9
17252,5
17252,2
17252,8
17253,4
17253,5
17254,0
17257,6
17257,3
17258,2
17260,9
17260,8
17261,6
17262,10
17262,6
17264,5
17265,9
17265,10
17266,3
17267,4
17267,2
17268,6
17268,2
17270,0
17271,7
17272,1
17272,4
17273,4
17273,9
17274,3
17274,4
17276,5
17276,2
17277,8
17278,0
17280,0
17282,3
17283,3
17284,8
17284,5
17288,4
17291,10
17292,7
17292,4
17293,2
17293,4
17295,2
17295,4
17296,1
17299,0
17300,5
17304,4
17304,1
17304,0
17305,1
17307,6
17309,2
17310,10
17310,5
17311,7
17315,8
17317,7
17317,8
17320,3
17320,7
17322,2
17323,3
17323,9
17323,4
17324,4
17325,5
17326,9
17327,2
17328,1
17329,4
17331,7
17331,4
17332,5
17332,6
17333,5
17334,5
17334,6
17335,3
17335,9
17335,8
17336,5
17336,4
17337,7
17337,8
17338,6
17338,0
17339,2
17340,4
17340,6
17341,9
17341,1
17342,5
17343,10
17343,5
17344,4
17346,1
17346,6
17347,6
17348,1
17348,7
17350,5
17351,1
17352,2
17354,9
17354,7
17356,9
17357,1
17357,0
17359,10
17359,9
17359,7
17363,1
17363,7
17363,9
17364,0
17364,10
17365,9
17365,2
17365,8
17366,4
17367,2
17370,5
17370,4
17371,7
17371,0
17373,9
17375,1
17375,2
17376,6
17376,3
17376,4
17377,3
17379,10
17381,7
17382,8
17383,9
17386,10
17387,3
17388,3
17388,1
17389,10
17391,9
17392,4
17395,9
17396,0
17397,4
17398,8
17400,6
17402,1
17402,10
17402,9
17403,7
17404,4
17407,8
17408,8
17408,6
17408,7
17410,5
17411,0
17412,8
17415,8
17415,10
17416,5
17418,1
17418,9
17418,0
17421,3
17421,8
17422,4
17423,10
17424,6
17425,6
17425,10
17426,5
17426,1
17426,6
17431,4
17432,6
17433,0
17433,2
17434,9
17435,7
17437,7
17439,4
17442,1
17443,6
17444,2
17445,10
17448,2
17449,2
17450,9
17450,7
17451,1
17452,9
17453,3
17455,2
17456,6
17456,10
17457,10
17458,10
17458,4
17459,9
17459,10
17460,8
17460,1
17460,4
17461,5
17462,3
17464,6
17464,0
17465,10
17466,2
17469,10
17470,0
17470,6
17471,3
17473,8
17473,9
17475,8
17475,9
17476,10
17476,8
17477,6
17478,5
17478,6
17479,8
17481,7
17482,1
17483,2
17488,10
17489,3
17491,8
17491,3
17493,8
17493,10
17494,5
17495,10
17498,2
17498,6
17499,0
17500,0
17501,4
17502,3
17503,4
17504,2
17505,0
17506,2
17506,3
17507,6
17510,9
17510,3
17511,0
17512,3
17513,5
17515,6
17517,3
17517,2
17520,6
17521,4
17521,1
17522,0
17525,8
17525,5
17525,1
17527,0
17527,4
17528,5
17529,0
17529,8
17530,3
17530,8
17530,10
17532,0
17533,4
17533,9
17534,2
17535,3
17536,2
17536,0
17536,5
17542,6
17542,9
17542,1
17543,0
17544,9
17545,9
17545,0
17546,6
17550,9
17551,6
17553,10
17553,8
17553,3
17554,5
17554,10
17554,6
17555,7
17555,3
17556,5
17557,0
17558,3
17558,4
17559,9
17559,8
17560,0
17563,0
17564,7
17565,2
17567,6
17568,9
17568,7
17568,3
17568,1
17569,6
17569,5
17570,8
17571,4
17573,10
17578,1
17579,6
17579,5
17579,0
17580,4
17580,0
17581,2
17582,4
17582,8
17585,2
17585,9
17585,7
17585,1
17585,8
17586,7
17589,0
17590,4
17591,0
17593,7
17594,2
17596,3
17598,2
17599,6
17600,6
17600,1
17601,7
17602,10
17602,1
17602,3
17603,9
17603,8
17603,4
17604,2
17605,3
17605,5
17606,1
17609,9
17609,0
17610,2
17610,10
17610,6
17610,8
17612,8
17613,2
17613,6
17614,9
17615,2
17615,10
17616,7
17616,1
17617,8
17617,7
17618,4
17620,9
17620,3
17622,9
17623,7
17624,1
17625,6
17626,4
17626,7
17628,1
17629,1
17630,0
17631,8
17637,2
17637,0
17638,2
17639,5
17640,1
17641,9
17641,7
17643,10
17643,4
17644,3
17649,7
17651,8
17651,7
17653,10
17655,0
17656,0
17657,7
17658,8
17659,8
17660,8
17661,7
17661,10
17663,6
17665,7
17666,3
17666,10
17666,4
17667,7
17667,0
17668,4
17670,3
17673,6
17674,2
17674,10
17676,9
17677,6
17679,1
17680,4
17681,1
17683,1
17683,4
17683,3
17683,7
17686,5
17686,1
17687,7
17688,5
17688,0
17689,4
17690,0
17691,0
17691,2
17691,1
17692,9
17694,9
17694,4
17695,10
17696,7
17699,4
17701,4
17704,3
17704,0
17707,9
17707,4
17708,2
17710,2
17710,10
17710,1
17711,3
17712,10
17712,5
17713,10
17714,4
17717,3
17718,8
17718,1
17718,6
17719,4
17719,6
17720,9
17720,8
17720,5
17721,6
17722,8
17723,10
17724,0
17726,0
17727,2
17727,0
17727,1
17729,8
17729,0
17730,9
17731,7
17732,8
17733,10
17733,7
17737,1
17738,7
17739,7
17739,9
17741,8
17741,1
17742,3
17743,9
17743,10
17744,5
17744,7
17745,0
17745,8
17746,9
17746,8
17747,1
17747,6
17749,3
17750,10
17751,5
17753,3
17753,1
17753,7
17755,0
17756,0
17756,5
17757,9
17760,8
17760,2
17764,3
17765,2
17766,0
17768,5
17769,8
17770,9
17771,0
17773,3
17774,7
17775,7
17778,10
17778,0
17779,2
17780,5
17781,2
17781,0
17782,1
17783,0
17784,2
17784,1
17787,9
17788,10
17789,1
17791,4
17792,9
17792,4
17792,3
17793,4
17793,1
17793,3
17794,1
17799,1
17802,3
17802,1
17802,5
17803,6
17804,2
17805,4
17807,4
17808,1
17808,2
17808,7
17809,7
17810,0
17810,5
17811,3
17813,3
17813,0
17813,8
17814,7
17814,8
17815,0
17815,4
17816,5
17816,3
17818,10
17818,0
17818,2
17820,5
17820,1
17821,6
17821,7
17822,9
17823,6
17825,6
17826,4
17827,6
17827,3
17829,0
17829,6
17830,7
17830,8
17831,10
17832,9
17835,3
17835,8
17835,2
17836,6
17837,5
17837,4
17838,2
17838,3
17840,8
17840,6
17840,9
17840,5
17841,10
17842,1
17842,2
17842,0
17843,4
17843,3
17843,10
17844,9
17845,9
17847,2
17848,3
17849,0
17850,9
17850,2
17850,7
17852,3
17852,7
17854,6
17856,6
17857,0
17858,5
17860,4
17860,7
17862,7
17862,1
17865,5
17865,1
17866,9
17866,5
17867,5
17868,10
17869,1
17872,5
17875,0
17876,0
17877,4
17879,8
17880,1
17882,4
17883,0
17883,6
17885,6
17885,4
17886,2
17888,7
17889,0
17890,10
17890,3
17891,8
17893,9
17895,1
17897,2
17898,9
17898,6
17898,4
17899,5
17902,10
17903,9
17905,6
17905,7
17906,5
17907,10
17907,4
17912,5
17912,7
17914,5
17914,4
17914,9
17915,6
17916,5
17917,9
17919,2
17922,4
17922,0
17923,8
17923,2
17927,4
17928,4
17929,1
17929,7
17930,3
17930,5
17931,0
17932,3
17933,6
17933,8
17934,3
17935,10
17936,2
17937,10
17937,7
17937,3
17938,9
17938,1
17938,4
17939,1
17940,1
17941,0
17941,6
17941,9
17942,5
17944,8
17944,0
17944,5
17945,3
17946,3
17947,6
17949,3
17949,7
17950,1
17950,2
17950,10
17951,3
17951,6
17952,2
17952,4
17953,3
17956,9
17956,2
17958,1
17959,4
17959,3
17960,3
17960,7
17961,1
17961,3
17961,6
17963,7
17964,6
17965,4
17965,8
17966,2
17967,8
17969,9
17969,8
17970,0
17970,10
17970,2
17971,0
17971,1
17972,7
17972,3
17973,0
17973,2
17974,3
17974,6
17974,9
17975,9
17976,0
17979,5
17983,7
17984,9
17984,4
17986,9
17986,5
17988,4
17989,10
17989,6
17989,1
17991,2
17991,1
17993,4
17994,7
17994,2
17995,6
17995,5
17995,1
17996,2
17997,0
17997,9
17998,8
18000,10
18000,3
18002,1
18002,6
18003,10
18003,2
18004,6
18004,0
18004,5
18005,8
18005,6
18006,9
18006,10
18007,10
18007,6
18009,1
18010,10
18011,4
18014,5
18014,7
18014,9
18015,10
18016,10
18018,9
18018,10
18019,8
18021,10
18023,3
18024,4
18025,5
18025,3
18026,1
18027,0
18030,3
18031,4
18031,6
18033,8
18033,10
18035,1
18035,9
18036,2
18037,7
18039,9
18040,8
18040,9
18040,6
18041,9
18041,2
18043,10
18045,0
18046,4
18047,10
18051,3
18051,5
18053,5
18054,0
18055,9
18055,7
18056,6
18056,0
18057,10
18057,9
18059,6
18059,7
18060,0
18061,1
18061,9
18062,1
18064,1
18064,9
18066,4
18066,6
18067,1
18067,2
18067,4
18068,9
18069,7
18072,3
18073,5
18073,8
18073,4
18075,2
18075,5
18077,0
18077,5
18077,4
18078,10
18078,8
18079,2
18080,1
18080,4
18082,4
18082,8
18082,7
18084,5
18084,10
18086,9
18086,1
18090,7
18092,2
18093,7
18096,10
18097,5
18098,10
18100,4
18101,1
18101,9
18102,1
18102,9
18103,3
18103,7
18104,7
18105,2
18105,6
18105,5
18108,5
18109,3
18109,4
18110,1
18110,6
18112,4
18113,7
18113,5
18119,8
18121,3
18123,5
18124,3
18124,9
18124,7
18124,1
18125,4
18125,2
18125,10
18128,8
18129,4
18131,4
18131,5
18133,6
18133,3
18136,2
18136,10
18136,7
18138,4
18139,0
18140,10
18140,2
18140,0
18141,4
18142,6
18143,0
18143,6
18143,9
18145,8
18147,9
18148,7
18149,9
18151,7
18153,6
18155,4
18156,3
18157,5
18158,8
18158,6
18158,3
18159,9
18159,6
18160,9
18160,5
18161,9
18162,8
18163,6
18163,8
18164,5
18165,8
18166,8
18166,1
18166,7
18166,9
18167,4
18169,0
18170,7
18170,0
18170,9
18171,10
18171,8
18172,3
18173,2
18174,6
18174,5
18175,4
18176,10
18176,4
18176,8
18180,4
18181,1
18181,5
18184,4
18188,4
18190,8
18191,7
18194,10
18194,9
18194,4
18195,6
18195,4
18196,4
18198,1
18198,3
18200,9
18201,1
18202,10
18205,2
18206,3
18206,8
18207,9
18208,7
18209,5
18210,7
18210,5
18213,6
18213,0
18213,5
18214,0
18215,0
18215,3
18216,2
18216,9
18218,6
18220,1
18221,1
18221,2
18222,0
18222,7
18222,3
18224,9
18226,6
18227,4
18230,0
18230,3
18234,7
18234,10
18235,6
18235,7
18237,4
18237,7
18239,8
18240,8
18240,3
18241,2
18243,4
18243,8
18244,8
18244,6
18245,7
18246,8
18247,2
18248,4
18249,2
18249,0
18250,10
18251,6
18251,5
18252,8
18253,4
18254,8
18255,4
18256,9
18256,6
18257,10
18257,2
18257,0
18258,2
18259,0
18262,10
18263,7
18263,1
18265,7
18265,8
18266,2
18267,3
18267,4
18268,0
18268,5
18269,9
18269,10
18271,3
18273,0
18276,4
18277,10
18278,1
18278,2
18280,8
18281,10
18282,0
18282,1
18283,2
18283,9
18284,3
18284,9
18286,8
18286,0
18287,7
18287,0
18288,1
18290,9
18291,3
18294,5
18294,2
18298,2
18298,0
18299,8
18300,2
18301,7
18301,4
18302,7
18302,1
18302,3
18303,5
18303,0
18304,1
18304,8
18308,10
18310,3
18310,2
18311,8
18312,7
18312,10
18312,2
18313,8
18314,3
18314,7
18315,6
18315,2
18317,6
18318,8
18321,1
18321,0
18322,1
18323,0
18325,10
18325,9
18325,4
18325,6
18326,6
18326,3
18329,8
18329,9
18329,4
18333,1
18335,2
18335,7
18336,5
18338,9
18338,1
18338,3
18339,4
18341,7
18344,10
18344,7
18345,6
18345,5
18346,0
18347,1
18350,6
18351,0
18351,6
18352,7
18352,3
18352,0
18355,3
18356,7
18358,1
18359,10
18359,0
18359,6
18361,3
18361,0
18363,5
18365,6
18366,7
18366,3
18366,1
18366,5
18367,6
18368,2
18369,3
18372,10
18372,5
18377,2
18381,6
18381,2
18381,0
18383,9
18383,7
18383,8
18384,1
18384,2
18384,6
18385,1
18385,0
18388,0
18388,1
18389,3
18389,10
18389,2
18391,1
18391,7
18391,5
18392,1
18393,2
18393,9
18395,10
18395,6
18396,10
18396,5
18397,9
18397,7
18398,7
18398,0
18399,6
18402,6
18403,0
18404,8
18404,6
18405,1
18407,5
18407,6
18407,3
18407,0
18408,8
18413,9
18413,0
18414,6
18415,8
18415,6
18418,2
18419,8
18419,1
18419,9
18421,0
18421,10
18421,7
18422,9
18422,3
18423,8
18423,0
18423,3
18424,7
18424,3
18424,10
18425,0
18427,0
18428,7
18429,7
18429,8
18429,9
18430,10
18430,6
18433,3
18434,7
18434,2
18435,6
18437,1
18437,2
18437,8
18438,0
18438,7
18438,5
18440,4
18440,1
18441,4
18442,1
18442,10
18443,3
18443,1
18444,3
18445,8
18445,4
18445,7
18445,9
18446,9
18446,6
18448,9
18450,6
18450,5
18452,7
18453,2
18453,4
18454,2
18454,6
18455,10
18459,10
18460,3
18461,4
18463,0
18463,6
18463,5
18465,5
18465,7
18465,0
18466,2
18468,1
18468,10
18470,8
18470,4
18470,10
18471,1
18475,4
18476,10
18479,3
18480,1
18480,6
18481,0
18481,2
18481,10
18482,1
18484,5
18484,9
18485,3
18486,0
18487,1
18489,2
18489,0
18490,10
18490,3
18492,0
18494,5
18494,2
18494,6
18494,10
18495,6
18495,3
18497,4
18497,5
18497,1
18499,10
18499,4
18499,1
18500,5
18500,1
18501,9
18502,6
18503,3
18507,7
18508,9
18508,6
18510,0
18515,2
18517,4
18518,9
18518,5
18519,9
18519,10
18520,2
18521,1
18521,8
18522,5
18522,2
18523,3
18523,2
18526,8
18526,2
18528,2
18528,6
18528,10
18528,9
18533,3
18535,4
18536,10
18539,3
18539,1
18540,3
18542,2
18542,10
18545,5
18546,0
18547,4
18547,8
18548,6
18548,0
18549,4
18549,10
18550,7
18550,2
18550,6
18551,0
18551,5
18553,1
18554,0
18557,4
18557,6
18558,1
18559,4
18559,7
18560,0
18560,9
18564,5
18565,6
18565,7
18566,2
18566,0
18569,0
18569,10
18570,1
18572,9
18572,1
18573,9
18573,0
18573,2
18576,10
18578,7
18580,3
18583,0
18584,4
18584,0
18585,1
18585,9
18586,2
18588,4
18588,10
18590,10
18591,8
18592,6
18592,4
18594,1
18596,3
18598,6
18601,3
18603,1
18603,9
18604,5
18605,2
18606,9
18606,7
18607,2
18610,0
18612,6
18613,6
18615,8
18617,2
18617,0
18618,7
18619,9
18619,7
18619,0
18619,5
18619,2
18620,0
18621,7
18622,9
18623,10
18623,0
18624,1
18624,5
18624,0
18625,8
18628,8
18630,10
18631,5
18632,1
18632,5
18633,10
18633,3
18634,0
18635,8
18635,6
18636,5
18637,7
18639,0
18640,5
18640,10
18641,3
18641,9
18641,10
18642,4
18643,9
18645,10
18647,5
18649,9
18650,0
18651,1
18653,6
18654,5
18654,7
18655,4
18655,8
18655,1
18656,6
18657,8
18657,6
18657,4
18659,1
18660,2
18660,4
18661,10
18661,9
18661,1
18662,1
18663,0
18664,3
18667,1
18667,7
18670,4
18671,1
18672,6
18674,9
18676,5
18677,3
18677,7
18679,0
18681,5
18681,4
18681,8
18682,9
18685,5
18685,7
18687,4
18687,7
18689,8
18693,5
18693,3
18695,7
18696,10
18696,1
18698,7
18698,0
18700,4
18700,9
18703,6
18704,10
18705,10
18705,6
18706,7
18708,5
18708,10
18709,10
18711,6
18712,6
18712,2
18712,7
18717,6
18718,1
18718,3
18719,3
18721,10
18722,1
18722,8
18723,0
18723,5
18723,7
18727,7
18728,8
18729,3
18732,4
18734,6
18738,8
18739,7
18739,10
18743,6
18743,2
18744,9
18745,2
18747,9
18748,0
18750,10
18751,9
18752,1
18753,6
18754,9
18754,3
18754,0
18755,10
18757,5
18757,4
18757,0
18757,10
18758,5
18759,7
18759,1
18760,0
18766,2
18767,2
18768,3
18769,1
18772,9
18772,10
18773,0
18773,8
18774,6
18775,6
18776,6
18777,5
18777,0
18778,1
18778,9
18779,7
18780,10
18780,4
18780,9
18781,10
18782,0
18782,8
18782,3
18782,2
18784,0
18785,7
18787,1
18787,8
18792,9
18793,5
18793,8
18794,1
18794,8
18795,2
18796,6
18796,0
18797,6
18799,5
18800,5
18801,9
18802,9
18803,5
18806,0
18806,9
18806,10
18806,2
18807,6
18808,6
18808,0
18811,4
18813,6
18813,2
18816,3
18817,6
18819,5
18820,0
18822,4
18822,1
18823,2
18823,0
18824,2
18824,8
18825,0
18825,4
18826,2
18827,2
18828,7
18828,10
18832,10
18832,0
18832,8
18833,5
18833,10
18834,5
18835,0
18837,10
18837,9
18837,4
18838,9
18838,3
18839,3
18840,7
18841,4
18842,3
18843,3
18843,4
18844,0
18844,10
18845,4
18846,9
18847,3
18849,10
18851,6
18851,4
18851,10
18852,8
18853,5
18853,8
18854,3
18855,6
18856,1
18856,10
18857,9
18857,8
18859,8
18859,9
18860,6
18862,8
18863,6
18865,6
18865,10
18866,2
18868,10
18871,10
18873,7
18875,0
18879,7
18880,8
18880,1
18881,3
18882,9
18883,8
18884,8
18884,9
18884,3
18884,1
18886,0
18886,10
18887,1
18889,4
18889,7
18890,2
18892,9
18894,10
18895,2
18895,8
18895,9
18900,6
18902,2
18902,7
18902,0
18903,5
18904,2
18906,4
18910,7
18910,1
18911,3
18912,5
18913,2
18914,7
18916,8
18916,7
18917,2
18923,1
18924,8
18924,1
18924,6
18927,6
18927,4
18930,4
18931,0
18932,2
18932,7
18933,4
18934,4
18935,9
18936,1
18937,3
18939,8
18940,9
18941,9
18943,3
18945,1
18946,2
18946,6
18949,10
18949,2
18950,9
18951,4
18951,6
18951,8
18952,5
18953,8
18954,1
18954,3
18955,3
18957,9
18958,5
18959,5
18960,1
18961,7
18961,10
18962,4
18962,10
18967,2
18968,4
18969,3
18969,5
18970,9
18971,6
18972,2
18972,9
18973,1
18976,3
18976,8
18979,6
18979,10
18980,5
18981,5
18981,3
18982,6
18983,3
18984,4
18986,10
18986,6
18986,8
18988,3
18991,9
18992,3
18995,1
18995,6
18998,8
18998,10
18999,6
19000,4
19000,3
19001,0
19001,2
19001,1
19002,5
19003,5
19004,3
19004,8
19005,7
19006,1
19007,5
19009,7
19009,2
19009,9
19010,0
19011,6
19011,9
19012,0
19014,9
19017,10
19017,8
19020,8
19021,5
19022,8
19022,2
19023,3
19024,2
19024,3
19024,6
19027,5
19028,5
19029,0
19030,5
19030,7
19031,0
19031,1
19032,5
19032,4
19033,10
19035,0
19036,6
19036,0
19039,4
19040,1
19042,9
19043,6
19044,0
19047,9
19048,4
19049,0
19049,3
19049,7
19050,3
19051,7
19054,0
19054,7
19055,1
19056,3
19056,7
19056,6
19057,5
19059,1
19059,9
19060,0
19060,8
19061,6
19061,8
19062,8
19062,1
19062,7
19063,4
19064,5
19065,3
19065,1
19066,10
19066,4
19067,4
19067,10
19067,6
19068,0
19068,9
19069,7
19069,4
19069,5
19071,1
19072,0
19072,9
19073,9
19074,5
19074,6
19076,6
19076,0
19077,0
19077,3
19077,4
19080,10
19081,9
19081,1
19081,6
19082,1
19082,4
19083,10
19083,0
19083,6
19084,9
19084,2
19086,0
19087,6
19087,0
19089,7
19089,9
19089,1
19089,6
19090,8
19090,0
19091,0
19093,2
19095,8
19099,5
19102,2
19105,1
19106,0
19107,4
19107,1
19109,7
19109,10
19109,0
19110,9
19111,9
19113,10
19116,6
19116,4
19116,1
19117,10
19118,0
19119,3
19121,6
19122,1
19123,3
19124,7
19126,2
19126,5
19128,4
19128,3
19130,10
19130,9
19130,3
19131,2
19134,5
19135,0
19136,10
19139,5
19140,5
19140,1
19142,9
19142,6
19143,7
19143,3
19143,9
19144,1
19144,6
19144,0
19145,4
19146,4
19147,5
19147,3
19147,2
19147,0
19148,4
19150,0
19151,4
19152,1
19153,6
19153,5
19154,3
19158,2
19159,0
19160,0
19160,5
19162,6
19163,0
19165,5
19165,7
19166,7
19167,10
19168,2
19169,6
19169,5
19169,0
19172,1
19172,0
19173,7
19177,3
19179,8
19179,7
19181,0
19181,3
19181,10
19182,3
19183,9
19185,8
19189,6
19189,0
19190,5
19190,6
19190,2
19191,2
19192,9
19193,3
19193,0
19194,7
19194,10
19194,8
19197,5
19197,6
19197,10
19198,3
19199,6
19200,10
19200,2
19200,3
19201,5
19202,9
19203,3
19205,1
19206,3
19206,1
19206,7
19207,8
19209,0
19210,10
19210,8
19211,9
19211,10
19212,2
19213,10
19215,3
19216,0
19216,5
19218,9
19219,5
19220,0
19221,5
19221,10
19221,1
19223,4
19224,2
19224,1
19225,10
19227,3
19229,9
19229,3
19229,1
19230,2
19230,7
19231,5
19232,6
19232,10
19233,0
19234,7
19235,10
19236,8
19236,9
19236,7
19238,1
19238,10
19238,4
19239,3
19240,0
19243,3
19244,2
19246,2
19246,8
19247,7
19248,4
19248,8
19248,2
19249,9
19249,10
19250,2
19252,8
19253,6
19253,9
19255,2
19256,1
19257,7
19257,6
19258,1
19258,7
19262,0
19262,9
19263,6
19264,6
19264,0
19264,9
19265,5
19268,6
19268,3
19268,5
19270,0
19271,2
19272,7
19273,2
19276,6
19277,0
19277,9
19279,6
19279,3
19280,7
19282,7
19283,8
19284,1
19284,6
19286,5
19288,8
19289,3
19290,8
19290,6
19291,0
19293,0
19293,3
19293,4
19296,1
19299,1
19299,9
19301,3
19301,2
19303,8
19303,9
19304,1
19305,5
19305,10
19306,6
19306,3
19306,7
19307,4
19308,5
19309,2
19310,2
19310,6
19312,4
19317,6
19318,1
19321,10
19321,2
19321,5
19322,9
19322,3
19323,10
19324,0
19325,3
19325,4
19326,9
19327,7
19327,6
19330,4
19331,0
19331,10
19332,2
19333,1
19335,8
19335,10
19336,4
19337,7
19338,4
19338,8
19338,0
19338,1
19339,1
19340,9
19341,6
19341,0
19342,4
19342,8
19343,4
19343,7
19344,10
19345,8
19348,9
19349,10
19349,7
19349,5
19349,1
19349,0
19350,8
19350,1
19351,2
19352,7
19355,3
19355,9
19355,6
19356,3
19357,0
19357,8
19358,6
19358,3
19359,3
19359,9
19360,1
19361,4
19363,10
19363,4
19364,2
19365,1
19366,6
19370,6
19370,9
19371,9
19371,1
19373,2
19377,6
19379,8
19380,0
19381,6
19382,8
19383,5
19383,3
19383,6
19384,4
19384,9
19385,1
19385,3
19386,5
19387,7
19387,5
19387,10
19388,8
19391,1
19392,4
19394,5
19394,0
19395,2
19395,6
19399,6
19400,5
19403,9
19403,1
19404,2
19404,8
19405,1
19406,0
19406,6
19410,5
19411,0
19413,0
19414,1
19418,2
19421,1
19422,1
19424,2
19428,1
19428,0
19429,8
19429,10
19430,0
19432,8
19433,10
19433,2
19434,4
19435,3
19436,9
19441,1
19442,6
19442,0
19445,1
19449,10
19450,7
19451,3
19452,10
19454,10
19456,9
19457,8
19457,6
19457,5
19459,1
19460,0
19460,6
19464,4
19465,9
19467,10
19467,3
19467,8
19467,9
19467,0
19470,10
19470,9
19470,2
19471,9
19471,4
19471,3
19472,6
19472,9
19473,5
19474,7
19475,6
19475,8
19475,0
19476,8
19476,0
19476,7
19478,5
19479,6
19480,1
19480,7
19482,4
19484,0
19485,7
19485,8
19485,2
19485,9
19485,0
19485,1
19486,9
19486,1
19486,2
19487,3
19488,5
19490,8
19491,10
19491,4
19493,10
19493,3
19494,4
19494,3
19494,10
19496,2
19498,9
19498,10
19499,8
19500,2
19502,1
19505,2
19505,3
19505,9
19506,10
19506,3
19506,7
19507,10
19507,3
19508,9
19509,5
19509,10
19509,1
19510,1
19511,1
19511,2
19513,5
19513,8
19517,6
19517,9
19518,8
19519,2
19521,8
19521,2
19521,7
19522,1
19523,8
19523,2
19523,4
19524,0
19525,9
19527,0
19527,3
19527,7
19528,9
19528,4
19531,10
19532,9
19534,4
19535,6
19537,9
19537,2
19537,4
19540,5
19540,3
19541,0
19541,1
19543,8
19544,1
19545,9
19545,5
19545,4
19547,10
19548,10
19549,8
19550,0
19551,3
19552,8
19553,9
19554,1
19554,5
19555,4
19555,1
19555,2
19557,10
19558,3
19558,6
19559,4
19560,0
19560,6
19560,10
19560,5
19561,4
19563,0
19563,7
19564,4
19564,6
19564,9
19565,10
19567,6
19567,2
19568,5
19568,7
19569,7
19570,0
19575,7
19575,3
19576,8
19579,0
19580,6
19581,7
19582,0
19584,10
19584,7
19584,1
19585,10
19587,0
19591,5
19591,6
19591,7
19592,7
19594,1
19594,3
19596,4
19597,0
19597,6
19598,3
19599,0
19599,6
19599,7
19600,3
19600,9
19601,1
19601,7
19602,8
19602,1
19602,10
19604,3
19606,4
19607,0
19608,7
19610,9
19612,3
19614,8
19620,10
19621,5
19622,0
19622,6
19625,9
19627,8
19627,10
19628,1
19629,2
19630,1
19632,2
19632,5
19634,10
19634,2
19636,8
19636,0
19637,5
19637,8
19639,4
19639,0
19640,9
19640,10
19641,9
19641,8
19642,7
19642,2
19643,5
19645,2
19646,1
19646,6
19646,5
19647,9
19647,7
19647,10
19648,2
19652,0
19653,6
19653,1
19654,10
19656,8
19656,3
19657,7
19658,9
19661,8
19661,3
19662,6
19665,7
19665,4
19670,4
19670,7
19671,0
19672,3
19672,1
19673,2
19674,3
19675,8
19676,4
19676,3
19677,5
19677,1
19679,1
19679,2
19679,10
19681,2
19681,10
19683,7
19683,3
19683,0
19685,1
19685,7
19686,1
19686,6
19687,6
19688,0
19689,10
19690,3
19691,3
19693,4
19693,8
19694,0
19695,7
19697,6
19697,3
19698,7
19699,7
19699,6
19700,6
19701,2
19702,4
19702,6
19702,3
19703,3
19703,6
19704,8
19705,1
19706,6
19706,3
19707,5
19707,2
19708,2
19709,7
19710,3
19711,3
19714,6
19717,6
19718,6
19721,5
19721,3
19722,0
19722,5
19722,2
19724,1
19725,8
19726,6
19728,9
19728,1
19730,1
19731,3
19732,8
19733,9
19734,9
19734,6
19735,3
19735,9
19736,5
19736,1
19738,5
19739,7
19740,4
19741,6
19741,8
19741,1
19742,7
19743,6
19744,8
19744,2
19745,5
19746,6
19747,10
19749,7
19753,10
19759,4
19760,7
19762,1
19763,9
19763,7
19763,2
19765,3
19766,7
19766,4
19770,4
19772,1
19773,1
19775,9
19776,0
19777,4
19784,5
19785,9
19786,7
19788,1
19788,6
19790,6
19791,9
19792,0
19796,2
19798,2
19800,5
19802,6
19802,1
19802,2
19804,3
19809,6
19813,5
19815,0
19815,8
19816,3
19818,1
19820,6
19821,8
19824,0
19824,4
19825,6
19826,4
19826,9
19827,9
19830,10
19830,2
19830,1
19830,8
19831,4
19832,5
19832,2
19833,9
19834,7
19837,0
19838,4
19843,3
19844,0
19844,7
19844,1
19845,4
19846,9
19848,0
19849,5
19850,2
19851,4
19853,2
19853,1
19853,8
19858,5
19859,0
19860,5
19863,2
19863,4
19864,1
19865,2
19868,6
19870,9
19871,4
19871,5
19872,8
19872,2
19874,9
19875,7
19876,10
19877,7
19878,6
19879,6
19881,7
19882,7
19882,9
19883,4
19884,1
19885,8
19886,5
19886,0
19887,9
19887,2
19890,7
19890,9
19893,2
19893,1
19894,8
19894,4
19896,0
19897,0
19897,8
19897,5
19897,1
19898,4
19898,0
19898,9
19898,6
19899,2
19899,6
19900,10
19901,6
19901,0
19901,7
19902,9
19902,10
19904,5
19905,10
19905,5
19906,1
19907,0
19907,2
19907,3
19908,3
19908,10
19909,2
19909,4
19911,9
19912,6
19912,1
19914,3
19916,8
19918,9
19919,10
19920,5
19922,6
19924,7
19925,1
19925,6
19926,4
19928,10
19928,2
19929,7
19929,9
19930,8
19931,8
19932,5
19932,0
19933,10
19933,6
19934,8
19935,2
19935,7
19937,3
19938,10
19939,10
19939,6
19940,9
19941,10
19941,0
19942,8
19943,8
19944,0
19944,4
19944,6
19947,5
19948,1
19949,5
19949,0
19951,6
19952,2
19953,6
19956,10
19956,2
19958,10
19958,9
19958,8
19959,8
19960,2
19960,1
19961,7
19961,8
19964,10
19965,2
19966,8
19966,3
19967,6
19967,10
19969,9
19969,3
19971,10
19972,9
19973,7
19973,10
19974,6
19974,3
19975,0
19977,5
19977,9
19977,8
19977,4
19978,6
19979,6
19980,9
19980,4
19981,10
19982,6
19983,0
19984,4
19984,6
19984,0
19985,1
19986,0
19987,7
19987,3
19988,3
19989,9
19989,0
19989,1
19992,7
19992,2
19992,1
19992,0
19994,1
19995,8
19995,3
19995,7
19995,9
19996,8
19996,7
19998,6
20001,4
20001,10
20001,8
20003,10
20004,1
20004,9
20004,2
20005,5
20006,6
20007,10
20008,6
20008,8
20009,8
20009,6
20010,1
20011,0
20011,10
20012,3
20013,6
20014,5
20016,0
20021,10
20022,1
20022,7
20023,10
20023,9
20026,5
20026,0
20026,6
20027,3
20027,2
20028,2
20028,0
20029,1
20030,0
20033,8
20033,0
20036,10
20036,9
20036,8
20037,3
20038,6
20039,5
20040,0
20041,7
20043,7
20044,8
20045,0
20045,3
20046,9
20047,8
20048,2
20050,7
20051,0
20051,2
20051,6
20054,0
20056,8
20056,9
20057,1
20058,9
20060,4
20061,7
20062,6
20063,10
20063,6
20064,0
20065,3
20068,0
20070,7
20071,4
20071,1
20071,9
20071,2
20071,7
20071,8
20072,7
20072,0
20072,3
20072,9
20073,9
20073,7
20075,7
20076,10
20077,0
20078,0
20078,2
20079,0
20080,10
20080,9
20080,6
20081,4
20082,8
20083,4
20085,3
20086,10
20087,2
20088,5
20089,9
20092,8
20092,3
20092,6
20094,1
20095,8
20096,5
20096,7
20097,10
20098,9
20098,8
20098,7
20099,4
20103,1
20104,1
20104,9
20105,7
20106,7
20107,1
20107,6
20108,8
20110,9
20110,7
20112,5
20112,9
20113,8
20115,5
20116,9
20117,3
20117,2
20117,0
20119,4
20120,10
20120,1
20122,8
20122,5
20126,8
20129,2
20129,7
20130,5
20130,8
20132,6
20134,4
20135,6
20135,8
20137,8
20137,3
20138,2
20139,9
20139,7
20139,1
20140,4
20140,10
20142,7
20142,3
20142,4
20142,0
20144,2
20144,7
20145,9
20146,4
20146,8
20148,2
20151,4
20154,2
20155,0
20155,8
20156,2
20156,8
20156,5
20159,6
20159,5
20159,4
20159,2
20161,2
20162,8
20162,7
20165,2
20165,4
20165,7
20165,0
20165,3
20167,7
20169,7
20169,3
20170,1
20170,7
20173,6
20174,8
20174,4
20175,2
20177,0
20177,5
20179,4
20179,1
20180,2
20181,9
20181,5
20181,4
20182,8
20183,3
20183,8
20183,6
20184,0
20184,6
20188,7
20189,5
20192,4
20192,6
20194,3
20194,1
20197,8
20202,2
20202,10
20202,9
20202,5
20203,0
20204,4
20205,2
20206,3
20208,5
20209,3
20211,6
20211,10
20211,0
20212,2
20213,2
20215,6
20217,4
20218,3
20220,5
20223,9
20223,10
20223,3
20225,3
20228,0
20229,5
20229,4
20230,7
20231,0
20232,1
20233,6
20235,6
20237,3
20239,2
20239,9
20239,1
20240,10
20240,9
20242,10
20243,7
20246,5
20246,7
20247,9
20247,7
20248,7
20249,4
20250,10
20250,2
20251,9
20252,0
20252,10
20253,0
20253,7
20255,2
20256,9
20256,3
20256,6
20257,7
20259,3
20260,1
20261,5
20262,7
20262,0
20266,10
20266,9
20267,9
20267,3
20269,9
20270,9
20271,9
20271,2
20271,7
20271,3
20272,0
20273,7
20274,4
20275,4
20275,2
20277,4
20279,0
20280,4
20280,1
20281,5
20281,2
20282,1
20283,1
20285,10
20287,4
20287,0
20288,2
20289,8
20291,1
20293,2
20294,9
20295,7
20297,6
20298,6
20298,0
20298,2
20303,10
20303,7
20304,7
20304,6
20305,8
20305,4
20307,9
20308,0
20309,4
20310,4
20311,4
20314,3
20314,5
20315,1
20316,4
20318,7
20318,3
20318,0
20319,1
20322,4
20323,10
20324,7
20324,10
20327,7
20327,1
20331,0
20331,7
20332,0
20334,6
20334,2
20335,1
20335,10
20335,8
20336,10
20337,5
20337,3
20338,1
20338,2
20339,6
20339,3
20340,6
20341,5
20341,6
20342,2
20342,10
20347,10
20348,6
20348,8
20349,7
20351,6
20352,5
20352,0
20352,4
20353,8
20355,2
20355,7
20360,3
20360,1
20365,3
20367,9
20369,10
20370,4
20371,6
20372,2
20373,6
20374,0
20374,7
20375,8
20375,1
20376,9
20376,10
20377,8
20383,6
20386,0
20386,6
20387,2
20389,2
20390,7
20391,6
20394,3
20396,5
20397,2
20398,1
20398,10
20399,4
20400,4
20402,5
20402,2
20404,1
20404,0
20411,0
20413,1
20413,2
20414,3
20416,0
20420,7
20420,10
20421,0
20421,7
20423,7
20423,2
20424,7
20425,4
20427,9
20427,10
20428,7
20429,3
20429,1
20429,6
20430,6
20431,0
20432,1
20432,2
20432,5
20433,3
20434,10
20436,0
20436,7
20437,2
20437,0
20438,8
20438,10
20439,4
20440,5
20440,6
20441,2
20441,6
20442,8
20443,7
20444,10
20444,9
20444,4
20444,5
20445,9
20447,5
20447,6
20447,0
20448,2
20449,0
20449,2
20450,10
20450,8
20452,8
20454,9
20454,8
20456,0
20457,7
20458,7
20458,6
20458,0
20460,7
20464,6
20465,6
20466,6
20467,2
20468,7
20468,2
20470,10
20472,8
20472,3
20472,2
20473,0
20475,5
20475,2
20478,10
20480,8
20481,1
20481,3
20482,7
20484,7
20484,3
20485,0
20485,1
20486,4
20486,5
20488,1
20490,9
20492,6
20494,1
20495,5
20495,4
20495,7
20497,7
20498,10
20498,7
20498,1
20500,2
20500,1
20502,2
20504,10
20504,5
20505,2
20506,6
20508,3
20508,10
20508,6
20508,5
20510,10
20510,6
20512,2
20512,1
20513,3
20513,9
20513,0
20514,4
20517,6
20520,5
20521,3
20522,2
20522,6
20522,0
20523,0
20524,1
20524,5
20525,5
20526,8
20526,9
20528,8
20529,7
20530,1
20530,4
20530,3
20530,7
20531,10
20532,4
20533,4
20533,3
20534,6
20535,4
20535,9
20536,6
20536,1
20537,10
20537,5
20538,7
20538,1
20538,4
20541,6
20541,4
20541,5
20542,1
20543,7
20543,6
20544,10
20545,5
20547,8
20548,7
20548,10
20550,10
20550,5
20551,5
20552,1
20553,4
20553,8
20554,0
20554,7
20555,6
20555,9
20555,1
20555,2
20556,8
20556,6
20557,0
20559,3
20560,0
20560,6
20560,8
20561,5
20562,10
20562,8
20564,0
20566,1
20568,4
20568,3
20568,6
20569,0
20573,2
20575,3
20576,4
20577,4
20577,10
20578,5
20579,7
20579,8
20580,7
20581,2
20582,9
20582,6
20583,8
20583,1
20583,2
20586,2
20587,1
20589,5
20589,1
20590,5
20590,4
20591,8
20593,6
20594,9
20596,3
20596,2
20599,3
20600,0
20600,5
20601,3
20601,10
20602,0
20602,1
20604,5
20604,1
20604,10
20605,2
20607,9
20608,7
20609,5
20609,6
20610,4
20613,6
20616,8
20618,0
20618,2
20618,6
20620,5
20621,0
20622,4
20622,7
20622,9
20622,8
20622,10
20625,6
20626,0
20628,2
20628,10
20631,9
20631,7
20631,5
20634,0
20634,10
20635,5
20635,7
20636,9
20637,5
20638,3
20638,0
20639,7
20639,10
20639,9
20639,6
20640,6
20640,8
20642,4
20642,10
20643,1
20645,0
20647,1
20648,2
20648,6
20649,10
20649,3
20649,2
20650,0
20650,5
20651,3
20652,1
20653,2
20654,4
20654,1
20655,5
20657,3
20657,4
20658,5
20659,4
20664,4
20667,10
20668,5
20669,4
20670,1
20671,7
20671,2
20672,5
20675,2
20677,0
20678,9
20678,1
20681,3
20683,7
20686,7
20689,6
20692,0
20692,6
20694,8
20697,10
20697,3
20698,9
20699,0
20700,5
20700,2
20701,1
20701,4
20702,6
20702,9
20702,10
20703,7
20704,1
20705,7
20705,8
20705,6
20706,3
20707,10
20707,0
20708,3
20709,10
20709,2
20709,3
20710,7
20710,8
20713,2
20714,1
20715,0
20715,5
20716,1
20718,4
20719,6
20720,0
20721,5
20723,6
20723,8
20723,4
20723,7
20724,6
20725,3
20725,9
20726,5
20727,9
20729,0
20730,3
20730,2
20731,6
20731,4
20732,10
20732,7
20735,2
20736,5
20737,4
20737,0
20739,8
20741,6
20741,9
20742,5
20742,8
20744,1
20745,3
20746,9
20750,2
20753,3
20754,1
20755,4
20757,8
20758,1
20758,2
20761,10
20761,6
20763,3
20764,4
20764,3
20765,6
20765,7
20771,2
20772,4
20773,10
20773,7
20774,0
20774,7
20774,1
20776,10
20776,4
20777,10
20777,2
20779,4
20780,7
20781,4
20781,2
20783,3
20785,0
20785,6
20786,1
20786,4
20786,7
20787,9
20787,10
20789,0
20790,7
20790,5
20791,5
20791,2
20793,8
20793,2
20794,10
20795,7
20796,10
20797,8
20798,1
20798,8
20799,4
20800,10
20802,5
20803,2
20803,0
20804,4
20805,2
20806,6
20809,6
20810,5
20811,0
20811,9
20814,5
20816,2
20816,9
20817,0
20817,3
20817,5
20818,7
20819,9
20819,6
20820,2
20820,3
20821,7
20823,2
20823,4
20824,4
20825,7
20827,10
20828,5
20828,7
20829,5
20831,8
20832,7
20836,9
20836,4
20836,7
20839,2
20840,2
20843,6
20843,1
20851,6
20851,7
20854,2
20856,0
20856,4
20856,6
20857,6
20858,3
20858,9
20858,0
20859,3
20860,1
20861,10
20861,6
20862,8
20864,8
20865,0
20866,1
20867,7
20869,3
20870,3
20872,8
20873,4
20874,10
20876,10
20877,2
20878,9
20878,10
20878,3
20879,8
20880,8
20881,10
20882,1
20882,4
20884,10
20884,6
20886,8
20886,4
20887,4
20888,0
20888,8
20889,4
20890,8
20891,8
20892,2
20893,5
20894,8
20894,4
20895,4
20896,4
20896,3
20899,4
20900,2
20901,2
20904,8
20905,7
20906,4
20906,5
20908,1
20908,6
20909,5
20910,3
20911,3
20913,7
20914,9
20914,4
20914,7
20914,10
20915,9
20917,10
20918,10
20918,3
20919,7
20919,5
20919,2
20920,10
20923,0
20924,8
20925,2
20925,6
20930,7
20930,6
20931,9
20931,1
20932,1
20932,2
20933,1
20934,5
20934,10
20934,7
20936,3
20936,1
20938,6
20943,1
20943,8
20944,3
20944,10
20944,9
20944,5
20945,8
20947,4
20948,9
20951,1
20952,8
20952,10
20954,1
20957,0
20959,2
20962,7
20963,0
20965,2
20967,0
20968,2
20968,9
20970,7
20970,3
20970,10
20972,1
20973,1
20974,6
20976,10
20977,0
20977,2
20978,3
20978,8
20978,4
20979,2
20979,3
20980,5
20980,8
20981,3
20981,2
20982,0
20983,6
20984,3
20984,7
20987,3
20988,9
20988,8
20989,8
20991,9
20991,10
20992,10
20993,10
20993,0
20995,8
20997,10
20998,7
20999,5
21000,4
21000,0
21001,2
21001,0
21002,7
21004,8
21005,10
21005,4
21006,9
21006,6
21007,8
21009,2
21009,10
21011,10
21014,6
21015,7
21015,2
21016,5
21016,0
21017,9
21017,3
21018,2
21019,7
21020,0
21021,3
21021,10
21022,5
21022,2
21022,6
21023,2
21024,2
21024,0
21026,7
21027,3
21027,2
21028,1
21029,0
21030,5
21031,4
21031,2
21031,9
21033,1
21034,1
21035,2
21035,5
21035,7
21036,3
21037,10
21038,8
21042,0
21043,9
21043,0
21044,9
21045,8
21045,2
21045,7
21047,2
21048,2
21049,7
21049,6
21051,5
21052,2
21053,7
21053,3
21053,8
21056,2
21057,3
21057,2
21061,10
21062,6
21062,0
21063,7
21065,9
21067,9
21068,10
21068,9
21068,0
21072,0
21072,1
21074,3
21075,2
21076,3
21077,4
21077,3
21078,7
21078,5
21079,2
21079,9
21079,8
21081,10
21083,9
21083,2
21084,8
21085,0
21087,0
21090,2
21092,2
21092,3
21093,8
21093,7
21093,4
21094,0
21094,2
21095,6
21097,2
21098,6
21098,1
21099,6
21100,8
21101,8
21101,1
21101,5
21102,1
21104,7
21105,8
21106,1
21106,6
21106,9
21108,6
21110,3
21111,10
21113,8
21115,6
21118,7
21119,0
21119,6
21119,2
21119,9
21120,6
21120,7
21121,5
21121,2
21123,7
21126,5
21126,3
21129,9
21130,9
21130,10
21130,7
21131,1
21134,9
21134,7
21134,3
21135,3
21135,1
21136,0
21139,0
21140,5
21140,10
21141,1
21142,8
21143,7
21144,4
21144,6
21145,2
21146,1
21147,4
21147,9
21147,10
21149,8
21150,10
21150,5
21150,8
21150,6
21151,9
21151,3
21152,9
21154,5
21154,10
21154,4
21155,4
21155,9
21155,10
21159,0
21160,7
21163,4
21164,7
21164,2
21164,8
21165,8
21165,10
21167,6
21168,8
21168,9
21172,2
21173,2
21175,9
21176,1
21177,10
21177,0
21177,5
21179,8
21179,5
21179,0
21181,0
21182,4
21183,5
21183,6
21186,7
21187,3
21187,5
21188,8
21189,4
21189,1
21189,0
21191,0
21192,10
21192,0
21193,0
21194,0
21194,3
21195,5
21196,1
21197,4
21199,2
21201,9
21202,3
21203,8
21204,6
21204,9
21206,2
21206,9
21207,1
21208,10
21208,1
21211,0
21212,4
21212,0
21213,8
21213,6
21213,4
21214,3
21215,7
21216,5
21217,10
21218,4
21218,1
21218,3
21219,1
21221,1
21221,0
21222,1
21223,9
21225,10
21226,6
21226,9
21227,3
21227,5
21230,0
21231,4
21233,1
21237,5
21237,9
21239,2
21239,6
21240,7
21241,1
21241,0
21242,7
21242,8
21243,9
21244,6
21244,5
21247,6
21250,8
21251,5
21251,9
21252,7
21255,7
21255,4
21255,3
21256,7
21256,5
21256,4
21257,8
21258,9
21258,8
21259,8
21260,10
21261,0
21261,8
21263,0
21265,3
21265,4
21267,9
21267,8
21268,8
21269,3
21269,1
21270,1
21270,8
21271,1
21272,4
21274,3
21275,8
21276,1
21277,2
21278,2
21281,9
21282,3
21282,9
21283,1
21286,8
21287,3
21287,1
21287,6
21289,10
21290,4
21290,3
21291,8
21292,9
21292,7
21292,6
21292,1
21295,3
21295,2
21296,4
21297,5
21299,3
21301,7
21304,1
21304,0
21304,7
21305,2
21307,9
21307,4
21307,6
21309,6
21311,5
21311,6
21311,2
21313,8
21314,4
21314,1
21315,1
21315,4
21318,0
21319,5
21321,2
21322,6
21323,1
21323,7
21324,9
21324,5
21325,1
21326,0
21326,3
21327,7
21327,1
21328,0
21329,1
21329,10
21330,8
21331,6
21332,2
21333,9
21334,9
21335,9
21335,2
21335,6
21335,3
21335,0
21336,10
21336,6
21337,4
21338,10
21340,7
21342,7
21343,9
21344,6
21344,9
21346,8
21346,7
21348,8
21350,4
21350,0
21351,4
21353,5
21355,2
21358,0
21358,3
21362,0
21366,1
21367,8
21367,5
21368,9
21371,1
21372,5
21373,3
21373,1
21374,3
21374,2
21375,8
21376,3
21376,6
21377,4
21380,3
21382,6
21383,8
21384,3
21386,10
21386,3
21387,10
21387,9
21387,7
21388,9
21388,0
21389,6
21392,7
21393,2
21393,3
21394,5
21395,7
21395,1
21395,2
21395,9
21396,8
21397,0
21397,5
21397,6
21398,9
21399,3
21400,3
21401,3
21403,4
21404,3
21405,5
21406,7
21409,3
21409,4
21410,3
21412,0
21412,5
21413,9
21413,5
21414,9
21416,2
21416,3
21417,8
21420,0
21421,3
21421,8
21422,6
21422,5
21424,3
21426,4
21426,8
21426,5
21427,9
21427,2
21428,5
21430,6
21431,5
21436,10
21437,1
21438,9
21438,8
21439,5
21439,1
21440,6
21441,5
21442,5
21443,7
21444,7
21447,4
21447,5
21448,2
21448,0
21448,6
21450,0
21451,0
21453,2
21453,0
21453,1
21454,7
21455,10
21456,0
21457,2
21459,0
21460,7
21460,2
21462,4
21463,10
21464,10
21464,1
21465,10
21465,7
21465,0
21467,3
21468,5
21468,10
21468,3
21469,8
21470,7
21473,7
21473,10
21475,9
21477,7
21478,7
21479,6
21480,8
21482,4
21483,7
21485,9
21485,5
21487,6
21488,6
21490,10
21491,6
21491,10
21493,5
21493,9
21494,10
21496,4
21496,1
21497,3
21498,10
21498,2
21498,1
21500,1
21500,8
21503,8
21505,0
21506,9
21507,1
21507,7
21508,4
21509,4
21510,8
21511,8
21511,9
21513,4
21518,9
21519,1
21522,8
21524,8
21525,7
21526,10
21529,2
21530,9
21532,8
21534,1
21534,5
21535,3
21535,10
21535,1
21536,3
21538,9
21540,9
21541,10
21544,8
21545,7
21545,8
21546,4
21547,1
21547,10
21547,0
21548,3
21548,4
21549,3
21550,2
21551,4
21551,6
21553,1
21553,5
21553,4
21554,8
21555,3
21556,3
21558,8
21559,4
21559,5
21560,4
21561,7
21561,6
21562,3
21564,4
21565,4
21566,9
21566,3
21567,0
21568,9
21568,3
21568,1
21568,8
21570,3
21570,7
21571,5
21571,7
21572,6
21572,1
21573,6
21574,3
21575,4
21576,8
21578,9
21580,8
21581,4
21581,1
21582,8
21582,6
21583,3
21584,6
21584,2
21585,6
21588,3
21589,8
21590,4
21591,8
21591,1
21591,2
21591,7
21592,2
21594,9
21594,10
21594,5
21596,7
21602,5
21603,8
21603,0
21603,9
21605,4
21607,10
21608,3
21608,5
21608,0
21610,10
21610,1
21611,10
21611,5
21611,2
21615,5
21615,6
21616,10
21617,3
21618,5
21619,10
21619,2
21620,7
21622,0
21623,10
21625,7
21626,0
21626,4
21627,6
21629,7
21629,10
21631,4
21631,2
21631,1
21631,3
21632,4
21633,7
21633,6
21635,3
21637,9
21638,3
21639,6
21639,9
21639,4
21640,10
21641,0
21641,6
21642,9
21643,0
21644,9
21645,9
21645,3
21645,1
21646,7
21647,2
21648,5
21648,7
21649,7
21649,1
21650,7
21652,9
21652,0
21653,4
21655,6
21656,10
21656,5
21657,6
21657,3
21660,0
21661,10
21661,8
21661,1
21662,6
21662,2
21662,9
21664,3
21664,4
21665,3
21665,8
21669,8
21669,4
21670,1
21672,7
21672,3
21674,4
21679,5
21680,0
21681,1
21682,5
21682,9
21683,9
21684,6
21686,10
21686,2
21687,1
21689,2
21690,7
21690,2
21691,0
21691,1
21693,3
21694,9
21694,4
21695,1
21696,4
21697,0
21698,5
21699,8
21701,5
21703,1
21703,0
21703,4
21704,10
21705,6
21707,4
21707,7
21707,6
21708,1
21709,7
21711,7
21712,5
21713,3
21714,0
21714,5
21716,6
21716,2
21721,6
21724,3
21724,1
21725,4
21726,1
21728,6
21728,4
21729,9
21731,8
21732,2
21733,0
21733,9
21735,10
21736,6
21738,8
21740,8
21741,8
21741,9
21741,0
21742,6
21742,2
21743,4
21743,5
21743,7
21744,2
21744,8
21745,6
21745,1
21747,4
21748,6
21749,9
21750,8
21750,5
21754,1
21755,8
21755,0
21756,3
21756,8
21756,4
21757,8
21761,0
21765,10
21767,8
21768,7
21769,8
21771,1
21771,3
21771,0
21772,1
21774,8
21775,1
21775,9
21776,10
21777,5
21777,9
21777,4
21778,10
21781,6
21783,4
21783,6
21785,8
21786,9
21787,5
21787,0
21787,1
21788,2
21788,0
21790,7
21790,4
21792,7
21794,6
21796,7
21797,6
21797,10
21798,0
21799,2
21801,7
21802,9
21808,6
21808,4
21810,7
21811,3
21813,6
21813,9
21813,2
21816,10
21817,8
21820,4
21821,0
21821,6
21823,0
21827,4
21829,10
21829,2
21829,1
21831,2
21832,5
21832,10
21834,6
21834,2
21835,6
21837,2
21837,4
21840,3
21841,0
21841,9
21842,6
21844,7
21845,7
21847,4
21848,8
21848,3
21849,4
21849,7
21852,2
21852,1
21854,6
21854,5
21855,2
21855,8
21855,0
21856,2
21857,8
21858,0
21862,7
21863,5
21864,10
21865,6
21866,2
21867,9
21868,10
21868,9
21869,9
21869,3
21870,8
21873,0
21874,2
21875,3
21876,1
21877,10
21878,8
21879,5
21881,3
21882,2
21882,6
21884,0
21887,6
21888,9
21888,1
21889,10
21891,10
21891,8
21891,3
21892,3
21892,1
21892,0
21893,7
21896,2
21897,6
21897,1
21899,10
21899,8
21902,4
21903,1
21904,5
21904,10
21904,7
21905,7
21905,3
21906,5
21907,7
21907,6
21910,8
21910,5
21910,0
21910,10
21911,6
21911,4
21912,3
21913,6
21914,3
21915,2
21918,9
21920,8
21920,6
21922,9
21923,7
21923,4
21924,5
21925,7
21926,8
21926,10
21927,1
21927,7
21927,0
21928,3
21928,9
21928,5
21928,8
21929,4
21929,2
21932,7
21934,3
21934,2
21934,7
21934,10
21935,7
21935,9
21936,1
21936,10
21938,1
21938,5
21939,4
21939,7
21939,3
21940,1
21940,8
21941,0
21941,2
21944,5
21944,3
21945,3
21946,5
21947,9
21948,5
21950,0
21952,8
21954,5
21954,6
21954,3
21955,6
21955,3
21957,2
21958,2
21960,2
21960,4
21961,2
21961,5
21962,6
21965,9
21967,4
21967,0
21968,4
21968,10
21968,5
21970,7
21971,0
21972,2
21975,6
21978,1
21978,7
21981,8
21981,9
21983,4
21983,5
21984,2
21984,0
21986,5
21987,10
21991,6
21993,5
21993,4
21994,8
21994,6
21994,0
21994,1
21995,0
21995,5
21996,1
21996,8
21999,2
22000,9
22000,2
22003,6
22004,3
22004,0
22004,2
22004,4
22006,3
22007,2
22007,10
22008,3
22011,8
22012,5
22012,7
22014,3
22014,7
22015,4
22016,7
22017,7
22018,8
22019,2
22019,3
22020,5
22022,5
22022,2
22023,2
22023,3
22023,9
22023,7
22024,0
22026,7
22029,10
22030,8
22030,4
22031,0
22032,5
22032,1
22033,0
22033,1
22034,8
22034,5
22036,8
22036,7
22037,0
22038,3
22038,4
22039,3
22039,10
22040,5
22040,7
22041,2
22042,5
22042,8
22042,0
22043,5
22048,2
22048,0
22052,9
22053,7
22054,8
22055,4
22060,2
22061,3
22061,6
22064,10
22065,0
22068,5
22068,0
22069,9
22069,1
22069,3
22071,1
22072,5
22073,0
22074,4
22076,2
22079,1
22080,2
22081,1
22081,7
22082,5
22083,8
22083,7
22083,9
22084,9
22084,3
22085,6
22086,6
22089,5
22089,9
22090,10
22090,2
22091,10
22092,2
22092,9
22093,8
22095,9
22096,3
22096,0
22098,4
22099,6
22101,7
22103,3
22103,6
22103,4
22105,3
22105,8
22106,6
22108,4
22109,8
22109,2
22109,3
22112,1
22113,1
22114,3
22115,5
22115,7
22115,3
22118,2
22121,0
22121,3
22123,9
22124,10
22124,3
22124,8
22127,2
22127,8
22127,7
22129,3
22129,5
22130,4
22130,3
22132,7
22132,6
22132,8
22136,9
22137,4
22139,5
22140,8
22141,8
22143,3
22144,7
22144,4
22146,4
22146,8
22147,3
22150,2
22150,10
22150,1
22152,8
22152,0
22156,2
22157,4
22157,9
22161,8
22162,2
22162,1
22164,5
22165,8
22166,0
22166,3
22167,9
22168,1
22168,8
22170,10
22171,5
22171,1
22171,8
22172,9
22172,5
22174,3
22175,4
22176,9
22177,6
22178,2
22178,6
22180,9
22183,8
22184,8
22184,4
22184,10
22187,6
22187,9
22192,6
22194,4
22195,4
22196,10
22197,0
22198,5
22200,7
22200,0
22202,1
22203,7
22203,0
22203,4
22203,3
22204,6
22205,6
22205,10
22205,8
22206,6
22208,0
22209,1
22210,7
22211,10
22212,6
22217,1
22217,10
22218,10
22218,0
22220,5
22223,2
22224,9
22226,1
22228,1
22228,9
22230,3
22230,9
22231,9
22233,1
22234,9
22236,0
22240,5
22241,7
22245,7
22246,4
22248,5
22248,10
22249,9
22249,10
22249,6
22251,3
22253,7
22253,3
22254,4
22255,0
22257,9
22258,7
22259,1
22261,4
22261,10
22263,7
22264,2
22264,0
22265,9
22265,8
22265,6
22267,2
22268,7
22268,1
22270,3
22270,7
22271,7
22271,0
22272,0
22274,0
22275,5
22275,10
22277,10
22277,2
22278,4
22278,10
22278,9
22278,7
22279,0
22280,1
22281,2
22282,1
22283,10
22284,5
22284,0
22287,6
22287,1
22287,8
22289,4
22291,8
22292,2
22292,3
22292,9
22293,10
22293,0
22293,2
22297,6
22297,8
22302,10
22303,0
22306,7
22306,10
22307,7
22310,0
22312,10
22313,8
22314,6
22315,0
22316,8
22316,9
22318,7
22319,1
22319,4
22321,5
22321,8
22322,5
22323,9
22324,6
22325,5
22328,9
22331,5
22332,2
22332,3
22332,0
22333,8
22335,8
22338,5
22339,6
22340,1
22341,8
22342,9
22345,5
22346,7
22347,1
22347,10
22348,1
22349,6
22350,2
22351,0
22351,9
22352,5
22352,0
22356,10
22356,4
22359,3
22360,0
22360,7
22362,5
22364,6
22365,9
22365,5
22366,9
22368,7
22369,8
22370,0
22371,5
22371,1
22372,1
22372,10
22373,5
22376,4
22376,6
22376,1
22376,3
22377,10
22377,0
22378,1
22379,7
22379,2
22382,8
22383,3
22383,9
22385,1
22385,0
22386,2
22386,6
22387,2
22387,7
22389,5
22389,7
22390,10
22391,0
22394,9
22394,8
22394,7
22395,4
22395,0
22398,10
22399,7
22400,8
22401,10
22401,9
22404,6
22405,8
22405,7
22406,7
22407,7
22410,10
22413,1
22415,9
22416,1
22417,8
22417,9
22418,8
22421,4
22422,1
22422,8
22424,6
22430,5
22431,8
22433,5
22435,8
22436,7
22436,9
22437,3
22440,8
22442,0
22445,1
22445,10
22445,0
22445,9
22447,10
22449,7
22449,0
22450,0
22450,1
22451,6
22452,0
22455,8
22456,9
22458,5
22460,0
22461,0
22462,8
22465,5
22466,8
22468,7
22470,0
22471,4
22472,3
22472,8
22474,10
22475,5
22476,3
22477,8
22477,9
22478,0
22478,9
22479,7
22480,7
22481,10
22482,9
22482,8
22482,1
22483,4
22484,5
22485,3
22485,8
22485,5
22486,7
22486,0
22488,8
22488,1
22490,2
22490,8
22491,8
22493,9
22493,0
22493,1
22495,10
22500,6
22501,8
22501,7
22501,2
22502,9
22503,10
22503,6
22504,10
22504,8
22505,5
22505,4
22505,2
22507,3
22507,0
22508,7
22508,8
22509,1
22509,2
22510,2
22510,5
22510,8
22511,10
22516,10
22516,0
22517,7
22518,1
22518,2
22518,10
22519,8
22521,2
22522,1
22522,6
22523,7
22524,1
22525,8
22525,7
22526,5
22526,4
22527,2
22527,10
22527,0
22529,2
22532,9
22533,10
22534,2
22534,7
22535,7
22536,4
22537,6
22537,4
22539,3
22541,3
22543,10
22544,1
22546,7
22548,6
22548,3
22548,4
22549,8
22551,5
22551,10
22552,3
22553,10
22553,5
22554,7
22555,6
22557,0
22559,2
22563,3
22564,3
22565,10
22565,1
22567,1
22568,2
22571,5
22572,2
22573,4
22573,9
22573,5
22574,5
22574,7
22575,1
22575,4
22577,6
22578,2
22580,6
22580,8
22580,1
22584,2
22586,7
22587,2
22590,2
22592,4
22593,8
22595,7
22595,10
22598,7
22598,4
22600,4
22601,8
22603,10
22604,7
22604,8
22605,10
22606,2
22606,0
22608,4
22608,2
22608,9
22609,4
22609,9
22610,7
22610,6
22612,6
22612,8
22612,7
22613,2
22614,7
22617,1
22618,3
22618,4
22618,5
22619,5
22620,9
22621,8
22622,8
22624,1
22626,4
22629,1
22630,10
22630,9
22630,6
22633,7
22634,0
22634,2
22636,8
22637,10
22638,1
22639,9
22640,9
22641,8
22642,5
22643,9
22644,1
22645,9
22648,10
22648,5
22650,5
22650,4
22651,7
22653,7
22653,0
22653,8
22654,4
22655,6
22656,3
22657,4
22658,10
22659,2
22659,6
22659,8
22659,1
22660,5
22661,7
22661,4
22662,0
22663,4
22663,3
22664,4
22664,6
22667,6
22670,7
22672,5
22674,3
22676,0
22678,3
22679,3
22680,7
22688,4
22689,5
22689,2
22691,8
22692,7
22693,9
22695,7
22695,9
22697,0
22700,6
22701,5
22701,6
22704,8
22705,2
22707,7
22708,10
22709,10
22710,6
22712,0
22714,3
22715,7
22715,5
22716,4
22716,7
22717,0
22718,1
22718,3
22718,9
22719,8
22719,1
22720,2
22723,0
22725,4
22726,6
22726,1
22728,1
22729,9
22730,7
22730,2
22731,10
22732,4
22733,1
22733,4
22734,0
22734,5
22735,0
22737,9
22741,8
22742,0
22743,1
22745,3
22745,9
22747,5
22747,10
22751,1
22751,8
22752,4
22752,7
22752,1
22754,0
22755,0
22756,5
22756,7
22756,6
22757,2
22760,4
22760,1
22764,6
22766,9
22768,1
22770,0
22770,5
22771,10
22771,4
22772,9
22776,2
22778,5
22778,3
22779,9
22779,3
22781,3
22783,9
22785,4
22786,5
22787,1
22789,4
22792,5
22792,8
22793,3
22793,7
22793,2
22793,4
22794,7
22795,9
22795,3
22796,10
22796,6
22798,8
22799,8
22801,0
22802,0
22804,3
22805,6
22805,0
22806,7
22808,1
22808,6
22809,1
22809,0
22810,1
22810,4
22811,6
22812,6
22814,4
22815,8
22816,1
22817,7
22817,0
22818,3
22821,0
22821,3
22822,9
22822,3
22823,3
22826,10
22827,3
22827,1
22830,0
22831,8
22832,4
22835,10
22835,5
22835,3
22835,8
22837,4
22840,9
22843,0
22843,2
22845,0
22846,3
22846,9
22847,8
22847,10
22847,9
22847,3
22848,3
22849,10
22851,4
22851,6
22852,1
22852,6
22853,5
22854,9
22854,5
22856,2
22857,4
22858,6
22859,4
22860,7
22862,8
22863,7
22863,6
22864,2
22865,1
22865,9
22866,5
22867,4
22867,3
22869,6
22872,8
22872,9
22876,6
22876,0
22879,1
22880,4
22880,5
22880,6
22880,0
22882,8
22884,1
22884,10
22885,0
22886,3
22886,8
22887,7
22887,6
22887,1
22888,9
22892,8
22893,6
22895,3
22899,10
22900,8
22902,10
22902,0
22902,9
22903,7
22904,3
22906,2
22907,2
22908,5
22910,3
22915,9
22916,6
22917,8
22917,6
22921,10
22922,2
22923,10
22923,0
22925,10
22927,3
22928,3
22928,0
22929,10
22929,7
22929,4
22930,0
22931,9
22935,8
22935,5
22936,6
22936,7
22938,0
22938,10
22939,4
22939,9
22940,8
22940,5
22942,10
22942,7
22945,2
22946,8
22947,6
22950,8
22951,6
22951,5
22955,2
22955,4
22956,7
22958,1
22959,9
22960,9
22960,5
22961,0
22961,7
22964,7
22966,3
22966,8
22967,9
22967,2
22968,8
22970,0
22970,6
22971,2
22972,2
22973,9
22974,2
22974,1
22974,10
22974,3
22976,5
22976,6
22976,0
22978,1
22979,1
22980,6
22981,0
22983,6
22985,6
22986,3
22986,1
22987,0
22988,7
22989,5
22989,2
22989,1
22990,1
22990,0
22990,2
22991,7
22991,6
22993,7
22994,9
22994,5
22995,0
22996,5
22997,1
22998,5
22998,1
22998,8
22998,2
22999,6
23001,8
23001,1
23002,7
23002,10
23004,9
23005,9
23007,10
23007,5
23010,4
23010,0
23012,9
23013,6
23015,6
23015,1
23015,10
23016,6
23018,9
23018,5
23018,10
23019,8
23020,4
23022,6
23022,0
23022,8
23022,7
23022,1
23022,4
23023,3
23025,1
23026,2
23027,8
23027,0
23029,10
23032,2
23033,0
23033,5
23035,6
23035,3
23036,8
23036,1
23036,10
23037,0
23037,3
23038,7
23040,5
23041,8
23041,7
23044,10
23045,7
23046,10
23046,5
23046,7
23047,5
23048,0
23050,3
23050,10
23051,1
23051,3
23051,7
23052,9
23054,2
23055,6
23057,6
23058,6
23058,5
23058,1
23059,9
23060,0
23061,1
23061,5
23061,2
23061,4
23061,9
23061,8
23065,9
23068,7
23069,4
23069,3
23069,8
23069,0
23070,6
23071,6
23072,6
23073,9
23073,0
23073,10
23077,3
23077,2
23079,0
23080,1
23081,4
23082,1
23083,7
23083,6
23084,5
23085,0
23085,8
23086,2
23088,4
23088,5
23089,8
23097,8
23099,4
23101,0
23102,4
23104,10
23106,0
23107,4
23110,6
23113,4
23114,2
23114,7
23114,9
23116,10
23117,5
23118,6
23120,10
23124,0
23125,5
23127,10
23128,5
23129,0
23130,9
23130,6
23131,2
23132,9
23134,0
23138,10
23139,10
23139,3
23139,9
23140,8
23142,1
23143,9
23143,1
23144,10
23145,5
23146,6
23147,3
23148,5
23148,2
23149,8
23149,2
23151,10
23154,3
23154,1
23155,1
23155,9
23156,6
23157,0
23157,10
23160,0
23161,4
23161,2
23162,6
23162,2
23163,7
23164,0
23165,2
23166,3
23168,7
23169,9
23169,2
23170,6
23170,1
23173,0
23174,1
23175,2
23176,4
23176,3
23180,1
23180,8
23181,6
23181,1
23181,2
23182,5
23183,8
23183,9
23183,4
23184,6
23186,0
23186,3
23186,7
23187,5
23189,8
23190,10
23191,4
23191,10
23191,2
23193,0
23193,7
23197,8
23197,10
23198,3
23198,6
23199,6
23200,6
23200,9
23201,3
23201,2
23202,4
23203,9
23203,6
23204,5
23204,9
23204,0
23206,3
23207,3
23207,0
23207,5
23208,8
23209,2
23211,4
23213,6
23214,3
23214,8
23216,0
23218,0
23219,3
23219,9
23221,0
23223,2
23224,8
23225,5
23226,8
23226,0
23226,10
23227,6
23227,10
23228,5
23229,10
23229,6
23231,4
23232,2
23234,8
23234,5
23234,3
23235,1
23235,4
23235,6
23236,2
23236,9
23237,9
23237,7
23238,8
23241,9
23241,2
23245,9
23246,10
23247,10
23250,2
23250,4
23250,7
23251,1
23251,6
23251,5
23253,2
23254,5
23254,1
23254,6
23254,0
23256,4
23257,6
23257,2
23258,4
23258,1
23258,6
23259,9
23260,5
23261,3
23262,8
23263,9
23263,8
23265,4
23266,2
23266,8
23267,3
23267,1
23268,4
23268,9
23269,6
23269,3
23271,7
23272,8
23272,2
23273,9
23273,3
23274,9
23276,2
23277,4
23279,7
23280,1
23280,4
23280,7
23283,6
23287,7
23287,9
23288,4
23290,4
23290,8
23292,1
23292,2
23293,6
23293,3
23295,0
23297,6
23297,4
23298,6
23298,0
23299,3
23299,5
23300,1
23303,6
23304,7
23304,9
23306,2
23306,8
23306,5
23309,0
23310,1
23310,10
23311,9
23312,8
23312,10
23312,6
23313,8
23314,7
23315,2
23319,4
23321,2
23322,0
23322,3
23323,9
23323,7
23324,8
23324,5
23325,4
23325,6
23326,10
23327,3
23328,0
23328,4
23330,1
23330,6
23332,5
23332,1
23334,2
23335,5
23336,9
23337,6
23338,2
23338,8
23339,4
23341,10
23342,4
23343,8
23344,2
23348,7
23348,6
23348,8
23350,1
23353,7
23354,7
23358,6
23359,1
23361,1
23361,10
23363,5
23364,1
23365,6
23366,8
23367,4
23368,7
23368,8
23369,5
23369,7
23370,8
23371,0
23371,6
23373,7
23373,10
23374,6
23375,2
23375,9
23376,8
23379,8
23381,3
23382,3
23382,4
23382,0
23388,7
23390,7
23391,5
23391,6
23391,0
23393,8
23394,7
23396,9
23397,5
23399,8
23399,10
23401,6
23402,0
23404,3
23404,2
23404,7
23405,7
23405,2
23407,7
23408,9
23410,6
23410,3
23410,5
23411,10
23413,7
23413,8
23416,9
23418,8
23418,0
23420,4
23420,5
23420,6
23422,2
23422,4
23422,7
23423,2
23423,0
23425,1
23425,0
23425,8
23426,3
23427,7
23428,0
23428,4
23429,4
23429,7
23432,1
23433,8
23433,1
23435,1
23435,3
23436,4
23437,3
23437,2
23438,4
23442,6
23449,10
23449,2
23450,2
23452,2
23455,9
23457,4
23458,5
23459,6
23459,8
23462,6
23462,4
23463,2
23463,7
23463,3
23464,0
23466,3
23467,9
23467,10
23468,3
23468,5
23468,7
23469,4
23470,10
23470,8
23472,6
23472,8
23473,6
23474,4
23474,10
23477,2
23477,4
23477,7
23479,4
23480,2
23480,9
23481,0
23481,3
23481,7
23482,6
23482,5
23483,4
23484,6
23485,9
23486,8
23486,10
23487,9
23488,3
23489,7
23491,5
23492,2
23493,9
23495,1
23495,7
23496,5
23496,6
23500,8
23501,10
23503,4
23503,2
23503,8
23507,10
23508,4
23509,10
23509,3
23509,7
23510,2
23510,4
23511,8
23516,1
23521,0
23521,1
23523,5
23524,0
23526,4
23526,2
23528,4
23528,5
23528,10
23528,9
23528,8
23532,9
23533,7
23535,5
23536,10
23537,5
23538,4
23539,1
23539,8
23539,3
23541,3
23542,1
23542,2
23543,3
23544,5
23545,8
23547,8
23548,6
23548,5
23548,2
23548,9
23552,8
23553,2
23554,4
23554,5
23555,0
23556,8
23559,3
23560,9
23561,2
23561,9
23565,2
23565,4
23566,0
23569,8
23570,5
23571,1
23572,10
23573,8
23576,10
23577,0
23578,8
23578,7
23580,3
23581,7
23582,9
23583,3
23584,7
23584,4
23585,5
23587,2
23589,3
23591,0
23592,4
23594,3
23596,7
23596,2
23598,1
23600,4
23604,3
23605,5
23608,0
23610,3
23611,10
23611,5
23612,10
23612,0
23613,1
23613,5
23613,0
23614,9
23615,2
23615,6
23616,3
23617,2
23618,6
23619,7
23620,3
23620,5
23621,8
23622,1
23623,6
23624,0
23625,2
23625,3
23625,9
23626,9
23628,0
23628,8
23631,1
23632,5
23633,6
23635,9
23636,0
23637,8
23638,6
23638,10
23641,8
23641,10
23644,0
23645,10
23646,2
23646,9
23648,4
23649,9
23649,4
23650,5
23651,10
23652,8
23653,7
23653,1
23654,10
23656,4
23656,9
23658,10
23659,4
23659,0
23660,8
23660,2
23661,0
23661,6
23661,1
23662,4
23663,5
23663,2
23663,8
23664,9
23664,1
23664,5
23666,1
23667,10
23668,8
23668,9
23668,2
23669,8
23670,7
23671,8
23671,3
23672,5
23672,6
23672,8
23673,4
23674,9
23675,9
23677,1
23678,6
23679,9
23679,7
23679,1
23680,3
23681,8
23682,9
23683,2
23684,0
23684,6
23685,1
23685,9
23686,9
23687,4
23688,10
23688,8
23690,6
23690,10
23690,5
23691,9
23691,5
23691,2
23691,10
23693,5
23693,6
23693,9
23694,1
23695,6
23695,2
23695,3
23698,9
23704,4
23704,5
23705,10
23705,4
23709,1
23709,2
23713,4
23714,3
23716,10
23717,1
23719,0
23720,5
23720,9
23721,0
23721,3
23721,8
23726,7
23727,0
23729,4
23731,6
23733,2
23733,1
23736,0
23738,7
23738,10
23738,2
23738,3
23739,0
23740,7
23741,0
23742,7
23742,3
23743,3
23743,0
23744,2
23744,8
23745,7
23749,7
23751,2
23754,1
23755,8
23756,2
23756,3
23757,6
23758,0
23759,10
23762,10
23762,8
23764,8
23764,5
23765,6
23765,4
23766,0
23768,3
23769,6
23769,2
23772,7
23772,5
23772,9
23773,3
23773,2
23774,5
23777,3
23779,6
23780,2
23780,7
23780,8
23781,9
23781,10
23783,10
23785,10
23789,3
23789,9
23791,7
23792,5
23793,0
23794,7
23795,9
23797,1
23798,1
23798,10
23799,9
23800,9
23800,7
23801,6
23801,8
23802,5
23802,3
23805,0
23805,9
23806,7
23806,3
23806,9
23806,6
23809,5
23809,8
23809,6
23810,8
23811,10
23812,3
23813,3
23813,1
23813,2
23814,0
23815,5
23815,9
23815,7
23817,6
23818,1
23818,3
23818,7
23819,5
23819,1
23821,4
23823,5
23823,10
23824,9
23827,0
23828,7
23829,6
23829,10
23830,8
23830,2
23831,1
23831,4
23834,0
23835,4
23837,1
23841,3
23843,5
23844,4
23845,2
23845,8
23846,8
23847,8
23847,9
23848,9
23849,1
23849,7
23850,3
23851,8
23851,10
23852,1
23852,2
23853,1
23853,7
23853,10
23854,7
23855,9
23857,1
23858,7
23859,3
23860,7
23861,5
23861,9
23863,1
23863,7
23864,6
23865,4
23865,3
23866,3
23866,8
23867,3
23868,0
23869,10
23870,6
23872,3
23872,7
23873,4
23873,3
23875,4
23875,7
23876,9
23876,2
23877,9
23877,2
23877,4
23878,1
23879,10
23880,9
23880,10
23882,10
23885,8
23886,0
23886,4
23889,3
23891,4
23892,6
23894,2
23895,2
23897,0
23898,2
23900,6
23901,2
23903,7
23903,9
23904,10
23904,1
23905,8
23906,4
23908,9
23908,8
23909,3
23909,4
23910,4
23911,7
23912,2
23914,1
23914,8
23914,9
23916,7
23916,4
23917,10
23917,9
23918,1
23918,2
23919,10
23919,9
23919,6
23920,8
23923,2
23924,0
23925,4
23926,6
23926,5
23927,5
23927,2
23928,7
23928,9
23929,3
23929,8
23930,1
23931,8
23932,10
23933,4
23934,6
23934,10
23936,2
23937,10
23937,5
23937,6
23938,4
23940,6
23941,1
23941,7
23943,4
23943,2
23944,8
23946,2
23947,10
23948,10
23949,6
23950,3
23950,5
23952,2
23952,5
23952,3
23956,7
23956,10
23956,0
23956,8
23957,3
23957,10
23960,0
23961,3
23961,7
23961,4
23962,3
23962,2
23963,7
23963,1
23965,9
23968,4
23969,5
23970,8
23970,9
23971,9
23972,4
23973,3
23973,7
23973,8
23974,4
23976,7
23976,8
23977,5
23977,6
23981,5
23981,7
23981,4
23983,3
23983,10
23983,0
23984,2
23985,5
23985,6
23986,4
23987,1
23987,7
23987,2
23988,8
23988,4
23990,3
23991,6
23991,10
23992,0
23993,0
23993,6
23994,3
23994,0
23994,9
23998,0
24003,3
24003,7
24004,3
24006,3
24008,4
24009,0
24011,0
24012,5
24013,2
24013,0
24014,3
24016,10
24017,8
24017,4
24017,2
24018,3
24018,10
24020,8
24022,5
24024,5
24025,10
24027,6
24028,10
24029,8
24030,5
24031,5
24031,10
24031,6
24033,1
24036,9
24036,10
24037,6
24038,5
24038,6
24039,9
24040,5
24040,10
24041,7
24042,2
24042,8
24043,9
24045,10
24047,8
24048,5
24049,8
24050,8
24050,10
24051,3
24051,9
24051,4
24052,8
24057,7
24058,1
24058,2
24059,6
24059,9
24060,6
24061,6
24062,5
24064,1
24065,10
24065,3
24067,6
24067,3
24068,0
24068,7
24068,6
24070,6
24071,8
24073,6
24074,6
24075,9
24077,6
24077,10
24077,9
24078,9
24080,1
24082,1
24082,8
24082,2
24083,1
24083,3
24086,4
24086,6
24086,0
24087,9
24087,3
24087,0
24087,2
24090,8
24090,1
24091,1
24091,8
24092,5
24092,7
24093,10
24093,0
24095,4
24095,9
24099,2
24099,8
24102,0
24103,1
24104,4
24104,7
24105,0
24106,10
24109,10
24109,2
24112,2
24112,4
24114,10
24115,3
24115,5
24117,8
24117,6
24119,2
24120,4
24121,10
24122,4
24122,3
24127,3
24128,9
24129,1
24130,1
24134,8
24134,0
24136,1
24136,9
24137,1
24138,3
24139,0
24139,5
24141,9
24142,0
24142,4
24142,9
24143,4
24145,1
24145,8
24146,2
24146,3
24147,4
24149,9
24149,6
24149,8
24150,3
24151,9
24151,1
24153,7
24154,6
24154,2
24156,2
24157,1
24157,4
24159,1
24161,2
24161,6
24162,2
24162,7
24163,0
24164,5
24166,1
24168,9
24168,0
24169,5
24169,7
24170,7
24171,2
24172,3
24173,3
24175,9
24178,4
24181,8
24182,0
24184,9
24184,2
24185,6
24186,0
24186,9
24188,1
24188,0
24189,10
24190,9
24191,5
24193,3
24193,4
24195,7
24196,2
24197,8
24197,1
24200,0
24200,6
24201,2
24201,9
24202,8
24203,1
24206,7
24207,0
24207,4
24208,4
24209,1
24210,6
24211,2
24211,6
24211,10
24211,3
24215,2
24216,9
24216,1
24217,7
24217,1
24219,3
24219,1
24221,9
24221,4
24225,3
24226,0
24226,2
24226,3
24228,8
24228,3
24228,10
24232,0
24233,9
24235,6
24235,2
24238,0
24238,5
24240,1
24243,1
24244,8
24245,0
24246,6
24247,3
24248,9
24250,7
24250,4
24250,2
24251,6
24252,0
24253,4
24254,9
24256,0
24257,0
24258,3
24260,8
24261,6
24262,10
24263,6
24263,0
24263,8
24264,4
24265,10
24265,0
24266,6
24266,9
24267,7
24268,10
24268,9
24269,10
24269,4
24272,0
24275,7
24275,1
24275,4
24276,0
24276,8
24277,7
24277,8
24278,4
24278,5
24278,9
24279,7
24279,3
24281,10
24282,4
24283,3
24283,0
24285,6
24285,4
24285,2
24285,9
24286,5
24286,2
24287,8
24287,9
24288,1
24288,3
24289,2
24289,3
24290,9
24290,1
24291,0
24291,2
24292,0
24292,2
24294,8
24294,6
24296,6
24296,4
24297,7
24297,9
24297,0
24297,6
24297,8
24298,7
24300,8
24300,1
24301,2
24301,7
24304,8
24304,2
24305,7
24306,6
24306,7
24308,3
24309,8
24309,10
24310,10
24312,10
24313,0
24313,3
24316,10
24317,7
24318,1
24319,3
24319,5
24322,4
24323,6
24323,9
24324,1
24324,8
24324,6
24326,3
24327,1
24328,3
24329,8
24329,7
24329,2
24330,1
24331,0
24331,3
24334,4
24335,3
24336,6
24337,9
24338,7
24339,9
24340,6
24341,5
24342,0
24344,8
24344,7
24345,10
24346,6
24346,2
24347,0
24349,5
24350,10
24353,2
24353,10
24353,8
24354,7
24355,6
24356,4
24356,7
24356,1
24357,8
24360,2
24360,4
24361,10
24362,8
24362,2
24366,2
24366,5
24367,4
24368,8
24373,5
24373,4
24373,6
24374,8
24375,10
24375,5
24376,5
24379,7
24381,6
24381,2
24383,0
24383,8
24383,5
24386,2
24388,10
24388,6
24388,3
24390,0
24391,1
24391,6
24392,1
24392,0
24393,9
24394,1
24394,0
24395,4
24397,1
24398,9
24398,10
24398,5
24399,2
24400,4
24400,3
24403,8
24405,10
24406,1
24408,0
24412,8
24412,10
24413,8
24415,6
24415,7
24416,2
24417,6
24417,4
24418,4
24419,3
24419,1
24420,8
24420,3
24420,10
24421,4
24422,7
24422,1
24424,5
24424,0
24426,3
24427,4
24427,2
24429,1
24429,0
24431,0
24432,9
24436,5
24439,6
24440,9
24440,10
24441,3
24442,9
24442,8
24442,10
24442,4
24443,8
24445,2
24447,7
24447,6
24449,2
24450,2
24451,2
24455,7
24456,0
24457,5
24458,7
24459,0
24460,9
24460,4
24461,4
24461,8
24462,8
24463,5
24466,3
24466,5
24469,4
24470,8
24470,9
24471,1
24471,5
24471,0
24471,8
24472,9
24472,0
24472,2
24472,5
24473,2
24476,9
24477,3
24478,5
24479,8
24479,3
24479,0
24480,5
24482,2
24482,7
24483,0
24483,10
24483,3
24484,3
24484,2
24485,5
24485,7
24487,7
24487,9
24490,5
24491,6
24494,8
24497,7
24499,8
24502,0
24502,2
24503,10
24504,0
24505,7
24505,9
24506,4
24507,0
24509,7
24509,8
24512,1
24513,7
24515,3
24515,1
24515,7
24516,7
24517,8
24517,10
24518,3
24519,6
24520,7
24520,0
24520,4
24522,2
24523,4
24523,8
24523,3
24523,0
24525,6
24528,1
24529,9
24532,5
24533,8
24533,5
24533,1
24534,1
24535,8
24536,6
24537,0
24538,5
24539,0
24539,4
24541,3
24542,4
24542,3
24542,10
24543,2
24544,3
24544,8
24545,9
24545,3
24546,6
24547,1
24548,10
24549,4
24549,8
24549,1
24550,8
24550,7
24550,1
24551,0
24551,6
24553,1
24553,0
24554,4
24554,2
24556,0
24557,10
24557,8
24558,6
24558,7
24558,10
24558,4
24559,6
24559,3
24560,7
24560,6
24561,4
24563,7
24563,2
24565,4
24566,2
24567,1
24568,9
24568,7
24569,9
24575,0
24575,10
24578,8
24578,1
24579,3
24580,2
24580,6
24582,1
24583,4
24584,8
24586,5
24587,8
24588,0
24589,0
24590,5
24590,4
24591,1
24592,8
24593,6
24594,5
24594,10
24595,6
24596,2
24597,3
24598,7
24599,7
24599,9
24600,5
24600,4
24600,6
24601,1
24601,8
24602,7
24602,9
24603,5
24603,0
24604,6
24606,0
24607,3
24611,7
24611,8
24611,3
24612,1
24615,3
24615,2
24616,9
24617,5
24618,10
24620,3
24621,7
24622,9
24622,2
24622,4
24624,3
24624,6
24625,8
24625,9
24626,0
24628,1
24628,2
24628,7
24629,1
24631,8
24631,10
24633,1
24634,5
24634,6
24634,8
24636,2
24636,0
24638,7
24639,9
24640,9
24640,0
24642,4
24644,3
24644,1
24644,4
24644,10
24645,5
24645,0
24645,1
24648,4
24648,5
24649,8
24649,7
24651,0
24654,7
24654,9
24655,4
24656,6
24656,9
24656,10
24657,3
24657,6
24657,5
24657,7
24659,0
24660,2
24661,9
24663,4
24664,5
24664,6
24665,7
24665,8
24666,4
24667,3
24667,6
24669,4
24670,8
24670,0
24671,10
24671,5
24671,2
24672,6
24673,9
24673,4
24676,6
24676,1
24677,10
24678,0
24679,3
24684,3
24685,2
24685,0
24685,1
24686,1
24686,8
24687,5
24687,8
24688,5
24689,8
24690,8
24690,3
24690,4
24691,4
24693,10
24693,6
24694,10
24695,4
24698,1
24698,2
24699,2
24700,0
24700,7
24700,4
24702,9
24702,3
24703,5
24703,10
24704,5
24705,4
24705,7
24705,0
24706,9
24706,8
24709,3
24710,1
24710,5
24711,4
24713,1
24713,0
24714,6
24714,3
24716,3
24716,1
24717,6
24720,1
24721,8
24722,3
24722,9
24723,4
24723,5
24725,4
24725,1
24725,5
24726,6
24727,1
24729,8
24731,3
24732,3
24733,10
24734,10
24734,2
24736,0
24737,9
24738,7
24741,10
24742,1
24743,2
24743,1
24743,9
24744,3
24745,9
24745,10
24746,2
24746,0
24748,2
24748,10
24748,1
24749,6
24750,0
24751,3
24751,5
24753,4
24753,5
24755,3
24756,7
24757,2
24758,5
24758,8
24758,9
24760,9
24762,8
24762,0
24762,9
24763,3
24764,10
24766,3
24766,9
24766,7
24767,7
24767,4
24767,10
24769,4
24771,10
24771,4
24771,5
24771,8
24773,2
24775,2
24777,7
24777,5
24779,7
24780,2
24780,8
24781,2
24782,2
24783,2
24784,8
24787,0
24788,2
24790,5
24790,3
24791,6
24791,4
24791,2
24792,0
24793,3
24796,7
24796,8
24796,6
24797,7
24797,1
24797,10
24798,0
24798,4
24799,10
24799,9
24802,7
24804,5
24806,9
24806,10
24808,10
24809,9
24810,10
24811,4
24811,1
24812,0
24813,7
24814,10
24816,9
24817,8
24818,1
24820,9
24821,6
24821,7
24825,1
24827,10
24828,7
24828,6
24831,9
24832,0
24833,9
24833,8
24835,2
24835,4
24836,9
24836,5
24837,5
24838,0
24839,9
24840,9
24840,0
24841,9
24842,2
24844,3
24844,9
24846,9
24846,7
24846,6
24848,7
24849,5
24850,9
24851,7
24853,5
24855,4
24857,10
24858,2
24859,8
24860,9
24861,2
24861,10
24864,1
24864,0
24864,2
24864,10
24865,9
24868,10
24870,0
24870,2
24870,1
24871,3
24873,4
24881,8
24883,9
24884,6
24884,9
24888,8
24888,5
24889,7
24891,2
24891,7
24891,8
24893,1
24895,8
24896,10
24896,0
24896,8
24900,7
24900,1
24900,8
24901,4
24901,2
24902,5
24903,0
24903,7
24903,2
24904,6
24905,1
24908,0
24911,9
24912,7
24914,4
24915,8
24915,5
24916,8
24917,9
24917,4
24919,9
24920,0
24921,9
24921,8
24921,1
24923,7
24923,4
24923,9
24923,1
24924,2
24926,0
24926,8
24927,10
24927,0
24927,8
24929,4
24930,2
24930,4
24930,3
24931,9
24931,1
24932,6
24934,1
24934,7
24934,9
24937,5
24938,4
24938,9
24939,5
24941,9
24944,8
24945,8
24946,7
24948,0
24948,9
24949,3
24950,2
24951,7
24953,9
24955,3
24956,10
24956,5
24957,0
24959,8
24960,10
24962,0
24963,5
24963,3
24963,2
24964,1
24964,2
24964,10
24968,8
24968,6
24971,6
24972,5
24973,4
24973,0
24975,7
24975,5
24976,9
24976,1
24978,8
24979,7
24979,3
24980,4
24981,3
24981,10
24981,8
24983,5
24985,9
24987,5
24988,4
24992,0
24993,8
24993,3
24995,8
24996,3
24996,10
24997,9
24998,4
25000,4
25000,6
25001,0
25001,9
25001,5
25001,7
25002,8
25002,7
25002,3
25003,5
25005,5
25006,10
25007,5
25007,6
25008,2
25008,1
25010,2
25010,1
25011,4
25013,9
25013,5
25014,3
25014,8
25014,0
25018,8
25023,10
25023,7
25026,3
25026,5
25026,9
25027,0
25028,2
25029,2
25030,4
25030,1
25032,10
25032,9
25033,7
25034,6
25035,9
25035,4
25036,8
25036,2
25036,4
25041,2
25042,1
25043,2
25043,4
25044,0
25044,9
25045,5
25046,9
25047,3
25048,6
25049,10
25050,1
25051,4
25052,0
25054,10
25056,7
25057,3
25058,3
25058,4
25062,10
25063,3
25063,6
25063,10
25064,1
25064,10
25065,4
25070,8
25070,9
25072,8
25073,10
25075,4
25075,3
25075,1
25078,10
25078,1
25078,3
25078,9
25079,8
25079,5
25080,8
25080,9
25081,8
25082,2
25082,9
25083,9
25083,1
25084,1
25084,3
25084,8
25085,9
25085,8
25085,4
25087,2
25088,5
25089,10
25089,5
25090,9
25091,8
25095,6
25095,4
25095,3
25095,2
25098,9
25099,7
25099,6
25099,2
25100,6
25100,10
25100,1
25101,7
25102,2
25103,8
25103,6
25105,2
25105,9
25106,2
25109,1
25109,5
25109,2
25110,1
25112,10
25113,4
25113,5
25115,9
25115,5
25117,5
25117,3
25117,8
25118,6
25118,3
25119,1
25124,2
25125,8
25125,1
25126,4
25127,3
25128,9
25129,4
25129,0
25130,9
25132,3
25133,5
25134,6
25134,3
25134,0
25135,5
25137,5
25138,2
25139,2
25139,1
25139,7
25141,6
25142,4
25144,10
25144,1
25145,3
25146,5
25146,7
25147,9
25148,3
25150,3
25151,0
25154,6
25155,4
25155,7
25155,1
25156,8
25159,0
25160,0
25161,6
25162,8
25163,0
25163,8
25165,10
25167,3
25169,5
25170,0
25170,9
25171,10
25174,6
25175,6
25175,3
25177,3
25177,2
25177,0
25178,3
25179,4
25179,6
25179,5
25179,1
25181,7
25181,6
25183,0
25185,0
25185,3
25189,3
25190,3
25190,5
25191,5
25191,1
25192,6
25194,3
25195,8
25196,0
25196,4
25196,1
25197,1
25198,8
25198,4
25198,5
25199,4
25199,0
25199,6
25201,10
25201,6
25203,6
25203,7
25205,1
25206,8
25206,2
25206,7
25206,0
25208,9
25208,2
25209,1
25209,10
25210,0
25214,9
25214,8
25215,3
25216,6
25216,4
25217,10
25219,5
25220,2
25220,6
25222,9
25222,4
25223,8
25225,1
25227,0
25227,5
25227,4
25229,10
25229,3
25230,4
25231,7
25233,10
25236,7
25236,9
25237,1
25238,6
25238,5
25239,1
25239,5
25239,6
25240,8
25242,7
25242,1
25243,5
25243,6
25243,4
25243,3
25246,4
25247,8
25247,10
25249,4
25250,0
25251,7
25251,4
25252,5
25252,4
25255,7
25256,0
25257,4
25257,1
25258,4
25261,5
25262,9
25262,4
25262,8
25265,5
25266,9
25266,4
25266,0
25267,1
25269,8
25269,9
25270,3
25272,8
25274,8
25274,1
25274,3
25277,0
25278,7
25278,8
25278,4
25278,5
25280,5
25280,2
25281,10
25281,9
25281,5
25282,6
25283,2
25283,6
25284,3
25285,5
25285,8
25287,4
25289,5
25289,2
25289,3
25289,1
25290,1
25291,2
25292,8
25294,4
25295,0
25296,3
25297,10
25297,1
25297,4
25297,6
25298,3
25299,1
25299,9
25300,6
25300,5
25300,2
25301,0
25302,5
25304,9
25305,2
25308,0
25309,6
25311,6
25311,7
25312,7
25312,10
25313,9
25314,9
25315,7
25315,9
25316,8
25321,2
25321,5
25321,1
25323,7
25323,8
25325,9
25327,10
25327,1
25329,5
25329,1
25333,0
25334,1
25334,5
25334,4
25335,9
25335,1
25340,7
25340,8
25340,9
25341,0
25342,6
25344,7
25345,3
25345,9
25345,8
25346,7
25347,6
25348,0
25349,5
25350,2
25351,7
25351,3
25352,7
25353,3
25353,10
25354,5
25354,2
25355,9
25355,3
25358,9
25359,3
25362,8
25363,2
25363,8
25364,10
25364,3
25365,3
25367,2
25368,9
25370,0
25371,1
25373,3
25375,6
25375,0
25377,6
25378,6
25378,10
25379,5
25379,7
25381,10
25382,2
25382,1
25382,7
25384,0
25385,9
25386,6
25387,2
25387,0
25388,10
25388,7
25389,2
25391,7
25391,9
25391,0
25393,5
25393,2
25394,8
25398,3
25399,1
25400,2
25401,6
25402,5
25403,6
25405,6
25406,5
25406,10
25408,2
25409,10
25410,8
25410,1
25410,6
25412,9
25413,3
25414,9
25418,1
25418,0
25419,7
25419,8
25420,9
25420,5
25420,2
25422,5
25422,2
25423,7
25423,10
25424,1
25425,3
25426,10
25426,3
25426,0
25430,4
25432,6
25436,9
25436,3
25437,6
25438,2
25438,4
25438,6
25439,0
25441,6
25441,4
25442,8
25443,10
25443,1
25444,7
25444,2
25445,5
25445,2
25445,6
25446,9
25447,1
25447,6
25448,2
25449,3
25452,9
25452,2
25452,10
25453,2
25456,5
25456,8
25457,3
25457,1
25457,9
25457,8
25458,1
25458,2
25460,2
25460,8
25462,2
25462,6
25462,9
25464,9
25464,6
25465,0
25465,2
25466,1
25467,3
25469,0
25471,7
25472,3
25473,3
25474,7
25475,3
25476,7
25477,8
25479,0
25479,10
25481,6
25483,2
25484,9
25485,7
25486,1
25486,2
25487,7
25487,3
25488,3
25489,1
25489,6
25490,1
25490,7
25492,10
25494,7
25495,1
25495,5
25496,0
25499,6
25501,6
25502,9
25503,6
25503,5
25508,4
25508,0
25509,5
25510,2
25511,2
25511,10
25512,5
25512,6
25512,0
25513,2
25514,4
25515,2
25516,7
25516,5
25517,1
25518,3
25518,9
25519,1
25519,7
25521,2
25522,5
25522,0
25522,3
25523,7
25523,3
25524,3
25525,4
25526,0
25527,5
25527,10
25528,9
25529,8
25530,1
25532,1
25535,10
25535,4
25535,7
25536,5
25537,7
25538,5
25538,2
25538,3
25538,6
25538,8
25539,5
25539,0
25541,2
25543,8
25544,5
25544,4
25546,1
25549,1
25549,8
25550,8
25551,0
25551,3
25551,5
25551,6
25552,9
25557,2
25557,4
25558,8
25560,7
25562,2
25563,2
25563,1
25564,8
25565,8
25566,6
25568,10
25568,9
25568,0
25571,7
25571,3
25572,5
25572,1
25573,10
25573,5
25573,9
25574,0
25575,9
25575,8
25575,1
25576,1
25576,0
25576,7
25577,2
25578,5
25580,8
25580,3
25583,0
25583,5
25586,2
25586,5
25587,10
25587,9
25588,4
25589,5
25589,6
25589,10
25591,10
25592,0
25592,5
25593,3
25593,8
25595,8
25595,7
25598,0
25600,4
25600,9
25600,2
25600,6
25601,9
25601,5
25602,1
25602,3
25602,4
25603,9
25604,0
25604,8
25605,3
25605,4
25608,1
25609,8
25609,5
25609,10
25610,6
25611,0
25612,1
25613,7
25614,6
25614,8
25614,9
25615,9
25618,10
25621,0
25621,9
25621,3
25622,3
25622,2
25623,0
25623,1
25627,9
25629,5
25630,3
25630,0
25631,6
25633,3
25634,10
25639,3
25641,4
25646,2
25646,10
25646,6
25646,4
25648,7
25649,1
25649,10
25649,7
25651,5
25651,0
25652,2
25653,0
25654,7
25654,1
25656,9
25658,9
25658,7
25659,5
25659,6
25660,1
25660,6
25660,3
25661,7
25661,3
25663,8
25664,1
25665,2
25666,5
25666,4
25668,1
25669,5
25670,7
25671,10
25673,10
25674,8
25674,2
25675,1
25677,0
25678,1
25678,7
25678,2
25679,2
25680,8
25680,10
25681,7
25683,6
25683,1
25686,9
25687,9
25687,8
25687,3
25690,5
25690,7
25691,8
25692,6
25693,4
25693,9
25696,3
25697,3
25698,10
25699,6
25699,5
25700,0
25700,7
25700,6
25701,5
25702,3
25702,2
25703,9
25704,0
25704,4
25706,4
25707,10
25707,6
25707,0
25707,9
25708,9
25710,4
25710,6
25715,4
25717,6
25717,9
25718,0
25720,10
25721,1
25722,7
25722,0
25723,3
25723,8
25724,9
25724,2
25725,1
25726,3
25726,10
25727,4
25728,6
25729,4
25729,5
25729,2
25731,10
25732,3
25733,7
25733,10
25733,0
25733,9
25737,8
25737,3
25738,5
25739,8
25739,10
25740,1
25741,5
25743,6
25744,3
25745,6
25748,1
25748,7
25750,1
25752,0
25752,3
25752,9
25753,0
25754,4
25755,1
25755,4
25758,7
25758,0
25760,3
25760,7
25760,4
25761,3
25762,4
25763,6
25764,1
25765,4
25766,4
25768,1
25768,10
25770,0
25770,9
25771,8
25771,4
25771,1
25772,9
25775,7
25778,0
25780,8
25780,6
25781,2
25781,5
25783,0
25783,1
25783,2
25784,8
25785,2
25786,6
25787,6
25788,3
25789,7
25789,1
25790,10
25790,3
25791,10
25792,8
25793,10
25794,7
25797,4
25798,7
25798,9
25800,6
25801,5
25802,7
25802,2
25803,10
25804,5
25805,0
25805,10
25806,3
25807,8
25809,6
25809,5
25809,7
25810,8
25812,6
25812,3
25813,7
25813,1
25815,4
25816,6
25819,3
25819,2
25820,3
25820,7
25820,0
25821,4
25822,1
25823,1
25823,8
25824,2
25825,4
25826,0
25827,5
25828,4
25828,0
25829,9
25831,8
25833,6
25835,2
25835,6
25836,10
25836,4
25836,2
25837,3
25838,8
25840,8
25841,3
25843,7
25843,8
25844,10
25844,6
25845,3
25845,10
25845,5
25846,2
25847,7
25849,3
25849,8
25850,0
25850,5
25850,8
25851,2
25852,2
25852,10
25855,10
25855,8
25855,6
25856,1
25857,2
25858,0
25859,10
25859,1
25860,5
25861,3
25861,0
25861,6
25862,0
25862,1
25863,5
25864,5
25865,4
25867,8
25869,9
25869,5
25871,4
25871,8
25872,6
25874,7
25874,2
25875,2
25876,2
25876,10
25876,8
25877,7
25877,1
25879,2
25879,1
25880,6
25882,2
25882,1
25882,6
25883,4
25883,2
25884,4
25885,6
25886,0
25887,9
25888,8
25889,6
25889,9
25889,3
25890,10
25890,7
25891,1
25892,7
25892,2
25893,0
25893,7
25894,8
25894,2
25896,3
25896,4
25897,6
25899,7
25900,4
25901,0
25903,7
25903,2
25903,4
25905,1
25905,0
25906,9
25906,8
25907,0
25908,0
25911,7
25911,3
25912,8
25913,2
25913,0
25913,4
25915,0
25916,8
25919,8
25921,8
25922,9
25922,4
25923,1
25926,6
25926,5
25927,9
25930,9
25931,6
25931,10
25932,2
25933,9
25933,6
25934,7
25934,5
25935,0
25935,9
25938,7
25938,5
25939,8
25939,10
25939,9
25940,3
25942,9
25942,5
25946,6
25948,4
25948,3
25950,9
25950,3
25952,7
25954,8
25955,7
25956,5
25956,1
25957,2
25958,6
25958,10
25959,5
25960,5
25962,2
25964,10
25964,6
25965,1
25965,0
25966,3
25966,0
25967,10
25969,5
25971,2
25971,1
25972,8
25975,6
25979,8
25980,7
25980,5
25980,9
25981,1
25982,2
25985,7
25987,7
25987,3
25988,2
25989,4
25989,8
25990,8
25991,2
25991,4
25991,5
25991,1
25992,3
25993,9
25995,0
25996,7
25996,5
25997,4
25997,6
25998,5
26000,10
26001,6
26001,4
26002,10
26003,2
26004,9
26005,10
26007,3
26008,6
26010,1
26010,0
26011,0
26012,6
26012,5
26013,8
26014,3
26014,6
26014,0
26014,10
26015,6
26017,0
26017,7
26018,10
26019,4
26021,6
26021,8
26023,7
26024,7
26025,2
26025,8
26025,1
26026,1
26026,4
26026,7
26028,3
26030,7
26031,10
26031,4
26032,0
26032,7
26034,5
26035,8
26036,8
26036,1
26037,8
26038,6
26040,9
26041,0
26043,2
26044,10
26045,5
26047,10
26048,1
26049,6
26052,1
26052,5
26052,3
26052,6
26053,10
26054,4
26055,1
26056,9
26058,1
26058,5
26059,1
26060,3
26061,8
26064,10
26064,5
26065,0
26066,7
26066,0
26067,1
26067,2
26069,8
26074,7
26074,2
26075,7
26076,8
26077,10
26077,1
26079,3
26079,0
26079,7
26079,10
26080,0
26081,9
26081,4
26081,7
26085,3
26086,8
26088,6
26089,9
26090,3
26092,6
26093,4
26093,1
26095,1
26095,10
26096,6
26096,8
26097,1
26097,9
26099,8
26099,2
26099,0
26101,3
26101,2
26104,7
26106,2
26107,9
26108,10
26110,6
26110,8
26111,7
26113,9
26114,4
26115,6
26118,8
26118,10
26120,6
26121,0
26121,7
26122,1
26123,1
26124,5
26124,8
26125,5
26125,4
26127,9
26127,6
26129,4
26130,5
26131,6
26133,10
26133,6
26134,9
26134,2
26135,8
26138,6
26139,10
26141,7
26141,1
26142,6
26143,1
26145,2
26146,5
26147,4
26147,2
26152,10
26153,6
26154,4
26155,10
26157,0
26158,5
26158,7
26161,5
26161,1
26162,7
26163,2
26163,7
26164,4
26165,8
26165,6
26166,6
26167,9
26167,1
26167,0
26169,5
26169,7
26170,4
26171,8
26171,9
26176,10
26177,5
26177,4
26177,1
26179,8
26179,6
26182,2
26184,7
26185,3
26186,4
26187,10
26187,7
26188,8
26190,9
26191,0
26191,7
26192,6
26194,4
26194,10
26195,7
26196,0
26198,1
26199,6
26200,8
26201,7
26201,5
26203,4
26205,1
26206,0
26207,8
26210,3
26212,5
26213,1
26213,10
26214,8
26216,8
26218,2
26219,7
26220,9
26223,5
26224,2
26225,0
26225,10
26226,0
26228,6
26229,7
26229,4
26229,9
26230,7
26231,0
26232,9
26234,3
26235,2
26236,5
26236,0
26238,10
26239,4
26240,8
26240,5
26244,3
26245,8
26245,2
26246,3
26246,6
26247,7
26248,7
26249,0
26249,9
26250,10
26251,2
26251,3
26252,7
26252,0
26253,5
26255,7
26256,8
26258,4
26258,8
26258,10
26259,7
26262,2
26263,7
26263,8
26264,7
26265,4
26266,9
26267,5
26268,4
26270,4
26273,8
26273,4
26273,7
26274,9
26275,1
26277,4
26277,7
26277,2
26278,4
26280,0
26281,9
26282,7
26283,6
26284,7
26286,7
26286,2
26289,4
26289,5
26291,4
26291,3
26292,7
26292,6
26293,1
26295,1
26295,6
26296,3
26296,9
26298,9
26298,3
26300,9
26302,9
26302,8
26303,5
26303,10
26304,4
26305,7
26305,3
26306,4
26307,3
26310,10
26311,10
26311,0
26314,8
26316,4
26316,3
26317,9
26317,3
26319,6
26320,5
26321,7
26321,3
26322,7
26322,1
26322,6
26323,8
26325,7
26331,4
26332,0
26333,8
26333,7
26334,10
26334,2
26334,8
26336,1
26336,9
26338,5
26338,7
26339,3
26343,2
26345,7
26345,2
26346,2
26347,3
26347,2
26349,0
26355,0
26355,1
26356,9
26358,2
26360,4
26360,9
26361,6
26362,7
26362,1
26362,6
26363,3
26363,1
26364,9
26364,0
26365,1
26365,2
26366,6
26367,8
26368,10
26370,3
26370,5
26370,6
26371,1
26371,6
26372,9
26372,8
26373,9
26374,3
26376,5
26379,4
26380,1
26381,3
26382,8
26383,0
26385,9
26387,9
26388,3
26389,7
26390,1
26390,5
26390,6
26390,10
26391,1
26392,3
26392,10
26392,9
26393,8
26393,2
26396,5
26396,7
26396,1
26398,3
26398,5
26399,6
26402,4
26404,4
26406,10
26406,7
26408,1
26409,10
26411,2
26411,4
26412,6
26412,5
26414,4
26414,1
26417,5
26417,8
26418,4
26420,9
26421,8
26421,4
26422,2
26424,4
26427,6
26430,6
26432,9
26433,4
26434,4
26434,9
26435,10
26435,7
26436,5
26436,8
26437,6
26437,1
26438,10
26438,9
26438,5
26439,0
26440,0
26440,4
26440,7
26441,6
26441,5
26442,1
26443,2
26443,7
26443,8
26445,2
26445,7
26446,5
26448,9
26449,6
26449,2
26450,3
26451,7
26452,0
26454,3
26454,6
26455,4
26457,10
26458,1
26458,8
26460,9
26463,10
26464,7
26465,9
26466,3
26466,10
26468,0
26468,7
26471,4
26473,3
26474,8
26476,4
26476,7
26476,5
26477,8
26478,7
26479,1
26480,8
26480,10
26482,4
26483,9
26487,10
26488,3
26495,7
26495,9
26496,10
26496,2
26497,1
26498,6
26498,2
26498,7
26499,8
26501,0
26502,7
26503,2
26505,6
26506,6
26507,0
26507,1
26510,10
26511,2
26511,6
26512,0
26513,9
26513,10
26515,9
26518,9
26518,8
26519,4
26519,8
26519,6
26519,7
26520,10
26521,6
26523,8
26524,5
26524,1
26525,8
26526,1
26526,5
26528,1
26528,8
26529,2
26529,8
26529,3
26530,3
26531,6
26532,4
26532,0
26534,4
26537,5
26539,5
26539,6
26540,4
26542,5
26544,3
26545,10
26545,3
26546,9
26547,10
26548,9
26549,1
26550,4
26551,1
26551,4
26552,3
26552,8
26553,10
26554,10
26554,6
26556,5
26556,3
26556,2
26557,8
26558,0
26558,8
26561,7
26561,8
26561,2
26563,2
26565,2
26567,5
26568,4
26571,9
26572,1
26573,7
26576,3
26576,6
26579,10
26581,5
26582,4
26584,6
26585,2
26586,6
26586,7
26587,2
26587,7
26589,9
26589,3
26589,7
26590,3
26590,5
26591,0
26593,3
26595,0
26598,8
26599,9
26600,4
26600,5
26600,1
26605,7
26607,6
26608,7
26609,1
26611,8
26613,8
26613,9
26613,10
26613,5
26614,10
26614,1
26616,7
26617,3
26617,1
26617,0
26617,8
26623,3
26625,4
26626,6
26626,0
26627,0
26627,1
26629,8
26632,4
26634,1
26637,3
26637,0
26637,4
26638,7
26640,10
26641,4
26642,2
26642,9
26645,3
26645,2
26646,4
26649,3
26649,7
26650,1
26652,0
26653,4
26654,0
26655,3
26655,2
26656,9
26658,2
26661,4
26663,0
26664,6
26665,2
26668,0
26669,10
26670,4
26671,2
26672,10
26672,4
26672,7
26674,2
26675,7
26676,4
26678,1
26679,3
26680,1
26682,2
26683,6
26685,7
26685,8
26686,10
26686,0
26686,2
26687,2
26689,2
26689,0
26692,10
26695,6
26696,8
26697,6
26698,2
26699,7
26703,2
26704,5
26705,6
26706,9
26707,0
26708,5
26709,3
26709,8
26713,0
26713,4
26714,9
26714,1
26715,8
26716,6
26717,5
26717,0
26719,0
26722,1
26722,2
26722,10
26723,1
26723,3
26725,8
26728,10
26728,1
26730,4
26731,4
26731,5
26731,10
26731,9
26734,8
26735,7
26736,4
26736,5
26737,6
26738,3
26738,7
26738,4
26740,3
26740,2
26742,3
26742,7
26742,0
26742,5
26742,8
26743,8
26743,4
26744,6
26744,8
26745,6
26749,2
26749,8
26750,5
26750,0
26750,3
26751,0
26751,1
26753,4
26753,8
26755,0
26756,5
26760,2
26761,3
26761,6
26762,1
26763,3
26764,7
26764,9
26765,1
26766,2
26767,2
26768,8
26768,5
26769,0
26770,5
26771,4
26772,6
26773,0
26773,2
26775,1
26776,8
26778,0
26779,10
26781,6
26781,10
26782,3
26783,9
26784,9
26785,4
26786,7
26786,5
26787,7
26787,1
26787,0
26790,10
26792,5
26793,1
26793,3
26794,8
26794,7
26794,0
26795,7
26796,9
26796,10
26797,6
26798,6
26799,2
26799,0
26801,9
26801,2
26801,8
26802,4
26802,0
26803,10
26804,1
26805,2
26807,5
26808,6
26808,7
26808,4
26808,9
26809,3
26811,0
26811,1
26812,4
26813,10
26813,5
26813,1
26814,1
26814,2
26815,3
26815,5
26815,2
26816,4
26816,9
26816,0
26819,0
26821,0
26822,9
26822,0
26824,6
26826,10
26827,0
26828,10
26829,0
26830,3
26831,6
26832,2
26833,8
26833,7
26833,4
26834,5
26837,0
26837,6
26838,5
26839,9
26840,2
26845,7
26846,10
26846,8
26847,6
26848,5
26848,2
26848,3
26849,4
26851,6
26851,5
26851,4
26852,2
26853,10
26856,10
26859,6
26859,10
26860,10
26861,2
26862,3
26862,6
26864,1
26864,10
26865,2
26865,6
26866,4
26866,10
26867,10
26867,8
26868,0
26870,5
26870,8
26871,9
26873,6
26873,0
26874,8
26876,9
26876,10
26877,9
26878,2
26878,4
26879,9
26881,3
26882,7
26882,5
26883,4
26884,9
26884,7
26886,7
26886,5
26886,1
26887,0
26887,7
26888,0
26889,3
26889,4
26890,1
26890,5
26890,0
26891,6
26891,9
26891,5
26892,0
26893,0
26893,5
26895,5
26899,10
26899,6
26900,1
26901,5
26902,0
26902,1
26902,4
26904,9
26906,7
26906,2
26907,2
26907,5
26908,3
26908,2
26909,0
26910,6
26911,6
26912,9
26912,1
26912,5
26913,2
26913,5
26914,0
26914,1
26916,4
26916,10
26917,0
26919,6
26921,8
26921,3
26923,1
26923,8
26923,4
26924,3
26926,8
26929,4
26931,4
26932,3
26933,0
26934,5
26937,1
26938,7
26938,2
26939,9
26941,8
26942,5
26943,4
26944,0
26944,1
26946,2
26946,10
26948,10
26949,8
26950,7
26950,6
26950,10
26951,3
26952,0
26952,6
26953,0
26956,8
26957,10
26958,6
26959,6
26959,9
26960,2
26961,8
26961,4
26962,7
26962,5
26963,5
26963,2
26965,5
26965,7
26968,7
26969,5
26969,1
26972,4
26974,7
26974,5
26975,4
26976,7
26977,6
26977,7
26980,10
26980,2
26981,7
26982,7
26985,0
26989,7
26989,1
26990,5
26991,10
26991,3
26994,6
26995,3
26996,9
26997,10
26997,6
26998,1
27000,2
27001,0
27004,7
27004,3
27006,7
27007,4
27007,3
27008,6
27008,2
27009,3
27009,7
27011,6
27011,10
27014,10
27015,9
27015,3
27016,3
27016,4
27016,2
27017,3
27020,10
27023,3
27024,0
27026,5
27027,8
27027,7
27027,10
27028,1
27028,8
27029,6
27030,4
27030,9
27031,5
27033,8
27033,7
27034,1
27034,3
27034,9
27036,6
27037,3
27037,6
27038,8
27039,8
27040,8
27040,0
27041,2
27050,10
27050,9
27051,0
27051,9
27053,8
27053,10
27056,7
27057,3
27058,9
27058,10
27058,0
27060,6
27060,3
27060,1
27061,8
27062,5
27062,6
27063,7
27065,10
27066,1
27067,5
27070,8
27071,5
27072,1
27072,5
27073,1
27074,6
27075,3
27079,1
27079,10
27080,1
27081,4
27083,7
27086,4
27086,9
27086,7
27087,6
27087,2
27088,0
27089,5
27089,1
27091,3
27092,6
27094,9
27095,9
27096,7
27097,4
27100,4
27101,2
27102,7
27102,1
27102,3
27102,10
27105,4
27105,5
27106,4
27107,4
27109,0
27109,9
27109,8
27110,7
27110,4
27113,7
27113,8
27115,3
27116,2
27116,0
27117,5
27119,8
27119,7
27125,5
27125,2
27126,6
27127,3
27127,6
27129,4
27130,1
27131,7
27132,6
27134,9
27135,4
27135,6
27136,10
27136,5
27137,8
27138,6
27138,10
27140,8
27143,1
27144,7
27144,3
27145,1
27147,2
27148,0
27150,7
27150,5
27151,8
27151,3
27152,10
27154,9
27155,4
27157,8
27158,0
27158,1
27158,6
27159,5
27159,3
27159,2
27162,2
27163,0
27163,3
27163,10
27164,5
27169,2
27170,1
27171,1
27171,8
27171,0
27172,10
27173,3
27175,7
27177,1
27180,7
27180,10
27181,2
27181,3
27183,5
27183,1
27183,4
27184,8
27185,2
27186,3
27187,9
27187,5
27188,2
27189,6
27189,4
27190,5
27191,8
27191,3
27191,5
27193,8
27194,8
27195,7
27196,10
27196,9
27196,1
27197,3
27199,7
27200,4
27200,7
27200,5
27202,3
27203,10
27206,7
27209,7
27211,8
27213,9
27214,1
27214,4
27214,6
27215,0
27216,4
27218,10
27218,4
27219,9
27219,0
27220,3
27221,10
27222,3
27222,8
27224,6
27226,8
27228,1
27229,5
27231,9
27231,0
27231,7
27232,1
27232,3
27233,1
27235,0
27236,2
27236,4
27237,10
27239,0
27242,7
27245,8
27245,6
27246,6
27247,1
27247,6
27248,2
27248,9
27249,5
27250,10
27250,6
27251,6
27256,10
27257,1
27258,9
27258,5
27260,8
27260,10
27262,5
27262,8
27263,5
27263,4
27264,4
27265,7
27265,0
27266,8
27268,10
27268,4
27269,4
27270,5
27272,9
27274,9
27274,0
27276,10
27276,2
27276,0
27276,1
27276,4
27278,1
27278,4
27279,4
27281,5
27281,3
27281,10
27282,8
27282,10
27284,1
27284,5
27285,4
27286,4
27287,6
27287,2
27287,10
27289,7
27291,0
27292,3
27293,1
27293,9
27296,1
27296,6
27297,1
27299,1
27301,8
27301,9
27301,0
27302,6
27303,9
27305,7
27306,9
27309,10
27309,4
27310,9
27311,8
27311,7
27311,4
27313,4
27314,2
27315,2
27315,9
27317,6
27317,1
27320,0
27320,10
27320,9
27323,6
27323,8
27324,2
27327,7
27327,1
27329,6
27330,0
27330,4
27331,10
27331,1
27333,2
27333,4
27334,3
27337,3
27339,1
27340,6
27340,9
27341,3
27341,6
27341,7
27342,9
27343,0
27343,10
27344,9
27344,1
27345,7
27345,5
27346,10
27346,8
27347,7
27347,5
27348,0
27350,6
27353,1
27353,8
27353,7
27358,8
27360,8
27361,1
27361,8
27362,0
27363,2
27364,10
27365,8
27365,5
27366,7
27367,9
27369,6
27369,9
27370,0
27371,9
27372,9
27373,9
27374,7
27377,1
27377,4
27378,9
27380,8
27381,1
27382,1
27383,10
27384,4
27385,10
27386,1
27387,4
27388,4
27388,10
27388,0
27388,9
27390,5
27390,8
27390,7
27391,5
27393,8
27393,6
27394,2
27397,5
27400,7
27402,6
27404,0
27404,5
27405,8
27406,2
27406,6
27407,3
27408,1
27409,5
27411,5
27411,1
27412,5
27413,1
27413,5
27414,10
27415,8
27417,5
27418,10
27418,3
27422,3
27424,7
27425,1
27426,2
27426,5
27426,8
27429,4
27429,5
27430,0
27430,8
27435,9
27435,8
27435,6
27437,5
27437,0
27438,7
27438,9
27439,2
27439,1
27440,7
27440,5
27441,6
27442,3
27442,8
27442,10
27446,2
27446,8
27447,10
27449,2
27449,7
27449,5
27451,6
27453,6
27453,8
27453,0
27454,10
27454,1
27455,7
27455,0
27457,0
27458,5
27459,5
27460,7
27461,9
27461,5
27462,5
27463,5
27465,2
27466,3
27467,10
27467,7
27469,7
27471,1
27472,5
27473,8
27473,6
27474,3
27474,7
27475,5
27476,1
27477,2
27478,9
27479,9
27479,7
27480,2
27481,10
27482,3
27482,5
27482,4
27483,7
27484,5
27488,4
27490,7
27490,6
27490,5
27492,7
27492,5
27492,6
27494,8
27494,0
27494,6
27495,9
27496,10
27497,8
27498,6
27499,5
27499,1
27500,6
27500,1
27500,4
27502,10
27502,8
27503,4
27503,9
27504,9
27505,10
27508,7
27509,4
27509,7
27511,6
27511,9
27512,8
27512,2
27512,1
27513,3
27513,9
27513,6
27514,0
27514,1
27518,5
27519,4
27520,7
27521,3
27521,7
27522,1
27522,0
27523,8
27523,5
27524,1
27525,0
27527,2
27527,5
27527,9
27529,10
27529,2
27530,9
27532,7
27533,1
27534,8
27535,3
27537,2
27538,4
27538,8
27540,5
27541,5
27542,7
27543,2
27545,10
27547,5
27547,2
27549,4
27549,5
27549,8
27550,2
27550,0
27550,4
27551,9
27553,3
27555,9
27555,8
27556,4
27558,3
27560,6
27560,7
27560,10
27561,0
27563,2
27563,3
27563,6
27567,5
27567,6
27571,10
27571,7
27571,6
27571,2
27574,3
27575,4
27575,1
27575,8
27577,7
27577,3
27581,1
27582,6
27583,10
27584,8
27584,2
27584,9
27586,1
27587,5
27587,6
27588,3
27588,7
27589,6
27589,1
27589,10
27590,5
27590,2
27590,1
27591,2
27591,3
27591,5
27592,8
27594,1
27595,10
27596,5
27596,8
27597,5
27597,9
27597,3
27598,4
27601,8
27603,10
27604,0
27607,8
27607,3
27608,2
27608,5
27609,1
27611,3
27612,2
27613,8
27613,5
27613,10
27614,4
27614,5
27615,7
27616,8
27616,4
27618,9
27619,4
27619,10
27619,8
27622,5
27625,4
27626,1
27627,0
27627,10
27627,6
27629,5
27630,6
27631,4
27632,6
27633,3
27634,6
27634,4
27635,2
27635,0
27636,2
27636,6
27637,9
27638,0
27640,9
27640,8
27642,0
27642,7
27643,4
27644,3
27645,2
27645,3
27645,4
27646,5
27647,3
27649,2
27650,1
27651,9
27651,1
27652,9
27653,10
27653,9
27653,0
27654,0
27655,6
27658,0
27658,8
27659,8
27661,0
27662,0
27662,7
27664,9
27665,4
27665,10
27666,10
27667,9
27667,2
27668,1
27669,1
27670,8
27672,10
27672,3
27673,6
27673,4
27673,7
27675,8
27675,1
27676,0
27677,3
27679,3
27682,7
27683,0
27684,9
27684,3
27686,10
27686,7
27687,8
27688,10
27690,1
27690,0
27690,7
27691,4
27691,1
27692,4
27694,10
27694,0
27694,4
27695,0
27696,6
27697,0
27697,7
27697,9
27699,0
27700,10
27702,0
27703,8
27703,0
27704,0
27706,6
27706,3
27708,8
27708,6
27713,3
27714,2
27715,4
27716,6
27718,0
27721,1
27722,6
27722,1
27724,2
27725,4
27725,8
27726,4
27727,4
27729,1
27731,8
27734,2
27738,6
27739,3
27740,2
27741,9
27741,6
27742,0
27743,1
27744,2
27745,6
27745,2
27745,4
27746,6
27746,7
27747,9
27748,10
27749,0
27750,10
27751,0
27752,6
27753,7
27753,2
27754,2
27755,1
27757,4
27758,5
27758,3
27759,6
27759,2
27761,0
27762,8
27763,8
27764,3
27764,8
27765,6
27765,1
27765,10
27766,8
27766,6
27767,10
27767,5
27770,5
27770,9
27770,3
27771,1
27772,7
27772,0
27776,9
27778,5
27778,10
27780,1
27781,7
27782,0
27782,2
27785,10
27786,4
27786,7
27787,10
27787,7
27788,5
27789,8
27790,3
27793,7
27795,9
27797,6
27800,0
27800,8
27800,1
27801,8
27802,5
27803,0
27804,2
27805,10
27805,3
27806,5
27806,4
27808,7
27808,4
27810,2
27811,1
27812,7
27812,6
27812,9
27812,8
27813,7
27813,6
27814,2
27814,7
27815,9
27816,8
27817,3
27818,9
27819,9
27820,0
27821,1
27821,10
27822,2
27822,5
27823,6
27824,8
27824,6
27824,7
27825,3
27825,9
27828,3
27829,8
27831,1
27831,7
27832,2
27833,9
27834,10
27834,0
27835,2
27835,5
27837,1
27838,0
27838,4
27839,10
27839,3
27839,8
27840,5
27841,10
27842,0
27842,10
27844,10
27844,9
27846,5
27847,7
27848,3
27848,5
27849,10
27849,8
27856,1
27858,3
27859,0
27860,9
27862,5
27862,7
27863,9
27863,10
27864,4
27867,6
27869,7
27869,6
27870,5
27871,10
27871,0
27871,4
27872,1
27873,4
27873,2
27874,6
27876,6
27877,7
27877,8
27877,0
27878,7
27878,8
27878,10
27880,5
27880,10
27882,2
27882,9
27882,4
27882,0
27883,5
27884,6
27884,4
27886,9
27888,9
27890,5
27890,9
27890,10
27891,10
27892,1
27893,8
27894,1
27895,4
27896,3
27896,7
27896,0
27897,9
27897,8
27898,3
27898,7
27900,1
27901,5
27901,3
27901,10
27901,1
27902,4
27903,0
27903,7
27906,2
27907,3
27908,4
27910,0
27911,8
27913,4
27913,3
27913,5
27915,5
27917,5
27918,10
27918,5
27918,6
27919,10
27920,4
27923,1
27924,2
27925,6
27926,10
27926,5
27926,1
27929,5
27930,8
27931,1
27932,8
27932,4
27932,9
27935,5
27935,1
27936,9
27939,3
27939,8
27940,8
27940,10
27941,0
27943,7
27943,3
27944,6
27944,7
27947,10
27948,10
27948,0
27949,1
27949,4
27949,0
27952,0
27954,3
27956,10
27956,6
27957,0
27960,8
27961,8
27962,4
27963,7
27964,2
27965,1
27966,9
27966,2
27968,6
27969,2
27970,8
27970,9
27972,4
27974,10
27975,0
27975,5
27976,5
27977,5
27978,5
27980,2
27980,5
27980,4
27980,10
27981,2
27984,7
27984,10
27989,7
27990,6
27990,0
27991,3
27992,3
27993,8
27994,5
27995,1
27997,0
27997,7
27997,4
27998,5
27998,9
27999,3
27999,8
28000,1
28004,6
28005,5
28005,1
28005,8
28007,4
28007,6
28008,10
28010,3
28011,10
28012,1
28012,10
28012,9
28013,9
28014,10
28016,4
28017,0
28017,9
28018,0
28019,9
28019,3
28020,6
28021,0
28022,9
28024,8
28025,1
28026,1
28029,3
28030,7
28034,6
28036,6
28038,1
28039,6
28039,8
28041,4
28041,9
28041,2
28042,4
28043,4
28043,2
28043,6
28044,7
28045,4
28045,9
28046,5
28046,1
28046,7
28046,2
28047,10
28048,1
28048,5
28049,0
28049,9
28050,7
28050,8
28052,1
28052,0
28053,0
28053,6
28054,9
28056,0
28056,2
28057,4
28058,9
28058,5
28059,6
28061,5
28063,10
28068,8
28069,6
28069,7
28069,0
28070,9
28070,5
28073,1
28074,5
28074,3
28078,10
28087,6
28088,4
28088,9
28089,7
28089,2
28092,0
28093,5
28095,0
28096,5
28096,4
28098,8
28102,6
28103,0
28103,5
28104,2
28106,3
28107,10
28107,3
28109,2
28109,4
28110,4
28114,9
28114,5
28114,7
28114,1
28116,7
28117,10
28118,4
28119,2
28119,0
28121,5
28122,10
28122,1
28123,10
28123,4
28123,7
28123,5
28124,10
28130,7
28130,2
28131,6
28132,3
28135,4
28135,1
28135,2
28138,4
28139,7
28139,9
28142,0
28142,10
28143,6
28143,2
28143,7
28147,0
28147,4
28147,3
28149,4
28150,7
28150,4
28151,10
28151,3
28152,3
28153,10
28155,0
28155,1
28155,4
28157,8
28157,1
28158,6
28158,3
28159,6
28159,7
28160,7
28162,5
28162,10
28163,6
28164,7
28167,3
28167,0
28167,10
28170,5
28173,9
28173,1
28175,4
28176,3
28181,8
28183,6
28184,8
28184,9
28185,10
28185,8
28185,4
28186,5
28186,0
28186,3
28186,7
28188,2
28190,6
28191,1
28193,7
28193,1
28194,0
28194,6
28197,3
28198,5
28200,2
28201,5
28201,2
28201,4
28202,6
28203,8
28203,9
28203,5
28204,3
28206,4
28208,5
28210,1
28211,1
28212,0
28212,3
28212,10
28213,8
28216,0
28216,7
28216,3
28217,7
28218,7
28223,0
28225,10
28226,0
28227,3
28227,0
28228,9
28228,0
28229,10
28230,10
28232,7
28233,8
28236,8
28238,5
28238,6
28239,5
28243,4
28244,1
28247,0
28247,10
28247,6
28248,7
28248,6
28249,6
28250,6
28250,10
28250,7
28251,0
28252,4
28254,3
28254,2
28254,6
28254,10
28256,9
28256,6
28256,0
28257,7
28257,5
28259,0
28260,5
28260,3
28260,10
28260,0
28262,10
28262,9
28262,1
28262,0
28263,4
28263,7
28264,1
28264,6
28265,4
28267,3
28268,0
28269,9
28269,6
28269,4
28270,3
28275,10
28275,9
28275,7
28276,4
28281,7
28281,5
28282,4
28282,7
28282,10
28283,2
28288,9
28291,8
28291,7
28292,2
28292,3
28293,0
28294,3
28296,2
28301,7
28302,3
28302,10
28303,10
28303,2
28305,9
28305,0
28308,3
28310,3
28310,5
28311,10
28312,3
28312,0
28313,7
28314,4
28315,5
28315,10
28315,4
28315,9
28316,10
28316,4
28317,7
28318,6
28319,9
28320,7
28320,2
28321,1
28323,6
28323,9
28323,2
28326,8
28326,2
28326,1
28329,2
28330,1
28331,8
28331,4
28333,2
28334,3
28334,0
28336,5
28336,2
28337,5
28340,9
28341,1
28341,0
28342,1
28343,1
28343,4
28344,8
28345,10
28345,7
28345,6
28348,2
28348,1
28348,0
28348,4
28348,9
28349,5
28350,10
28351,3
28352,5
28353,7
28357,10
28358,10
28359,6
28361,3
28364,1
28364,4
28364,9
28364,5
28369,9
28370,4
28370,10
28370,0
28371,1
28371,9
28372,7
28373,7
28374,4
28375,1
28376,7
28376,10
28380,5
28381,10
28384,5
28386,6
28386,7
28387,8
28388,10
28388,5
28389,7
28391,7
28391,9
28391,1
28392,0
28393,0
28394,1
28394,2
28396,0
28396,4
28397,8
28397,10
28398,7
28399,9
28400,4
28401,2
28402,2
28405,6
28406,1
28407,6
28407,5
28408,5
28409,7
28409,0
28409,8
28410,7
28411,5
28412,0
28412,8
28413,5
28414,1
28414,4
28416,7
28416,9
28417,6
28417,10
28420,10
28424,4
28424,8
28424,2
28425,4
28427,4
28427,9
28429,4
28430,9
28430,3
28430,7
28431,6
28432,8
28433,2
28435,3
28437,0
28437,6
28438,6
28438,10
28439,7
28441,10
28442,9
28444,0
28444,2
28445,0
28445,7
28447,2
28448,6
28450,8
28451,5
28451,4
28451,7
28452,4
28453,4
28453,6
28454,8
28454,0
28455,3
28456,1
28457,8
28457,5
28459,0
28459,6
28460,3
28460,8
28464,0
28464,10
28465,4
28469,0
28470,7
28471,0
28473,6
28473,9
28474,2
28474,3
28475,3
28478,4
28481,1
28483,7
28483,5
28484,10
28484,9
28485,4
28485,8
28486,1
28488,8
28489,6
28490,6
28491,4
28493,0
28493,6
28498,6
28499,5
28502,1
28504,10
28506,7
28506,9
28507,3
28507,4
28508,5
28508,10
28508,3
28509,5
28509,8
28509,7
28510,6
28510,5
28511,0
28515,4
28516,10
28517,7
28517,9
28520,8
28521,4
28522,7
28522,5
28524,8
28524,2
28525,0
28525,7
28530,2
28530,8
28531,6
28531,8
28533,1
28535,7
28536,10
28538,4
28539,0
28539,7
28543,1
28546,0
28549,0
28550,1
28551,4
28551,2
28552,4
28553,10
28554,1
28554,4
28556,9
28557,6
28557,9
28559,4
28561,0
28561,8
28564,10
28567,5
28570,0
28571,9
28571,0
28573,0
28575,8
28575,4
28575,3
28576,7
28576,8
28578,3
28579,4
28580,9
28581,0
28581,10
28583,1
28584,0
28584,7
28585,4
28586,5
28586,1
28587,10
28587,4
28589,9
28592,9
28592,0
28593,8
28596,2
28597,5
28601,4
28602,4
28602,0
28603,2
28603,10
28604,9
28604,1
28604,0
28604,7
28606,7
28606,6
28606,5
28607,2
28607,6
28607,3
28609,4
28609,1
28610,2
28611,5
28611,7
28613,9
28614,3
28614,5
28615,5
28617,3
28617,4
28619,7
28620,7
28623,4
28624,1
28628,2
28629,8
28630,0
28632,9
28633,2
28636,4
28638,5
28638,8
28639,1
28641,8
28641,9
28642,8
28642,0
28643,0
28644,3
28644,5
28645,2
28645,6
28646,4
28647,10
28648,10
28648,7
28649,4
28649,6
28654,0
28656,7
28657,6
28660,3
28661,0
28662,8
28662,5
28664,6
28665,1
28668,10
28668,7
28671,9
28672,9
28672,7
28672,2
28673,8
28673,2
28673,10
28679,9
28679,5
28680,3
28684,7
28686,2
28689,7
28690,1
28690,10
28690,2
28692,9
28692,8
28693,9
28694,4
28694,5
28695,9
28697,4
28698,2
28699,2
28700,1
28701,7
28701,4
28702,7
28704,3
28704,10
28704,1
28704,0
28705,3
28707,5
28708,7
28708,10
28710,6
28710,10
28710,9
28711,10
28712,7
28714,9
28717,8
28718,4
28718,3
28720,1
28720,8
28720,2
28722,8
28723,4
28725,9
28726,9
28727,8
28729,0
28729,5
28730,6
28731,9
28731,10
28733,9
28734,4
28735,1
28735,6
28736,10
28736,8
28736,7
28737,0
28739,7
28739,8
28739,1
28740,5
28741,7
28743,7
28743,10
28744,9
28746,8
28746,3
28750,6
28752,6
28752,2
28754,1
28754,6
28754,4
28755,7
28755,8
28756,0
28757,9
28757,3
28758,5
28762,5
28763,1
28764,10
28764,7
28765,3
28766,7
28767,2
28767,5
28768,0
28769,0
28772,0
28772,1
28773,3
28774,3
28774,8
28775,5
28775,7
28776,7
28778,6
28779,5
28780,5
28781,10
28782,0
28782,2
28786,8
28786,6
28787,10
28788,2
28790,6
28790,5
28791,2
28792,9
28793,3
28796,9
28796,5
28797,10
28797,8
28798,1
28798,3
28799,0
28799,2
28800,4
28802,6
28803,4
28803,10
28804,2
28804,7
28804,8
28805,3
28807,7
28808,6
28809,9
28809,2
28810,3
28813,7
28814,8
28815,6
28816,7
28816,8
28817,5
28819,9
28819,0
28821,3
28822,5
28822,10
28823,10
28824,9
28826,8
28827,1
28827,9
28827,3
28830,10
28830,2
28830,4
28830,7
28831,1
28832,4
28833,2
28835,8
28835,2
28835,7
28837,0
28837,4
28838,0
28838,7
28840,9
28842,7
28846,5
28847,9
28847,8
28847,6
28850,1
28851,3
28851,4
28851,5
28851,2
28852,5
28853,4
28854,3
28854,2
28857,1
28857,5
28858,0
28858,5
28859,2
28860,4
28863,0
28863,5
28865,9
28867,10
28868,9
28868,1
28869,1
28870,9
28871,10
28871,3
28871,2
28874,10
28874,4
28876,10
28877,4
28878,4
28878,5
28878,1
28879,9
28881,1
28881,3
28883,2
28884,1
28884,9
28884,3
28885,3
28885,9
28885,2
28889,6
28889,0
28892,8
28892,6
28895,9
28895,10
28896,9
28896,0
28899,1
28899,0
28900,10
28903,6
28903,4
28903,2
28904,8
28904,3
28904,4
28905,9
28906,6
28906,4
28906,8
28907,1
28908,10
28909,8
28909,6
28909,2
28910,5
28912,4
28913,2
28915,2
28916,1
28916,5
28917,6
28917,1
28917,0
28919,9
28921,8
28922,6
28922,10
28923,3
28924,5
28926,0
28926,5
28927,7
28927,9
28930,0
28930,5
28931,4
28931,1
28932,4
28933,6
28936,0
28937,1
28937,0
28937,2
28939,6
28939,0
28943,0
28943,4
28944,5
28945,0
28947,3
28947,7
28947,8
28948,7
28949,5
28949,3
28949,7
28950,8
28951,0
28951,3
28951,1
28951,9
28951,6
28952,0
28954,6
28954,7
28954,5
28955,2
28955,6
28955,9
28956,7
28958,5
28959,4
28960,5
28961,9
28961,8
28962,6
28963,0
28963,7
28965,10
28965,5
28965,4
28966,8
28968,7
28968,10
28969,1
28969,5
28970,10
28971,7
28971,8
28973,10
28974,1
28974,7
28974,6
28974,10
28975,6
28975,4
28976,1
28978,4
28979,9
28981,8
28982,7
28983,2
28983,0
28983,8
28985,7
28985,1
28988,8
28988,7
28988,1
28989,0
28989,3
28989,8
28990,7
28990,2
28990,4
28991,10
28994,9
28994,0
28995,0
28997,2
28997,1
29000,9
29000,7
29001,2
29001,4
29003,1
29004,10
29005,5
29008,3
29008,6
29009,6
29010,6
29011,8
29011,6
29012,10
29012,7
29014,0
29014,7
29014,10
29014,1
29016,10
29017,8
29017,4
29018,8
29018,3
29019,3
29020,0
29020,6
29021,10
29021,9
29021,4
29022,8
29022,4
29023,8
29023,10
29023,7
29025,0
29025,10
29025,7
29026,2
29026,1
29027,6
29027,0
29027,1
29028,1
29029,7
29030,8
29030,4
29031,8
29031,5
29035,9
29035,4
29035,5
29039,7
29039,0
29041,5
29043,10
29044,10
29045,7
29046,10
29046,0
29048,9
29049,6
29050,0
29051,9
29052,2
29055,9
29056,1
29057,4
29057,2
29057,10
29058,6
29059,9
29061,3
29062,2
29063,3
29063,5
29064,4
29064,3
29064,8
29065,7
29066,10
29067,1
29070,1
29071,2
29074,3
29075,10
29076,2
29076,10
29076,1
29077,4
29077,1
29079,3
29079,5
29081,1
29082,8
29082,6
29082,1
29082,10
29084,3
29084,10
29084,4
29085,10
29086,3
29086,10
29088,4
29088,2
29089,8
29091,5
29091,6
29092,4
29094,1
29094,0
29095,3
29095,8
29096,4
29098,2
29100,0
29100,3
29100,1
29100,8
29104,4
29105,8
29105,7
29106,10
29109,6
29109,0
29113,4
29113,1
29114,9
29114,0
29114,10
29115,6
29115,4
29116,7
29117,6
29117,10
29118,0
29119,7
29121,4
29121,2
29121,0
29122,6
29124,6
29124,7
29126,6
29126,2
29127,7
29128,10
29129,9
29132,6
29133,1
29134,9
29136,6
29137,6
29138,7
29140,9
29141,8
29141,4
29142,3
29143,7
29143,2
29147,5
29148,3
29149,10
29149,1
29150,7
29152,8
29153,3
29154,5
29154,4
29154,6
29155,6
29155,4
29156,7
29156,4
29157,8
29157,5
29157,4
29159,8
29161,2
29161,5
29162,8
29165,5
29166,2
29167,9
29167,5
29167,10
29167,7
29168,0
29169,0
29170,8
29170,0
29171,0
29173,8
29173,5
29173,6
29173,4
29174,0
29176,6
29179,4
29182,6
29182,7
29183,3
29184,8
29186,4
29186,6
29187,4
29187,1
29187,10
29188,5
29189,3
29190,9
29191,7
29191,9
29192,9
29193,5
29197,9
29199,9
29199,7
29200,6
29201,10
29202,1
29204,2
29204,0
29205,7
29206,10
29207,7
29207,5
29209,6
29211,8
29211,10
29212,3
29213,8
29213,2
29214,9
29214,1
29215,1
29220,8
29220,0
29221,7
29222,8
29223,5
29223,7
29224,3
29225,2
29226,5
29226,7
29226,2
29230,5
29232,0
29233,10
29234,7
29234,3
29237,8
29237,2
29238,3
29239,7
29239,9
29240,4
29240,2
29242,9
29243,0
29245,6
29245,1
29248,10
29249,7
29251,3
29253,2
29254,8
29254,9
29254,10
29256,3
29257,5
29257,1
29257,4
29257,6
29259,8
29259,0
29262,10
29262,5
29263,1
29267,7
29268,7
29269,6
29269,0
29269,1
29270,10
29272,6
29272,10
29273,10
29274,3
29274,5
29274,6
29275,6
29276,8
29278,9
29279,1
29281,5
29281,6
29281,7
29282,0
29283,6
29284,10
29284,8
29285,10
29285,8
29285,5
29289,3
29289,4
29289,9
29290,5
29291,5
29291,3
29292,8
29292,2
29293,3
29294,2
29294,3
29295,0
29296,8
29297,8
29299,5
29300,1
29300,0
29301,0
29303,7
29305,3
29305,1
29305,5
29306,9
29306,10
29308,1
29308,6
29308,10
29308,9
29309,3
29310,4
29310,1
29311,1
29312,1
29313,2
29316,10
29316,7
29316,6
29317,1
29317,7
29317,0
29319,4
29319,0
29321,6
29321,8
29322,6
29323,0
29324,10
29326,6
29326,9
29329,0
29329,9
29330,0
29330,1
29330,10
29331,7
29335,4
29335,6
29336,8
29336,0
29337,9
29341,7
29342,8
29344,7
29346,7
29347,9
29347,3
29350,10
29350,9
29351,6
29354,1
29356,6
29356,3
29359,6
29359,5
29363,6
29363,9
29364,7
29365,2
29365,1
29368,0
29368,1
29368,2
29369,3
29369,7
29372,4
29372,5
29373,0
29374,3
29376,1
29377,6
29377,10
29379,6
29379,3
29380,7
29380,10
29381,10
29384,8
29384,5
29384,0
29385,4
29386,3
29386,8
29387,10
29390,3
29391,1
29392,3
29393,10
29395,2
29396,5
29396,2
29396,1
29399,6
29399,3
29402,3
29407,5
29408,0
29408,2
29408,3
29410,0
29410,7
29410,10
29411,2
29412,9
29412,4
29413,8
29413,3
29414,7
29415,8
29415,9
29416,0
29416,8
29416,3
29417,10
29417,7
29418,2
29419,8
29419,6
29420,1
29420,10
29425,5
29426,3
29427,5
29430,10
29431,8
29433,7
29435,9
29435,10
29435,1
29437,5
29437,4
29438,2
29439,1
29440,9
29441,3
29442,9
29449,9
29449,4
29449,7
29450,0
29450,6
29450,1
29450,2
29450,3
29451,10
29451,3
29452,6
29454,5
29455,3
29456,1
29457,2
29460,2
29460,3
29462,0
29463,3
29464,4
29464,0
29464,10
29465,3
29465,6
29466,6
29467,0
29467,7
29468,4
29468,6
29468,10
29468,1
29469,0
29470,2
29470,10
29474,7
29474,1
29476,0
29476,9
29476,6
29478,5
29478,6
29478,10
29479,9
29480,5
29481,0
29481,3
29482,8
29484,4
29484,10
29488,0
29489,1
29490,0
29490,5
29490,1
29492,9
29494,10
29494,5
29495,7
29496,5
29496,3
29498,8
29499,4
29500,8
29501,1
29502,4
29502,6
29504,8
29505,2
29505,9
29506,3
29507,9
29507,3
29508,0
29509,5
29513,0
29514,6
29514,2
29521,0
29521,1
29523,1
29524,10
29524,8
29525,0
29525,3
29526,9
29526,2
29527,10
29528,2
29528,1
29529,7
29530,10
29530,2
29531,2
29531,9
29531,5
29532,9
29534,3
29534,9
29535,9
29537,4
29538,3
29539,1
29540,4
29540,3
29540,0
29540,6
29545,7
29546,8
29547,1
29549,3
29549,4
29550,8
29551,9
29551,0
29554,1
29555,5
29555,8
29556,0
29556,10
29556,9
29560,7
29561,10
29564,10
29564,7
29565,1
29567,10
29568,3
29569,10
29571,10
29571,1
29571,3
29572,8
29572,2
29574,5
29575,9
29575,2
29576,6
29581,0
29582,7
29583,3
29583,2
29584,1
29585,8
29586,6
29587,4
29588,5
29588,3
29589,2
29589,4
29589,1
29590,1
29591,6
29591,5
29593,4
29594,8
29594,6
29595,2
29596,3
29598,10
29598,1
29598,2
29598,7
29599,1
29600,1
29600,2
29601,2
29603,7
29603,6
29604,9
29605,9
29605,8
29606,8
29607,7
29610,6
29610,9
29611,10
29611,8
29612,0
29613,10
29616,1
29617,4
29620,3
29621,5
29622,9
29623,5
29624,9
29624,1
29624,3
29628,5
29628,7
29628,0
29629,9
29631,3
29632,1
29633,1
29636,5
29636,10
29638,5
29639,0
29641,5
29643,0
29643,6
29644,2
29644,3
29645,10
29645,2
29646,7
29649,3
29649,0
29651,0
29652,6
29655,2
29655,7
29656,4
29657,10
29658,6
29658,1
29659,6
29662,3
29664,8
29665,7
29667,4
29668,7
29668,3
29669,4
29670,9
29671,0
29671,4
29672,4
29673,4
29674,2
29675,5
29676,4
29678,1
29679,6
29679,9
29679,10
29683,2
29686,2
29687,6
29687,9
29688,0
29688,5
29689,6
29689,8
29691,2
29691,4
29693,8
29693,2
29695,9
29696,7
29697,10
29697,1
29698,5
29698,9
29699,8
29699,7
29702,10
29702,9
29703,9
29703,2
29704,5
29704,0
29704,2
29705,5
29707,3
29709,7
29712,2
29713,8
29713,5
29716,3
29721,1
29723,1
29725,4
29725,9
29727,3
29730,1
29731,5
29731,4
29731,8
29732,5
29734,0
29734,2
29736,6
29737,8
29742,7
29742,4
29743,7
29744,10
29745,3
29746,5
29747,1
29751,9
29752,8
29753,2
29753,1
29754,3
29755,2
29755,9
29756,9
29757,0
29758,7
29759,8
29760,5
29760,3
29760,4
29761,7
29764,2
29765,9
29765,4
29767,10
29769,6
29770,1
29773,0
29773,8
29775,1
29775,9
29777,9
29778,4
29781,7
29782,10
29783,1
29784,4
29784,10
29790,10
29790,3
29791,3
29791,1
29793,0
29794,2
29795,3
29795,10
29796,6
29798,1
29802,4
29802,2
29804,9
29805,8
29805,5
29808,2
29812,7
29812,5
29813,9
29814,4
29814,2
29819,1
29820,3
29821,4
29822,2
29822,8
29823,3
29823,5
29825,5
29825,1
29826,9
29828,8
29828,10
29828,4
29835,4
29836,0
29837,0
29838,6
29839,9
29841,8
29841,1
29842,4
29842,1
29843,7
29845,3
29846,7
29846,3
29847,0
29847,7
29849,10
29851,7
29852,8
29853,8
29853,6
29854,4
29858,10
29858,3
29861,2
29861,9
29861,3
29863,3
29867,1
29868,3
29869,5
29870,5
29871,6
29872,8
29872,3
29875,9
29877,6
29880,1
29881,6
29883,2
29884,6
29887,10
29887,9
29888,9
29889,6
29889,5
29890,8
29891,2
29892,8
29893,1
29895,5
29897,7
29897,6
29898,7
29899,8
29900,9
29900,10
29900,7
29901,3
29905,10
29906,4
29908,10
29909,5
29909,9
29909,3
29911,7
29913,0
29913,2
29913,8
29915,3
29915,8
29916,8
29917,9
29918,2
29918,10
29923,4
29923,10
29923,6
29923,9
29924,5
29925,8
29925,3
29925,2
29928,2
29929,6
29930,8
29930,4
29931,6
29932,8
29932,9
29936,2
29936,5
29938,5
29938,0
29940,10
29940,5
29942,3
29943,0
29946,8
29947,0
29947,6
29947,7
29948,1
29949,5
29951,5
29952,10
29953,2
29954,1
29954,7
29954,0
29956,2
29958,1
29958,2
29958,4
29959,7
29963,1
29965,5
29965,7
29965,10
29966,4
29966,2
29966,0
29970,0
29970,5
29972,9
29972,5
29972,1
29974,8
29974,4
29974,5
29975,6
29976,2
29977,2
29978,8
29978,6
29979,8
29982,10
29982,5
29983,1
29983,5
29983,9
29984,7
29984,3
29984,2
29985,7
29986,8
29987,8
29990,1
29990,7
29991,1
29993,7
29994,5
29995,1
29997,6
29998,6
29999,8
29999,3
30000,0
30000,4
30001,1
30002,3
30007,4
30008,1
30008,0
30009,10
30010,3
30010,8
30011,8
30012,6
30012,7
30012,9
30013,10
30015,7
30017,3
30018,9
30018,6
30019,1
30020,0
30022,7
30024,6
30026,6
30027,3
30028,0
30028,4
30029,6
30031,4
30033,10
30033,7
30034,1
30035,1
30035,4
30036,7
30039,7
30039,4
30040,5
30040,9
30041,10
30041,5
30041,6
30042,1
30042,5
30045,6
30045,9
30046,7
30046,4
30047,0
30047,1
30049,5
30050,7
30051,9
30052,3
30052,7
30056,0
30057,2
30057,6
30057,0
30058,10
30058,0
30059,10
30059,1
30060,1
30063,6
30063,3
30064,1
30064,6
30066,10
30068,8
30072,5
30072,4
30072,1
30073,10
30075,6
30075,0
30075,7
30075,4
30076,7
30079,3
30080,6
30081,2
30083,2
30083,10
30085,9
30086,7
30086,2
30087,1
30089,0
30090,10
30090,6
30092,8
30092,5
30094,3
30094,7
30094,1
30095,8
30095,0
30095,7
30097,3
30097,8
30098,0
30099,2
30101,8
30102,7
30102,0
30103,1
30105,5
30105,0
30106,9
30107,3
30108,9
30110,9
30110,4
30111,2
30112,8
30114,9
30114,3
30116,8
30116,1
30116,7
30117,1
30118,4
30121,4
30123,0
30123,1
30123,8
30125,3
30126,10
30126,1
30127,4
30128,4
30129,3
30130,8
30132,4
30132,8
30132,0
30132,2
30133,3
30133,2
30133,9
30134,9
30134,10
30134,6
30135,9
30136,10
30138,7
30138,9
30138,6
30139,9
30141,5
30143,9
30144,4
30144,3
30145,5
30146,4
30150,6
30152,4
30152,10
30153,10
30153,9
30156,3
30156,4
30158,9
30158,0
30159,2
30160,8
30162,2
30163,5
30164,3
30168,5
30168,1
30169,9
30169,0
30170,8
30170,10
30172,6
30172,5
30173,3
30175,4
30175,10
30175,7
30178,3
30178,4
30179,5
30179,7
30180,0
30181,3
30181,9
30181,10
30182,1
30183,0
30184,1
30184,9
30186,1
30188,8
30190,5
30192,4
30192,8
30194,7
30197,0
30198,2
30198,4
30200,7
30201,7
30202,8
30204,2
30204,5
30205,3
30206,10
30206,3
30206,9
30208,9
30208,0
30209,9
30209,2
30210,8
30210,2
30211,7
30212,1
30212,8
30213,2
30213,0
30214,5
30215,6
30217,7
30218,1
30218,4
30219,3
30219,10
30220,10
30220,2
30220,5
30222,2
30223,6
30223,5
30227,5
30227,4
30228,4
30228,8
30229,7
30230,1
30230,0
30231,0
30231,1
30232,5
30232,3
30232,10
30233,6
30236,8
30236,10
30236,9
30237,9
30239,1
30239,10
30240,8
30243,5
30243,6
30243,3
30244,2
30246,9
30247,10
30248,1
30248,8
30248,0
30253,5
30255,0
30255,5
30256,1
30257,3
30261,6
30262,1
30264,3
30267,1
30269,9
30270,1
30270,7
30271,3
30273,0
30274,9
30274,5
30275,2
30276,1
30277,1
30277,4
30278,5
30278,4
30279,0
30280,2
30282,6
30282,9
30283,10
30284,10
30285,9
30286,2
30286,3
30287,8
30288,4
30288,1
30288,5
30290,10
30292,0
30292,6
30292,1
30293,3
30293,5
30293,0
30293,4
30294,6
30294,10
30295,8
30296,9
30296,1
30297,1
30299,1
30301,6
30303,0
30304,3
30306,4
30308,0
30308,9
30310,9
30310,2
30311,0
30312,10
30313,7
30313,10
30314,10
30315,2
30318,8
30320,1
30321,5
30322,5
30324,6
30325,10
30326,5
30326,7
30326,6
30329,9
30331,8
30331,2
30332,9
30332,4
30333,4
30333,3
30335,5
30336,1
30337,5
30337,6
30337,4
30338,10
30339,9
30340,5
30340,2
30341,4
30341,8
30341,6
30343,10
30343,2
30344,2
30344,7
30344,8
30348,8
30349,1
30351,8
30351,5
30353,10
30354,10
30356,1
30356,7
30358,2
30359,7
30361,7
30363,10
30363,8
30363,5
30365,2
30365,9
30366,5
30368,6
30368,7
30368,2
30369,5
30371,4
30372,6
30373,1
30375,10
30376,10
30377,2
30380,3
30381,8
30381,5
30385,3
30385,0
30389,10
30389,6
30392,0
30393,2
30394,8
30403,3
30404,0
30405,7
30406,5
30407,10
30408,5
30408,6
30411,2
30412,5
30413,0
30413,9
30415,3
30416,2
30417,5
30417,10
30419,0
30419,3
30421,4
30422,8
30422,0
30422,10
30425,7
30426,2
30433,3
30435,2
30436,2
30436,4
30438,8
30439,8
30439,1
30440,0
30440,2
30440,10
30441,0
30441,8
30442,2
30442,5
30442,4
30442,8
30443,7
30443,5
30445,3
30447,7
30447,0
30449,8
30450,4
30451,0
30453,9
30454,3
30456,10
30457,2
30457,10
30459,3
30459,1
30459,8
30459,6
30460,8
30463,7
30466,2
30467,0
30468,5
30468,7
30468,8
30469,2
30470,3
30471,5
30473,10
30473,4
30474,9
30475,5
30476,4
30478,2
30478,6
30479,3
30479,7
30479,2
30482,6
30482,4
30483,8
30484,9
30485,8
30487,2
30487,8
30488,10
30490,1
30491,3
30491,7
30493,1
30493,0
30493,3
30494,1
30495,10
30495,4
30495,8
30496,4
30496,9
30496,2
30496,7
30497,10
30497,5
30498,3
30499,1
30499,10
30500,0
30500,3
30501,7
30504,9
30504,3
30504,6
30505,3
30507,0
30507,2
30509,2
30510,4
30510,9
30511,8
30511,0
30513,7
30514,4
30515,7
30515,1
30515,9
30516,9
30516,10
30517,6
30517,3
30518,9
30519,10
30520,1
30521,9
30523,10
30524,0
30525,2
30525,0
30527,10
30527,1
30529,4
30530,8
30531,0
30531,4
30532,2
30533,2
30535,2
30537,0
30537,4
30538,1
30539,6
30539,8
30539,9
30540,1
30540,10
30542,2
30544,0
30544,6
30544,1
30544,10
30545,2
30546,2
30546,5
30547,3
30547,6
30547,0
30547,9
30550,9
30550,7
30551,3
30552,1
30552,7
30552,4
30552,3
30553,1
30555,3
30556,1
30556,8
30557,1
30558,2
30558,9
30559,7
30560,0
30561,0
30561,6
30561,4
30561,2
30561,8
30564,6
30564,10
30566,2
30566,10
30570,3
30570,4
30571,7
30571,5
30571,2
30572,5
30572,0
30573,10
30573,7
30573,5
30575,8
30575,9
30577,6
30577,4
30579,9
30579,0
30581,3
30581,8
30582,6
30582,8
30583,6
30584,4
30585,8
30586,5
30587,3
30588,3
30588,5
30590,8
30590,10
30592,5
30592,4
30594,4
30595,5
30598,8
30599,2
30599,5
30600,1
30600,3
30601,10
30602,6
30602,3
30602,5
30602,0
30602,8
30604,5
30606,6
30607,6
30608,3
30610,3
30613,2
30614,1
30619,2
30619,0
30621,9
30622,4
30622,9
30622,2
30624,9
30624,3
30624,4
30626,0
30626,8
30627,0
30628,5
30628,4
30629,6
30631,3
30632,9
30633,3
30634,8
30635,0
30636,9
30638,9
30638,0
30640,8
30640,9
30640,0
30641,10
30642,7
30643,7
30644,6
30644,3
30645,9
30647,4
30650,9
30653,9
30653,6
30653,2
30654,9
30655,2
30655,0
30656,0
30659,6
30661,4
30663,10
30664,4
30665,4
30666,3
30666,1
30667,2
30667,0
30667,4
30668,8
30669,1
30669,9
30669,5
30670,7
30670,4
30679,0
30679,8
30680,10
30680,7
30682,1
30683,9
30687,6
30687,0
30691,3
30691,9
30692,3
30694,6
30695,6
30697,10
30700,8
30703,1
30704,10
30707,3
30708,4
30708,5
30709,10
30710,0
30711,3
30712,8
30712,1
30715,3
30716,5
30717,5
30717,0
30717,1
30719,5
30720,2
30720,0
30721,2
30721,7
30722,1
30723,9
30727,4
30728,10
30728,4
30728,7
30729,10
30730,10
30732,0
30732,10
30732,6
30734,2
30734,7
30734,6
30738,2
30739,1
30740,3
30741,0
30742,3
30746,0
30746,5
30747,8
30748,10
30748,2
30749,1
30749,2
30749,8
30752,7
30752,1
30754,9
30754,3
30755,10
30755,9
30756,9
30757,3
30758,0
30758,4
30759,5
30759,2
30761,8
30764,7
30766,5
30766,0
30766,4
30766,7
30768,2
30768,6
30768,9
30769,10
30769,8
30770,5
30773,7
30774,6
30777,3
30777,7
30778,2
30778,6
30778,5
30780,3
30780,0
30782,0
30782,2
30782,5
30783,1
30786,0
30787,3
30788,10
30788,8
30788,9
30790,10
30790,7
30790,8
30791,5
30792,4
30792,3
30793,0
30794,4
30794,10
30795,6
30796,9
30796,6
30796,10
30796,1
30797,3
30799,4
30799,9
30799,5
30801,7
30801,3
30801,5
30802,1
30802,5
30803,9
30804,0
30805,3
30806,1
30807,2
30807,7
30809,7
30810,10
30811,4
30813,8
30815,8
30815,6
30816,8
30817,10
30819,6
30819,10
30820,1
30821,3
30821,4
30823,10
30824,7
30825,4
30827,2
30828,4
30838,8
30842,7
30842,4
30845,7
30846,5
30848,3
30848,1
30850,10
30851,4
30855,7
30855,8
30856,3
30856,5
30858,8
30858,5
30859,6
30859,7
30860,8
30861,3
30861,7
30862,8
30864,10
30865,4
30865,2
30868,6
30869,10
30870,2
30870,0
30873,0
30874,3
30874,8
30874,9
30876,3
30877,10
30878,6
30878,5
30879,2
30879,9
30881,9
30883,8
30884,6
30884,1
30885,1
30886,7
30888,1
30888,10
30889,0
30889,9
30890,0
30892,3
30892,9
30893,0
30893,4
30894,4
30895,2
30896,10
30897,4
30898,5
30900,1
30900,3
30900,0
30901,9
30902,1
30903,8
30905,10
30906,4
30907,2
30907,7
30909,2
30910,2
30912,5
30913,3
30914,3
30914,1
30916,5
30916,8
30918,9
30921,5
30923,1
30923,7
30923,4
30924,6
30926,3
30927,2
30928,10
30928,6
30928,3
30931,1
30932,2
30933,8
30934,10
30935,1
30936,5
30937,8
30939,5
30940,0
30940,7
30942,4
30942,2
30943,0
30945,6
30945,2
30947,8
30947,10
30948,2
30949,8
30949,10
30951,3
30951,5
30951,1
30951,7
30953,8
30953,7
30955,0
30958,5
30960,8
30960,6
30960,2
30962,0
30962,3
30963,2
30966,0
30966,9
30969,9
30969,0
30969,1
30969,8
30969,6
30970,3
30971,10
30972,7
30972,0
30973,3
30975,1
30976,3
30978,3
30979,9
30979,4
30980,3
30980,6
30981,10
30983,10
30983,4
30984,2
30985,0
30986,6
30986,2
30988,9
30988,3
30989,5
30990,4
30990,1
30992,6
30992,3
30993,1
30994,2
30994,1
30998,9
30999,10
31000,7
31000,5
31000,0
31001,6
31002,4
31004,6
31005,8
31005,2
31006,1
31006,3
31007,3
31011,5
31011,1
31012,6
31014,2
31015,4
31016,5
31017,10
31017,7
31018,6
31018,2
31019,6
31020,0
31020,1
31020,3
31022,4
31023,5
31025,4
31025,2
31025,9
31025,7
31028,10
31030,8
31030,7
31030,4
31030,6
31032,1
31032,8
31033,0
31034,2
31035,4
31035,7
31036,10
31037,2
31037,4
31038,5
31038,9
31038,1
31039,0
31039,9
31041,3
31041,6
31044,2
31046,0
31046,2
31046,6
31046,7
31047,3
31048,6
31050,3
31052,9
31052,6
31053,2
31053,4
31054,8
31056,7
31056,2
31057,1
31058,3
31061,0
31062,7
31063,3
31064,5
31066,0
31068,8
31069,2
31069,4
31069,0
31072,10
31074,9
31075,9
31075,3
31077,3
31078,8
31078,4
31079,1
31079,6
31080,5
31082,2
31082,6
31084,3
31084,1
31085,5
31085,6
31085,9
31086,7
31086,8
31086,4
31087,7
31088,3
31090,8
31091,10
31091,1
31093,2
31095,4
31096,4
31098,10
31098,0
31099,8
31101,4
31102,10
31105,6
31105,9
31109,9
31109,5
31110,8
31110,3
31110,9
31111,0
31112,7
31113,5
31115,9
31115,3
31116,8
31117,10
31118,0
31118,8
31118,6
31121,2
31122,3
31122,6
31123,9
31125,8
31127,5
31127,6
31127,4
31127,2
31128,5
31129,9
31134,1
31135,10
31135,0
31136,3
31137,8
31137,7
31138,1
31138,0
31139,6
31140,9
31140,6
31141,10
31141,7
31142,9
31143,6
31144,7
31145,1
31146,9
31146,1
31148,4
31151,2
31151,4
31152,6
31152,0
31152,9
31152,7
31153,8
31156,6
31157,6
31158,2
31159,4
31159,6
31159,10
31161,6
31162,7
31163,6
31163,10
31164,0
31165,1
31167,3
31167,8
31173,1
31174,6
31175,1
31176,1
31177,7
31177,10
31177,5
31179,8
31180,9
31181,9
31182,9
31183,9
31183,2
31185,6
31186,1
31187,4
31189,0
31189,10
31192,2
31193,4
31193,0
31194,8
31195,3
31196,5
31198,1
31198,6
31198,8
31200,8
31200,9
31203,10
31204,3
31206,2
31207,4
31207,9
31208,0
31210,3
31213,7
31213,1
31213,2
31214,6
31218,5
31219,1
31222,5
31223,0
31225,6
31227,4
31227,10
31227,3
31228,4
31229,1
31229,5
31231,2
31231,8
31232,2
31233,4
31233,5
31235,9
31235,10
31236,3
31237,9
31238,4
31240,9
31240,1
31242,10
31242,8
31244,7
31244,1
31244,5
31244,6
31245,5
31245,0
31245,6
31246,4
31249,0
31250,0
31250,2
31254,1
31255,9
31255,1
31257,8
31257,3
31258,4
31259,5
31260,7
31262,5
31264,10
31265,3
31266,10
31267,4
31268,5
31269,6
31270,10
31273,2
31273,6
31275,0
31275,5
31275,9
31276,3
31277,7
31281,3
31282,5
31282,3
31282,4
31284,7
31286,2
31287,0
31287,10
31289,3
31289,10
31289,7
31291,1
31291,2
31291,3
31293,2
31296,9
31296,4
31297,9
31300,9
31301,0
31302,6
31303,7
31303,0
31306,0
31309,4
31310,5
31310,1
31311,10
31312,5
31314,10
31314,0
31315,5
31317,1
31318,6
31319,4
31321,2
31321,9
31323,3
31323,6
31324,8
31325,7
31326,5
31326,8
31327,3
31327,1
31330,2
31330,6
31331,2
31331,3
31332,7
31332,9
31333,10
31334,1
31334,4
31334,6
31335,6
31337,3
31338,0
31338,9
31340,1
31340,2
31340,3
31342,3
31342,0
31342,2
31345,4
31346,4
31346,2
31347,10
31347,3
31348,4
31348,3
31348,7
31349,8
31350,1
31352,1
31353,7
31354,10
31356,8
31358,2
31360,3
31360,2
31361,7
31362,5
31362,8
31363,4
31363,2
31364,5
31365,0
31367,1
31367,10
31368,5
31371,5
31374,5
31376,1
31376,7
31377,0
31377,7
31379,4
31380,6
31381,9
31383,9
31384,5
31385,5
31385,3
31386,6
31387,6
31387,3
31388,9
31389,8
31390,8
31391,0
31391,5
31391,10
31393,0
31393,3
31395,5
31396,8
31396,3
31397,4
31398,0
31398,2
31398,5
31400,2
31400,5
31400,6
31400,7
31401,8
31402,0
31403,6
31403,8
31404,10
31404,0
31405,9
31405,8
31408,5
31410,1
31410,10
31411,3
31412,5
31412,9
31414,0
31416,4
31416,6
31417,4
31417,10
31418,2
31419,9
31420,10
31421,0
31422,1
31422,0
31424,8
31424,3
31424,2
31424,6
31424,7
31425,6
31425,8
31429,8
31430,2
31430,3
31432,1
31432,3
31434,4
31434,5
31434,2
31435,5
31437,8
31437,3
31438,5
31438,10
31439,9
31440,10
31440,2
31440,6
31441,3
31442,3
31444,10
31445,1
31445,4
31445,9
31446,5
31446,8
31446,3
31447,4
31447,1
31448,10
31449,2
31449,1
31451,8
31451,6
31453,3
31456,1
31459,9
31461,5
31461,6
31461,9
31463,6
31464,4
31465,1
31466,0
31467,8
31469,8
31469,0
31470,7
31470,5
31473,5
31473,8
31476,4
31477,5
31479,6
31480,1
31480,3
31483,1
31483,3
31483,7
31484,4
31484,7
31485,5
31485,1
31490,2
31490,8
31491,6
31492,1
31492,5
31492,7
31493,8
31493,3
31493,1
31494,8
31494,4
31494,5
31495,10
31496,1
31496,3
31497,7
31497,10
31497,1
31499,8
31500,1
31500,9
31502,0
31503,6
31504,3
31504,6
31505,0
31509,7
31509,3
31510,0
31511,2
31512,0
31512,9
31513,2
31514,4
31515,6
31516,9
31516,8
31517,3
31518,5
31519,2
31519,7
31523,6
31523,1
31524,4
31524,2
31525,1
31528,1
31529,5
31533,7
31534,7
31535,0
31537,6
31537,0
31538,2
31539,7
31540,9
31540,0
31542,3
31543,6
31544,5
31545,2
31547,9
31547,8
31548,10
31548,1
31549,0
31549,4
31551,10
31553,6
31554,2
31556,4
31556,1
31560,2
31563,9
31564,1
31564,9
31565,9
31565,0
31566,2
31567,6
31567,10
31568,3
31568,9
31569,4
31571,3
31573,5
31573,9
31573,1
31573,7
31574,2
31574,3
31575,6
31575,7
31576,4
31580,1
31580,3
31581,8
31582,4
31583,1
31585,5
31587,6
31588,3
31588,10
31590,6
31591,5
31593,8
31593,0
31594,7
31594,9
31594,6
31596,9
31597,0
31597,7
31598,6
31599,10
31600,6
31600,1
31601,6
31602,2
31602,5
31603,6
31604,9
31604,6
31606,1
31606,3
31606,0
31611,0
31613,1
31613,6
31613,2
31618,0
31619,7
31619,6
31620,6
31621,6
31621,2
31622,8
31623,6
31623,10
31624,8
31628,7
31629,7
31629,9
31630,2
31633,10
31633,3
31635,3
31636,4
31637,1
31637,0
31638,1
31638,5
31639,7
31640,9
31640,10
31643,8
31643,6
31643,9
31644,0
31644,9
31645,7
31645,5
31645,4
31645,8
31646,7
31647,10
31648,0
31649,5
31650,1
31650,6
31651,3
31651,9
31651,0
31655,8
31655,4
31658,0
31659,2
31660,6
31660,8
31661,3
31663,3
31663,1
31664,8
31666,7
31666,5
31667,6
31667,2
31668,9
31668,10
31669,2
31670,5
31670,8
31670,7
31671,4
31676,1
31677,5
31677,3
31683,5
31684,9
31684,4
31684,7
31686,8
31688,5
31689,5
31690,2
31692,8
31693,4
31695,8
31695,5
31695,1
31695,3
31696,1
31697,7
31698,3
31699,9
31700,1
31701,6
31703,5
31704,3
31704,9
31704,2
31705,10
31705,6
31706,2
31707,10
31708,1
31708,4
31708,10
31709,0
31710,5
31711,3
31712,2
31713,0
31714,7
31714,10
31715,6
31715,4
31716,3
31717,2
31717,1
31718,3
31718,6
31722,0
31725,3
31725,10
31728,1
31729,4
31729,7
31729,1
31730,9
31731,3
31731,9
31731,0
31731,7
31732,4
31732,6
31733,4
31733,10
31733,3
31734,7
31735,6
31736,9
31738,10
31740,2
31740,9
31742,7
31743,4
31743,1
31743,7
31743,9
31746,2
31746,10
31746,4
31747,3
31748,6
31751,2
31752,5
31752,7
31753,10
31754,5
31754,7
31755,8
31756,4
31759,3
31760,9
31762,7
31762,10
31763,7
31763,3
31763,0
31764,2
31765,5
31765,10
31769,6
31769,7
31770,3
31770,9
31770,8
31771,10
31772,5
31772,7
31773,9
31774,0
31774,6
31777,2
31778,2
31778,6
31778,8
31779,6
31781,1
31784,9
31784,0
31784,6
31787,2
31788,3
31790,9
31791,6
31792,5
31793,9
31793,1
31795,4
31795,1
31796,3
31796,1
31800,6
31800,4
31800,0
31801,9
31801,8
31802,6
31803,1
31803,4
31804,2
31805,2
31806,5
31807,7
31808,8
31810,8
31811,2
31812,0
31812,8
31813,2
31813,9
31814,2
31818,6
31818,8
31818,4
31819,8
31820,3
31821,5
31821,10
31822,6
31822,2
31825,1
31826,5
31827,8
31829,4
31831,2
31832,3
31833,2
31833,5
31834,1
31835,6
31835,4
31835,0
31837,7
31838,9
31840,3
31840,6
31840,8
31841,5
31843,8
31843,4
31845,4
31846,2
31846,10
31846,4
31848,5
31850,2
31850,6
31851,2
31851,4
31852,2
31857,8
31859,10
31859,1
31860,8
31860,5
31861,4
31863,4
31863,2
31864,1
31864,8
31866,3
31868,9
31868,10
31868,1
31869,2
31869,8
31869,1
31869,9
31869,3
31870,6
31873,8
31873,10
31874,2
31876,4
31877,5
31877,8
31877,10
31878,4
31878,0
31879,9
31879,10
31881,3
31881,7
31881,2
31882,9
31883,3
31884,0
31886,4
31888,10
31888,9
31890,9
31891,3
31891,4
31896,3
31898,8
31898,0
31899,8
31900,2
31900,8
31902,2
31903,8
31903,3
31904,9
31904,8
31906,0
31906,9
31907,7
31910,9
31911,3
31912,4
31912,0
31913,7
31913,0
31913,2
31914,1
31915,6
31915,0
31916,8
31916,0
31918,6
31919,0
31921,4
31921,6
31921,0
31923,1
31924,3
31924,0
31924,5
31925,7
31925,1
31926,7
31927,1
31927,2
31928,9
31929,4
31930,2
31930,6
31936,8
31938,5
31939,6
31939,2
31940,4
31940,1
31940,10
31944,1
31944,10
31944,0
31946,3
31947,3
31947,0
31948,0
31948,8
31949,9
31949,4
31949,2
31950,9
31951,2
31951,7
31951,3
31953,0
31955,4
31955,1
31956,2
31958,1
31958,2
31958,4
31960,8
31960,0
31961,1
31963,10
31964,4
31966,2
31966,3
31966,8
31969,2
31969,3
31970,3
31970,9
31971,9
31973,4
31974,4
31974,9
31974,5
31974,2
31977,3
31977,7
31978,6
31978,10
31979,4
31979,2
31981,0
31982,3
31983,4
31985,7
31986,0
31986,10
31989,6
31989,8
31989,5
31990,2
31990,0
31990,5
31992,3
31993,10
31994,1
31995,4
31996,8
31997,9
31997,5
31999,10
31999,6
31999,3
31999,4
31999,1
32000,7
32000,0
32001,0
32002,2
32002,0
32002,10
32003,8
32003,10
32003,5
32004,5
32004,1
32005,4
32007,4
32008,1
32008,10
32009,9
32009,7
32010,2
32011,3
32012,9
32012,3
32013,0
32014,7
32014,1
32014,9
32015,3
32016,7
32016,10
32017,8
32017,7
32019,3
32020,10
32021,4
32021,10
32022,7
32023,8
32023,10
32025,2
32029,6
32030,3
32031,4
32033,2
32036,0
32039,10
32041,4
32044,3
32046,8
32046,5
32046,1
32048,2
32048,1
32049,0
32049,8
32050,3
32050,4
32051,9
32052,3
32053,3
32054,4
32055,2
32056,3
32059,9
32061,5
32061,8
32062,5
32063,7
32064,0
32065,9
32066,7
32068,8
32068,5
32069,3
32069,0
32069,2
32071,5
32071,10
32074,1
32074,4
32074,8
32075,10
32076,5
32076,9
32077,10
32078,8
32079,8
32079,3
32080,2
32080,1
32081,1
32082,2
32083,2
32083,5
32083,6
32084,6
32085,8
32085,2
32085,3
32085,5
32086,3
32088,2
32088,10
32089,5
32090,7
32090,3
32091,9
32091,3
32091,8
32093,9
32093,1
32095,7
32096,1
32097,5
32098,3
32098,8
32098,10
32099,1
32099,6
32099,9
32100,9
32102,10
32103,1
32107,8
32107,7
32108,7
32110,9
32110,2
32111,9
32113,5
32115,4
32115,2
32115,8
32116,9
32118,5
32120,3
32122,6
32122,5
32122,3
32123,9
32123,6
32123,2
32125,5
32126,4
32127,6
32128,0
32131,4
32133,8
32135,4
32136,10
32137,4
32137,3
32138,1
32140,6
32140,8
32141,4
32142,9
32144,10
32144,0
32145,1
32146,1
32147,7
32147,2
32147,4
32148,5
32150,8
32150,1
32151,1
32153,8
32154,6
32155,5
32155,8
32156,3
32156,1
32157,5
32160,6
32161,7
32161,3
32162,7
32164,1
32164,7
32166,2
32167,5
32168,10
32168,7
32168,8
32169,6
32171,10
32171,4
32173,4
32174,2
32176,5
32176,2
32177,1
32180,6
32181,3
32181,4
32182,2
32184,3
32186,8
32188,1
32189,7
32190,2
32193,6
32193,7
32193,9
32194,9
32194,3
32194,2
32195,1
32195,10
32197,7
32198,9
32200,5
32200,6
32201,10
32201,6
32203,5
32203,7
32203,4
32206,3
32207,7
32207,2
32208,6
32211,0
32212,8
32213,4
32213,6
32213,2
32213,5
32213,9
32214,7
32215,6
32216,3
32216,6
32219,8
32219,4
32219,3
32220,3
32221,0
32221,1
32222,2
32223,7
32226,4
32226,9
32228,7
32228,9
32229,4
32230,2
32230,4
32231,10
32231,2
32231,6
32233,5
32233,8
32234,7
32234,3
32235,7
32236,1
32236,5
32237,7
32238,10
32239,4
32241,4
32241,3
32244,1
32244,9
32244,7
32245,10
32246,5
32247,7
32247,8
32248,7
32249,3
32252,0
32254,10
32258,7
32259,9
32259,8
32259,5
32260,10
32262,9
32262,2
32263,10
32264,5
32265,3
32266,6
32268,9
32268,10
32271,4
32271,9
32273,10
32274,9
32275,4
32275,10
32276,8
32277,7
32280,4
32280,2
32282,5
32282,4
32283,8
32285,2
32286,4
32288,10
32288,2
32292,0
32292,5
32293,3
32295,1
32295,0
32296,3
32297,10
32299,1
32299,7
32299,6
32300,9
32301,3
32302,3
32302,4
32303,3
32305,0
32306,7
32307,1
32307,10
32308,3
32309,5
32309,9
32310,6
32311,10
32311,7
32312,2
32312,4
32312,3
32313,4
32313,9
32314,8
32316,6
32317,4
32318,7
32320,2
32322,7
32324,4
32324,0
32324,10
32324,6
32326,2
32327,7
32327,10
32327,9
32328,10
32328,4
32328,1
32329,8
32329,7
32330,2
32331,5
32331,2
32333,9
32334,1
32335,6
32338,5
32339,5
32340,0
32340,8
32340,10
32343,0
32345,3
32346,4
32347,3
32347,7
32348,2
32349,6
32349,8
32350,6
32352,2
32352,4
32353,8
32355,1
32355,4
32356,8
32356,2
32358,1
32359,4
32359,10
32360,3
32361,5
32362,4
32362,2
32366,9
32368,7
32369,6
32369,9
32370,8
32370,0
32370,3
32370,4
32371,6
32371,9
32372,7
32376,6
32377,1
32378,9
32378,8
32379,3
32380,2
32383,1
32383,5
32385,0
32388,1
32390,10
32391,6
32391,4
32391,1
32393,10
32394,5
32397,6
32400,7
32404,3
32407,1
32408,0
32409,8
32410,10
32411,0
32412,8
32413,10
32416,1
32416,6
32418,5
32421,0
32422,8
32423,0
32424,0
32424,7
32424,4
32425,9
32426,4
32427,5
32427,4
32427,9
32427,0
32428,2
32428,10
32430,10
32431,9
32431,2
32433,5
32434,10
32435,7
32436,4
32436,0
32437,6
32438,6
32440,0
32440,7
32441,5
32441,10
32442,7
32446,1
32447,2
32450,3
32452,3
32452,5
32452,7
32455,2
32455,0
32455,8
32458,7
32459,10
32459,7
32460,5
32460,2
32461,1
32466,8
32466,9
32468,6
32468,7
32469,0
32469,7
32469,9
32470,8
32470,0
32471,5
32473,9
32473,10
32475,2
32476,1
32476,8
32477,4
32477,10
32477,2
32478,0
32478,10
32480,4
32485,9
32486,6
32486,0
32486,7
32487,0
32487,3
32487,6
32489,7
32490,1
32490,3
32491,2
32491,6
32491,0
32493,7
32493,5
32493,0
32493,9
32494,9
32495,2
32496,3
32498,9
32498,1
32499,2
32501,8
32503,5
32503,10
32504,4
32504,6
32505,0
32505,2
32508,3
32509,1
32509,9
32511,3
32512,5
32512,10
32513,6
32515,5
32515,0
32516,1
32519,0
32519,1
32520,7
32521,4
32521,6
32522,2
32523,7
32523,4
32524,4
32524,6
32526,7
32528,4
32528,6
32529,3
32530,10
32531,7
32531,2
32532,4
32532,5
32532,7
32533,2
32534,4
32535,9
32536,2
32537,10
32539,1
32541,6
32543,10
32543,5
32543,3
32543,7
32545,10
32547,1
32550,9
32552,7
32553,2
32553,6
32555,0
32556,10
32556,3
32557,9
32557,10
32559,2
32559,5
32560,4
32562,1
32562,0
32563,5
32564,3
32564,2
32564,4
32565,7
32565,9
32565,5
32566,10
32567,2
32568,8
32569,10
32569,7
32569,3
32570,10
32571,8
32573,0
32573,7
32575,8
32577,4
32577,1
32577,3
32579,7
32580,1
32580,10
32580,4
32581,8
32581,10
32581,1
32582,9
32583,1
32584,2
32586,1
32587,1
32587,0
32588,9
32588,0
32590,3
32590,9
32591,9
32592,8
32592,7
32593,2
32594,7
32595,7
32597,8
32597,2
32600,3
32601,2
32602,6
32603,5
32604,8
32604,3
32606,0
32607,7
32609,9
32610,8
32611,0
32612,2
32613,4
32615,8
32616,10
32617,10
32618,5
32618,2
32620,6
32621,7
32621,2
32623,8
32624,2
32626,10
32626,2
32627,6
32629,3
32630,8
32630,10
32631,5
32632,1
32632,6
32633,5
32634,9
32635,1
32636,4
32638,8
32640,3
32641,6
32645,6
32648,2
32649,3
32649,10
32650,6
32650,3
32651,5
32652,4
32652,1
32652,0
32652,5
32654,3
32655,1
32656,2
32657,9
32659,1
32660,2
32663,3
32664,7
32665,2
32665,1
32665,8
32666,4
32667,0
32668,9
32669,0
32669,1
32670,3
32672,0
32672,5
32673,10
32673,4
32674,1
32674,0
32675,7
32675,4
32676,0
32676,7
32677,7
32680,10
32681,3
32684,3
32684,2
32685,3
32685,8
32685,4
32686,0
32686,1
32687,6
32687,1
32687,0
32687,3
32689,9
32690,8
32690,10
32690,5
32691,10
32691,5
32691,8
32691,6
32693,4
32693,7
32693,3
32694,4
32694,0
32696,9
32697,10
32697,0
32700,1
32703,1
32703,10
32704,5
32704,10
32705,6
32705,2
32706,5
32706,8
32708,10
32708,3
32711,10
32711,4
32712,7
32712,2
32713,4
32713,3
32713,7
32714,10
32715,3
32715,1
32716,10
32717,10
32718,6
32719,8
32719,0
32722,8
32723,0
32724,2
32725,10
32726,7
32726,4
32726,3
32726,0
32727,2
32728,7
32731,7
32732,4
32733,2
32734,0
32735,0
32736,10
32736,8
32737,0
32738,10
32738,3
32739,1
32740,1
32740,6
32742,9
32743,4
32743,0
32745,0
32745,9
32747,9
32747,6
32749,4
32749,0
32750,10
32750,4
32751,4
32752,9
32752,5
32753,8
32753,0
32754,2
32756,8
32758,4
32758,8
32758,2
32758,3
32759,5
32759,0
32760,1
32760,0
32761,10
32762,4
32763,5
32763,9
32764,8
32767,8
32769,8
32769,3
32770,4
32772,4
32773,9
32777,6
32778,0
32778,9
32780,9
32780,5
32780,3
32780,0
32781,3
32784,8
32785,3
32785,5
32788,3
32788,6
32791,3
32791,5
32791,7
32792,1
32793,6
32794,1
32794,8
32796,9
32796,4
32797,7
32799,1
32799,9
32800,4
32804,4
32805,8
32806,10
32808,10
32812,1
32813,1
32815,7
32817,9
32818,4
32819,7
32821,4
32822,1
32822,9
32823,4
32824,1
32825,7
32826,9
32826,1
32826,6
32826,2
32827,10
32827,4
32827,2
32828,5
32829,2
32829,7
32831,10
32833,0
32833,1
32834,0
32835,7
32836,1
32836,6
32837,3
32837,0
32837,8
32838,10
32838,7
32839,9
32840,9
32842,9
32845,6
32848,1
32849,2
32850,10
32850,5
32851,3
32851,0
32852,2
32855,7
32855,4
32856,10
32857,8
32857,2
32858,6
32859,2
32859,7
32861,2
32865,6
32865,3
32865,1
32866,1
32866,0
32868,5
32870,3
32871,0
32871,4
32873,9
32873,2
32874,5
32876,2
32877,10
32877,0
32878,4
32878,6
32879,3
32879,10
32879,4
32879,1
32880,8
32882,5
32883,5
32885,5
32887,4
32887,9
32888,9
32888,6
32889,5
32889,1
32890,3
32890,8
32891,4
32892,5
32893,9
32894,6
32895,0
32896,4
32897,5
32898,9
32898,1
32898,2
32899,0
32901,5
32905,5
32905,7
32905,3
32907,5
32908,6
32910,8
32912,3
32914,10
32914,1
32915,7
32915,8
32915,5
32916,2
32916,9
32918,0
32919,6
32920,4
32920,5
32923,1
32923,0
32925,7
32925,4
32928,9
32930,6
32932,8
32933,8
32935,4
32935,3
32935,2
32936,7
32936,8
32937,6
32938,2
32940,5
32941,1
32942,2
32942,7
32942,10
32944,6
32945,9
32945,2
32946,2
32946,3
32947,9
32947,8
32949,1
32949,6
32951,5
32951,9
32951,2
32953,9
32953,10
32953,0
32954,10
32955,9
32956,1
32957,10
32959,7
32960,2
32961,4
32961,2
32961,3
32962,0
32962,8
32962,6
32966,3
32968,5
32969,1
32970,4
32971,6
32971,7
32972,0
32974,4
32975,9
32976,9
32977,9
32978,7
32980,8
32980,4
32981,4
32981,0
32981,6
32982,7
32983,4
32983,9
32984,8
32986,8
32988,0
32989,3
32989,9
32989,2
32990,4
32990,9
32991,7
32991,4
32993,5
32993,2
32994,4
32995,4
32995,6
32995,8
32996,2
32998,0
32998,5
32998,4
32999,0
33002,3
33003,8
33004,7
33005,3
33006,1
33006,4
33006,0
33006,9
33007,10
33007,4
33009,8
33010,5
33010,10
33011,0
33012,10
33013,0
33014,9
33016,0
33017,2
33017,5
33018,0
33020,4
33020,8
33020,10
33020,1
33020,9
33021,8
33021,0
33023,1
33024,0
33027,10
33028,1
33030,9
33031,0
33032,3
33032,7
33035,9
33035,7
33036,10
33037,2
33037,6
33038,0
33038,4
33042,3
33046,1
33047,3
33050,7
33051,8
33053,4
33054,6
33054,7
33056,1
33056,0
33057,5
33057,7
33058,9
33059,6
33060,10
33061,5
33061,7
33062,8
33062,2
33065,1
33065,6
33066,9
33068,0
33068,1
33069,8
33071,0
33071,9
33074,5
33075,7
33075,10
33077,10
33077,5
33079,7
33079,9
33079,6
33081,5
33082,4
33084,1
33085,5
33085,3
33087,10
33087,1
33088,2
33089,10
33093,6
33094,5
33094,1
33094,7
33095,2
33095,8
33096,7
33096,10
33096,3
33097,8
33097,10
33098,9
33098,10
33099,0
33102,5
33102,3
33103,3
33104,8
33105,9
33106,7
33108,5
33109,3
33110,4
33111,9
33114,3
33114,0
33117,5
33117,7
33118,9
33118,3
33119,2
33120,4
33121,3
33122,3
33122,7
33123,5
33126,9
33127,7
33128,7
33128,4
33131,0
33132,7
33134,7
33134,4
33136,0
33136,2
33137,9
33140,2
33141,1
33142,0
33143,0
33146,1
33147,9
33147,5
33148,9
33148,2
33149,0
33150,4
33150,2
33151,0
33151,10
33151,8
33153,2
33154,0
33155,4
33155,8
33155,6
33156,3
33156,1
33156,10
33156,4
33158,7
33160,2
33161,6
33163,3
33163,0
33164,9
33165,6
33165,1
33166,3
33167,1
33168,10
33169,6
33170,6
33170,5
33173,8
33173,10
33174,7
33175,3
33176,3
33176,8
33176,0
33179,2
33180,8
33182,8
33183,0
33185,9
33186,0
33187,0
33189,8
33189,0
33190,0
33191,0
33192,4
33196,0
33197,10
33199,1
33199,3
33200,10
33203,2
33203,7
33205,6
33206,10
33207,9
33208,2
33208,7
33208,1
33209,1
33210,10
33210,7
33211,6
33211,4
33212,2
33214,9
33214,5
33215,6
33216,2
33217,9
33218,5
33218,6
33220,0
33221,6
33221,5
33221,2
33222,4
33223,8
33224,10
33224,1
33225,7
33225,4
33225,0
33226,10
33227,8
33227,4
33228,1
33228,3
33230,6
33231,4
33231,1
33233,0
33236,7
33239,2
33239,4
33239,9
33240,3
33241,2
33242,7
33243,1
33243,7
33244,5
33244,2
33245,9
33248,7
33249,5
33249,8
33251,5
33252,0
33252,4
33253,6
33253,8
33255,10
33256,2
33256,10
33257,5
33261,2
33263,7
33263,1
33266,4
33266,7
33266,0
33267,0
33268,4
33268,8
33270,4
33270,6
33271,7
33271,0
33271,6
33271,10
33272,1
33273,3
33274,5
33274,9
33275,3
33276,2
33277,7
33277,6
33278,6
33280,4
33282,7
33283,2
33283,1
33283,3
33285,0
33288,6
33288,3
33288,1
33289,0
33290,3
33290,10
33290,4
33292,3
33292,7
33292,5
33293,9
33295,1
33296,8
33297,7
33298,1
33301,6
33302,4
33302,5
33303,0
33305,7
33305,2
33306,9
33309,2
33310,9
33311,10
33312,3
33313,9
33315,5
33315,9
33315,4
33316,0
33316,4
33316,2
33317,7
33318,5
33318,10
33320,6
33320,1
33321,4
33321,3
33322,1
33323,5
33324,6
33325,0
33327,4
33330,8
33334,0
33334,8
33335,4
33335,5
33335,6
33338,9
33338,7
33340,8
33340,9
33341,8
33343,6
33344,6
33344,1
33345,0
33348,6
33351,0
33351,1
33353,4
33353,7
33354,2
33354,1
33355,9
33359,0
33359,8
33359,6
33360,6
33361,1
33362,7
33362,0
33363,3
33363,10
33364,3
33366,2
33366,7
33366,8
33368,8
33369,8
33370,6
33375,1
33375,8
33375,5
33376,0
33376,7
33377,8
33377,7
33378,5
33379,2
33379,3
33379,10
33380,5
33381,10
33381,7
33382,3
33382,1
33383,0
33383,3
33384,10
33385,7
33385,3
33386,3
33386,7
33388,1
33389,6
33389,2
33390,5
33391,2
33391,3
33391,7
33391,4
33395,7
33399,4
33399,2
33399,10
33401,2
33401,3
33402,6
33402,0
33402,8
33405,7
33405,3
33407,4
33407,5
33407,10
33409,3
33410,0
33411,7
33411,3
33412,3
33412,1
33412,7
33413,8
33413,9
33416,0
33418,4
33418,6
33419,7
33419,4
33420,2
33420,10
33424,9
33424,2
33425,4
33430,6
33430,9
33431,5
33431,7
33432,5
33433,4
33434,5
33435,9
33436,0
33436,5
33437,9
33437,2
33438,3
33439,5
33440,4
33440,5
33441,4
33442,1
33442,5
33444,1
33444,10
33445,9
33446,2
33447,2
33448,0
33448,5
33448,4
33450,8
33452,8
33452,10
33453,9
33453,10
33455,9
33455,0
33455,8
33456,7
33456,1
33457,2
33458,8
33458,5
33459,10
33460,3
33460,2
33463,2
33463,5
33463,6
33464,1
33465,4
33466,2
33467,9
33467,0
33468,10
33469,0
33472,7
33473,3
33474,9
33474,6
33475,5
33476,7
33477,7
33478,5
33478,9
33481,4
33481,7
33481,3
33484,1
33484,7
33486,5
33487,1
33488,2
33489,3
33492,6
33492,0
33494,5
33495,3
33495,0
33496,8
33497,5
33497,3
33498,4
33498,7
33499,9
33500,7
33504,1
33505,3
33505,2
33506,7
33508,1
33508,6
33509,9
33509,0
33509,6
33512,1
33512,8
33514,3
33514,0
33514,8
33516,0
33517,10
33518,2
33519,4
33519,6
33520,0
33520,8
33520,6
33521,10
33521,3
33523,9
33523,0
33524,7
33526,4
33526,6
33528,10
33529,5
33531,2
33531,0
33531,8
33532,5
33532,2
33532,8
33534,2
33535,6
33536,1
33536,9
33538,4
33538,7
33539,6
33540,10
33542,1
33544,1
33544,4
33545,7
33545,0
33546,10
33547,6
33547,7
33548,9
33548,5
33550,3
33551,3
33551,8
33554,4
33556,9
33556,6
33560,4
33560,5
33561,1
33562,1
33562,3
33563,5
33565,5
33566,4
33566,6
33572,1
33574,2
33575,2
33575,4
33576,8
33577,8
33577,1
33578,1
33579,10
33580,7
33581,6
33582,6
33582,3
33583,7
33583,0
33583,2
33586,5
33588,7
33588,3
33589,8
33590,9
33590,1
33591,8
33591,7
33591,5
33593,9
33593,1
33593,5
33595,7
33595,6
33597,0
33600,8
33602,4
33602,9
33604,5
33605,7
33606,8
33607,1
33608,0
33608,7
33608,9
33609,4
33610,7
33610,6
33612,1
33612,10
33615,0
33615,4
33618,9
33618,8
33619,7
33620,10
33621,0
33622,0
33622,6
33623,4
33624,2
33624,8
33624,0
33625,5
33626,4
33626,2
33627,1
33629,7
33629,10
33631,9
33633,3
33637,5
33638,1
33638,0
33639,9
33639,0
33639,4
33641,8
33642,1
33645,3
33646,2
33646,1
33648,10
33648,7
33649,4
33651,10
33651,0
33652,8
33657,3
33657,6
33659,10
33659,2
33660,3
33661,0
33661,3
33662,4
33662,10
33664,1
33664,8
33665,5
33665,10
33667,7
33668,1
33671,9
33672,0
33674,8
33675,8
33675,5
33676,7
33677,3
33678,10
33679,2
33679,10
33679,5
33681,1
33681,4
33685,4
33685,9
33686,0
33687,3
33687,1
33688,9
33689,4
33689,10
33691,10
33693,5
33693,8
33694,1
33694,9
33695,5
33695,9
33696,4
33699,0
33700,10
33700,9
33701,8
33701,10
33701,5
33701,6
33706,5
33707,1
33708,1
33708,4
33709,10
33710,6
33711,6
33711,3
33712,4
33714,8
33715,1
33715,10
33716,6
33716,7
33716,8
33717,8
33717,4
33717,0
33718,6
33718,10
33718,9
33719,0
33721,6
33723,6
33723,8
33724,7
33725,2
33725,10
33727,8
33727,3
33730,1
33730,0
33734,8
33734,4
33736,2
33739,8
33739,0
33740,4
33740,9
33740,5
33742,8
33743,5
33743,6
33744,1
33745,9
33746,6
33746,7
33747,3
33747,7
33747,8
33747,0
33748,2
33750,8
33752,3
33753,10
33755,9
33755,6
33755,7
33755,0
33756,2
33758,5
33759,10
33760,8
33763,6
33765,4
33765,0
33767,3
33768,1
33768,10
33770,9
33770,3
33771,0
33772,9
33772,5
33773,10
33773,6
33775,6
33777,1
33777,5
33777,0
33778,1
33779,10
33780,2
33780,8
33780,9
33780,4
33781,3
33782,8
33783,3
33785,6
33788,4
33788,5
33791,0
33796,0
33797,5
33800,6
33801,8
33805,0
33805,6
33806,7
33807,6
33807,4
33809,10
33810,6
33810,7
33810,8
33811,6
33812,7
33812,0
33813,7
33814,6
33814,9
33815,2
33816,3
33816,5
33818,3
33818,9
33821,3
33822,1
33824,1
33826,2
33828,5
33830,5
33831,5
33832,7
33834,1
33834,10
33836,7
33837,7
33837,1
33840,0
33840,1
33841,2
33842,9
33843,6
33845,3
33845,5
33845,6
33846,10
33846,7
33846,0
33852,3
33855,5
33856,0
33856,8
33856,2
33859,3
33859,10
33861,4
33861,3
33862,8
33863,3
33863,5
33863,8
33864,7
33866,6
33867,3
33868,3
33872,9
33872,4
33872,6
33873,9
33874,9
33874,2
33875,9
33876,1
33876,0
33877,10
33877,2
33879,5
33879,3
33880,1
33880,3
33880,7
33881,3
33882,10
33882,6
33882,2
33884,1
33884,5
33884,8
33885,3
33885,6
33886,0
33887,6
33887,4
33887,3
33888,6
33889,1
33890,3
33891,7
33891,4
33892,2
33893,4
33893,10
33893,3
33894,8
33894,2
33895,1
33896,1
33896,10
33897,6
33897,7
33898,8
33899,3
33899,9
33902,3
33902,2
33902,7
33908,5
33909,0
33910,4
33910,3
33912,3
33912,6
33914,9
33915,10
33917,7
33917,8
33918,6
33918,7
33919,5
33919,2
33920,1
33921,1
33921,4
33922,6
33922,10
33922,7
33925,4
33926,0
33926,4
33926,6
33927,1
33928,5
33929,2
33930,8
33930,10
33931,8
33931,5
33932,3
33933,3
33936,7
33936,3
33937,4
33937,3
33938,0
33938,9
33938,4
33939,4
33939,0
33939,9
33940,9
33940,6
33940,7
33941,6
33942,0
33942,7
33943,2
33944,0
33944,5
33945,4
33945,8
33947,5
33948,1
33951,10
33951,3
33954,6
33955,3
33956,3
33957,5
33958,7
33958,0
33959,2
33960,8
33962,1
33964,2
33965,5
33965,1
33966,0
33967,0
33968,0
33970,10
33971,4
33972,8
33973,8
33973,0
33974,2
33974,9
33976,7
33976,2
33976,3
33978,2
33979,7
33980,2
33981,8
33984,1
33985,1
33986,10
33989,9
33990,1
33993,4
33994,8
33994,1
33996,10
33996,7
33998,8
33999,4
34001,9
34002,3
34002,0
34003,10
34003,7
34006,4
34006,9
34007,7
34007,0
34008,3
34009,5
34009,3
34011,4
34011,7
34011,10
34013,8
34016,9
34016,8
34017,1
34017,9
34019,1
34019,8
34019,9
34020,2
34021,2
34022,9
34022,8
34023,6
34023,5
34027,5
34028,9
34029,8
34029,6
34029,1
34031,3
34031,5
34031,0
34032,9
34033,10
34033,0
34035,5
34036,8
34037,5
34037,1
34038,4
34038,7
34044,7
34044,8
34044,0
34045,3
34046,2
34047,5
34047,2
34047,0
34048,4
34049,1
34049,6
34050,5
34051,4
34052,9
34053,10
34053,7
34055,9
34056,6
34056,1
34056,7
34056,3
34057,0
34057,2
34060,8
34061,0
34061,4
34062,6
34062,2
34063,1
34064,0
34065,1
34066,8
34067,9
34068,10
34068,0
34069,4
34072,9
34072,1
34073,2
34073,6
34074,0
34074,1
34074,5
34074,10
34075,1
34076,2
34076,5
34076,7
34078,9
34080,8
34080,4
34081,3
34082,7
34084,7
34084,5
34085,1
34086,7
34086,9
34087,2
34090,0
34091,4
34092,0
34092,2
34095,2
34097,1
34097,9
34098,7
34099,0
34100,3
34101,0
34102,5
34102,10
34103,2
34103,9
34105,7
34107,6
34109,10
34109,8
34109,6
34111,1
34112,5
34112,8
34112,7
34113,6
34114,8
34116,0
34117,10
34118,8
34119,1
34120,1
34122,0
34123,6
34123,7
34127,8
34129,9
34129,7
34131,2
34133,5
34133,4
34133,1
34133,0
34135,2
34137,9
34138,7
34139,4
34140,1
34140,3
34142,8
34143,5
34144,3
34145,1
34147,2
34147,7
34148,8
34149,3
34153,2
34153,9
34155,10
34157,8
34157,7
34158,10
34158,5
34159,4
34159,5
34159,1
34161,1
34161,8
34163,0
34165,3
34165,4
34165,2
34167,2
34169,3
34169,9
34170,1
34172,1
34172,4
34173,1
34176,9
34177,9
34177,4
34179,10
34179,9
34179,4
34180,6
34181,7
34182,6
34182,1
34186,2
34187,0
34188,5
34188,9
34189,8
34191,5
34191,3
34191,8
34192,9
34193,6
34194,4
34195,8
34195,4
34197,9
34198,2
34199,3
34200,8
34203,8
34204,4
34204,3
34204,8
34204,1
34205,6
34206,6
34206,8
34207,2
34210,8
34211,2
34212,6
34214,7
34215,7
34218,7
34219,2
34219,7
34219,1
34220,10
34221,1
34221,10
34222,2
34223,0
34225,1
34226,3
34226,1
34227,10
34227,3
34228,5
34229,7
34232,10
34232,5
34232,2
34233,2
34235,5
34236,1
34237,8
34239,1
34239,7
34239,10
34240,0
34240,3
34240,10
34240,6
34241,1
34242,8
34242,2
34246,2
34247,2
34248,7
34248,8
34250,9
34251,2
34251,5
34251,6
34252,8
34253,7
34253,0
34254,2
34254,7
34255,0
34255,4
34256,5
34258,1
34259,0
34260,5
34260,6
34260,4
34261,7
34261,0
34262,9
34263,6
34266,5
34267,6
34268,1
34268,0
34269,7
34269,3
34273,4
34273,7
34274,2
34274,10
34275,5
34275,3
34278,7
34280,0
34281,6
34281,7
34283,10
34284,1
34284,9
34286,8
34286,1
34288,3
34289,3
34289,8
34290,0
34291,7
34291,0
34291,8
34294,2
34294,6
34295,1
34295,8
34296,1
34300,8
34303,0
34304,5
34305,5
34305,6
34307,7
34307,5
34308,8
34309,5
34311,8
34313,0
34313,4
34314,5
34314,6
34315,3
34317,2
34321,8
34321,0
34323,3
34323,5
34323,0
34324,9
34324,7
34325,0
34325,7
34326,4
34327,0
34327,5
34327,3
34327,9
34329,10
34331,7
34331,3
34332,0
34333,2
34333,5
34333,9
34335,4
34336,3
34336,9
34343,2
34344,0
34344,2
34345,3
34346,8
34346,3
34348,5
34348,8
34348,1
34349,4
34350,2
34351,4
34352,8
34354,2
34354,10
34355,0
34356,1
34356,0
34357,6
34358,5
34359,5
34360,5
34363,4
34363,9
34366,10
34368,6
34369,3
34370,6
34370,3
34371,9
34372,8
34375,4
34375,8
34376,7
34376,10
34378,6
34378,5
34378,9
34380,1
34380,4
34382,8
34383,5
34383,4
34384,2
34384,3
34384,7
34385,2
34385,9
34385,6
34386,1
34388,6
34391,1
34392,8
34394,6
34394,1
34394,3
34395,9
34396,10
34396,9
34397,1
34399,3
34400,8
34401,8
34401,5
34402,1
34404,9
34405,5
34405,3
34406,7
34410,0
34410,3
34412,5
34412,4
34413,3
34414,10
34415,4
34415,8
34417,9
34417,6
34419,7
34420,5
34420,10
34420,0
34421,7
34422,2
34423,9
34423,8
34424,0
34424,1
34425,2
34426,2
34426,1
34429,4
34431,9
34432,3
34435,2
34441,1
34441,4
34443,8
34444,6
34444,8
34445,3
34445,9
34446,3
34447,3
34449,1
34451,10
34452,3
34453,9
34453,0
34454,10
34456,4
34457,9
34457,8
34458,3
34458,9
34460,1
34460,9
34463,9
34463,3
34464,7
34465,0
34466,9
34467,3
34467,5
34467,8
34468,6
34469,1
34470,8
34471,4
34471,1
34471,7
34473,6
34474,8
34476,2
34480,6
34481,1
34481,7
34483,1
34483,7
34484,0
34485,2
34487,2
34488,6
34489,7
34490,2
34491,3
34491,2
34493,4
34494,2
34495,8
34495,5
34497,8
34497,10
34498,6
34499,6
34499,7
34501,6
34503,6
34504,2
34504,4
34505,3
34505,7
34506,3
34508,6
34509,5
34509,0
34510,1
34511,1
34514,9
34515,0
34515,8
34516,4
34517,8
34518,3
34519,4
34519,5
34522,5
34524,3
34525,6
34526,7
34527,5
34529,0
34530,2
34531,9
34531,4
34533,4
34533,3
34534,5
34537,0
34537,5
34539,10
34540,8
34541,2
34541,7
34541,10
34542,4
34543,7
34545,1
34545,3
34548,1
34548,6
34548,4
34549,7
34550,4
34551,9
34553,8
34555,7
34556,3
34557,9
34558,0
34558,8
34560,8
34560,0
34561,0
34561,2
34562,2
34563,5
34565,3
34566,2
34567,2
34568,2
34569,1
34570,8
34572,6
34574,3
34574,0
34576,2
34577,2
34581,10
34584,4
34584,7
34585,1
34585,0
34587,4
34587,10
34588,7
34589,0
34590,0
34591,0
34591,4
34593,1
34593,3
34594,3
34595,6
34595,5
34596,7
34597,4
34598,9
34598,5
34598,0
34599,10
34599,5
34600,1
34600,8
34601,8
34601,9
34603,2
34603,9
34604,10
34604,4
34605,0
34607,2
34608,3
34608,5
34608,0
34609,3
34609,9
34610,5
34610,9
34610,3
34612,8
34612,10
34613,2
34616,6
34617,10
34618,2
34620,0
34620,5
34621,3
34621,0
34624,5
34626,7
34627,9
34627,0
34628,2
34629,3
34629,9
34631,6
34631,3
34631,9
34632,8
34634,9
34635,9
34636,9
34638,0
34639,1
34639,5
34641,4
34643,2
34644,3
34649,7
34650,2
34651,6
34652,3
34656,1
34657,0
34660,1
34661,2
34662,0
34663,3
34665,10
34665,4
34666,5
34666,4
34667,5
34667,7
34668,10
34669,6
34669,0
34673,1
34673,9
34674,10
34675,3
34677,10
34678,9
34679,3
34679,6
34681,5
34682,4
34683,1
34683,3
34683,10
34684,3
34686,8
34686,7
34688,9
34688,1
34689,4
34690,6
34691,6
34692,8
34692,9
34695,3
34696,0
34696,8
34697,0
34699,5
34700,0
34701,0
34702,0
34702,9
34704,8
34704,5
34707,7
34707,8
34708,6
34710,4
34711,4
34711,1
34711,9
34712,0
34713,2
34715,1
34715,9
34717,3
34718,10
34718,8
34719,4
34719,9
34721,9
34721,2
34723,1
34724,4
34724,5
34724,3
34726,5
34726,7
34727,6
34729,8
34729,9
34730,10
34730,0
34730,8
34731,0
34732,6
34734,3
34734,0
34734,2
34734,8
34736,2
34739,7
34739,5
34740,0
34740,3
34740,2
34741,9
34742,7
34742,4
34742,8
34742,6
34743,9
34743,2
34744,5
34745,8
34745,7
34745,6
34746,4
34747,6
34749,3
34750,10
34752,7
34752,0
34753,7
34753,4
34756,2
34756,7
34757,4
34758,10
34759,6
34759,8
34759,0
34760,9
34760,0
34760,4
34761,6
34761,1
34762,2
34763,9
34765,5
34767,6
34768,9
34769,6
34769,3
34770,5
34770,3
34771,4
34772,8
34772,6
34773,1
34773,3
34774,7
34775,5
34777,4
34777,9
34779,2
34783,10
34785,3
34787,1
34788,0
34788,5
34790,8
34790,1
34791,5
34793,8
34795,2
34796,9
34796,5
34798,4
34798,5
34799,1
34799,4
34801,7
34804,6
34805,6
34805,1
34807,0
34808,6
34808,0
34808,9
34810,4
34811,9
34812,8
34812,1
34813,10
34815,2
34816,10
34817,0
34818,10
34819,5
34820,1
34822,5
34823,5
34824,4
34824,10
34826,9
34826,8
34826,2
34828,8
34829,2
34831,0
34832,3
34833,2
34834,7
34835,5
34837,10
34839,4
34840,10
34841,1
34841,3
34844,0
34845,7
34845,8
34846,8
34846,6
34847,8
34847,9
34848,6
34851,7
34851,8
34852,5
34852,9
34854,0
34858,3
34859,0
34860,2
34861,0
34862,4
34863,9
34868,6
34868,8
34869,5
34869,10
34870,3
34870,1
34871,0
34875,6
34875,3
34877,9
34879,5
34880,1
34880,7
34881,2
34882,0
34882,9
34882,10
34883,7
34883,8
34884,7
34885,2
34886,6
34886,1
34890,2
34891,8
34892,4
34893,10
34893,7
34895,4
34896,0
34897,5
34898,3
34898,1
34899,7
34899,2
34902,4
34903,4
34904,6
34905,6
34905,3
34905,5
34907,2
34909,6
34910,7
34911,9
34912,5
34912,10
34912,9
34913,3
34913,4
34914,2
34914,1
34915,2
34915,5
34916,6
34917,2
34918,5
34918,6
34920,10
34921,1
34921,3
34921,0
34921,7
34923,4
34923,5
34926,9
34927,5
34927,2
34928,10
34928,0
34928,4
34929,9
34929,10
34931,6
34932,2
34932,6
34936,4
34937,4
34938,8
34943,6
34943,4
34945,7
34945,6
34945,0
34946,1
34948,8
34948,1
34950,1
34951,1
34952,7
34953,10
34954,7
34955,4
34956,7
34957,4
34957,6
34957,3
34958,1
34959,8
34960,1
34961,5
34964,2
34964,0
34964,8
34964,7
34965,10
34965,3
34967,6
34969,2
34970,0
34971,5
34974,9
34975,5
34977,0
34978,4
34979,10
34979,0
34980,6
34980,1
34981,8
34981,0
34981,10
34981,3
34982,10
34983,7
34984,10
34984,2
34984,4
34985,2
34988,10
34988,7
34989,6
34991,4
34993,7
34995,2
34996,1
34997,9
34997,2
34998,6
34999,7
34999,4
35001,3
35003,8
35005,8
35005,10
35006,6
35006,8
35009,4
35013,9
35014,9
35020,2
35024,6
35024,8
35025,10
35027,2
35028,3
35030,9
35031,4
35032,10
35032,0
35033,6
35033,4
35034,2
35035,8
35035,0
35035,2
35037,7
35040,2
35040,5
35040,3
35041,3
35041,10
35041,8
35042,0
35043,1
35044,9
35045,8
35048,7
35049,2
35049,10
35050,1
35050,8
35052,4
35053,7
35053,4
35053,1
35055,6
35056,4
35056,0
35056,5
35058,3
35059,5
35060,0
35061,1
35062,1
35063,6
35063,8
35063,1
35064,10
35067,2
35070,7
35071,0
35072,1
35074,10
35074,4
35074,6
35075,10
35076,5
35077,5
35078,6
35079,1
35079,3
35081,9
35082,1
35082,9
35082,2
35084,9
35084,7
35085,7
35085,2
35086,2
35086,9
35088,7
35090,0
35090,9
35092,8
35093,3
35097,9
35098,0
35098,9
35098,6
35099,3
35101,2
35102,6
35104,10
35105,10
35106,9
35107,2
35107,1
35109,5
35109,0
35112,7
35113,1
35114,9
35115,7
35116,3
35116,6
35117,9
35119,8
35119,7
35121,7
35121,5
35122,5
35123,6
35123,2
35130,5
35130,9
35131,2
35133,2
35133,7
35134,1
35134,8
35135,5
35135,0
35135,10
35136,6
35140,4
35140,3
35141,7
35141,2
35143,4
35143,5
35144,6
35146,10
35147,0
35148,2
35149,8
35150,10
35150,8
35150,7
35151,0
35153,1
35153,6
35156,5
35157,5
35157,0
35158,2
35159,4
35159,6
35160,7
35160,1
35160,6
35161,1
35163,10
35163,6
35163,4
35167,7
35168,3
35169,2
35169,3
35171,3
35172,9
35172,6
35173,3
35174,9
35177,3
35179,2
35179,3
35180,10
35180,3
35181,4
35181,3
35181,8
35181,6
35182,0
35183,10
35186,3
35188,7
35190,4
35191,1
35193,4
35194,7
35194,0
35195,0
35196,1
35196,4
35196,6
35196,8
35197,6
35197,7
35198,0
35198,10
35199,10
35200,7
35201,5
35204,1
35204,5
35207,2
35208,4
35209,4
35209,3
35209,0
35209,1
35210,9
35211,0
35212,3
35213,0
35214,7
35216,0
35217,9
35218,7
35220,6
35221,5
35221,0
35221,7
35223,10
35224,7
35225,10
35227,8
35227,9
35228,7
35230,8
35231,6
35232,8
35233,9
35234,1
35237,2
35237,10
35237,8
35238,4
35240,4
35245,0
35246,8
35246,0
35247,7
35249,9
35249,0
35250,10
35253,8
35255,1
35255,8
35255,0
35256,0
35256,5
35257,10
35259,0
35260,2
35261,2
35262,8
35263,6
35264,2
35265,5
35265,8
35266,9
35268,5
35270,2
35271,9
35272,7
35273,9
35273,8
35273,4
35275,3
35276,7
35280,1
35280,4
35282,0
35283,8
35283,2
35284,8
35285,1
35287,5
35287,2
35288,2
35289,3
35290,0
35296,7
35297,2
35297,9
35298,9
35298,7
35299,1
35299,3
35300,5
35301,5
35301,6
35301,0
35301,3
35301,9
35302,3
35302,4
35302,6
35304,2
35304,6
35305,3
35308,6
35309,0
35309,10
35309,5
35311,9
35311,6
35312,1
35313,9
35313,6
35314,9
35317,5
35317,1
35317,3
35318,8
35318,2
35318,4
35321,6
35321,0
35321,7
35324,10
35325,1
35325,2
35325,5
35326,2
35327,7
35328,3
35329,1
35330,7
35331,1
35332,7
35332,1
35334,0
35336,1
35336,2
35340,4
35340,10
35341,4
35341,3
35341,2
35342,9
35343,3
35344,5
35345,9
35345,3
35346,2
35346,9
35347,8
35347,6
35348,2
35350,8
35351,2
35351,6
35352,2
35352,4
35353,2
35353,10
35354,10
35354,7
35354,1
35354,9
35355,8
35355,3
35355,5
35359,4
35360,3
35360,0
35361,8
35361,0
35365,4
35366,2
35367,8
35367,5
35367,1
35367,9
35368,0
35368,7
35369,4
35370,1
35371,2
35371,10
35372,3
35373,2
35373,8
35374,2
35374,3
35374,8
35376,10
35379,1
35379,9
35380,4
35380,9
35380,5
35381,2
35381,10
35384,2
35385,8
35387,4
35388,9
35391,6
35392,6
35393,1
35393,10
35394,7
35395,5
35395,2
35395,7
35397,1
35397,8
35399,10
35402,3
35402,5
35403,1
35405,10
35407,4
35408,1
35409,7
35412,5
35412,6
35413,9
35414,0
35414,2
35416,5
35416,10
35417,6
35417,7
35419,3
35420,8
35428,3
35428,9
35432,8
35434,7
35435,10
35436,8
35437,2
35437,7
35437,1
35437,9
35438,5
35439,4
35439,10
35439,1
35440,6
35442,0
35444,10
35447,8
35447,6
35447,1
35449,10
35450,1
35452,6
35453,10
35453,5
35453,2
35454,4
35455,6
35455,10
35456,2
35457,6
35458,4
35459,2
35462,0
35463,10
35463,3
35464,2
35467,0
35468,1
35471,10
35471,7
35471,6
35472,4
35472,3
35473,3
35474,10
35474,2
35475,8
35477,3
35477,6
35479,8
35481,2
35482,2
35483,8
35484,8
35484,10
35485,1
35485,7
35488,2
35488,4
35493,1
35495,5
35496,5
35497,9
35499,7
35499,9
35500,9
35500,5
35503,10
35503,4
35503,8
35504,10
35505,5
35506,0
35506,7
35506,3
35507,3
35508,4
35509,0
35509,10
35509,2
35510,6
35511,5
35513,9
35514,3
35515,1
35516,4
35517,2
35518,9
35519,8
35519,9
35519,1
35521,6
35521,10
35522,3
35523,9
35525,7
35526,4
35526,0
35526,2
35528,10
35529,5
35529,8
35530,6
35531,6
35532,2
35533,1
35533,7
35535,9
35536,7
35537,5
35538,1
35538,3
35538,9
35539,0
35541,4
35543,9
35544,8
35545,2
35545,3
35546,0
35546,6
35547,4
35548,8
35548,7
35549,0
35551,10
35552,4
35555,10
35557,5
35557,10
35559,9
35560,2
35560,3
35562,2
35564,2
35564,5
35567,0
35567,8
35568,8
35568,6
35569,9
35569,10
35571,2
35572,6
35572,5
35573,6
35576,8
35577,3
35577,10
35578,5
35580,0
35581,9
35581,4
35582,6
35582,0
35584,3
35585,2
35588,10
35588,2
35589,6
35589,0
35589,8
35589,2
35590,5
35590,3
35590,7
35591,2
35591,7
35592,8
35595,9
35597,5
35598,0
35598,1
35600,10
35601,7
35601,6
35603,6
35606,6
35606,0
35608,7
35609,3
35610,2
35610,10
35613,10
35615,5
35616,1
35617,1
35617,3
35617,6
35619,10
35621,4
35622,6
35622,2
35622,3
35622,8
35624,1
35625,4
35626,10
35626,5
35628,7
35630,8
35630,5
35632,3
35633,7
35633,1
35634,8
35634,0
35635,5
35635,6
35636,8
35636,6
35637,9
35637,0
35637,10
35640,9
35640,0
35641,10
35642,2
35643,4
35643,5
35645,8
35646,5
35647,8
35647,10
35648,6
35648,5
35649,0
35651,2
35651,8
35651,0
35653,8
35653,6
35654,4
35655,9
35655,7
35657,3
35658,10
35659,3
35659,9
35661,7
35661,6
35662,1
35663,3
35664,3
35664,9
35665,6
35665,10
35666,4
35667,7
35667,0
35669,6
35670,10
35671,10
35672,0
35673,0
35676,4
35678,7
35681,3
35682,8
35683,3
35683,4
35683,10
35687,8
35688,4
35688,7
35689,5
35690,0
35690,3
35693,1
35694,0
35694,1
35696,1
35696,10
35696,4
35697,4
35699,0
35699,6
35699,10
35700,1
35701,5
35701,10
35706,2
35706,4
35706,10
35706,6
35707,6
35708,7
35708,8
35709,0
35710,9
35710,7
35711,10
35712,1
35714,2
35714,1
35715,6
35716,7
35719,5
35722,8
35723,3
35724,4
35726,6
35726,1
35727,4
35728,10
35728,9
35728,7
35729,5
35730,10
35731,3
35731,5
35731,6
35734,1
35735,5
35735,0
35736,7
35736,9
35736,10
35736,2
35738,4
35738,0
35738,2
35739,0
35741,6
35741,3
35744,4
35745,9
35748,6
35750,4
35750,1
35750,0
35751,1
35752,10
35753,10
35754,8
35755,2
35757,6
35757,8
35758,2
35759,1
35761,2
35761,0
35763,8
35764,7
35767,8
35771,7
35771,1
35772,4
35772,3
35772,10
35776,8
35777,0
35777,8
35778,9
35780,4
35781,6
35781,3
35781,2
35783,5
35783,4
35784,4
35785,5
35786,4
35786,9
35787,6
35787,2
35787,0
35787,7
35788,8
35788,6
35792,2
35793,8
35793,7
35793,4
35795,1
35795,8
35796,6
35796,10
35798,4
35799,2
35799,4
35801,6
35802,8
35803,6
35803,4
35804,4
35804,0
35804,9
35806,8
35806,0
35808,9
35808,6
35808,3
35809,9
35812,0
35812,1
35812,6
35813,2
35813,0
35815,7
35816,7
35817,1
35817,8
35817,5
35818,3
35820,8
35820,7
35824,5
35825,8
35826,8
35827,6
35828,0
35829,6
35830,4
35830,7
35831,4
35832,9
35832,6
35835,9
35835,3
35836,2
35837,5
35837,3
35839,7
35842,2
35842,6
35844,8
35845,10
35846,2
35846,9
35848,6
35849,9
35850,5
35850,2
35851,10
35851,0
35851,1
35852,9
35854,2
35855,3
35855,2
35855,4
35856,9
35856,10
35857,1
35858,9
35858,0
35859,6
35859,7
35859,8
35860,3
35860,5
35861,1
35862,3
35867,1
35870,8
35870,4
35870,3
35871,8
35871,10
35873,4
35873,0
35873,5
35873,8
35876,6
35876,1
35876,3
35877,5
35878,1
35879,5
35880,3
35881,9
35881,7
35882,9
35883,0
35884,3
35886,10
35886,7
35886,3
35887,0
35888,0
35889,6
35890,0
35891,4
35892,5
35892,4
35894,8
35895,5
35895,9
35895,3
35896,9
35896,1
35896,10
35897,1
35898,6
35899,3
35899,2
35899,8
35899,6
35900,9
35900,10
35900,1
35902,10
35902,1
35903,3
35904,1
35904,6
35906,8
35907,6
35908,9
35908,6
35908,3
35909,0
35911,4
35912,6
35913,10
35913,9
35914,5
35915,7
35915,10
35916,4
35917,10
35922,5
35922,8
35922,2
35923,8
35923,9
35923,5
35924,6
35926,6
35927,6
35928,8
35929,7
35931,3
35931,2
35933,3
35934,3
35936,2
35937,10
35938,6
35939,1
35941,3
35942,0
35942,3
35943,5
35944,4
35944,1
35948,1
35949,1
35949,7
35950,9
35952,1
35953,8
35953,6
35954,1
35954,9
35955,3
35955,6
35955,10
35955,4
35955,8
35956,9
35958,0
35958,7
35958,2
35959,4
35960,2
35960,5
35960,7
35963,5
35964,5
35964,8
35964,4
35969,0
35971,5
35972,7
35973,8
35973,10
35974,10
35975,0
35978,9
35979,0
35979,1
35980,8
35981,7
35984,6
35984,0
35985,0
35985,6
35986,6
35986,7
35987,1
35988,5
35989,4
35993,7
35994,1
35995,0
35995,5
35996,10
35997,9
35997,4
36001,8
36002,1
36003,3
36005,6
36006,9
36009,5
36009,6
36010,8
36011,3
36011,6
36012,6
36012,5
36013,8
36014,1
36014,9
36014,4
36015,10
36017,3
36017,7
36018,5
36019,7
36021,0
36022,4
36024,7
36024,8
36025,2
36026,6
36027,6
36027,3
36028,10
36028,5
36029,2
36031,1
36032,4
36035,5
36035,8
36036,0
36037,5
36037,2
36041,0
36041,6
36043,5
36043,9
36047,2
36047,9
36048,10
36049,5
36050,7
36051,4
36052,8
36053,10
36053,5
36054,10
36056,4
36058,7
36058,10
36058,9
36059,9
36060,5
36060,6
36060,3
36060,9
36061,2
36062,10
36062,4
36068,7
36069,5
36069,4
36071,9
36072,9
36072,5
36073,4
36073,2
36075,6
36075,1
36076,8
36077,2
36078,5
36078,9
36079,7
36079,9
36080,5
36083,1
36083,9
36084,1
36084,7
36085,5
36085,2
36086,2
36086,9
36087,10
36088,8
36088,4
36089,0
36089,9
36091,2
36092,3
36092,5
36093,5
36093,6
36095,0
36096,5
36098,8
36099,3
36100,6
36100,8
36101,10
36101,8
36102,10
36102,7
36104,3
36105,0
36106,5
36106,4
36109,6
36109,10
36109,7
36110,1
36111,10
36113,6
36115,7
36116,6
36123,5
36124,8
36125,0
36127,0
36129,7
36130,10
36130,7
36131,6
36132,3
36134,9
36134,10
36135,6
36136,3
36138,7
36139,10
36141,9
36141,3
36143,0
36144,1
36145,7
36146,5
36146,0
36147,6
36148,3
36148,10
36150,1
36151,0
36152,4
36152,1
36153,2
36155,2
36156,1
36160,8
36161,4
36162,2
36162,6
36163,1
36163,2
36163,6
36166,1
36168,3
36169,7
36170,2
36172,0
36175,10
36175,2
36175,0
36175,6
36176,10
36179,1
36179,0
36179,9
36180,4
36180,6
36181,4
36181,2
36181,3
36182,6
36182,5
36183,6
36183,5
36184,7
36186,7
36186,2
36188,5
36189,8
36189,6
36189,5
36190,5
36191,0
36192,5
36193,9
36194,0
36195,3
36196,5
36197,3
36197,2
36199,4
36202,7
36203,1
36204,4
36205,10
36207,0
36208,10
36209,3
36209,10
36212,1
36213,5
36213,10
36216,2
36216,4
36219,0
36219,9
36219,8
36220,3
36221,9
36221,0
36222,1
36223,4
36223,10
36224,7
36225,7
36226,8
36227,9
36228,4
36228,5
36228,2
36230,0
36231,0
36232,0
36234,8
36237,0
36237,4
36239,3
36239,4
36239,6
36240,0
36242,10
36243,10
36243,9
36243,0
36244,1
36245,8
36245,9
36247,3
36249,8
36249,0
36251,0
36251,2
36252,0
36255,3
36256,6
36256,8
36257,6
36257,7
36258,0
36259,2
36259,1
36260,7
36261,6
36267,5
36267,0
36269,2
36269,10
36269,1
36271,6
36272,3
36272,1
36273,7
36274,7
36275,3
36275,6
36276,7
36277,7
36277,3
36278,9
36278,3
36281,1
36284,1
36286,10
36288,3
36289,0
36289,5
36291,3
36291,2
36291,5
36291,4
36292,3
36293,0
36294,4
36296,0
36296,4
36299,8
36299,5
36302,3
36303,10
36303,5
36303,1
36305,3
36305,8
36305,4
36305,0
36306,6
36306,8
36308,9
36308,2
36310,4
36311,2
36311,5
36313,6
36314,0
36318,6
36320,0
36320,8
36322,7
36324,2
36325,6
36325,2
36327,5
36327,3
36328,0
36328,8
36330,7
36330,2
36330,9
36331,8
36332,10
36332,9
36334,3
36334,5
36334,6
36335,0
36336,5
36336,7
36337,2
36338,2
36339,0
36339,1
36340,7
36340,0
36341,5
36341,4
36342,5
36343,2
36345,8
36347,1
36348,7
36348,8
36349,8
36350,10
36350,1
36351,1
36352,3
36352,2
36352,8
36354,3
36354,8
36355,6
36355,7
36355,8
36357,5
36360,5
36361,9
36361,3
36362,6
36364,9
36364,10
36364,5
36365,5
36368,5
36368,2
36371,10
36372,10
36372,6
36372,7
36373,6
36374,8
36376,0
36378,5
36380,1
36385,9
36385,6
36386,0
36387,10
36387,3
36388,5
36389,3
36389,8
36391,8
36393,10
36394,2
36395,6
36396,9
36397,6
36397,7
36398,2
36398,1
36399,6
36399,2
36400,5
36400,8
36401,8
36401,1
36402,2
36404,3
36406,6
36406,0
36407,4
36408,2
36409,2
36410,10
36411,2
36411,7
36411,5
36412,10
36413,1
36414,10
36415,7
36416,10
36418,3
36420,5
36421,10
36421,3
36422,0
36425,8
36428,9
36428,0
36428,4
36429,9
36429,2
36430,2
36432,8
36433,1
36434,6
36436,4
36438,2
36438,5
36440,10
36441,8
36444,3
36445,0
36447,1
36447,6
36447,4
36448,8
36448,9
36449,1
36449,8
36451,1
36452,5
36452,0
36452,3
36455,9
36457,2
36457,9
36458,0
36459,0
36459,8
36461,5
36465,6
36466,7
36467,9
36467,0
36467,3
36467,6
36469,5
36470,8
36470,0
36471,2
36471,7
36471,6
36471,8
36472,9
36472,8
36472,3
36473,5
36475,1
36475,2
36476,2
36476,4
36477,8
36478,0
36479,10
36480,6
36480,2
36480,8
36480,4
36480,5
36481,2
36483,2
36484,6
36486,5
36487,6
36487,9
36490,5
36494,4
36494,8
36495,0
36495,2
36496,10
36496,4
36496,8
36498,10
36498,6
36499,3
36499,0
36500,8
36503,6
36503,8
36506,6
36506,7
36508,8
36509,0
36511,9
36513,1
36513,8
36514,9
36515,0
36515,8
36517,9
36517,0
36518,3
36520,4
36522,4
36523,7
36524,0
36525,0
36525,6
36527,3
36527,0
36529,8
36530,0
36531,6
36531,3
36532,6
36533,5
36533,4
36534,6
36534,3
36535,1
36535,4
36537,9
36537,3
36537,7
36538,2
36542,10
36542,0
36542,6
36543,10
36543,2
36544,3
36545,7
36546,9
36547,0
36547,7
36549,0
36550,9
36550,7
36550,1
36553,8
36554,3
36554,10
36559,2
36560,7
36562,7
36564,8
36566,9
36566,5
36569,0
36570,1
36571,9
36571,8
36571,1
36572,7
36573,5
36575,4
36576,9
36578,6
36580,8
36583,4
36583,9
36585,5
36585,10
36586,8
36586,7
36587,4
36587,6
36588,0
36588,5
36588,4
36589,9
36590,10
36590,0
36590,4
36591,3
36591,4
36592,2
36592,3
36593,8
36594,5
36595,10
36595,4
36595,2
36596,2
36600,7
36600,1
36601,3
36604,5
36604,7
36604,2
36606,7
36610,0
36611,10
36612,0
36613,4
36613,1
36613,2
36617,3
36617,8
36617,2
36617,1
36619,6
36620,2
36621,7
36622,2
36623,3
36623,7
36624,3
36624,9
36625,7
36626,9
36628,5
36628,2
36629,9
36631,7
36631,6
36631,8
36632,6
36634,7
36635,1
36635,10
36637,8
36639,2
36640,4
36641,7
36641,8
36642,10
36645,1
36645,8
36648,10
36651,5
36652,7
36653,5
36653,4
36654,2
36654,5
36655,6
36656,6
36657,6
36659,5
36659,9
36660,7
36660,3
36661,0
36663,9
36663,10
36665,0
36665,10
36666,2
36667,3
36668,6
36668,10
36668,7
36671,3
36671,8
36672,9
36674,6
36674,10
36674,9
36675,4
36677,6
36678,6
36678,10
36679,8
36679,10
36681,5
36681,4
36683,7
36684,9
36684,1
36684,10
36685,10
36686,10
36686,4
36687,9
36687,8
36691,10
36692,1
36692,5
36693,9
36694,0
36694,2
36695,9
36695,8
36696,7
36697,5
36697,4
36699,0
36700,5
36701,7
36701,1
36704,4
36705,8
36705,9
36706,8
36707,3
36707,0
36708,7
36708,3
36708,0
36709,8
36711,5
36711,4
36711,2
36714,1
36716,5
36716,2
36717,4
36717,1
36718,3
36719,0
36720,3
36720,9
36721,9
36725,0
36725,9
36728,2
36729,4
36730,5
36730,2
36731,6
36733,10
36733,2
36734,1
36735,7
36735,0
36737,9
36737,2
36738,4
36738,5
36741,8
36743,10
36744,7
36745,9
36747,10
36748,6
36749,8
36749,3
36749,2
36756,9
36756,7
36757,7
36757,2
36758,8
36760,9
36761,4
36764,7
36765,9
36765,3
36767,3
36770,8
36772,2
36772,5
36773,8
36773,3
36774,0
36775,10
36776,7
36776,1
36778,10
36778,1
36780,4
36782,7
36783,0
36787,9
36788,0
36790,2
36790,7
36791,3
36793,10
36796,4
36797,9
36797,4
36797,0
36798,6
36798,3
36798,1
36799,0
36800,10
36801,10
36803,8
36803,6
36804,3
36805,6
36807,3
36809,4
36810,1
36812,10
36812,6
36812,8
36814,9
36816,2
36817,5
36818,10
36818,2
36819,0
36819,6
36819,3
36821,4
36824,7
36825,10
36827,4
36828,3
36829,10
36831,0
36835,6
36835,9
36838,3
36838,0
36839,3
36839,5
36841,4
36842,10
36844,7
36844,3
36845,3
36848,2
36848,0
36849,10
36850,5
36852,0
36854,2
36856,3
36857,5
36857,8
36860,4
36862,0
36863,4
36867,7
36867,3
36867,10
36868,5
36868,2
36869,2
36871,1
36871,7
36873,4
36874,7
36875,8
36876,0
36876,6
36880,10
36880,8
36880,2
36880,6
36880,5
36881,9
36882,5
36882,6
36884,4
36885,6
36885,2
36886,6
36887,3
36888,4
36889,7
36890,7
36891,5
36892,8
36892,1
36893,0
36894,3
36894,6
36895,4
36896,3
36898,10
36900,0
36902,4
36902,9
36902,6
36904,3
36904,5
36904,4
36904,2
36905,5
36905,4
36905,7
36906,8
36908,1
36909,8
36911,3
36911,2
36912,10
36913,10
36913,6
36913,3
36914,2
36915,3
36916,1
36917,10
36919,2
36920,8
36920,6
36920,5
36922,9
36924,7
36925,7
36926,2
36926,7
36927,3
36929,10
36930,9
36930,5
36931,2
36932,10
36933,4
36934,6
36934,10
36935,5
36936,5
36936,6
36937,9
36938,10
36939,1
36939,2
36940,1
36942,9
36942,6
36942,3
36943,7
36944,0
36945,3
36947,4
36948,4
36948,10
36949,6
36950,9
36950,8
36950,10
36950,0
36951,0
36952,10
36952,5
36953,2
36954,5
36955,1
36956,4
36957,3
36957,0
36958,8
36959,5
36960,9
36960,0
36961,4
36962,5
36962,8
36963,5
36963,4
36963,1
36967,7
36969,9
36970,8
36971,6
36971,0
36972,9
36972,5
36972,3
36974,7
36974,6
36974,10
36975,7
36977,8
36979,4
36980,2
36980,10
36981,9
36983,6
36984,2
36989,10
36989,9
36990,5
36992,2
36992,8
36993,0
36996,5
36997,2
36998,2
36998,3
36998,6
36998,0
36999,7
36999,2
37000,2
37001,7
37001,0
37002,10
37003,9
37005,9
37008,2
37008,3
37009,0
37011,1
37011,2
37012,0
37013,9
37015,2
37016,0
37017,0
37017,5
37017,9
37017,6
37018,5
37020,6
37021,2
37024,4
37024,9
37025,2
37027,10
37028,5
37029,10
37031,5
37031,0
37031,2
37031,7
37032,1
37032,5
37034,4
37035,7
37036,1
37037,9
37039,4
37040,10
37040,3
37041,6
37044,3
37044,10
37044,5
37045,2
37046,10
37048,6
37048,4
37049,0
37049,5
37049,10
37050,7
37050,8
37052,4
37052,1
37053,10
37055,6
37056,0
37056,1
37056,8
37057,2
37058,1
37060,10
37060,5
37062,9
37064,10
37064,9
37065,6
37065,9
37068,5
37069,9
37071,4
37072,3
37074,0
37076,0
37077,1
37077,10
37078,10
37078,8
37078,3
37079,4
37079,1
37080,2
37080,9
37080,1
37081,7
37082,4
37084,4
37086,1
37087,5
37087,0
37088,5
37091,10
37092,8
37094,8
37095,2
37095,0
37096,7
37098,2
37098,7
37100,5
37102,9
37106,4
37106,2
37107,5
37107,4
37108,7
37108,4
37109,1
37111,7
37112,2
37112,10
37113,5
37118,8
37119,0
37119,4
37119,6
37121,2
37121,1
37122,9
37123,6
37123,5
37126,1
37126,8
37127,3
37127,6
37130,6
37132,9
37132,6
37134,2
37135,7
37135,5
37138,2
37138,5
37140,1
37140,10
37141,1
37141,6
37142,2
37142,8
37148,4
37148,9
37150,5
37151,9
37151,7
37152,4
37152,10
37152,8
37153,0
37153,6
37155,9
37155,10
37156,10
37156,8
37160,7
37161,9
37163,10
37166,6
37167,9
37167,3
37167,4
37168,4
37173,6
37174,5
37179,5
37179,3
37179,1
37180,3
37181,5
37182,5
37182,3
37182,4
37183,2
37184,6
37186,7
37188,0
37190,7
37191,7
37192,7
37193,3
37194,0
37195,9
37196,1
37197,5
37197,4
37198,8
37198,9
37199,6
37201,2
37202,1
37202,10
37205,1
37205,2
37207,0
37208,1
37209,4
37211,1
37216,4
37216,6
37216,8
37217,2
37219,8
37220,2
37225,9
37225,1
37225,2
37226,10
37226,6
37227,6
37228,6
37229,9
37231,1
37231,8
37233,7
37235,7
37235,10
37235,8
37236,4
37237,2
37237,8
37238,1
37238,3
37239,8
37242,2
37242,0
37245,2
37245,5
37248,3
37250,2
37252,1
37253,9
37253,8
37254,10
37255,3
37255,8
37255,0
37257,0
37257,3
37258,7
37260,7
37260,0
37261,8
37262,9
37265,10
37266,9
37268,6
37268,7
37269,0
37270,9
37272,1
37273,10
37273,2
37276,1
37277,1
37278,1
37279,10
37281,8
37282,3
37283,1
37285,10
37285,4
37285,7
37285,0
37287,1
37287,8
37288,9
37288,1
37289,1
37290,7
37296,7
37300,2
37301,6
37302,7
37305,1
37305,3
37306,9
37306,1
37312,10
37313,6
37317,2
37317,3
37318,6
37318,7
37318,3
37319,1
37319,5
37320,2
37320,6
37320,1
37320,4
37322,5
37322,9
37322,4
37323,6
37324,9
37325,5
37329,7
37330,7
37331,10
37334,6
37334,5
37334,4
37334,3
37335,6
37338,8
37340,5
37340,9
37342,5
37343,10
37343,2
37344,9
37345,2
37345,0
37346,1
37347,4
37348,3
37349,1
37349,7
37350,1
37350,4
37350,5
37352,8
37353,7
37353,2
37354,7
37355,0
37355,2
37358,6
37359,2
37360,3
37361,2
37364,2
37368,4
37369,4
37369,1
37370,10
37372,2
37374,8
37374,4
37374,1
37375,9
37375,5
37376,0
37378,6
37379,1
37379,9
37379,5
37384,6
37385,10
37386,10
37387,3
37388,4
37391,6
37392,0
37393,10
37397,7
37398,4
37399,0
37399,2
37400,1
37400,5
37400,2
37401,7
37401,9
37403,9
37403,2
37406,1
37409,7
37409,6
37410,7
37410,1
37412,9
37413,3
37414,2
37416,0
37417,9
37417,2
37418,10
37418,9
37418,8
37419,9
37420,9
37421,7
37421,3
37423,4
37425,9
37426,5
37426,3
37427,6
37427,7
37428,1
37428,8
37428,10
37429,10
37429,6
37430,2
37430,6
37430,7
37430,3
37431,5
37431,7
37432,6
37432,2
37433,0
37433,2
37434,5
37435,2
37436,8
37437,9
37437,5
37438,6
37438,5
37438,3
37438,2
37439,4
37440,1
37440,6
37441,0
37442,6
37442,10
37443,9
37444,4
37444,0
37446,1
37446,8
37446,9
37448,9
37449,9
37450,0
37450,9
37451,1
37451,7
37452,0
37453,8
37455,7
37456,5
37457,0
37459,0
37460,7
37460,0
37461,2
37461,3
37462,0
37463,3
37465,0
37465,5
37465,9
37466,3
37466,1
37467,6
37468,8
37468,5
37469,5
37471,5
37471,4
37473,2
37473,10
37475,0
37475,2
37476,8
37478,10
37479,8
37481,10
37481,9
37482,7
37482,5
37483,9
37484,3
37486,3
37486,4
37488,10
37489,2
37491,3
37492,10
37492,1
37493,7
37493,1
37494,10
37494,9
37495,9
37496,5
37497,10
37497,2
37497,7
37499,1
37500,0
37501,8
37502,6
37503,4
37504,9
37507,9
37507,8
37508,3
37510,7
37510,5
37510,9
37512,2
37513,9
37513,2
37514,4
37514,1
37515,2
37515,9
37516,6
37516,8
37518,2
37519,10
37520,7
37521,1
37524,10
37524,6
37525,4
37525,8
37525,0
37525,3
37526,1
37527,5
37528,10
37528,8
37528,1
37529,6
37529,8
37532,2
37532,10
37532,9
37535,6
37535,9
37536,4
37541,7
37542,2
37543,4
37543,0
37544,2
37545,8
37546,4
37547,6
37547,2
37547,9
37551,9
37551,3
37553,3
37554,6
37555,0
37555,2
37558,10
37561,2
37564,9
37564,6
37564,1
37565,4
37566,3
37567,0
37567,7
37568,2
37569,4
37569,8
37570,1
37570,0
37570,4
37572,3
37573,9
37575,8
37577,0
37578,5
37578,2
37580,0
37581,10
37581,6
37584,8
37584,2
37585,7
37585,1
37586,9
37586,7
37587,9
37587,8
37588,6
37588,8
37589,2
37590,9
37590,2
37591,6
37592,10
37593,0
37594,6
37595,4
37595,9
37595,6
37598,8
37599,3
37599,6
37600,3
37602,4
37602,10
37603,9
37603,4
37604,9
37604,10
37605,0
37608,3
37608,4
37609,10
37610,2
37611,9
37614,5
37615,7
37616,3
37617,4
37618,5
37621,4
37624,1
37624,4
37625,8
37626,0
37627,0
37628,9
37628,0
37632,2
37634,2
37637,0
37637,8
37638,3
37638,10
37638,1
37638,5
37639,10
37640,8
37640,3
37640,4
37641,0
37641,1
37642,2
37642,10
37643,6
37644,3
37644,4
37645,9
37646,3
37647,7
37648,1
37651,9
37651,1
37652,8
37654,3
37654,9
37655,0
37656,1
37659,9
37660,10
37661,9
37662,6
37663,4
37664,5
37664,7
37666,2
37666,9
37666,5
37668,9
37670,7
37670,6
37670,10
37674,10
37674,8
37675,3
37676,4
37677,10
37677,8
37680,5
37682,5
37682,4
37682,2
37683,3
37683,5
37683,7
37685,1
37686,7
37688,6
37689,4
37690,8
37692,4
37692,6
37693,10
37693,2
37695,1
37697,1
37697,6
37698,7
37699,7
37699,10
37700,3
37701,4
37702,1
37703,4
37703,0
37705,3
37708,3
37709,6
37709,4
37710,4
37710,0
37711,10
37712,3
37712,4
37715,2
37717,2
37717,9
37719,8
37721,2
37721,10
37721,8
37722,10
37723,5
37724,2
37728,7
37729,7
37729,0
37730,5
37731,0
37733,10
37733,8
37733,7
37734,8
37734,3
37735,5
37736,5
37736,10
37737,1
37738,8
37738,0
37739,8
37742,9
37742,0
37743,10
37744,6
37744,1
37747,2
37748,10
37749,0
37750,4
37751,8
37751,1
37753,9
37753,8
37754,1
37754,3
37755,6
37758,5
37760,3
37760,6
37760,8
37762,5
37763,6
37763,7
37766,10
37766,4
37767,10
37767,0
37769,4
37770,10
37772,3
37773,2
37773,6
37773,4
37774,8
37775,7
37776,6
37778,10
37778,7
37780,10
37780,1
37782,0
37783,2
37783,10
37783,0
37784,7
37785,5
37786,4
37786,1
37787,8
37790,2
37790,4
37791,0
37793,0
37794,1
37796,0
37797,5
37801,3
37803,10
37803,9
37804,1
37804,0
37804,4
37805,8
37805,7
37806,1
37807,2
37808,6
37808,0
37808,10
37808,9
37809,10
37811,9
37811,4
37812,10
37818,7
37819,8
37820,6
37822,8
37822,10
37823,2
37824,10
37825,2
37830,9
37830,0
37831,0
37833,0
37835,8
37835,3
37836,6
37836,4
37837,1
37842,7
37842,10
37845,0
37845,10
37846,6
37847,7
37847,3
37848,0
37848,3
37854,0
37855,5
37857,4
37858,4
37861,10
37862,3
37862,2
37863,2
37863,1
37864,7
37865,4
37865,3
37866,4
37868,5
37868,10
37870,7
37874,0
37875,6
37875,3
37875,9
37876,5
37877,10
37877,6
37878,7
37879,8
37880,0
37881,0
37881,2
37882,4
37882,10
37883,9
37883,4
37885,7
37886,0
37886,7
37887,10
37888,10
37890,0
37890,10
37891,5
37891,0
37892,1
37893,9
37893,5
37895,4
37896,0
37897,7
37898,2
37899,2
37900,1
37901,7
37901,9
37903,8
37905,10
37906,5
37907,4
37909,1
37909,10
37910,7
37911,1
37912,10
37912,1
37912,8
37913,2
37913,0
37914,0
37914,10
37916,8
37916,7
37917,0
37918,4
37920,7
37920,0
37920,8
37920,6
37920,5
37921,4
37922,6
37923,9
37923,4
37924,3
37924,7
37925,0
37925,1
37927,8
37928,4
37928,8
37929,3
37929,2
37931,9
37934,6
37934,2
37936,9
37936,2
37936,1
37937,8
37938,5
37939,5
37939,1
37940,7
37940,6
37942,3
37944,8
37944,4
37944,9
37944,0
37946,9
37947,6
37947,10
37949,1
37950,2
37950,3
37950,6
37950,10
37951,8
37952,8
37954,0
37954,6
37956,9
37957,3
37958,9
37959,10
37959,8
37959,5
37961,2
37961,10
37961,4
37962,5
37962,9
37962,2
37964,9
37964,5
37964,4
37967,4
37970,5
37971,1
37972,7
37973,1
37974,0
37974,5
37975,2
37978,4
37978,10
37979,0
37979,5
37979,7
37980,8
37980,5
37980,2
37981,0
37983,7
37983,0
37984,4
37985,5
37986,2
37988,7
37988,9
37991,4
37991,1
37993,6
37993,4
37995,2
37995,5
37996,1
37997,5
37998,6
37998,8
38002,10
38005,4
38010,10
38010,3
38011,8
38011,1
38011,6
38012,6
38012,10
38013,6
38013,2
38015,4
38015,7
38016,7
38016,0
38016,5
38017,2
38017,7
38017,5
38018,10
38021,2
38021,3
38022,0
38022,6
38022,2
38022,9
38023,3
38023,2
38023,7
38024,5
38025,7
38026,4
38027,0
38028,10
38028,7
38029,9
38029,5
38031,6
38034,0
38035,5
38035,3
38036,2
38036,1
38037,9
38038,5
38040,6
38040,3
38040,9
38041,10
38042,9
38044,10
38045,6
38048,9
38048,6
38048,4
38049,0
38051,2
38052,4
38052,7
38053,2
38054,7
38055,4
38056,4
38058,2
38060,1
38062,2
38063,2
38064,9
38065,2
38067,6
38067,1
38068,9
38069,1
38070,3
38071,4
38073,4
38073,3
38074,5
38075,8
38075,4
38076,5
38077,7
38083,8
38083,5
38085,2
38085,5
38086,6
38086,10
38088,6
38090,0
38090,5
38093,8
38094,8
38095,5
38097,6
38099,9
38099,1
38103,1
38105,7
38105,2
38105,8
38106,2
38106,9
38107,9
38108,5
38109,10
38110,0
38112,0
38113,2
38114,4
38115,8
38116,6
38116,2
38117,5
38119,5
38120,1
38121,2
38122,4
38122,8
38122,3
38123,5
38124,7
38125,9
38125,1
38126,10
38127,4
38128,3
38129,9
38130,6
38130,8
38132,10
38133,2
38133,1
38135,10
38136,8
38137,4
38139,10
38140,9
38140,7
38141,6
38145,10
38146,3
38146,6
38147,1
38148,4
38148,10
38148,2
38148,8
38148,1
38150,8
38151,2
38151,1
38151,10
38152,8
38154,10
38158,3
38158,10
38161,10
38162,2
38163,9
38164,3
38164,4
38168,0
38168,8
38168,10
38169,5
38170,6
38173,5
38174,0
38175,10
38176,2
38177,7
38178,8
38179,4
38180,1
38181,10
38182,9
38182,1
38182,3
38182,10
38183,8
38184,1
38187,1
38187,10
38188,4
38190,1
38190,9
38192,4
38193,2
38194,6
38197,9
38198,4
38199,10
38201,1
38202,5
38204,0
38207,9
38209,2
38209,6
38210,9
38210,1
38210,5
38210,8
38211,2
38215,8
38216,8
38216,2
38217,2
38217,7
38218,10
38220,0
38220,6
38221,3
38221,0
38222,5
38225,10
38225,6
38227,9
38227,5
38229,3
38229,7
38230,8
38230,2
38232,0
38235,7
38237,8
38239,6
38239,1
38240,1
38242,4
38243,9
38247,4
38249,4
38255,2
38256,7
38259,2
38260,1
38261,6
38261,7
38266,4
38266,1
38267,5
38269,8
38271,1
38271,2
38272,1
38273,1
38274,8
38275,7
38275,3
38275,0
38276,3
38277,7
38280,6
38280,3
38281,0
38281,10
38284,2
38284,4
38286,8
38287,2
38287,4
38288,3
38290,1
38290,4
38290,9
38291,2
38292,3
38292,6
38294,10
38294,0
38295,6
38295,10
38296,2
38297,7
38297,2
38298,3
38299,2
38299,1
38301,5
38302,7
38302,0
38305,10
38306,9
38306,10
38307,6
38308,7
38309,6
38309,9
38310,5
38310,8
38311,10
38311,3
38313,0
38314,3
38316,5
38317,5
38319,7
38320,9
38320,3
38322,4
38323,7
38323,9
38324,7
38326,8
38327,10
38328,5
38329,1
38330,7
38330,8
38331,7
38331,4
38332,2
38332,3
38333,9
38333,6
38334,4
38336,7
38338,6
38340,10
38341,6
38342,4
38344,7
38345,1
38348,2
38348,5
38349,6
38349,5
38349,0
38350,2
38351,10
38351,7
38352,5
38356,3
38357,6
38357,8
38358,5
38359,9
38359,6
38359,5
38359,2
38360,5
38361,5
38361,9
38362,0
38363,1
38364,0
38365,1
38365,4
38367,9
38368,9
38374,9
38375,8
38379,1
38380,9
38381,5
38381,10
38382,2
38384,8
38384,9
38385,2
38385,9
38386,10
38387,7
38388,5
38389,4
38390,10
38391,9
38392,5
38393,10
38395,5
38396,8
38398,9
38401,7
38403,10
38404,4
38406,5
38406,8
38406,6
38408,6
38409,1
38410,10
38410,6
38411,8
38412,10
38412,3
38412,7
38414,3
38415,4
38416,4
38417,5
38418,8
38419,5
38419,7
38421,8
38423,4
38423,9
38423,7
38424,8
38424,2
38425,9
38425,2
38425,6
38426,2
38427,7
38427,2
38429,1
38430,9
38431,1
38431,10
38433,1
38434,1
38435,0
38437,10
38439,3
38441,0
38443,7
38443,4
38444,7
38444,5
38444,8
38445,0
38447,0
38448,9
38449,9
38449,7
38450,6
38451,10
38453,3
38453,1
38454,2
38455,1
38457,2
38458,3
38458,9
38458,8
38459,1
38460,8
38462,4
38463,1
38464,7
38466,1
38467,4
38469,10
38471,1
38471,3
38474,8
38474,4
38476,8
38477,10
38479,7
38480,5
38483,5
38484,1
38485,9
38485,2
38485,3
38487,5
38487,7
38487,9
38489,9
38489,3
38491,0
38493,8
38493,3
38496,4
38499,9
38500,8
38501,6
38503,4
38504,7
38504,6
38508,3
38509,2
38512,4
38512,8
38512,9
38513,0
38515,5
38515,8
38517,4
38518,4
38519,4
38521,1
38522,9
38523,4
38524,2
38527,9
38527,5
38527,7
38529,2
38529,7
38529,6
38530,0
38530,1
38531,6
38531,4
38532,2
38533,2
38533,3
38534,1
38535,0
38536,7
38536,9
38536,0
38537,9
38538,7
38538,1
38539,6
38540,10
38541,1
38544,10
38544,7
38550,5
38551,9
38551,7
38552,5
38552,1
38553,3
38553,8
38553,10
38555,7
38556,4
38557,8
38558,10
38559,10
38559,7
38560,4
38560,3
38563,5
38564,3
38565,9
38567,7
38567,2
38568,9
38571,6
38572,10
38573,0
38574,7
38575,10
38575,2
38576,8
38577,6
38577,4
38577,8
38577,2
38578,2
38579,3
38580,0
38580,8
38580,1
38581,4
38582,0
38583,3
38583,6
38584,9
38585,2
38587,1
38588,7
38589,3
38589,0
38590,10
38590,4
38591,10
38591,1
38592,0
38593,5
38594,8
38595,6
38595,7
38595,9
38596,0
38597,7
38597,1
38599,5
38599,8
38600,2
38600,5
38602,7
38603,2
38604,10
38606,6
38607,8
38608,3
38609,1
38609,5
38612,0
38613,0
38613,2
38615,0
38615,4
38616,9
38616,8
38618,7
38623,1
38623,0
38625,0
38628,1
38629,3
38629,7
38630,10
38631,4
38633,9
38634,10
38637,0
38639,2
38639,3
38640,7
38641,0
38643,7
38644,2
38644,6
38646,7
38647,8
38647,1
38650,6
38651,7
38653,8
38653,0
38654,1
38654,4
38656,2
38658,5
38658,1
38663,7
38666,9
38666,5
38666,10
38667,8
38668,8
38668,5
38669,0
38669,6
38669,10
38670,4
38671,0
38672,10
38673,0
38674,5
38675,1
38677,10
38680,2
38680,6
38681,5
38682,7
38682,2
38682,9
38683,6
38683,10
38685,9
38685,10
38688,10
38688,8
38688,2
38692,5
38694,8
38695,3
38696,9
38697,0
38698,0
38700,2
38700,6
38701,0
38701,6
38701,10
38702,1
38703,7
38704,5
38705,2
38705,5
38705,3
38706,9
38706,1
38706,2
38710,9
38710,10
38713,6
38714,1
38714,8
38715,4
38715,7
38716,7
38716,6
38720,9
38720,0
38721,7
38722,2
38722,6
38723,2
38723,4
38723,10
38723,5
38724,5
38724,8
38726,7
38727,2
38728,7
38728,4
38728,8
38729,10
38729,5
38730,4
38732,2
38732,1
38733,0
38733,4
38733,2
38734,8
38734,0
38736,5
38736,3
38738,9
38738,10
38740,3
38741,9
38742,7
38743,1
38743,9
38744,7
38745,9
38745,2
38749,7
38750,6
38751,5
38753,1
38755,4
38755,9
38756,1
38756,0
38757,4
38760,9
38761,5
38761,10
38764,2
38764,8
38764,3
38766,6
38767,5
38768,5
38769,1
38769,8
38770,8
38770,0
38774,6
38775,2
38775,3
38776,9
38777,4
38779,8
38779,2
38782,9
38782,8
38787,0
38791,3
38792,10
38793,8
38795,0
38797,4
38797,6
38798,5
38799,7
38799,4
38800,6
38800,3
38800,10
38801,7
38802,2
38802,5
38803,5
38804,2
38807,4
38807,8
38808,5
38809,6
38809,1
38809,4
38810,9
38811,0
38813,8
38816,10
38817,0
38818,3
38818,6
38819,8
38821,9
38822,8
38825,8
38827,4
38827,8
38828,2
38829,1
38829,5
38829,2
38830,0
38832,5
38832,6
38833,10
38834,9
38835,4
38835,0
38836,9
38836,2
38839,6
38840,2
38840,9
38841,2
38842,2
38843,0
38844,10
38844,9
38844,2
38846,9
38847,1
38849,2
38849,8
38850,2
38850,8
38851,4
38852,10
38853,10
38856,6
38857,2
38858,3
38858,6
38859,7
38860,7
38861,0
38866,8
38866,5
38866,10
38868,1
38868,10
38868,8
38869,4
38870,5
38871,4
38871,6
38872,10
38872,1
38872,4
38875,1
38877,0
38879,3
38882,5
38883,6
38883,2
38884,0
38884,5
38884,6
38888,2
38888,8
38888,0
38889,7
38890,1
38891,2
38891,6
38891,8
38892,4
38893,0
38893,10
38894,2
38895,10
38899,9
38900,3
38900,7
38900,4
38902,0
38903,1
38905,9
38905,5
38905,7
38907,0
38908,7
38909,3
38912,4
38912,5
38915,10
38915,7
38917,6
38919,5
38919,7
38920,5
38921,9
38921,5
38922,8
38922,6
38924,4
38925,7
38926,6
38926,7
38926,3
38928,8
38928,0
38931,6
38932,10
38933,1
38934,8
38934,2
38935,3
38941,10
38941,3
38941,1
38942,0
38942,10
38942,1
38943,9
38943,4
38943,10
38944,8
38945,4
38946,5
38947,0
38949,5
38950,9
38952,10
38953,3
38954,7
38954,9
38955,9
38956,9
38957,7
38958,2
38959,10
38960,8
38963,1
38963,6
38964,6
38964,4
38965,5
38965,10
38965,0
38966,2
38968,7
38970,9
38971,4
38972,1
38972,2
38973,8
38973,4
38975,9
38975,1
38977,10
38978,0
38979,7
38979,5
38980,2
38981,2
38983,6
38986,9
38988,8
38988,4
38988,10
38990,8
38990,5
38991,2
38991,7
38992,0
38993,2
38993,7
38995,3
38997,6
38998,0
38998,1
38998,3
38998,5
39001,3
39002,4
39002,0
39002,8
39004,7
39004,4
39007,9
39007,8
39009,8
39011,4
39013,4
39013,9
39013,8
39013,1
39017,10
39017,7
39019,9
39020,5
39020,4
39021,1
39023,4
39024,0
39024,9
39025,4
39026,10
39026,1
39027,8
39027,3
39027,2
39029,10
39029,1
39030,7
39031,10
39034,3
39034,8
39036,1
39036,7
39036,4
39038,8
39038,7
39039,3
39040,2
39041,1
39042,0
39043,5
39047,2
39049,8
39050,2
39050,4
39051,8
39052,6
39052,3
39053,4
39053,7
39054,4
39054,2
39055,0
39055,4
39055,10
39057,0
39058,6
39058,10
39059,2
39060,7
39061,8
39063,3
39063,0
39066,7
39066,10
39067,7
39068,6
39070,7
39070,0
39070,8
39071,7
39072,8
39073,5
39074,6
39075,2
39075,6
39076,4
39076,7
39077,8
39078,0
39078,10
39079,8
39079,6
39079,4
39080,4
39083,3
39084,0
39085,4
39087,1
39088,8
39091,3
39093,0
39094,10
39094,8
39095,4
39096,9
39097,4
39097,5
39098,9
39099,5
39100,3
39101,7
39103,3
39104,10
39104,2
39105,6
39106,9
39106,10
39106,5
39107,9
39107,1
39107,4
39108,10
39109,6
39110,9
39110,4
39111,7
39112,5
39113,9
39114,5
39116,0
39118,8
39119,7
39120,0
39121,6
39121,0
39124,0
39126,8
39127,3
39127,0
39128,9
39129,5
39130,8
39130,7
39131,9
39132,0
39133,2
39135,7
39135,1
39136,8
39142,4
39143,8
39143,5
39145,6
39145,7
39148,1
39150,0
39152,1
39152,9
39153,6
39155,9
39156,3
39156,2
39159,10
39160,0
39160,3
39161,10
39161,4
39162,3
39163,4
39164,6
39164,4
39165,8
39167,3
39168,6
39169,2
39170,3
39170,7
39172,2
39172,6
39174,5
39174,9
39174,2
39175,6
39175,4
39175,3
39176,7
39176,10
39177,4
39177,7
39178,3
39180,5
39182,0
39183,1
39184,3
39184,7
39184,10
39186,7
39187,6
39187,8
39188,3
39188,6
39193,10
39193,8
39193,0
39195,4
39196,2
39197,7
39198,4
39200,8
39201,9
39202,1
39203,4
39203,1
39204,8
39205,1
39206,1
39206,2
39208,8
39209,8
39209,4
39209,7
39210,8
39210,6
39211,3
39213,2
39214,4
39216,0
39216,5
39217,3
39218,0
39218,5
39220,1
39221,6
39221,0
39222,5
39223,3
39224,0
39225,0
39225,5
39228,4
39229,1
39230,7
39232,1
39232,8
39232,3
39234,0
39234,3
39235,1
39236,8
39237,2
39237,9
39238,6
39239,6
39242,8
39243,3
39244,6
39244,10
39244,3
39244,1
39245,9
39246,8
39246,10
39247,2
39247,10
39247,3
39250,3
39250,7
39250,9
39252,8
39253,10
39253,5
39259,1
39259,2
39265,1
39266,1
39266,9
39267,6
39268,2
39269,1
39270,0
39273,4
39277,3
39280,7
39280,0
39282,5
39283,9
39283,6
39285,3
39291,7
39291,3
39294,7
39294,4
39295,3
39295,9
39297,9
39298,2
39298,5
39302,10
39305,0
39305,6
39310,3
39311,10
39313,10
39316,8
39316,5
39317,9
39318,5
39319,1
39321,2
39322,0
39323,8
39323,9
39326,10
39327,10
39328,3
39329,6
39331,8
39331,1
39331,6
39332,3
39333,7
39334,6
39334,3
39335,10
39336,7
39336,4
39343,8
39346,6
39346,3
39349,2
39351,2
39351,10
39351,1
39352,2
39353,7
39354,1
39356,5
39357,1
39358,7
39359,8
39361,7
39362,2
39363,10
39364,4
39364,8
39365,6
39366,8
39366,10
39366,5
39367,8
39367,1
39369,4
39369,1
39370,3
39370,4
39370,0
39371,1
39371,10
39373,0
39373,1
39374,8
39374,5
39374,3
39375,4
39377,6
39378,7
39379,0
39380,6
39381,3
39381,0
39382,5
39383,9
39384,6
39384,10
39385,9
39386,5
39389,7
39391,10
39393,0
39393,4
39395,10
39397,1
39397,6
39397,4
39398,5
39399,4
39399,5
39401,6
39401,3
39402,7
39402,6
39413,3
39413,9
39414,5
39416,7
39419,7
39421,7
39422,0
39422,10
39424,4
39424,9
39424,10
39426,10
39427,6
39430,0
39431,0
39431,7
39434,1
39435,1
39435,10
39436,8
39437,1
39440,2
39441,9
39442,1
39444,8
39451,5
39453,6
39453,7
39454,1
39456,3
39456,10
39457,3
39457,10
39461,7
39462,5
39463,1
39465,1
39465,10
39466,9
39470,10
39470,4
39470,3
39470,8
39471,5
39471,3
39472,1
39473,9
39473,10
39474,0
39475,2
39477,5
39478,5
39478,0
39478,8
39480,8
39482,6
39482,1
39483,2
39484,1
39485,6
39485,3
39486,10
39486,6
39488,1
39491,10
39492,5
39492,10
39494,6
39496,1
39498,0
39498,7
39498,5
39498,2
39499,6
39500,8
39501,5
39502,9
39504,5
39505,3
39506,7
39508,0
39508,7
39509,1
39509,2
39511,0
39511,2
39511,9
39512,3
39514,7
39514,10
39516,0
39516,7
39518,4
39518,6
39519,2
39521,0
39521,3
39522,0
39523,10
39524,10
39525,3
39525,2
39526,9
39526,6
39529,6
39529,2
39529,10
39530,6
39533,1
39534,9
39535,4
39536,6
39536,3
39537,5
39538,1
39539,8
39539,3
39539,4
39539,0
39540,0
39540,4
39540,1
39542,7
39542,4
39542,1
39544,10
39545,1
39545,7
39545,6
39546,9
39546,7
39548,4
39548,0
39549,2
39550,10
39550,7
39552,4
39553,4
39554,8
39555,8
39555,4
39556,3
39556,7
39557,0
39559,9
39559,7
39559,4
39559,0
39559,3
39560,10
39562,3
39562,5
39563,4
39563,8
39564,2
39566,7
39567,2
39568,10
39568,0
39569,0
39569,9
39569,4
39569,3
39570,0
39571,8
39572,2
39573,10
39574,6
39574,8
39576,2
39576,6
39576,3
39576,1
39577,6
39579,10
39583,2
39585,2
39585,0
39586,9
39587,5
39590,9
39590,0
39592,6
39592,9
39594,10
39594,0
39595,7
39598,0
39602,7
39603,3
39606,3
39607,5
39609,2
39609,3
39610,5
39611,1
39613,0
39614,4
39615,9
39616,2
39619,6
39620,2
39621,8
39622,6
39625,7
39626,8
39627,6
39627,9
39629,0
39634,3
39635,0
39636,6
39636,10
39637,6
39638,8
39639,2
39639,8
39640,9
39641,8
39641,0
39641,7
39642,4
39642,2
39643,4
39645,6
39645,5
39646,1
39646,9
39646,4
39647,1
39648,3
39648,2
39650,3
39651,4
39652,5
39652,2
39653,9
39655,5
39656,10
39657,6
39659,3
39659,4
39661,1
39661,7
39663,5
39666,10
39666,1
39669,1
39671,10
39671,0
39672,10
39673,0
39673,5
39673,4
39675,4
39675,5
39676,6
39676,3
39677,6
39678,1
39678,3
39679,3
39679,10
39680,4
39680,0
39686,7
39686,1
39687,1
39688,4
39688,10
39688,5
39689,2
39689,9
39689,5
39689,0
39690,4
39690,3
39692,0
39694,6
39694,10
39696,8
39696,1
39698,8
39700,8
39700,9
39701,0
39701,5
39701,10
39701,4
39703,5
39703,4
39703,10
39707,10
39707,6
39707,2
39708,6
39710,8
39712,8
39715,10
39716,5
39717,9
39718,3
39718,6
39719,7
39720,0
39722,4
39723,6
39723,7
39725,9
39725,1
39726,6
39728,9
39728,8
39728,2
39728,4
39729,7
39733,7
39734,8
39736,0
39736,8
39739,2
39741,9
39742,0
39743,4
39744,10
39744,9
39745,6
39745,4
39746,2
39749,0
39749,3
39749,9
39750,1
39750,10
39751,5
39752,1
39753,6
39754,4
39754,1
39755,5
39755,3
39756,2
39756,5
39757,3
39757,5
39759,6
39759,1
39760,10
39760,4
39760,7
39760,9
39763,6
39764,6
39764,3
39764,8
39766,2
39767,0
39768,10
39768,9
39768,0
39769,1
39770,9
39771,3
39771,0
39772,10
39773,2
39775,0
39777,10
39777,6
39778,5
39779,0
39781,6
39784,2
39784,8
39784,4
39785,10
39787,5
39787,10
39789,6
39789,10
39791,5
39791,9
39791,2
39794,9
39794,2
39795,1
39796,7
39797,5
39800,1
39803,8
39803,9
39804,8
39805,10
39805,0
39805,2
39806,0
39807,9
39809,8
39809,10
39810,0
39812,6
39812,8
39813,1
39813,10
39814,7
39814,6
39815,4
39816,6
39816,1
39817,1
39817,5
39818,4
39818,0
39819,1
39820,8
39821,0
39821,4
39822,8
39822,10
39824,10
39829,6
39831,0
39832,5
39833,10
39834,0
39834,1
39835,2
39836,9
39836,3
39838,10
39839,3
39840,8
39843,3
39844,10
39846,9
39847,5
39848,8
39849,0
39849,9
39850,5
39853,4
39853,10
39855,2
39855,9
39856,9
39856,3
39856,4
39859,2
39859,9
39859,3
39862,7
39862,3
39863,10
39863,0
39864,3
39865,4
39869,1
39870,7
39872,8
39873,2
39873,8
39874,8
39875,2
39876,9
39877,7
39878,6
39879,6
39880,9
39882,6
39883,8
39883,5
39885,6
39886,5
39887,6
39887,1
39890,0
39890,4
39890,9
39891,1
39892,6
39892,7
39893,5
39893,1
39894,3
39895,10
39897,6
39899,3
39900,8
39901,3
39902,10
39903,0
39903,9
39903,2
39904,2
39905,1
39905,10
39906,1
39908,10
39909,2
39909,4
39911,3
39913,5
39915,10
39916,1
39916,3
39917,4
39917,1
39919,9
39920,6
39922,0
39923,0
39923,9
39924,8
39924,10
39925,2
39926,3
39928,4
39931,8
39932,10
39933,1
39934,1
39936,9
39936,4
39936,2
39937,4
39938,7
39939,1
39940,7
39941,2
39942,10
39943,2
39945,5
39947,7
39947,3
39948,5
39949,6
39950,0
39951,7
39955,4
39956,8
39956,7
39956,6
39959,7
39960,9
39962,6
39966,5
39966,9
39967,8
39969,5
39970,0
39970,3
39970,8
39971,7
39972,9
39973,7
39973,8
39973,3
39976,4
39977,2
39978,7
39979,5
39979,8
39981,10
39981,0
39982,9
39982,2
39983,9
39983,6
39984,3
39984,2
39984,10
39986,4
39992,2
39993,10
39997,2
39999,1
39999,9
40000,8
40001,3
40002,7
40006,9
40008,1
40008,3
40009,9
40009,0
40010,5
40011,7
40011,2
40012,1
40013,8
40013,9
40014,2
40014,1
40014,0
40015,9
40015,3
40016,6
40017,2
40019,2
40019,7
40021,6
40021,4
40022,6
40023,2
40023,6
40024,2
40025,7
40026,10
40027,0
40029,2
40030,4
40030,10
40032,0
40033,1
40034,3
40036,0
40036,9
40037,5
40038,6
40039,0
40041,1
40042,9
40042,1
40045,1
40047,3
40049,3
40052,9
40053,2
40053,1
40054,9
40055,8
40055,3
40057,8
40058,2
40058,8
40061,2
40064,9
40065,10
40065,4
40065,8
40065,6
40067,10
40067,3
40068,8
40070,1
40071,4
40072,10
40072,9
40073,0
40074,5
40074,3
40075,9
40075,1
40078,5
40079,0
40080,2
40083,9
40084,10
40085,5
40087,6
40087,0
40089,8
40089,9
40092,1
40092,3
40094,2
40095,2
40095,8
40096,2
40096,9
40098,5
40098,8
40098,3
40098,10
40099,8
40100,8
40100,7
40100,9
40101,3
40101,8
40102,4
40103,0
40104,10
40104,3
40104,2
40106,0
40107,5
40111,10
40113,4
40114,1
40114,2
40115,4
40116,4
40116,7
40116,8
40117,8
40118,6
40118,5
40119,7
40122,5
40122,6
40123,3
40123,1
40123,6
40124,0
40124,1
40124,6
40125,3
40125,7
40126,0
40126,7
40127,3
40127,4
40130,0
40132,1
40137,10
40137,4
40137,5
40138,1
40140,9
40141,5
40142,3
40144,6
40146,4
40146,10
40147,2
40147,10
40147,8
40149,4
40151,8
40151,4
40152,6
40153,7
40153,10
40154,10
40155,9
40155,2
40156,2
40157,0
40157,9
40160,5
40160,4
40161,1
40164,6
40165,8
40165,9
40166,2
40168,0
40168,1
40169,4
40170,3
40171,4
40171,10
40173,5
40175,9
40176,7
40178,1
40179,7
40179,4
40179,0
40179,1
40182,2
40184,2
40184,3
40186,8
40191,1
40194,8
40196,6
40198,8
40200,9
40203,8
40203,3
40205,9
40205,5
40207,1
40207,8
40208,8
40208,0
40209,5
40209,2
40209,3
40213,2
40214,7
40216,6
40218,0
40219,3
40220,9
40221,4
40224,10
40225,7
40226,7
40227,3
40227,6
40228,0
40228,5
40229,10
40231,2
40234,8
40236,10
40239,9
40240,0
40241,8
40241,2
40242,9
40243,10
40243,9
40243,7
40245,1
40245,4
40246,3
40246,7
40247,1
40248,6
40248,2
40249,0
40250,6
40251,5
40253,10
40255,5
40255,1
40256,9
40256,0
40257,5
40258,4
40259,4
40260,8
40260,5
40260,0
40260,7
40262,0
40263,3
40264,10
40265,3
40266,7
40266,3
40270,5
40270,4
40273,0
40275,1
40278,7
40278,1
40279,4
40281,5
40281,7
40281,1
40282,4
40283,2
40284,10
40284,6
40285,5
40285,7
40286,6
40287,8
40287,1
40287,10
40288,0
40289,1
40290,1
40290,4
40291,1
40292,2
40292,0
40294,10
40294,1
40297,2
40298,7
40301,8
40301,4
40302,2
40302,7
40302,10
40305,3
40305,10
40307,8
40309,3
40311,5
40311,8
40312,1
40314,5
40314,4
40315,5
40318,10
40319,1
40323,10
40324,10
40325,0
40325,7
40326,4
40326,0
40328,2
40330,1
40331,6
40337,7
40337,4
40337,9
40338,7
40339,2
40340,2
40341,3
40342,1
40343,9
40346,5
40346,8
40347,7
40348,4
40348,8
40349,0
40350,8
40352,4
40354,4
40355,8
40356,0
40358,7
40359,3
40361,8
40362,7
40364,0
40365,9
40370,4
40372,6
40372,0
40373,7
40374,10
40374,6
40377,1
40377,8
40378,1
40379,9
40379,2
40381,6
40385,9
40386,3
40387,10
40388,10
40389,1
40391,9
40391,3
40391,5
40392,0
40393,5
40393,2
40394,4
40395,9
40395,6
40396,5
40396,10
40403,0
40404,3
40405,10
40405,7
40405,9
40406,6
40409,3
40409,1
40411,6
40412,6
40414,8
40417,2
40417,10
40419,5
40421,0
40421,2
40422,3
40422,4
40423,1
40424,8
40424,7
40425,9
40425,0
40425,7
40426,9
40426,7
40427,5
40427,7
40429,4
40429,5
40435,1
40437,6
40440,7
40441,1
40442,3
40442,10
40443,3
40446,7
40447,4
40447,0
40447,6
40448,9
40448,5
40448,0
40449,9
40449,2
40451,3
40452,1
40453,10
40454,8
40455,0
40456,0
40457,8
40458,6
40459,8
40460,8
40461,4
40461,1
40463,9
40463,7
40464,10
40466,5
40466,9
40467,8
40467,9
40467,6
40469,8
40469,5
40471,5
40471,3
40472,0
40473,6
40474,2
40475,0
40475,1
40475,7
40476,10
40477,6
40479,7
40479,2
40479,1
40481,7
40482,1
40483,2
40484,6
40487,0
40489,8
40490,10
40490,5
40493,9
40493,0
40494,6
40495,2
40495,5
40498,9
40498,0
40499,2
40500,3
40500,1
40501,1
40501,7
40503,4
40503,10
40505,8
40506,4
40508,3
40509,4
40509,3
40510,9
40511,7
40511,3
40511,4
40512,10
40514,5
40516,2
40517,9
40517,5
40519,3
40520,2
40521,1
40522,4
40525,4
40526,8
40528,6
40528,5
40528,10
40528,1
40529,10
40529,0
40530,9
40531,1
40532,2
40533,3
40534,10
40536,1
40536,4
40537,8
40537,7
40539,4
40539,5
40540,10
40541,6
40542,7
40544,6
40544,9
40545,0
40546,1
40546,10
40546,2
40547,7
40547,4
40548,5
40550,7
40551,2
40554,9
40558,10
40560,6
40562,7
40564,9
40564,8
40564,10
40565,8
40565,6
40565,1
40566,7
40567,3
40567,1
40568,10
40568,7
40570,5
40570,6
40570,9
40572,7
40573,6
40573,5
40574,2
40574,10
40575,10
40575,3
40577,4
40583,2
40584,4
40584,6
40585,3
40585,10
40586,1
40588,8
40589,0
40589,3
40590,10
40591,9
40591,10
40592,2
40594,6
40594,7
40597,4
40597,2
40598,7
40599,8
40599,9
40600,9
40601,1
40604,9
40605,9
40606,0
40608,10
40608,0
40609,2
40609,5
40609,0
40610,9
40612,3
40613,4
40614,8
40614,4
40616,2
40618,8
40618,6
40619,3
40619,1
40619,7
40620,7
40620,8
40623,3
40626,7
40628,9
40628,10
40631,4
40631,10
40631,6
40635,0
40636,8
40636,3
40639,3
40639,9
40639,0
40641,4
40641,3
40644,1
40645,2
40646,10
40646,6
40647,3
40647,10
40649,3
40650,3
40652,9
40653,4
40655,5
40655,0
40655,8
40656,7
40656,5
40656,0
40660,2
40662,4
40663,7
40663,2
40664,0
40664,9
40664,6
40665,8
40666,4
40666,6
40667,4
40667,9
40672,9
40673,2
40673,0
40673,7
40675,0
40675,5
40676,0
40678,2
40679,8
40679,3
40682,3
40682,9
40683,8
40684,9
40686,4
40686,0
40687,0
40689,6
40691,9
40691,4
40692,5
40693,2
40697,2
40699,3
40700,10
40700,8
40700,0
40701,6
40702,10
40703,1
40703,9
40703,6
40704,8
40704,10
40705,4
40705,7
40705,6
40707,2
40710,6
40710,1
40713,1
40713,6
40714,0
40715,9
40715,1
40718,7
40719,8
40720,2
40720,5
40722,6
40723,0
40724,8
40724,9
40726,0
40730,2
40733,10
40733,3
40734,10
40735,9
40736,0
40737,10
40737,0
40737,4
40739,10
40739,2
40739,4
40739,3
40740,3
40742,1
40743,4
40744,9
40745,3
40746,0
40746,2
40747,0
40748,10
40750,0
40751,2
40751,0
40751,5
40752,7
40752,5
40752,6
40752,2
40752,4
40753,7
40754,1
40754,7
40754,6
40755,8
40755,9
40756,5
40756,0
40758,10
40758,7
40758,0
40759,1
40761,0
40762,3
40762,6
40763,5
40763,9
40765,5
40767,2
40769,4
40769,1
40770,2
40771,3
40772,7
40772,1
40772,6
40773,7
40774,5
40775,7
40776,0
40777,2
40778,4
40778,8
40779,0
40779,8
40780,5
40781,8
40783,7
40785,6
40786,9
40786,2
40786,5
40787,10
40788,8
40790,6
40790,7
40791,4
40792,2
40792,4
40793,8
40794,0
40795,3
40795,1
40796,4
40797,10
40797,2
40798,0
40798,5
40799,3
40803,7
40803,0
40803,6
40803,10
40804,0
40806,1
40806,10
40806,8
40806,6
40808,2
40808,5
40808,8
40811,4
40812,8
40812,5
40815,3
40816,2
40817,10
40818,8
40818,0
40819,6
40819,1
40820,2
40821,8
40822,4
40822,1
40822,8
40824,3
40826,0
40827,8
40827,9
40829,10
40830,0
40831,9
40831,1
40831,0
40831,8
40832,5
40832,4
40832,3
40832,9
40832,2
40832,10
40833,3
40833,9
40833,8
40835,6
40836,6
40837,5
40838,6
40839,1
40844,7
40845,4
40851,4
40852,7
40853,5
40853,9
40856,6
40856,1
40857,1
40861,10
40862,9
40863,10
40864,0
40866,6
40866,10
40868,4
40869,3
40870,4
40871,5
40871,9
40873,3
40873,4
40874,6
40876,7
40876,8
40877,9
40879,4
40879,3
40879,8
40880,9
40881,6
40883,0
40884,0
40885,4
40885,9
40887,10
40889,10
40890,6
40891,7
40891,4
40892,2
40894,10
40894,5
40895,5
40897,6
40899,8
40902,5
40902,0
40903,8
40904,5
40905,4
40905,6
40906,5
40907,5
40907,1
40908,7
40911,1
40912,4
40914,8
40916,8
40916,10
40916,1
40919,7
40920,10
40921,6
40922,4
40923,10
40923,8
40923,5
40925,4
40926,2
40927,4
40927,1
40927,3
40927,9
40927,10
40929,5
40932,2
40933,8
40933,4
40933,2
40933,6
40933,3
40935,2
40936,10
40937,10
40938,9
40938,2
40939,7
40941,4
40941,7
40944,9
40944,2
40947,7
40947,1
40949,10
40950,4
40951,2
40951,7
40951,5
40952,3
40953,10
40954,2
40954,3
40954,4
40954,9
40955,3
40956,8
40957,9
40958,4
40959,6
40959,2
40959,0
40960,5
40960,4
40960,1
40962,10
40962,7
40963,5
40963,6
40964,5
40964,0
40965,8
40966,6
40968,5
40969,5
40969,8
40971,0
40973,8
40974,9
40976,4
40977,4
40978,5
40980,10
40982,7
40983,10
40984,8
40985,2
40988,6
40988,0
40989,6
40990,7
40990,9
40991,1
40992,9
40993,2
40997,0
40999,1
41001,5
41002,0
41002,9
41005,0
41005,6
41006,1
41006,6
41007,1
41008,4
41008,3
41009,10
41010,8
41011,5
41013,1
41014,0
41015,10
41016,5
41016,2
41017,8
41017,9
41018,7
41019,5
41020,8
41021,4
41021,7
41023,2
41024,7
41025,7
41027,2
41027,9
41028,6
41029,4
41029,7
41029,2
41030,8
41031,10
41031,8
41035,4
41039,7
41039,0
41040,7
41040,8
41041,2
41041,5
41042,6
41044,9
41045,10
41046,10
41047,8
41048,2
41050,0
41052,10
41053,8
41053,0
41053,5
41054,0
41055,10
41055,0
41056,1
41056,5
41057,9
41057,4
41059,6
41061,6
41065,7
41066,8
41067,5
41068,1
41068,5
41069,5
41070,2
41071,5
41071,8
41071,7
41072,0
41073,8
41073,7
41074,10
41075,3
41076,8
41076,10
41077,0
41078,3
41080,8
41080,10
41082,5
41084,0
41085,0
41085,3
41088,7
41089,5
41090,3
41093,9
41093,1
41094,3
41094,8
41095,6
41095,8
41096,6
41096,0
41098,4
41098,1
41098,8
41098,3
41100,0
41102,9
41102,5
41102,6
41104,2
41104,5
41104,9
41105,6
41105,0
41106,6
41107,1
41107,7
41109,2
41109,0
41112,8
41112,0
41112,1
41113,8
41115,7
41115,10
41115,2
41116,7
41117,8
41118,0
41119,1
41119,10
41120,4
41121,7
41121,10
41122,5
41122,8
41123,10
41124,10
41126,6
41126,10
41127,2
41127,10
41128,4
41129,10
41129,7
41130,3
41133,8
41135,7
41135,8
41137,3
41138,6
41141,2
41141,4
41145,9
41146,0
41146,10
41148,9
41148,10
41150,1
41152,7
41152,2
41152,6
41153,3
41155,4
41155,3
41156,3
41157,2
41158,4
41158,9
41159,4
41159,3
41160,10
41160,2
41160,7
41161,9
41161,0
41162,2
41166,6
41166,7
41166,9
41167,4
41168,9
41171,9
41172,6
41174,9
41175,4
41176,8
41177,3
41177,0
41181,1
41181,10
41183,0
41183,6
41184,1
41184,6
41185,2
41185,8
41187,0
41189,3
41192,5
41192,8
41193,6
41194,1
41195,3
41195,4
41195,10
41195,8
41197,6
41198,2
41199,5
41200,5
41201,7
41201,10
41201,1
41202,6
41202,2
41202,7
41203,8
41203,5
41205,3
41206,5
41207,9
41208,5
41209,3
41210,6
41210,7
41211,5
41212,0
41213,3
41216,9
41218,1
41218,7
41219,7
41219,1
41220,8
41220,4
41222,1
41223,0
41224,1
41225,0
41226,9
41228,9
41228,2
41229,3
41230,8
41231,4
41231,7
41231,3
41232,2
41233,4
41233,8
41235,10
41236,6
41236,1
41237,5
41237,2
41237,8
41240,8
41241,6
41242,10
41242,7
41243,2
41244,8
41246,8
41247,3
41247,2
41248,10
41249,2
41249,1
41254,7
41254,5
41254,0
41255,5
41255,0
41256,8
41258,5
41258,9
41258,6
41258,1
41258,0
41259,7
41260,8
41261,8
41262,0
41263,0
41264,8
41265,0
41265,10
41266,9
41267,6
41269,8
41271,8
41271,10
41273,1
41275,10
41275,0
41276,5
41276,4
41276,1
41277,6
41278,7
41279,8
41280,8
41280,2
41281,3
41284,6
41287,2
41288,9
41289,1
41289,4
41289,5
41291,7
41291,5
41294,4
41298,3
41304,3
41305,7
41306,1
41308,10
41309,2
41309,9
41311,6
41311,2
41312,4
41312,8
41314,5
41314,0
41315,3
41316,7
41316,6
41316,8
41318,1
41319,5
41320,2
41320,10
41320,8
41321,8
41321,7
41324,8
41324,4
41326,0
41327,8
41329,4
41332,1
41332,2
41333,4
41333,5
41333,8
41335,7
41336,3
41336,0
41336,2
41337,8
41337,7
41337,3
41338,3
41339,7
41339,6
41339,4
41341,0
41341,10
41342,1
41342,2
41343,6
41344,9
41345,0
41345,2
41346,4
41347,3
41347,7
41349,2
41350,9
41351,3
41352,8
41352,5
41354,1
41354,2
41355,10
41356,9
41357,10
41359,9
41360,0
41363,5
41364,4
41365,6
41366,8
41366,7
41366,9
41367,0
41369,6
41371,7
41372,8
41373,4
41374,5
41376,9
41376,0
41378,0
41378,10
41379,4
41380,7
41380,2
41381,1
41381,5
41382,6
41382,0
41382,1
41384,4
41385,4
41386,6
41388,9
41388,1
41389,0
41391,4
41391,3
41394,6
41395,3
41395,10
41395,8
41396,5
41396,1
41397,8
41397,2
41397,0
41401,4
41402,3
41402,0
41402,1
41403,5
41403,0
41404,4
41405,1
41406,2
41407,6
41408,9
41409,4
41409,8
41410,5
41411,3
41412,10
41413,10
41414,0
41416,7
41419,1
41420,4
41420,10
41421,6
41422,6
41423,1
41423,4
41423,8
41424,8
41424,6
41425,2
41426,5
41427,5
41429,5
41433,9
41433,8
41435,6
41436,8
41437,0
41439,9
41441,2
41441,5
41442,2
41443,10
41443,4
41444,3
41444,7
41444,4
41445,0
41446,0
41447,8
41447,4
41447,1
41448,10
41448,4
41449,5
41449,8
41449,4
41450,6
41452,8
41453,0
41453,8
41453,6
41455,10
41455,2
41457,10
41457,8
41457,1
41458,2
41459,4
41459,10
41460,6
41460,0
41463,5
41463,8
41463,9
41465,2
41465,5
41465,7
41466,0
41467,4
41467,7
41468,2
41470,5
41470,8
41470,10
41471,4
41471,6
41471,7
41474,6
41475,1
41477,0
41479,0
41479,7
41479,10
41480,7
41480,10
41481,0
41481,10
41481,8
41481,4
41482,4
41484,4
41484,3
41487,3
41488,5
41488,6
41488,3
41489,7
41490,5
41491,1
41492,5
41492,0
41492,2
41493,5
41494,8
41496,7
41497,3
41498,3
41500,1
41500,6
41501,6
41501,0
41501,1
41501,8
41502,1
41502,6
41502,7
41503,9
41503,3
41505,10
41505,3
41505,1
41507,1
41508,9
41508,3
41508,1
41510,8
41510,7
41512,7
41513,9
41513,0
41513,6
41514,1
41514,5
41515,5
41515,4
41515,8
41517,1
41518,1
41519,7
41519,3
41522,0
41523,10
41525,3
41525,8
41526,7
41526,3
41526,6
41527,10
41528,3
41529,5
41530,10
41530,2
41531,9
41531,2
41532,7
41535,7
41536,3
41538,0
41540,0
41543,0
41544,0
41546,3
41547,6
41548,0
41548,4
41549,0
41550,8
41551,3
41551,0
41552,3
41552,6
41553,8
41555,7
41555,6
41555,8
41557,7
41558,2
41560,4
41562,6
41562,8
41564,10
41567,10
41567,4
41567,7
41570,10
41573,6
41573,3
41574,4
41575,8
41579,1
41579,5
41579,8
41579,6
41580,2
41582,9
41584,2
41585,9
41587,10
41588,5
41589,8
41593,3
41593,1
41593,2
41594,9
41594,6
41594,7
41594,0
41595,4
41596,1
41596,4
41598,6
41599,4
41599,2
41599,10
41601,2
41602,2
41605,6
41606,5
41606,4
41607,6
41609,7
41610,1
41611,1
41612,3
41612,8
41612,0
41614,5
41614,4
41614,10
41615,5
41616,1
41616,2
41616,3
41616,6
41617,3
41618,1
41618,7
41620,9
41622,4
41623,1
41625,1
41625,2
41627,3
41627,0
41629,1
41630,10
41632,1
41633,10
41634,10
41634,5
41635,8
41636,0
41637,5
41639,3
41639,5
41639,1
41640,1
41644,1
41645,4
41646,5
41650,8
41652,10
41652,0
41654,4
41654,1
41655,8
41656,2
41656,3
41658,10
41659,4
41660,1
41660,3
41663,0
41665,0
41666,2
41666,3
41667,10
41668,10
41669,3
41669,0
41670,9
41673,1
41673,7
41673,3
41675,4
41676,5
41676,0
41677,6
41677,10
41678,6
41679,9
41679,5
41680,1
41680,7
41680,2
41681,10
41681,5
41684,4
41685,9
41686,7
41686,9
41686,0
41690,6
41691,8
41692,4
41694,10
41695,5
41696,7
41696,8
41698,4
41698,1
41701,3
41702,4
41702,9
41704,5
41704,9
41706,6
41706,8
41707,10
41707,6
41708,10
41709,4
41710,9
41712,2
41713,2
41713,6
41715,10
41715,8
41715,3
41718,10
41718,5
41718,9
41719,3
41720,10
41720,2
41721,9
41722,6
41723,7
41724,7
41724,8
41725,10
41725,4
41726,10
41726,6
41728,2
41729,7
41732,1
41732,3
41732,7
41733,5
41733,0
41733,2
41734,8
41735,2
41736,3
41736,4
41739,5
41739,6
41740,9
41741,2
41741,9
41743,2
41745,2
41747,8
41748,9
41750,3
41750,2
41751,10
41752,3
41752,8
41753,2
41754,1
41755,7
41755,6
41756,8
41757,1
41757,9
41758,7
41759,1
41759,6
41762,9
41763,6
41764,0
41764,2
41765,8
41765,9
41768,8
41769,3
41771,9
41772,5
41772,8
41773,9
41775,7
41776,0
41778,10
41778,2
41781,4
41782,2
41782,7
41783,10
41783,7
41783,5
41785,6
41786,10
41789,3
41790,0
41792,4
41792,10
41794,10
41795,8
41796,2
41796,4
41798,9
41798,0
41800,4
41801,10
41802,5
41803,0
41804,1
41804,0
41805,9
41807,10
41808,3
41809,7
41809,1
41810,3
41810,0
41811,9
41812,6
41815,0
41816,5
41816,7
41816,1
41817,10
41817,3
41820,0
41820,5
41820,10
41824,0
41825,7
41826,5
41826,10
41826,8
41827,4
41830,8
41831,4
41831,0
41832,7
41832,6
41833,8
41833,5
41834,6
41835,10
41837,0
41838,0
41838,8
41840,5
41840,7
41841,5
41843,9
41843,4
41845,2
41846,5
41847,9
41849,3
41852,9
41853,9
41853,5
41853,0
41854,3
41854,1
41857,5
41859,10
41860,5
41860,4
41860,8
41860,9
41861,4
41862,5
41863,5
41863,2
41865,2
41866,6
41867,9
41867,10
41868,8
41868,7
41868,9
41869,4
41873,1
41875,10
41876,2
41878,4
41882,6
41882,3
41882,9
41883,10
41883,1
41884,10
41887,4
41887,7
41888,6
41889,8
41889,7
41891,9
41892,0
41892,5
41892,7
41896,6
41898,3
41900,8
41902,7
41903,10
41903,5
41904,0
41904,10
41904,9
41905,1
41905,6
41906,7
41906,9
41907,0
41909,10
41912,7
41912,8
41912,6
41913,5
41914,7
41915,10
41916,10
41918,0
41919,1
41919,9
41920,7
41921,5
41923,10
41924,8
41926,8
41926,6
41927,5
41929,2
41929,1
41930,9
41932,3
41935,4
41935,1
41936,0
41939,3
41940,8
41942,10
41942,7
41945,7
41945,10
41946,0
41946,8
41947,0
41948,1
41950,9
41953,5
41953,6
41954,4
41956,0
41957,5
41957,4
41957,0
41958,10
41959,2
41960,0
41960,3
41960,7
41961,3
41962,0
41963,4
41964,2
41964,1
41965,0
41968,6
41970,0
41971,10
41971,6
41972,2
41974,0
41974,3
41974,8
41976,8
41977,2
41977,3
41977,4
41978,1
41981,6
41982,7
41982,2
41983,5
41983,10
41983,8
41983,1
41985,5
41987,9
41988,6
41988,1
41990,0
41990,2
41990,4
41991,8
41992,8
41993,5
41995,6
41995,10
41996,2
41996,4
41997,6
41999,9
41999,5
42000,5
42001,6
42003,2
42003,8
42005,2
42006,7
42007,0
42007,4
42008,9
42008,10
42008,1
42008,3
42010,0
42011,9
42012,0
42013,8
42016,10
42016,8
42016,3
42017,3
42020,0
42021,0
42022,10
42022,5
42022,0
42022,8
42024,1
42024,4
42025,9
42026,1
42027,5
42028,4
42028,5
42029,7
42031,10
42032,7
42032,3
42033,10
42034,7
42035,8
42036,7
42036,5
42037,10
42037,7
42037,0
42039,4
42039,10
42041,8
42042,9
42043,8
42043,6
42045,2
42046,9
42047,1
42049,5
42050,4
42052,5
42052,0
42052,9
42055,9
42057,0
42057,4
42058,7
42058,2
42060,10
42060,4
42060,2
42062,9
42064,5
42065,4
42066,7
42066,3
42067,10
42067,4
42068,10
42068,2
42069,6
42069,2
42070,0
42070,10
42073,1
42074,7
42077,7
42078,10
42081,10
42081,0
42082,3
42082,7
42082,9
42082,2
42083,7
42084,2
42085,0
42085,3
42086,10
42086,3
42086,1
42087,4
42087,7
42087,2
42088,3
42089,1
42089,8
42093,6
42094,8
42094,0
42094,1
42095,6
42096,9
42097,8
42097,0
42098,5
42098,4
42100,4
42100,3
42101,7
42101,1
42103,9
42103,1
42103,6
42104,10
42104,4
42105,2
42106,10
42110,7
42111,10
42114,2
42118,5
42118,0
42119,7
42119,5
42120,9
42122,5
42124,5
42124,10
42124,7
42125,6
42125,2
42125,9
42126,1
42126,5
42127,1
42128,5
42128,8
42129,5
42130,4
42132,8
42133,6
42135,6
42136,1
42137,3
42137,1
42137,7
42139,4
42139,7
42143,4
42143,3
42143,2
42145,10
42148,4
42150,6
42150,9
42150,5
42150,7
42151,8
42152,8
42153,9
42153,8
42154,0
42155,1
42155,0
42156,3
42156,6
42157,10
42157,0
42158,2
42158,6
42158,8
42160,3
42160,10
42161,1
42164,8
42164,6
42166,0
42166,3
42169,1
42172,1
42172,8
42173,0
42173,10
42173,3
42173,1
42174,5
42174,9
42175,3
42175,1
42176,8
42179,2
42181,8
42184,8
42185,10
42186,4
42188,4
42189,5
42190,1
42194,3
42194,2
42195,1
42196,0
42196,1
42197,7
42197,10
42198,5
42199,7
42201,0
42201,8
42203,0
42204,5
42205,5
42206,9
42206,10
42207,9
42207,8
42208,5
42208,10
42209,9
42210,5
42210,10
42211,3
42211,9
42213,8
42214,0
42215,10
42215,0
42217,1
42217,0
42218,2
42218,9
42218,3
42221,7
42221,6
42221,9
42222,10
42222,4
42223,1
42224,8
42224,3
42225,3
42226,6
42226,2
42226,9
42228,7
42229,1
42230,0
42231,3
42231,10
42231,2
42231,1
42234,6
42235,2
42236,1
42236,9
42237,10
42238,2
42239,3
42241,3
42242,0
42243,6
42244,7
42245,3
42246,2
42247,3
42248,7
42249,1
42249,4
42251,0
42251,5
42251,9
42253,0
42254,5
42255,1
42256,5
42257,1
42257,6
42258,1
42261,2
42262,6
42264,3
42265,0
42266,6
42268,10
42269,3
42270,3
42271,6
42271,8
42272,9
42273,4
42276,9
42279,8
42281,1
42281,9
42282,8
42283,9
42285,4
42285,9
42285,5
42286,1
42287,3
42288,5
42288,1
42289,10
42289,8
42291,9
42292,4
42293,4
42296,3
42296,7
42298,3
42302,3
42302,6
42303,2
42306,7
42312,2
42312,8
42313,0
42314,8
42314,3
42315,1
42315,8
42316,7
42317,0
42318,1
42319,8
42320,7
42321,6
42322,9
42322,6
42322,10
42323,4
42325,10
42326,8
42326,7
42326,1
42327,0
42327,3
42328,8
42328,2
42328,0
42328,1
42329,9
42331,0
42332,5
42333,5
42333,6
42336,0
42337,9
42338,5
42338,2
42340,1
42341,2
42343,7
42343,5
42345,1
42345,7
42345,4
42348,7
42349,10
42350,5
42350,4
42351,2
42351,5
42355,7
42358,9
42359,8
42359,5
42360,0
42361,5
42361,1
42364,6
42368,4
42368,6
42369,9
42369,3
42371,2
42372,10
42373,3
42374,4
42376,3
42377,9
42379,10
42380,7
42382,7
42384,9
42387,1
42387,2
42389,9
42392,2
42393,7
42394,9
42395,8
42396,2
42396,0
42397,9
42398,8
42399,9
42399,3
42400,2
42405,8
42408,10
42410,3
42411,7
42411,10
42411,6
42412,6
42413,0
42414,4
42416,4
42416,10
42416,3
42416,1
42417,5
42421,8
42421,5
42422,9
42423,4
42424,1
42426,3
42426,7
42426,2
42426,6
42428,0
42431,4
42432,8
42435,0
42435,4
42436,10
42437,9
42438,7
42439,7
42440,10
42441,5
42442,5
42443,7
42444,6
42444,5
42444,8
42445,9
42445,3
42447,7
42448,5
42449,9
42451,4
42452,10
42452,1
42454,3
42454,9
42454,0
42454,6
42455,0
42457,0
42457,9
42459,5
42460,7
42460,9
42461,10
42463,4
42465,7
42466,6
42467,0
42469,6
42472,6
42472,10
42474,6
42474,3
42475,2
42476,4
42479,5
42479,3
42480,9
42481,4
42481,1
42482,8
42485,5
42486,5
42488,2
42489,0
42489,4
42490,5
42490,6
42491,8
42494,3
42495,0
42497,2
42498,2
42499,6
42501,8
42502,9
42503,10
42503,0
42506,1
42507,7
42510,9
42510,2
42510,10
42512,10
42513,5
42515,5
42515,6
42516,6
42517,10
42518,9
42520,1
42520,8
42521,8
42523,5
42524,3
42527,6
42528,10
42528,4
42529,8
42530,9
42535,4
42536,0
42536,8
42537,1
42538,6
42539,3
42539,8
42541,5
42541,9
42543,8
42543,0
42543,1
42544,6
42544,4
42545,3
42545,5
42546,2
42548,3
42549,6
42550,6
42550,8
42551,6
42551,0
42552,6
42552,5
42553,8
42554,6
42555,6
42555,4
42555,8
42555,3
42555,7
42556,7
42557,3
42557,4
42558,4
42559,4
42560,4
42563,0
42564,7
42565,4
42565,2
42567,2
42567,0
42567,8
42568,8
42569,0
42569,5
42569,6
42571,2
42572,4
42573,5
42575,1
42575,10
42576,0
42576,3
42577,5
42578,8
42578,1
42578,5
42579,3
42582,0
42584,7
42585,5
42586,4
42588,2
42590,3
42591,5
42594,3
42594,1
42595,2
42595,4
42596,7
42598,2
42599,4
42602,2
42603,5
42604,2
42604,4
42605,5
42606,8
42606,1
42606,4
42609,0
42609,2
42610,4
42610,2
42611,6
42611,1
42612,1
42613,10
42614,3
42615,5
42616,0
42617,6
42618,6
42619,1
42620,1
42623,7
42623,4
42623,0
42623,2
42623,1
42624,3
42625,5
42625,8
42625,1
42625,9
42628,8
42628,2
42631,9
42633,2
42633,6
42633,9
42634,0
42634,5
42635,8
42636,3
42637,0
42638,8
42638,3
42639,1
42639,7
42641,7
42641,5
42641,0
42643,7
42644,4
42645,7
42646,8
42648,5
42649,9
42649,8
42650,4
42650,8
42651,2
42652,3
42652,4
42654,3
42655,7
42657,0
42657,3
42659,1
42660,1
42660,6
42661,2
42663,2
42663,9
42664,6
42667,1
42667,10
42668,7
42669,7
42672,9
42672,3
42676,2
42677,0
42678,5
42678,1
42680,6
42681,0
42682,8
42682,7
42682,4
42682,2
42684,5
42687,5
42688,4
42688,6
42689,8
42690,9
42691,9
42691,4
42692,7
42693,9
42694,6
42696,9
42698,9
42699,7
42700,8
42700,7
42701,5
42701,2
42702,7
42702,0
42704,7
42704,4
42704,10
42706,2
42706,10
42706,7
42707,8
42708,9
42708,2
42711,3
42713,0
42713,9
42717,3
42718,10
42718,9
42720,10
42721,8
42722,4
42722,2
42724,1
42726,0
42726,1
42727,7
42728,8
42728,6
42731,9
42732,0
42733,9
42735,4
42737,9
42739,0
42739,3
42741,1
42741,4
42741,5
42742,10
42742,0
42745,8
42745,5
42745,3
42746,0
42747,2
42747,3
42748,4
42748,6
42749,10
42749,8
42751,3
42752,10
42753,5
42756,5
42756,4
42757,9
42759,2
42763,10
42763,6
42763,0
42763,3
42764,9
42764,8
42765,7
42767,9
42768,3
42769,7
42769,9
42770,0
42770,8
42771,0
42772,7
42773,3
42774,1
42777,5
42779,8
42781,8
42781,6
42782,2
42783,8
42783,5
42785,2
42786,3
42787,0
42787,6
42789,0
42793,1
42794,9
42797,5
42801,3
42802,5
42802,1
42803,9
42803,4
42804,9
42804,1
42806,1
42807,10
42813,2
42814,3
42817,8
42823,9
42830,2
42833,9
42834,3
42834,4
42837,9
42840,7
42842,7
42845,1
42845,3
42845,8
42845,2
42846,5
42846,7
42847,9
42850,9
42851,1
42852,3
42852,10
42853,7
42853,9
42854,0
42857,0
42858,1
42859,7
42859,1
42859,10
42862,0
42862,7
42866,4
42866,5
42866,6
42869,4
42870,4
42870,2
42872,0
42875,0
42876,5
42876,10
42877,0
42877,1
42877,3
42878,0
42880,3
42880,0
42880,10
42880,1
42883,8
42884,0
42885,0
42885,3
42885,10
42890,10
42892,4
42893,10
42894,6
42895,9
42895,8
42896,8
42897,9
42903,10
42906,10
42909,8
42909,5
42910,10
42912,1
42912,2
42914,8
42915,7
42915,1
42915,0
42915,4
42916,2
42917,2
42918,4
42918,6
42918,2
42919,2
42921,8
42922,0
42923,3
42924,7
42924,5
42924,1
42925,5
42927,9
42927,7
42928,5
42929,7
42929,6
42931,8
42932,1
42935,7
42935,5
42938,1
42939,4
42939,5
42940,2
42940,10
42941,6
42942,10
42944,0
42945,0
42946,0
42946,5
42947,7
42947,2
42947,8
42949,10
42949,2
42950,0
42952,3
42952,8
42954,3
42956,10
42957,4
42957,1
42958,7
42960,2
42961,7
42962,2
42963,2
42966,8
42968,9
42968,6
42970,1
42971,8
42972,5
42974,9
42975,7
42975,8
42975,10
42975,4
42976,8
42977,1
42978,6
42978,9
42979,1
42979,4
42980,2
42981,8
42981,4
42981,6
42981,2
42982,9
42983,0
42984,6
42984,7
42985,5
42987,3
42988,9
42990,8
42992,10
42992,0
42993,8
42993,7
42993,3
42995,1
42996,0
42997,2
42998,5
43001,0
43003,9
43003,1
43004,8
43005,7
43005,5
43005,9
43006,4
43007,7
43007,4
43008,4
43009,10
43009,2
43009,5
43014,6
43014,7
43016,7
43018,10
43020,0
43023,7
43024,0
43024,3
43024,1
43027,10
43028,5
43029,10
43030,1
43031,10
43033,10
43033,4
43034,4
43036,4
43037,3
43039,0
43039,2
43042,2
43042,1
43043,6
43043,2
43045,7
43046,10
43046,8
43047,6
43050,7
43051,9
43053,1
43054,6
43054,5
43057,4
43059,10
43061,1
43061,5
43063,9
43064,4
43064,6
43064,3
43065,5
43067,0
43069,4
43069,6
43070,3
43070,5
43071,5
43072,5
43072,0
43073,2
43075,6
43075,2
43076,0
43077,0
43077,2
43078,2
43079,1
43080,0
43081,9
43082,2
43084,6
43086,7
43087,2
43087,6
43088,2
43089,7
43089,8
43090,5
43091,10
43093,3
43093,5
43094,7
43094,8
43095,7
43095,2
43096,10
43096,9
43098,0
43099,1
43100,2
43100,6
43103,6
43105,4
43106,2
43106,4
43107,0
43108,0
43108,5
43109,8
43110,10
43111,10
43111,9
43112,10
43112,2
43112,0
43114,2
43115,5
43115,10
43116,2
43119,3
43120,4
43120,2
43122,4
43124,7
43124,4
43124,1
43124,5
43126,4
43126,0
43127,7
43128,1
43130,5
43131,1
43132,9
43135,0
43135,9
43142,2
43142,6
43142,8
43143,7
43146,8
43146,1
43147,6
43147,3
43147,4
43148,5
43148,6
43150,10
43150,2
43151,7
43153,6
43153,10
43153,7
43154,4
43155,10
43156,0
43156,1
43157,6
43158,9
43158,2
43159,7
43159,0
43160,0
43160,3
43162,10
43162,5
43162,0
43164,1
43165,6
43167,9
43167,10
43168,3
43169,4
43169,0
43170,7
43171,4
43172,8
43172,7
43175,3
43177,8
43178,7
43180,7
43181,6
43182,6
43184,7
43185,10
43187,4
43187,1
43188,3
43189,2
43189,5
43191,0
43192,2
43192,9
43192,3
43193,3
43193,4
43193,0
43195,4
43199,2
43201,2
43202,10
43204,2
43207,8
43208,6
43209,8
43210,5
43211,0
43211,9
43212,3
43212,5
43213,10
43214,5
43214,4
43214,1
43216,3
43218,1
43220,3
43220,4
43221,10
43221,0
43221,1
43222,6
43223,8
43225,5
43227,1
43229,5
43229,3
43230,0
43230,5
43231,5
43232,6
43233,10
43233,9
43235,8
43235,3
43237,2
43240,2
43241,1
43241,7
43242,6
43246,4
43247,6
43247,5
43249,9
43251,7
43259,9
43259,6
43260,4
43261,3
43263,2
43263,8
43263,9
43264,10
43266,3
43266,4
43267,8
43267,0
43268,8
43268,2
43268,6
43270,7
43271,4
43271,9
43272,4
43272,7
43273,8
43276,9
43276,10
43277,7
43278,8
43278,6
43278,3
43278,2
43280,7
43280,8
43281,3
43282,1
43283,0
43284,8
43284,6
43285,9
43286,4
43288,2
43289,8
43291,5
43291,10
43291,1
43292,8
43292,3
43293,0
43294,8
43295,4
43295,10
43295,7
43296,10
43296,8
43296,0
43297,1
43300,6
43301,10
43303,9
43304,8
43304,1
43305,10
43306,2
43307,0
43307,1
43308,4
43309,7
43313,5
43314,4
43314,3
43314,10
43316,3
43322,3
43325,6
43325,1
43326,6
43330,3
43332,10
43332,3
43333,0
43336,0
43337,10
43338,2
43338,7
43341,1
43345,2
43345,4
43346,3
43350,5
43350,9
43350,8
43351,1
43353,9
43353,8
43354,9
43355,7
43355,0
43356,8
43357,2
43359,0
43363,8
43367,4
43369,4
43371,3
43372,3
43374,1
43375,5
43375,2
43376,6
43378,9
43381,5
43382,5
43382,9
43383,4
43385,10
43386,7
43386,5
43387,3
43388,6
43389,0
43389,8
43390,7
43393,3
43394,5
43397,3
43397,10
43397,9
43398,2
43398,9
43398,7
43400,8
43401,7
43402,7
43402,8
43403,10
43404,9
43404,8
43405,9
43405,3
43406,1
43407,1
43407,10
43408,10
43412,10
43415,10
43417,0
43417,8
43417,3
43418,2
43418,9
43419,3
43419,1
43419,10
43419,8
43419,7
43420,0
43421,0
43421,8
43422,2
43423,6
43423,2
43424,4
43424,6
43425,7
43426,5
43427,2
43430,3
43431,9
43431,6
43432,6
43435,1
43436,10
43436,2
43437,3
43437,5
43438,6
43440,10
43440,4
43441,2
43441,3
43441,1
43442,6
43443,3
43447,1
43450,2
43451,2
43451,5
43454,10
43454,3
43454,7
43455,3
43455,10
43458,5
43458,8
43458,1
43460,3
43461,6
43461,9
43462,0
43465,8
43466,9
43466,10
43468,2
43468,8
43469,6
43469,10
43473,3
43474,9
43475,0
43476,10
43477,8
43480,0
43480,9
43485,7
43488,0
43488,10
43489,5
43491,4
43493,4
43494,9
43495,10
43498,8
43499,6
43500,5
43501,8
43502,2
43502,8
43502,9
43502,5
43503,5
43503,9
43503,10
43504,6
43504,10
43505,1
43505,0
43505,2
43506,3
43506,8
43507,9
43507,0
43509,1
43510,9
43510,10
43511,2
43511,5
43512,8
43513,10
43516,8
43517,0
43518,1
43519,10
43519,9
43519,4
43520,1
43522,2
43523,7
43525,2
43525,7
43526,6
43528,7
43528,2
43528,8
43530,6
43532,3
43532,9
43533,0
43533,7
43534,5
43535,4
43536,1
43536,2
43538,9
43538,1
43539,6
43541,3
43544,1
43546,10
43549,9
43549,4
43550,2
43551,1
43552,7
43552,0
43552,3
43553,2
43554,3
43554,0
43554,2
43554,6
43556,2
43556,0
43556,1
43557,10
43557,8
43561,6
43561,8
43561,0
43561,4
43563,6
43564,5
43565,9
43565,7
43567,9
43568,8
43570,5
43570,9
43572,1
43573,6
43574,8
43575,5
43576,9
43576,6
43578,7
43579,6
43580,1
43582,8
43582,2
43582,9
43584,8
43584,10
43585,1
43585,9
43587,8
43587,9
43588,4
43588,6
43589,7
43590,8
43591,2
43591,8
43592,6
43592,1
43592,9
43593,1
43593,2
43597,0
43598,0
43598,4
43599,7
43600,5
43601,2
43601,3
43601,9
43601,7
43601,4
43601,1
43603,0
43603,2
43604,2
43604,5
43604,8
43605,5
43607,5
43609,10
43609,1
43613,3
43614,3
43614,8
43616,5
43618,7
43619,4
43619,0
43619,8
43619,2
43619,6
43621,10
43624,1
43625,5
43627,4
43630,2
43631,5
43631,2
43632,0
43635,1
43635,0
43637,6
43638,9
43640,0
43644,10
43644,5
43645,0
43646,8
43647,0
43649,6
43651,1
43651,4
43653,0
43653,8
43654,6
43655,8
43657,8
43660,9
43661,7
43661,10
43664,3
43665,9
43665,2
43665,0
43667,3
43668,1
43669,7
43673,1
43673,6
43674,1
43674,0
43681,5
43681,1
43681,6
43682,10
43683,3
43684,6
43685,2
43687,7
43688,1
43691,6
43692,1
43693,2
43693,5
43693,0
43695,3
43695,8
43699,0
43700,7
43701,7
43702,10
43702,5
43704,10
43705,2
43705,3
43708,1
43710,5
43711,5
43711,2
43712,1
43712,6
43713,2
43714,10
43715,3
43715,5
43715,6
43718,3
43719,4
43720,2
43721,1
43721,9
43722,5
43723,0
43724,3
43724,1
43725,8
43725,3
43725,5
43727,4
43729,3
43729,1
43730,3
43731,10
43731,1
43735,8
43735,3
43735,0
43735,1
43736,1
43737,2
43737,10
43738,1
43738,8
43738,2
43739,9
43740,9
43741,7
43742,2
43742,10
43744,10
43745,1
43747,5
43749,6
43750,8
43753,6
43753,0
43754,3
43755,10
43755,4
43755,2
43756,4
43756,2
43756,8
43757,1
43758,10
43760,2
43760,4
43761,3
43761,8
43761,9
43761,7
43762,2
43762,10
43762,9
43765,5
43766,4
43766,8
43766,10
43768,3
43769,6
43770,3
43770,8
43771,8
43771,3
43772,5
43775,6
43776,9
43780,5
43782,2
43782,0
43783,2
43783,8
43784,5
43785,0
43785,3
43786,8
43791,5
43791,7
43794,9
43797,2
43798,9
43799,5
43804,0
43804,7
43805,2
43807,8
43808,2
43810,6
43813,10
43814,6
43814,9
43816,3
43818,1
43818,2
43819,0
43819,4
43820,9
43821,7
43822,0
43822,6
43823,6
43824,7
43828,2
43829,8
43829,0
43829,3
43830,0
43830,4
43834,4
43834,1
43834,9
43834,7
43836,2
43836,0
43837,2
43838,3
43838,4
43839,0
43841,2
43841,8
43842,3
43843,1
43844,5
43845,2
43845,8
43845,6
43846,10
43848,5
43848,0
43851,1
43853,9
43853,8
43853,3
43856,0
43856,6
43856,4
43857,2
43857,0
43859,4
43860,7
43861,4
43861,3
43862,5
43863,4
43864,0
43864,10
43864,5
43865,10
43870,8
43870,2
43870,7
43871,10
43871,8
43872,7
43873,6
43874,5
43874,2
43875,10
43875,6
43877,6
43878,3
43878,5
43880,5
43881,9
43882,6
43882,1
43882,3
43885,1
43886,4
43887,8
43888,5
43889,9
43890,3
43890,6
43891,3
43891,4
43891,5
43893,4
43894,3
43895,10
43898,0
43899,10
43899,9
43900,5
43900,6
43901,0
43902,4
43902,10
43905,4
43906,9
43908,0
43910,4
43911,1
43912,3
43914,6
43914,1
43915,10
43915,4
43915,5
43917,10
43917,2
43917,0
43919,10
43919,2
43920,5
43920,4
43920,0
43922,3
43925,2
43927,6
43928,8
43928,3
43928,10
43929,7
43931,5
43933,5
43933,0
43935,1
43936,7
43936,3
43939,2
43942,2
43943,10
43945,6
43945,2
43945,0
43946,10
43946,5
43947,6
43949,10
43949,6
43951,1
43953,2
43953,7
43954,1
43955,2
43956,9
43956,8
43956,2
43957,3
43958,5
43959,9
43959,4
43960,7
43961,5
43961,7
43961,9
43962,6
43962,0
43963,6
43963,8
43964,2
43965,8
43967,4
43967,10
43967,6
43968,6
43968,5
43969,7
43970,3
43971,3
43973,9
43978,7
43980,1
43980,8
43980,4
43983,8
43983,6
43984,6
43984,2
43986,5
43987,0
43988,6
43989,9
43990,10
43990,3
43991,4
43991,0
43991,3
43994,4
43995,6
43995,2
43995,8
43995,9
43995,3
43996,0
43997,3
43997,9
43999,6
44002,3
44003,5
44003,0
44003,4
44004,2
44006,5
44007,0
44007,8
44007,1
44010,2
44010,4
44012,9
44013,0
44013,9
44015,0
44015,5
44016,8
44016,3
44017,0
44018,8
44021,9
44021,2
44024,6
44024,8
44024,4
44026,3
44028,10
44029,9
44031,4
44031,9
44033,9
44034,1
44034,10
44036,9
44037,5
44038,3
44039,5
44039,6
44041,2
44041,3
44042,3
44044,4
44044,1
44044,7
44044,0
44045,1
44048,9
44049,6
44050,8
44050,1
44050,5
44051,8
44051,5
44051,0
44053,9
44054,8
44056,5
44058,2
44059,6
44059,9
44061,2
44062,10
44062,7
44062,1
44066,6
44069,6
44071,6
44071,8
44071,10
44071,0
44074,3
44075,8
44076,0
44077,2
44077,9
44078,9
44079,2
44080,3
44080,2
44081,0
44081,9
44082,1
44083,3
44084,5
44084,7
44085,6
44087,6
44088,0
44089,9
44089,6
44090,6
44090,2
44093,4
44094,2
44095,7
44096,2
44097,7
44097,4
44100,2
44100,0
44100,5
44101,1
44101,0
44102,10
44102,4
44103,1
44103,4
44104,4
44106,5
44106,2
44107,8
44107,4
44108,6
44108,0
44110,6
44111,7
44111,8
44113,0
44113,1
44113,10
44114,7
44114,1
44120,10
44122,3
44124,1
44125,4
44127,10
44127,1
44128,9
44128,7
44129,0
44131,3
44133,2
44134,10
44134,9
44134,3
44135,0
44136,9
44136,0
44137,2
44137,8
44139,7
44139,10
44140,3
44140,10
44140,2
44143,9
44143,5
44144,2
44144,0
44146,8
44147,2
44147,8
44149,1
44149,5
44149,0
44149,10
44150,5
44151,7
44153,5
44153,9
44153,6
44153,8
44154,8
44154,6
44155,5
44155,6
44156,9
44156,6
44157,6
44160,1
44162,3
44162,7
44163,1
44163,2
44163,6
44166,5
44167,2
44167,0
44169,4
44169,8
44172,6
44173,7
44174,2
44177,8
44178,0
44180,5
44181,4
44181,5
44181,1
44182,10
44183,3
44184,7
44185,5
44185,2
44187,0
44187,10
44187,6
44188,10
44190,8
44191,0
44192,7
44192,1
44192,5
44194,5
44195,0
44195,2
44197,4
44197,10
44198,0
44199,3
44199,6
44202,1
44203,10
44205,4
44206,7
44208,8
44208,9
44208,4
44209,3
44210,9
44210,6
44211,4
44212,10
44214,3
44215,3
44215,8
44216,10
44216,6
44216,9
44218,7
44220,0
44221,5
44223,5
44223,9
44224,6
44224,4
44227,10
44228,6
44228,5
44228,3
44229,0
44230,9
44232,8
44232,3
44234,4
44235,5
44235,6
44236,5
44236,3
44237,9
44238,5
44240,9
44241,6
44242,9
44243,4
44244,5
44245,8
44245,1
44246,3
44246,2
44247,2
44249,6
44250,3
44251,9
44251,6
44251,5
44252,8
44252,2
44252,9
44253,0
44254,4
44254,5
44254,8
44254,7
44254,1
44256,7
44256,1
44258,1
44258,4
44261,1
44261,2
44261,6
44262,5
44262,3
44263,3
44265,0
44267,7
44269,7
44270,6
44272,1
44273,3
44275,8
44277,6
44277,10
44277,1
44278,7
44280,2
44280,9
44280,3
44284,8
44285,6
44288,9
44288,8
44288,4
44289,2
44289,8
44290,6
44290,9
44292,8
44294,4
44294,1
44295,8
44295,4
44296,4
44296,7
44296,1
44298,7
44302,1
44304,1
44304,2
44304,4
44305,9
44306,9
44306,0
44308,2
44309,8
44311,1
44312,10
44315,9
44315,7
44316,6
44317,5
44317,1
44317,6
44318,2
44318,5
44319,4
44319,1
44319,0
44320,0
44321,8
44322,9
44324,0
44325,0
44327,6
44328,0
44328,1
44328,9
44330,7
44332,8
44335,0
44336,7
44336,5
44337,1
44337,0
44337,7
44337,4
44337,6
44339,0
44340,0
44340,4
44342,5
44342,6
44342,9
44344,6
44344,2
44345,6
44347,8
44347,6
44347,10
44347,4
44347,5
44349,4
44351,6
44352,10
44353,0
44355,9
44356,9
44356,4
44359,5
44360,6
44360,8
44361,0
44362,5
44363,7
44363,3
44365,6
44365,10
44366,2
44368,2
44369,5
44370,1
44371,1
44373,6
44373,3
44375,8
44376,1
44377,9
44379,8
44381,6
44381,0
44383,7
44385,1
44386,0
44386,7
44387,4
44387,3
44387,7
44387,2
44387,1
44388,2
44389,0
44390,6
44391,2
44391,0
44392,6
44393,3
44394,10
44394,5
44395,1
44396,2
44396,1
44396,10
44397,9
44397,0
44398,0
44399,0
44402,7
44403,7
44403,2
44403,5
44404,10
44404,6
44404,9
44404,1
44407,10
44409,6
44411,5
44411,3
44412,3
44412,9
44413,8
44414,1
44414,9
44414,6
44414,4
44414,8
44415,9
44418,6
44418,4
44419,10
44419,7
44420,9
44421,1
44421,2
44421,0
44421,3
44421,10
44423,3
44423,9
44424,1
44425,4
44425,6
44425,8
44426,6
44428,8
44428,5
44429,3
44430,8
44431,5
44431,7
44432,6
44432,8
44434,6
44435,9
44435,7
44436,10
44438,0
44444,3
44444,10
44444,9
44445,9
44445,10
44446,1
44446,10
44448,3
44449,7
44449,8
44450,5
44452,8
44452,3
44453,0
44454,5
44456,3
44456,5
44459,7
44461,5
44462,10
44462,7
44464,4
44465,1
44465,3
44468,5
44469,5
44470,3
44471,2
44472,2
44476,0
44481,6
44483,0
44484,5
44484,1
44484,6
44485,6
44486,0
44486,6
44487,1
44489,6
44492,5
44492,2
44496,2
44497,8
44497,1
44498,3
44499,0
44500,6
44501,9
44501,5
44504,4
44506,6
44508,0
44508,5
44509,4
44509,1
44509,3
44510,6
44510,3
44511,8
44511,3
44512,4
44512,10
44513,5
44514,10
44517,4
44518,3
44518,10
44519,4
44520,6
44521,10
44522,8
44523,4
44523,8
44524,1
44525,9
44525,2
44525,5
44525,3
44527,7
44528,10
44530,1
44530,7
44530,9
44531,10
44532,4
44534,10
44534,5
44535,5
44536,5
44536,0
44538,7
44539,0
44540,2
44542,5
44543,3
44545,3
44546,0
44546,5
44549,0
44549,3
44550,2
44551,10
44552,0
44554,10
44556,8
44561,3
44564,10
44564,0
44565,2
44567,1
44567,6
44568,3
44569,1
44570,8
44570,2
44571,5
44571,6
44571,10
44571,8
44573,10
44573,2
44573,0
44574,5
44575,6
44576,7
44577,10
44578,7
44579,3
44579,8
44581,10
44581,5
44582,1
44583,7
44584,8
44584,10
44584,4
44586,0
44588,8
44590,8
44591,10
44592,1
44593,8
44593,4
44595,5
44595,9
44595,1
44596,2
44597,4
44597,3
44598,10
44598,5
44599,2
44602,2
44603,4
44603,5
44604,6
44604,2
44605,2
44606,3
44607,0
44609,2
44609,3
44610,10
44612,5
44613,6
44614,7
44614,2
44614,3
44615,0
44617,4
44617,3
44619,2
44621,0
44621,6
44621,10
44622,6
44623,7
44624,5
44625,3
44625,2
44625,9
44626,3
44627,2
44630,10
44632,0
44633,8
44634,8
44634,0
44634,10
44634,6
44635,6
44635,3
44637,1
44637,5
44638,0
44638,10
44639,9
44642,7
44643,8
44643,7
44644,9
44645,4
44646,0
44646,1
44647,6
44648,0
44648,3
44648,5
44649,7
44650,8
44650,7
44650,2
44651,0
44651,6
44653,6
44654,4
44656,1
44658,2
44658,9
44659,2
44660,3
44662,0
44663,0
44664,2
44666,5
44666,2
44667,6
44668,3
44670,4
44670,7
44671,1
44671,5
44672,1
44675,0
44675,2
44675,5
44676,2
44676,0
44678,6
44679,6
44679,0
44680,4
44681,0
44682,0
44684,9
44684,7
44685,2
44685,0
44687,10
44688,10
44689,9
44689,5
44690,6
44690,3
44692,6
44693,4
44694,4
44695,7
44697,0
44698,3
44698,6
44698,1
44699,4
44701,5
44702,10
44703,6
44704,5
44704,7
44704,1
44706,8
44706,3
44708,6
44708,1
44708,4
44709,9
44710,7
44711,0
44712,0
44712,5
44713,2
44713,1
44713,10
44715,2
44715,0
44715,4
44716,6
44716,7
44717,6
44717,1
44717,9
44718,7
44718,5
44718,4
44719,7
44720,4
44720,3
44722,6
44723,9
44723,0
44724,3
44724,9
44725,10
44725,5
44725,7
44728,0
44728,3
44731,1
44731,9
44732,0
44732,8
44734,1
44735,0
44736,8
44736,9
44738,7
44738,8
44739,4
44742,5
44743,10
44743,3
44743,5
44743,7
44747,10
44748,5
44749,5
44749,1
44749,6
44752,1
44753,4
44754,9
44754,10
44756,1
44757,5
44759,1
44759,2
44760,7
44761,9
44762,5
44762,4
44762,6
44766,9
44766,2
44766,4
44769,5
44769,8
44770,8
44772,7
44776,2
44776,4
44781,1
44786,7
44787,7
44788,1
44790,9
44791,0
44792,6
44793,5
44795,2
44795,5
44795,6
44796,9
44797,3
44798,2
44800,1
44800,2
44801,5
44802,3
44803,10
44804,6
44805,2
44806,0
44806,7
44807,7
44807,9
44810,7
44815,3
44816,4
44817,6
44817,9
44817,0
44820,4
44821,1
44822,3
44823,3
44825,6
44826,7
44827,3
44829,2
44830,2
44830,4
44831,10
44831,3
44831,8
44833,1
44834,6
44834,2
44836,2
44836,5
44837,3
44839,10
44840,1
44840,4
44842,10
44842,6
44845,7
44845,2
44847,5
44848,5
44850,3
44850,7
44851,9
44854,10
44855,4
44856,9
44856,2
44857,0
44857,8
44858,2
44858,10
44859,9
44861,1
44861,2
44862,4
44862,1
44863,1
44863,5
44864,4
44866,4
44870,1
44870,9
44870,2
44871,8
44871,3
44874,0
44874,1
44876,5
44876,2
44876,0
44878,5
44879,1
44879,10
44880,5
44880,10
44881,8
44883,6
44883,7
44883,10
44884,8
44885,4
44886,4
44887,1
44887,10
44889,5
44893,6
44894,1
44896,1
44896,3
44897,5
44898,6
44900,9
44903,4
44903,6
44905,5
44905,2
44908,8
44908,7
44909,9
44909,1
44910,8
44910,2
44910,10
44912,10
44916,8
44917,0
44918,3
44919,8
44922,7
44922,3
44922,8
44925,0
44925,7
44926,3
44927,9
44928,1
44928,3
44929,7
44929,9
44930,0
44932,7
44932,6
44933,3
44933,8
44935,3
44938,5
44938,10
44938,7
44942,6
44942,8
44943,5
44947,8
44947,1
44947,2
44948,2
44948,4
44948,0
44950,7
44951,7
44953,7
44953,8
44953,6
44953,0
44954,4
44955,5
44956,3
44956,4
44958,0
44959,5
44959,0
44960,10
44961,3
44961,4
44961,6
44963,7
44968,3
44970,5
44971,9
44972,7
44973,8
44974,5
44975,4
44978,8
44978,3
44979,4
44979,1
44979,5
44981,9
44981,3
44984,4
44984,5
44985,3
44985,8
44987,7
44988,5
44988,4
44989,1
44990,0
44992,9
44993,10
44994,1
44996,0
44997,7
44997,5
44998,8
44999,5
44999,4
45001,7
45001,0
45003,7
45004,1
45004,0
45005,10
45006,7
45006,6
45007,10
45009,1
45009,4
45009,5
45010,5
45011,5
45012,5
45014,5
45016,3
45020,1
45021,0
45023,9
45024,8
45024,1
45025,4
45025,8
45026,2
45026,3
45027,2
45029,5
45029,4
45030,4
45031,7
45032,6
45032,3
45032,7
45034,5
45035,2
45036,1
45036,9
45037,6
45037,8
45038,5
45040,8
45040,3
45040,7
45041,7
45042,7
45043,8
45043,0
45044,8
45046,2
45046,3
45047,9
45049,0
45049,9
45051,4
45055,4
45055,1
45057,10
45058,7
45060,3
45060,4
45061,8
45061,5
45062,5
45064,1
45064,0
45065,0
45066,7
45067,2
45069,8
45072,1
45072,4
45074,7
45075,5
45078,1
45079,8
45079,4
45081,8
45081,10
45083,8
45084,5
45084,6
45085,6
45089,2
45090,10
45094,9
45095,0
45095,2
45095,9
45096,3
45096,6
45098,8
45099,3
45099,9
45100,4
45100,6
45101,4
45102,9
45103,9
45105,1
45106,5
45108,3
45108,2
45108,1
45109,8
45110,5
45111,7
45111,6
45111,0
45112,10
45114,7
45116,7
45116,8
45116,2
45117,5
45118,8
45118,2
45119,10
45120,0
45120,6
45122,4
45122,0
45124,7
45125,1
45125,2
45127,10
45129,2
45129,9
45129,5
45130,0
45131,3
45131,9
45133,7
45135,5
45136,7
45136,0
45137,5
45139,10
45140,7
45140,1
45140,3
45141,3
45146,2
45149,4
45149,8
45150,3
45150,10
45150,0
45152,10
45152,3
45153,10
45154,9
45155,0
45155,5
45157,10
45157,2
45159,3
45159,9
45161,2
45161,9
45161,10
45161,6
45165,8
45166,0
45167,9
45167,4
45167,6
45167,1
45169,0
45170,2
45175,3
45176,10
45176,9
45177,4
45178,3
45180,7
45180,3
45182,9
45182,3
45182,10
45183,6
45184,6
45187,2
45188,6
45189,2
45189,1
45191,10
45192,10
45192,3
45193,4
45197,9
45197,7
45198,5
45198,8
45200,2
45202,6
45204,1
45205,0
45205,3
45207,5
45209,9
45209,1
45209,6
45212,5
45212,1
45213,2
45216,2
45217,8
45217,0
45217,9
45220,4
45220,9
45221,5
45221,8
45222,5
45222,3
45222,2
45223,3
45224,3
45225,3
45228,2
45231,9
45231,0
45231,1
45233,0
45236,9
45237,9
45237,8
45239,6
45243,5
45243,6
45244,5
45245,6
45246,6
45246,0
45248,10
45249,2
45249,9
45249,8
45251,10
45251,5
45258,9
45258,10
45259,5
45259,4
45260,9
45261,0
45261,4
45261,8
45262,5
45263,1
45263,8
45264,9
45267,9
45268,3
45270,2
45271,5
45271,2
45273,3
45274,1
45277,7
45277,4
45277,8
45278,1
45278,2
45279,5
45279,7
45279,10
45281,0
45282,5
45283,9
45285,5
45285,9
45286,5
45289,4
45289,7
45289,1
45290,10
45290,0
45293,9
45294,5
45300,6
45302,9
45302,0
45304,10
45304,7
45305,7
45306,4
45306,6
45307,10
45308,1
45309,7
45309,3
45310,7
45310,9
45311,3
45311,7
45311,0
45312,6
45314,1
45315,0
45316,5
45316,0
45317,0
45318,6
45319,3
45321,10
45323,3
45324,4
45324,10
45325,7
45325,4
45326,8
45328,9
45328,2
45328,7
45329,7
45330,8
45330,9
45331,9
45332,2
45332,0
45333,3
45334,3
45334,10
45336,10
45337,5
45337,0
45340,5
45340,9
45342,9
45343,7
45343,4
45344,7
45345,7
45346,8
45347,9
45347,4
45347,10
45347,0
45348,9
45349,6
45350,5
45351,0
45352,9
45352,0
45354,7
45355,0
45356,4
45357,9
45358,7
45358,5
45359,3
45362,5
45362,6
45362,1
45363,1
45364,4
45365,3
45365,5
45366,5
45366,3
45367,1
45367,4
45367,8
45369,6
45370,0
45370,7
45371,8
45371,0
45371,4
45372,5
45377,4
45380,0
45383,5
45385,4
45386,3
45386,8
45387,3
45388,4
45390,0
45390,5
45391,2
45392,6
45395,4
45395,7
45396,3
45397,6
45397,4
45398,9
45399,2
45399,1
45401,3
45402,7
45407,5
45407,6
45410,6
45410,7
45412,7
45413,9
45415,9
45418,4
45420,7
45421,1
45421,6
45422,6
45422,1
45426,4
45427,8
45427,2
45428,1
45428,4
45429,3
45431,9
45433,7
45433,1
45434,5
45436,8
45436,5
45437,6
45437,7
45439,4
45440,4
45440,3
45441,8
45444,0
45445,3
45447,5
45448,10
45448,6
45449,2
45450,4
45451,9
45451,2
45451,10
45452,5
45452,0
45453,3
45453,5
45456,8
45456,3
45457,6
45459,8
45459,7
45462,7
45463,2
45467,7
45468,6
45469,1
45469,7
45471,0
45471,8
45472,4
45473,10
45473,4
45473,6
45473,3
45474,2
45475,2
45478,2
45479,1
45479,5
45480,3
45481,7
45481,6
45482,6
45482,5
45483,6
45485,3
45487,9
45487,7
45488,6
45488,3
45489,10
45489,0
45492,10
45493,7
45496,3
45497,2
45498,4
45500,4
45500,2
45504,0
45505,6
45506,2
45508,2
45509,1
45509,6
45511,5
45512,1
45513,7
45514,8
45515,7
45515,8
45516,0
45516,3
45516,7
45518,9
45519,1
45520,7
45522,2
45523,8
45524,4
45525,6
45527,7
45528,10
45528,9
45529,6
45529,5
45530,9
45531,0
45532,0
45533,6
45533,10
45533,4
45534,0
45534,5
45536,10
45536,4
45537,1
45537,3
45538,7
45539,0
45539,5
45540,9
45541,1
45542,10
45543,1
45544,6
45545,5
45550,9
45550,1
45552,6
45552,5
45552,8
45553,7
45553,2
45554,1
45554,8
45555,4
45556,6
45557,6
45557,9
45558,7
45561,4
45562,5
45562,8
45562,3
45564,2
45564,8
45565,8
45569,10
45569,1
45569,0
45570,10
45571,1
45573,4
45573,10
45575,7
45576,2
45576,5
45576,9
45576,3
45577,8
45579,7
45579,6
45579,0
45580,6
45583,8
45583,9
45585,6
45585,1
45587,2
45589,2
45592,10
45593,0
45594,1
45596,6
45596,7
45597,8
45597,3
45597,9
45599,4
45601,9
45602,7
45602,4
45603,8
45603,4
45605,4
45607,2
45607,9
45608,7
45609,6
45609,2
45609,5
45609,8
45610,10
45611,4
45612,0
45614,3
45614,1
45614,0
45615,1
45615,10
45616,8
45618,0
45618,1
45619,9
45621,1
45621,10
45622,6
45623,10
45625,5
45626,3
45627,1
45627,5
45627,0
45628,10
45628,4
45631,8
45633,9
45633,2
45634,7
45634,9
45635,7
45635,2
45636,0
45637,7
45638,8
45638,5
45638,4
45639,4
45640,2
45640,5
45641,1
45642,7
45644,6
45645,3
45646,5
45646,0
45646,2
45647,0
45647,9
45647,8
45648,4
45651,8
45652,5
45653,6
45654,9
45655,2
45656,7
45656,2
45657,9
45658,4
45660,1
45664,7
45664,6
45665,1
45666,9
45667,4
45670,2
45672,1
45674,8
45675,10
45675,6
45676,3
45676,9
45678,0
45678,8
45678,4
45679,8
45679,2
45680,9
45680,1
45681,10
45681,5
45684,3
45687,4
45688,0
45689,7
45689,4
45692,0
45692,2
45692,3
45692,10
45694,10
45694,0
45695,2
45695,4
45695,7
45696,8
45696,4
45697,1
45698,0
45698,7
45699,7
45699,1
45703,1
45704,5
45705,10
45707,9
45708,1
45710,0
45710,1
45712,1
45712,10
45713,2
45714,9
45714,8
45715,0
45715,1
45717,9
45720,1
45720,5
45720,9
45722,0
45723,2
45724,10
45724,6
45726,3
45728,6
45729,6
45730,4
45730,1
45732,6
45734,3
45735,7
45736,4
45736,0
45736,3
45737,5
45739,7
45740,3
45741,10
45742,1
45742,3
45745,10
45746,3
45747,5
45748,5
45749,4
45751,1
45752,6
45752,10
45753,0
45754,0
45754,4
45755,5
45755,9
45755,6
45756,8
45759,8
45760,2
45760,10
45761,2
45765,8
45766,10
45767,2
45768,2
45771,8
45772,9
45774,5
45777,10
45778,10
45779,4
45779,2
45781,0
45782,5
45782,1
45783,10
45784,8
45785,10
45785,4
45785,2
45786,1
45788,1
45791,4
45793,2
45795,3
45796,7
45798,4
45801,10
45802,8
45802,0
45803,7
45803,9
45804,7
45805,7
45805,5
45805,1
45806,8
45806,1
45806,2
45807,1
45807,9
45807,4
45811,9
45811,4
45812,4
45812,10
45812,3
45814,6
45817,0
45819,2
45819,5
45819,10
45821,8
45822,4
45823,0
45824,9
45826,2
45827,8
45828,6
45829,0
45829,5
45831,1
45833,8
45834,2
45834,0
45834,6
45835,8
45838,0
45838,9
45840,6
45842,0
45843,2
45845,0
45846,9
45847,7
45847,3
45848,4
45850,2
45850,10
45850,9
45851,1
45851,10
45854,4
45855,8
45858,4
45859,0
45859,9
45860,8
45860,4
45861,5
45861,10
45861,9
45862,7
45863,6
45863,7
45863,3
45864,3
45865,9
45865,4
45866,3
45867,6
45868,2
45868,9
45868,3
45868,8
45868,7
45869,4
45872,1
45873,7
45874,0
45875,6
45876,4
45877,8
45877,5
45878,5
45880,6
45880,1
45881,9
45881,5
45882,0
45884,9
45887,8
45887,1
45888,7
45890,7
45891,2
45892,9
45893,9
45895,3
45896,6
45896,4
45898,8
45899,4
45900,7
45901,0
45903,9
45903,4
45903,8
45903,6
45904,6
45905,10
45908,2
45909,0
45909,8
45910,1
45910,10
45911,2
45911,3
45914,6
45915,3
45917,8
45918,6
45919,9
45920,2
45921,6
45922,2
45923,0
45924,6
45924,7
45925,5
45927,9
45929,8
45929,7
45930,2
45932,10
45932,7
45932,9
45933,9
45933,1
45934,9
45934,1
45934,2
45934,3
45935,3
45935,7
45936,7
45939,3
45940,9
45941,3
45942,7
45942,4
45943,1
45943,4
45944,3
45946,9
45946,6
45946,10
45947,4
45948,4
45948,7
45949,2
45949,5
45950,9
45950,7
45953,9
45954,9
45955,0
45958,1
45958,8
45959,5
45962,2
45963,6
45963,4
45963,5
45963,2
45963,10
45964,8
45969,10
45972,5
45972,4
45973,3
45974,6
45975,6
45980,7
45981,8
45981,0
45984,2
45985,5
45985,3
45989,7
45992,7
45994,7
45995,3
45995,7
45996,10
45997,3
45999,6
45999,8
46000,6
46000,8
46001,2
46001,4
46001,3
46001,0
46002,9
46002,1
46003,8
46003,6
46005,9
46006,10
46007,8
46008,8
46009,2
46009,9
46010,7
46010,2
46010,3
46011,4
46012,7
46013,3
46013,5
46013,10
46014,2
46016,1
46016,5
46017,8
46017,2
46017,10
46018,1
46020,5
46021,5
46023,7
46024,6
46025,0
46027,5
46027,9
46029,8
46029,0
46031,2
46032,8
46032,10
46033,0
46037,8
46037,4
46038,1
46041,7
46042,0
46042,4
46042,9
46042,5
46043,2
46044,8
46046,6
46046,0
46046,7
46046,10
46048,0
46049,3
46049,2
46050,1
46051,10
46051,6
46053,6
46056,10
46058,9
46061,9
46062,2
46062,7
46064,6
46066,8
46067,5
46068,10
46068,7
46068,6
46069,9
46069,7
46070,8
46071,10
46071,1
46071,7
46072,10
46072,9
46072,0
46073,0
46073,3
46074,3
46074,7
46075,1
46075,8
46076,9
46078,2
46078,0
46078,1
46080,3
46080,2
46080,7
46081,10
46083,10
46083,8
46083,0
46084,8
46086,0
46086,1
46086,2
46088,2
46089,9
46089,6
46091,8
46092,3
46096,10
46097,4
46098,5
46098,9
46099,1
46101,3
46101,1
46102,2
46105,6
46105,8
46105,0
46106,2
46106,3
46106,10
46107,6
46107,1
46108,2
46108,6
46109,5
46110,9
46110,7
46111,0
46112,3
46115,2
46115,9
46115,0
46116,1
46116,9
46117,9
46117,1
46119,9
46120,4
46120,3
46123,10
46124,3
46125,2
46126,2
46126,3
46129,6
46130,5
46131,8
46132,7
46133,2
46133,4
46134,3
46136,10
46138,2
46140,2
46140,8
46141,5
46141,9
46142,9
46142,10
46144,10
46144,4
46147,3
46147,10
46147,7
46147,9
46148,8
46149,10
46151,9
46152,9
46153,2
46153,10
46154,5
46155,10
46155,8
46156,1
46157,0
46158,1
46158,0
46159,8
46159,2
46159,5
46160,10
46160,3
46161,9
46161,7
46161,8
46162,7
46163,2
46164,7
46165,7
46166,10
46168,10
46169,5
46169,10
46170,2
46171,10
46173,8
46173,9
46173,6
46174,6
46176,7
46177,9
46177,1
46178,6
46181,0
46182,5
46183,6
46183,9
46183,8
46185,8
46185,5
46189,10
46189,1
46190,8
46191,8
46192,7
46194,1
46194,5
46195,3
46196,10
46198,8
46198,1
46200,6
46201,1
46202,2
46202,0
46203,5
46203,0
46205,4
46205,10
46206,6
46207,6
46209,7
46209,4
46210,2
46212,0
46212,3
46213,5
46213,1
46214,5
46215,10
46216,6
46216,4
46216,0
46217,3
46219,2
46222,4
46222,6
46223,4
46224,7
46225,0
46225,1
46225,8
46231,0
46232,6
46233,1
46235,8
46236,7
46238,3
46239,9
46241,1
46241,7
46242,2
46242,10
46243,9
46245,3
46246,9
46246,2
46247,3
46249,8
46249,3
46250,1
46250,9
46250,5
46251,4
46251,2
46255,6
46256,9
46256,8
46256,6
46258,9
46259,10
46261,6
46261,0
46262,6
46264,7
46265,7
46266,6
46266,3
46267,7
46267,8
46268,3
46269,5
46270,6
46272,7
46273,8
46273,9
46274,8
46276,4
46278,10
46278,7
46278,9
46279,4
46280,0
46281,7
46281,8
46282,3
46282,8
46282,2
46287,5
46289,6
46291,6
46291,8
46291,0
46291,5
46294,6
46296,1
46297,1
46298,9
46298,6
46298,4
46298,3
46298,10
46300,1
46301,1
46302,1
46302,5
46304,0
46306,6
46307,10
46307,2
46308,5
46308,2
46309,7
46309,1
46311,8
46313,6
46314,10
46316,9
46317,1
46318,3
46318,1
46319,7
46319,3
46320,0
46321,5
46322,5
46323,1
46324,5
46326,0
46328,2
46331,8
46332,2
46333,9
46333,6
46333,2
46334,1
46334,0
46336,6
46336,4
46337,6
46338,1
46339,9
46340,8
46341,10
46343,9
46345,0
46345,9
46346,0
46347,2
46347,8
46348,10
46348,7
46349,8
46349,4
46352,9
46353,6
46355,3
46356,7
46357,4
46358,3
46358,4
46360,0
46363,9
46364,2
46365,0
46366,9
46367,8
46373,5
46374,6
46374,8
46379,0
46380,5
46381,10
46383,4
46383,6
46383,9
46385,4
46386,8
46388,3
46388,7
46389,8
46390,4
46390,7
46390,3
46392,7
46392,10
46394,10
46394,5
46395,6
46396,4
46396,7
46396,5
46398,1
46400,4
46403,6
46403,4
46404,6
46404,2
46405,3
46405,0
46405,6
46405,10
46406,9
46407,5
46407,3
46408,7
46408,3
46409,9
46410,6
46411,2
46412,3
46413,5
46413,8
46414,7
46415,3
46415,1
46416,4
46417,4
46417,7
46417,5
46418,9
46418,8
46419,4
46420,2
46420,7
46422,7
46422,10
46422,6
46422,4
46422,2
46423,4
46423,7
46423,3
46424,2
46425,3
46425,0
46427,10
46427,8
46427,2
46428,3
46428,5
46429,2
46430,3
46430,0
46431,7
46432,8
46432,1
46435,5
46435,4
46437,3
46439,6
46441,5
46442,6
46443,3
46444,1
46445,10
46449,5
46450,1
46451,10
46451,2
46454,5
46455,2
46455,3
46455,4
46457,2
46457,7
46458,10
46460,0
46460,7
46462,5
46463,5
46464,1
46467,6
46467,8
46468,2
46471,0
46471,1
46472,7
46473,10
46473,2
46474,1
46474,0
46474,5
46476,6
46476,5
46476,7
46479,0
46481,0
46485,9
46485,8
46487,5
46488,4
46489,5
46489,9
46489,6
46490,7
46490,10
46491,6
46493,2
46494,7
46494,10
46496,2
46496,6
46497,1
46501,5
46502,9
46503,6
46503,5
46506,0
46508,3
46508,4
46509,10
46509,8
46511,3
46511,4
46512,10
46514,3
46515,3
46516,0
46517,6
46518,1
46518,8
46520,4
46521,7
46521,3
46522,4
46522,7
46524,7
46526,9
46526,5
46527,6
46527,5
46528,9
46528,3
46529,0
46529,7
46529,6
46529,1
46530,7
46531,1
46531,8
46532,7
46533,4
46534,6
46535,9
46536,3
46538,0
46538,10
46539,10
46539,8
46542,0
46545,4
46549,7
46549,5
46550,10
46552,4
46553,3
46554,6
46556,8
46556,0
46557,9
46559,7
46560,4
46561,0
46561,7
46561,4
46563,5
46566,0
46566,9
46566,8
46567,7
46567,2
46568,9
46570,8
46570,5
46571,2
46572,4
46572,5
46573,0
46574,4
46574,3
46574,9
46575,7
46576,7
46577,9
46579,7
46579,5
46579,4
46580,6
46580,9
46582,5
46583,10
46584,9
46585,1
46588,7
46588,9
46588,10
46589,5
46590,9
46592,2
46592,0
46594,8
46594,1
46594,10
46595,10
46595,2
46596,6
46599,10
46600,5
46600,4
46601,9
46603,7
46604,6
46604,3
46605,4
46607,9
46608,8
46609,8
46609,5
46609,3
46610,10
46610,5
46611,10
46612,10
46612,2
46612,8
46613,4
46613,10
46615,1
46616,2
46617,6
46617,2
46617,5
46618,5
46619,6
46619,9
46619,4
46620,7
46620,2
46621,7
46622,9
46622,2
46624,3
46625,6
46625,1
46626,8
46626,6
46626,3
46626,0
46627,4
46628,10
46628,6
46629,3
46629,8
46631,0
46634,6
46635,1
46635,2
46636,4
46638,7
46639,0
46641,4
46641,2
46644,5
46645,10
46646,2
46646,10
46650,7
46650,6
46650,5
46651,9
46652,7
46654,10
46654,8
46654,3
46655,4
46656,8
46657,9
46657,5
46657,8
46661,1
46663,7
46663,3
46663,0
46666,6
46666,8
46669,8
46669,4
46669,3
46671,2
46672,2
46672,3
46674,9
46674,1
46676,10
46676,6
46677,9
46678,5
46679,0
46680,2
46681,1
46682,0
46684,7
46685,7
46688,1
46689,5
46689,9
46690,1
46691,4
46692,2
46693,0
46693,1
46694,3
46695,2
46695,4
46696,5
46698,3
46698,10
46699,6
46699,5
46700,9
46702,5
46702,4
46703,9
46703,6
46705,5
46705,2
46706,6
46707,8
46708,4
46708,0
46709,9
46711,4
46713,0
46713,4
46713,2
46713,6
46714,1
46715,4
46718,5
46719,1
46719,4
46720,3
46722,7
46723,2
46724,0
46725,2
46726,1
46726,8
46728,9
46731,10
46733,3
46734,6
46734,10
46736,2
46736,7
46737,8
46738,6
46739,3
46740,8
46741,6
46742,1
46743,9
46745,0
46745,6
46745,7
46746,3
46746,6
46747,4
46748,8
46749,4
46750,9
46750,3
46753,8
46754,0
46754,8
46754,4
46754,1
46755,7
46755,2
46756,8
46756,4
46759,9
46760,1
46760,3
46765,3
46766,0
46766,3
46767,5
46768,0
46769,7
46769,6
46771,9
46771,3
46771,4
46772,6
46772,10
46773,8
46775,4
46779,3
46780,1
46780,2
46781,1
46784,4
46785,5
46786,0
46786,8
46787,3
46787,5
46788,1
46790,0
46791,10
46791,2
46792,5
46792,2
46793,4
46796,6
46799,1
46801,6
46802,1
46802,4
46803,4
46803,9
46804,4
46808,0
46808,6
46809,2
46810,6
46812,4
46813,0
46816,5
46818,10
46822,6
46823,4
46823,6
46827,7
46827,4
46828,3
46828,0
46830,7
46831,1
46831,9
46831,10
46832,5
46833,3
46834,3
46835,0
46835,5
46835,1
46836,1
46837,4
46837,2
46837,1
46838,7
46838,4
46839,4
46839,10
46840,10
46841,9
46842,4
46844,4
46844,6
46846,10
46847,5
46849,2
46849,7
46849,5
46849,0
46849,10
46850,3
46850,1
46850,10
46851,8
46851,10
46851,0
46853,9
46856,0
46856,2
46856,3
46857,1
46857,10
46857,3
46858,9
46858,3
46858,0
46858,4
46858,8
46861,9
46862,5
46866,8
46867,3
46867,7
46867,8
46867,1
46868,0
46869,0
46869,2
46870,7
46870,3
46870,0
46872,7
46874,9
46875,0
46876,6
46877,8
46877,0
46877,10
46878,0
46880,9
46882,0
46884,3
46885,7
46887,5
46888,4
46889,0
46889,4
46889,2
46890,4
46890,5
46891,8
46891,9
46891,1
46891,5
46892,2
46893,5
46894,9
46895,10
46895,8
46897,0
46898,2
46899,0
46900,5
46901,8
46903,9
46904,8
46905,9
46905,8
46906,9
46908,4
46908,9
46908,3
46909,9
46910,8
46911,7
46913,10
46913,5
46914,10
46915,2
46915,1
46915,5
46916,9
46917,3
46920,2
46920,9
46920,5
46920,6
46922,0
46923,8
46923,1
46923,6
46924,7
46924,0
46925,6
46926,10
46927,1
46928,1
46929,0
46929,8
46929,6
46930,6
46931,1
46932,8
46934,5
46934,10
46934,9
46935,5
46936,4
46940,0
46940,9
46941,7
46942,6
46942,2
46942,0
46943,9
46943,0
46944,3
46944,1
46944,7
46946,2
46946,0
46953,0
46954,1
46954,9
46957,5
46958,5
46960,10
46963,7
46963,3
46964,7
46965,2
46968,4
46968,6
46971,8
46972,4
46973,10
46974,10
46976,1
46978,8
46980,8
46981,7
46982,9
46983,3
46984,5
46984,1
46984,0
46984,3
46985,10
46990,1
46991,8
46992,2
46993,2
46993,10
46994,3
46996,3
46996,5
46996,8
46997,9
46999,0
47000,10
47001,4
47001,2
47002,3
47002,6
47002,2
47003,1
47004,3
47005,4
47006,1
47007,0
47009,0
47009,5
47009,8
47014,3
47016,1
47018,1
47019,0
47020,2
47020,6
47022,9
47024,9
47025,8
47026,5
47027,9
47028,0
47028,10
47029,0
47029,1
47029,5
47029,3
47030,10
47033,2
47034,10
47034,3
47038,1
47039,9
47042,6
47043,9
47045,1
47046,3
47046,0
47047,8
47047,7
47047,9
47047,0
47047,2
47048,10
47049,9
47050,6
47052,9
47053,2
47055,10
47055,0
47056,9
47057,9
47058,0
47058,8
47060,0
47061,1
47062,4
47063,8
47064,9
47064,1
47064,7
47067,3
47069,2
47069,7
47070,4
47070,8
47071,9
47073,5
47074,4
47076,7
47077,2
47078,9
47078,0
47078,8
47080,10
47080,0
47080,3
47084,0
47087,10
47090,5
47090,8
47091,3
47091,5
47092,5
47094,0
47094,4
47096,2
47096,9
47098,1
47098,7
47100,5
47101,2
47102,4
47103,0
47104,0
47106,9
47108,2
47109,4
47110,0
47112,7
47116,4
47118,2
47119,0
47122,3
47122,8
47123,9
47124,2
47126,6
47126,5
47127,10
47127,7
47127,0
47129,10
47130,4
47131,9
47132,4
47134,3
47136,5
47137,7
47140,6
47140,8
47142,1
47142,8
47142,7
47142,6
47143,0
47143,5
47143,7
47145,8
47146,5
47146,10
47147,9
47147,1
47148,5
47149,2
47149,0
47150,4
47151,1
47152,4
47154,4
47154,7
47156,3
47162,8
47162,5
47163,8
47163,5
47163,2
47164,7
47166,10
47168,7
47169,4
47171,5
47172,4
47174,2
47174,1
47176,9
47177,7
47177,4
47178,8
47179,3
47180,8
47181,6
47182,1
47182,10
47182,7
47183,7
47184,8
47184,3
47188,9
47189,4
47189,2
47190,6
47190,5
47190,10
47191,7
47192,2
47194,6
47197,3
47198,10
47199,4
47199,1
47201,4
47201,1
47202,10
47203,9
47203,10
47204,3
47204,2
47205,5
47205,2
47205,3
47206,10
47206,8
47207,9
47210,1
47212,4
47216,0
47216,7
47219,6
47219,3
47219,1
47221,7
47223,1
47223,7
47224,5
47224,1
47224,3
47226,8
47226,0
47226,9
47227,8
47227,1
47228,4
47230,10
47231,2
47234,7
47235,1
47235,4
47235,8
47236,9
47236,4
47236,3
47237,10
47238,10
47239,2
47240,5
47240,4
47241,0
47242,1
47242,0
47243,6
47244,8
47245,4
47245,0
47248,9
47249,0
47249,6
47249,2
47251,3
47252,5
47255,5
47256,3
47256,7
47257,5
47258,1
47259,8
47261,0
47261,10
47262,4
47263,6
47263,5
47263,9
47264,8
47264,10
47265,1
47266,8
47266,5
47266,10
47266,2
47267,3
47268,0
47268,4
47268,5
47269,2
47270,2
47271,0
47272,6
47278,2
47280,2
47280,8
47280,9
47282,1
47282,5
47283,5
47283,3
47284,0
47284,1
47284,2
47285,9
47285,4
47286,10
47286,5
47287,9
47288,1
47289,8
47289,6
47290,0
47291,3
47291,6
47293,8
47294,6
47294,5
47295,2
47297,3
47297,6
47297,10
47298,8
47298,4
47298,9
47299,2
47299,6
47300,0
47300,1
47301,3
47303,0
47303,9
47304,9
47305,3
47306,9
47307,4
47307,8
47308,4
47308,8
47311,6
47313,10
47313,5
47313,4
47314,2
47315,0
47316,8
47317,7
47319,9
47320,10
47321,9
47321,5
47323,3
47324,7
47325,1
47326,7
47329,4
47329,2
47329,7
47330,4
47331,8
47331,1
47332,7
47334,0
47337,0
47338,5
47339,9
47340,4
47340,3
47341,5
47341,1
47342,9
47343,6
47344,1
47344,0
47345,9
47345,4
47347,4
47348,5
47351,4
47352,8
47352,3
47354,1
47354,4
47355,1
47356,7
47357,10
47357,8
47357,1
47358,4
47358,5
47364,6
47364,10
47364,4
47365,9
47367,0
47368,2
47370,3
47371,6
47371,3
47371,2
47372,4
47374,0
47375,6
47376,5
47377,7
47381,8
47381,10
47383,1
47383,4
47384,2
47384,0
47385,3
47385,4
47385,6
47385,7
47386,9
47389,4
47389,5
47390,0
47391,1
47391,8
47393,0
47393,10
47394,5
47398,3
47398,4
47399,0
47399,3
47401,3
47402,0
47402,1
47405,6
47405,2
47407,5
47408,7
47408,3
47409,4
47410,5
47413,10
47413,2
47415,8
47417,8
47421,8
47423,1
47423,6
47424,6
47424,2
47426,7
47427,5
47427,2
47428,5
47429,3
47430,8
47430,2
47430,6
47431,9
47432,3
47433,3
47433,2
47435,4
47436,7
47437,0
47441,9
47442,5
47442,1
47443,5
47443,8
47445,1
47445,10
47445,4
47446,1
47446,8
47447,3
47451,7
47451,3
47452,4
47453,3
47453,0
47455,0
47458,8
47458,10
47459,1
47460,2
47461,1
47462,0
47465,2
47466,4
47466,10
47466,1
47467,6
47468,10
47469,4
47470,6
47471,5
47474,5
47475,2
47477,10
47477,3
47481,6
47481,0
47484,5
47486,5
47486,10
47487,5
47488,7
47488,2
47492,10
47492,0
47494,6
47496,1
47497,10
47497,3
47499,9
47499,10
47499,1
47499,0
47500,4
47501,0
47501,2
47502,6
47503,5
47503,3
47504,2
47504,9
47507,3
47508,7
47508,6
47508,2
47508,10
47510,4
47511,3
47513,2
47513,5
47514,3
47516,8
47519,3
47520,10
47521,8
47523,4
47526,1
47526,9
47528,1
47528,4
47529,9
47530,6
47532,8
47532,1
47532,3
47533,6
47533,8
47535,9
47536,3
47537,5
47537,3
47538,5
47539,10
47540,1
47540,4
47540,3
47541,8
47542,5
47542,6
47542,0
47543,8
47543,0
47543,7
47545,2
47545,4
47546,4
47547,8
47549,5
47550,9
47550,0
47553,9
47554,5
47557,2
47558,1
47559,2
47562,4
47563,8
47564,6
47564,5
47566,7
47566,2
47567,3
47567,4
47568,2
47568,1
47569,0
47571,3
47571,0
47572,6
47572,2
47573,4
47574,3
47574,0
47574,1
47575,10
47575,5
47576,5
47577,6
47577,0
47577,4
47578,10
47578,6
47578,7
47579,1
47580,8
47581,4
47582,9
47582,8
47583,0
47583,9
47584,4
47584,8
47585,3
47587,10
47587,1
47589,7
47590,5
47590,7
47591,4
47592,10
47592,5
47592,6
47593,1
47594,3
47594,5
47595,0
47598,8
47598,7
47599,8
47599,1
47601,6
47602,7
47602,5
47602,8
47603,2
47603,4
47604,1
47605,1
47605,10
47605,9
47606,5
47606,4
47606,2
47607,5
47607,8
47608,9
47611,9
47614,6
47617,1
47617,3
47619,7
47619,1
47619,2
47620,7
47620,0
47621,10
47621,8
47622,9
47623,4
47625,10
47626,9
47627,0
47628,4
47629,10
47631,7
47631,10
47631,1
47633,8
47633,10
47636,6
47636,1
47637,4
47641,4
47641,8
47642,7
47644,6
47644,10
47645,10
47646,1
47647,3
47647,10
47649,5
47651,7
47651,5
47656,7
47657,9
47657,4
47658,2
47659,10
47660,0
47660,6
47661,1
47662,8
47663,1
47665,10
47665,1
47665,5
47667,9
47669,0
47669,2
47670,8
47670,6
47671,1
47671,10
47672,10
47672,1
47673,10
47673,9
47674,10
47674,2
47674,3
47675,3
47675,5
47675,8
47677,6
47677,5
47680,7
47680,9
47681,2
47681,7
47683,9
47684,2
47684,0
47686,8
47686,6
47687,5
47688,4
47688,3
47690,1
47691,1
47691,8
47692,7
47692,0
47694,2
47695,0
47695,2
47696,3
47697,4
47697,10
47698,9
47698,1
47698,10
47699,2
47699,9
47699,7
47701,10
47701,0
47701,2
47704,9
47705,3
47707,10
47710,5
47711,8
47711,5
47712,3
47712,8
47713,5
47714,7
47714,9
47715,1
47715,4
47716,9
47717,5
47717,7
47717,4
47719,6
47720,0
47722,5
47722,9
47725,9
47726,0
47728,5
47729,2
47730,8
47732,4
47733,1
47733,8
47734,3
47735,10
47736,4
47736,8
47739,0
47739,6
47741,7
47745,5
47746,1
47746,7
47748,0
47748,2
47749,3
47749,8
47750,5
47752,6
47753,10
47753,8
47755,9
47756,4
47757,2
47758,1
47758,4
47758,7
47759,10
47760,0
47763,10
47763,2
47764,3
47766,9
47767,10
47768,2
47771,4
47772,8
47773,5
47773,4
47774,1
47774,7
47774,9
47775,6
47775,7
47777,10
47779,2
47781,5
47781,10
47783,8
47783,1
47785,2
47785,6
47787,3
47787,5
47789,5
47790,8
47792,2
47793,6
47793,4
47793,10
47794,0
47795,3
47795,6
47795,4
47796,9
47797,2
47798,6
47801,8
47801,6
47801,5
47801,1
47801,10
47805,4
47805,7
47805,5
47807,5
47807,1
47808,9
47809,1
47810,7
47810,3
47812,6
47812,1
47813,8
47813,10
47816,1
47816,5
47816,10
47817,1
47817,4
47817,6
47818,4
47819,5
47820,6
47820,4
47823,7
47825,6
47826,4
47826,5
47827,0
47828,0
47829,9
47829,10
47830,7
47830,2
47831,1
47831,0
47832,1
47833,4
47835,0
47840,10
47840,9
47841,10
47841,8
47843,9
47845,8
47845,4
47847,6
47847,9
47848,1
47849,9
47852,1
47853,3
47853,9
47854,0
47854,7
47856,8
47856,10
47856,0
47857,7
47858,6
47860,10
47862,5
47862,10
47863,0
47865,0
47866,6
47867,7
47867,5
47868,6
47868,5
47870,6
47875,8
47876,2
47879,7
47879,8
47882,6
47882,8
47885,9
47885,1
47885,10
47886,8
47886,10
47887,7
47888,0
47889,4
47891,2
47891,0
47893,0
47894,10
47894,3
47894,8
47895,2
47896,2
47897,7
47898,0
47899,6
47902,4
47903,2
47904,9
47904,2
47905,5
47905,9
47906,6
47909,5
47910,3
47910,7
47911,1
47912,5
47912,0
47913,9
47914,9
47916,10
47916,5
47917,0
47918,9
47918,3
47920,7
47920,10
47920,1
47923,1
47925,1
47926,0
47926,8
47926,5
47927,9
47927,0
47929,1
47930,7
47932,4
47932,8
47933,3
47933,10
47933,9
47935,10
47935,6
47935,9
47936,6
47936,5
47936,9
47937,10
47938,2
47940,10
47941,4
47941,6
47942,1
47943,9
47943,1
47943,8
47944,5
47946,1
47948,3
47948,6
47949,8
47949,9
47950,2
47951,6
47952,9
47952,4
47952,2
47953,6
47953,9
47957,10
47958,10
47960,2
47960,8
47960,7
47961,6
47961,4
47961,5
47964,5
47964,0
47965,3
47967,4
47967,3
47968,8
47971,9
47974,10
47974,4
47978,1
47979,2
47980,4
47980,0
47981,4
47982,3
47985,10
47987,0
47987,8
47988,10
47989,7
47989,9
47990,9
47990,10
47990,1
47991,9
47992,3
47993,8
47994,5
47997,1
47997,7
47998,1
47999,0
47999,8
48001,0
48002,3
48002,9
48003,2
48004,3
48005,10
48006,5
48006,1
48007,10
48008,8
48009,10
48009,2
48011,5
48012,8
48013,0
48015,3
48015,1
48015,6
48016,4
48017,1
48018,6
48018,9
48019,7
48020,5
48020,9
48021,4
48022,9
48023,8
48024,7
48025,10
48026,1
48026,9
48027,9
48027,0
48028,1
48029,4
48030,2
48030,9
48030,10
48030,1
48031,5
48031,1
48031,10
48031,0
48032,5
48033,0
48033,6
48036,4
48038,5
48039,2
48040,4
48041,6
48042,3
48045,7
48045,9
48046,8
48047,9
48048,4
48048,9
48052,7
48053,4
48054,0
48055,6
48058,0
48059,10
48059,4
48060,9
48060,1
48061,4
48061,2
48064,7
48064,1
48065,1
48065,3
48066,5
48066,3
48067,7
48068,6
48069,9
48069,7
48070,2
48071,2
48072,7
48073,3
48073,1
48075,2
48076,7
48077,9
48080,5
48081,5
48083,10
48085,8
48086,1
48087,0
48088,6
48090,6
48092,0
48093,3
48093,1
48093,10
48096,0
48097,3
48098,0
48100,8
48102,9
48105,6
48106,10
48107,8
48108,10
48108,8
48110,1
48111,2
48112,9
48114,2
48115,7
48115,9
48116,1
48116,10
48117,8
48118,9
48119,4
48120,7
48120,4
48121,4
48122,2
48122,8
48123,7
48126,3
48128,10
48128,5
48129,5
48130,2
48130,0
48132,2
48135,2
48137,6
48140,5
48140,1
48140,4
48140,6
48141,4
48142,8
48145,3
48146,6
48147,5
48147,4
48148,8
48148,9
48148,10
48148,3
48152,6
48153,5
48153,0
48156,9
48157,2
48161,3
48161,4
48163,2
48164,1
48169,3
48171,0
48171,3
48171,8
48173,4
48173,2
48173,6
48175,9
48177,2
48178,3
48179,4
48180,3
48180,8
48181,5
48181,8
48182,10
48185,6
48187,0
48187,9
48188,9
48188,3
48190,2
48191,4
48191,0
48192,8
48192,4
48192,3
48194,8
48195,9
48195,10
48196,6
48196,7
48198,0
48198,10
48199,5
48199,1
48200,3
48201,8
48203,0
48204,3
48206,0
48208,1
48209,2
48209,4
48209,5
48209,0
48210,6
48211,2
48211,6
48212,2
48213,2
48217,9
48218,3
48220,8
48221,3
48222,9
48223,7
48225,8
48225,7
48228,4
48228,1
48229,2
48230,2
48230,3
48230,10
48231,4
48231,2
48231,8
48232,1
48232,3
48232,9
48233,4
48234,1
48234,10
48234,0
48235,9
48235,6
48236,8
48238,10
48238,2
48239,6
48239,2
48239,10
48240,2
48240,0
48240,9
48243,3
48244,1
48245,3
48246,10
48247,10
48248,9
48248,2
48249,4
48252,10
48254,10
48256,3
48257,1
48259,6
48259,10
48261,5
48263,6
48264,4
48267,5
48269,2
48270,3
48271,10
48271,7
48272,1
48276,5
48276,3
48279,9
48283,2
48285,5
48288,6
48289,7
48290,10
48290,2
48291,6
48291,9
48291,10
48292,0
48292,10
48292,4
48293,7
48293,1
48294,2
48296,1
48297,0
48298,0
48300,9
48302,5
48305,8
48305,10
48306,1
48306,6
48309,2
48309,8
48310,7
48310,9
48311,5
48311,8
48311,3
48314,1
48315,8
48315,5
48316,5
48317,3
48320,10
48320,7
48326,4
48326,10
48326,8
48327,8
48331,7
48332,4
48332,7
48334,5
48335,4
48335,0
48338,4
48340,5
48340,2
48341,5
48344,1
48344,4
48346,7
48347,8
48348,10
48349,5
48353,5
48357,4
48358,6
48360,5
48360,0
48363,2
48363,7
48364,3
48367,8
48370,10
48370,2
48371,3
48379,3
48379,1
48380,6
48380,7
48380,1
48382,4
48382,9
48383,0
48383,5
48384,7
48388,8
48388,2
48389,0
48391,7
48391,0
48392,4
48393,7
48394,8
48396,9
48397,9
48398,7
48398,8
48398,0
48398,6
48402,1
48402,8
48403,7
48404,7
48404,9
48405,0
48407,6
48407,10
48408,8
48408,7
48408,3
48409,10
48409,9
48410,6
48411,6
48412,5
48414,3
48417,1
48417,9
48417,4
48418,1
48418,0
48418,2
48419,9
48422,3
48424,6
48425,5
48426,3
48427,6
48428,3
48429,7
48429,4
48429,9
48429,1
48431,7
48432,9
48432,10
48434,10
48434,7
48435,1
48435,10
48436,2
48437,10
48437,2
48437,1
48438,9
48438,7
48439,6
48439,8
48439,3
48440,9
48440,0
48443,2
48444,2
48444,7
48448,6
48449,10
48450,3
48450,0
48451,10
48451,9
48454,10
48454,6
48455,3
48455,5
48456,3
48456,4
48456,2
48457,9
48457,10
48458,6
48460,8
48460,2
48461,10
48461,3
48462,4
48463,8
48463,3
48465,4
48465,8
48465,7
48467,2
48467,5
48468,2
48468,0
48469,3
48470,7
48471,8
48472,9
48473,10
48474,2
48476,9
48477,1
48479,1
48482,7
48482,8
48482,4
48483,9
48485,2
48486,2
48487,2
48487,5
48487,1
48489,9
48489,10
48490,10
48493,9
48494,6
48494,2
48495,2
48495,4
48496,0
48497,0
48497,3
48497,6
48498,10
48500,0
48501,10
48506,5
48507,4
48508,6
48509,10
48512,2
48512,0
48513,8
48514,4
48514,0
48515,8
48515,6
48515,3
48516,6
48517,0
48522,0
48522,9
48524,8
48524,3
48525,7
48525,1
48526,5
48527,6
48530,9
48530,8
48533,6
48533,8
48534,2
48535,1
48536,1
48537,6
48537,5
48539,9
48540,8
48541,6
48541,8
48541,5
48542,10
48543,6
48544,5
48545,9
48545,1
48547,9
48548,9
48548,0
48549,7
48550,9
48551,2
48552,6
48552,4
48553,10
48553,6
48553,3
48554,3
48558,10
48561,2
48563,9
48563,7
48564,9
48564,3
48565,10
48566,9
48567,8
48568,8
48570,5
48573,5
48574,1
48576,10
48578,6
48579,2
48582,5
48582,4
48583,6
48583,0
48585,4
48586,3
48586,7
48586,2
48586,4
48586,5
48587,9
48587,10
48590,6
48591,10
48592,3
48593,2
48594,1
48594,2
48595,0
48596,9
48597,9
48599,9
48600,2
48601,8
48601,2
48601,5
48601,6
48602,10
48602,0
48602,9
48604,3
48607,0
48607,4
48610,8
48610,6
48611,6
48611,9
48613,3
48613,5
48614,2
48614,5
48616,3
48616,4
48616,5
48620,10
48620,2
48623,2
48624,2
48626,9
48626,4
48627,3
48628,4
48630,1
48631,10
48631,9
48634,9
48634,10
48636,0
48637,3
48637,4
48639,2
48639,10
48640,4
48640,10
48641,10
48642,8
48644,6
48645,9
48645,8
48648,4
48650,10
48651,8
48652,2
48656,9
48656,10
48656,5
48658,4
48659,3
48660,1
48660,0
48661,3
48662,6
48663,4
48664,7
48664,4
48666,8
48666,5
48666,2
48668,10
48668,0
48669,10
48669,9
48670,8
48671,5
48672,0
48672,6
48674,3
48676,3
48676,5
48676,0
48677,1
48678,1
48679,6
48679,1
48680,5
48680,3
48680,10
48684,0
48685,1
48685,3
48685,5
48687,3
48687,4
48687,1
48688,6
48689,2
48691,7
48691,5
48691,4
48693,8
48693,7
48695,8
48696,7
48698,7
48698,9
48699,5
48700,3
48702,6
48703,1
48704,8
48705,4
48705,0
48705,10
48707,7
48707,8
48708,1
48709,6
48711,0
48711,8
48711,2
48712,10
48712,0
48716,9
48718,1
48719,10
48721,7
48721,5
48729,6
48730,4
48731,8
48731,4
48731,5
48732,5
48732,6
48732,3
48734,0
48735,3
48735,8
48736,7
48736,5
48737,6
48738,1
48739,3
48739,8
48740,5
48740,0
48740,7
48740,2
48741,9
48741,4
48742,2
48742,5
48742,6
48744,2
48745,6
48745,0
48745,2
48746,10
48746,5
48747,9
48749,10
48750,9
48751,0
48752,1
48753,2
48755,8
48755,6
48756,10
48757,10
48757,8
48759,7
48759,6
48760,4
48763,3
48764,7
48764,10
48765,5
48766,8
48767,8
48767,7
48770,0
48770,3
48770,8
48771,8
48774,8
48775,7
48776,8
48777,7
48778,6
48779,7
48780,2
48780,10
48781,0
48782,4
48782,1
48783,9
48783,8
48784,3
48784,4
48785,5
48785,7
48788,2
48788,7
48788,3
48789,2
48790,3
48791,5
48793,9
48796,4
48796,3
48797,8
48798,10
48799,7
48799,5
48800,10
48801,1
48802,9
48805,8
48808,0
48808,1
48812,1
48812,5
48813,3
48814,4
48816,0
48818,8
48819,3
48819,6
48819,8
48821,3
48822,1
48825,6
48826,3
48826,10
48827,10
48828,1
48829,3
48832,10
48833,0
48835,8
48836,8
48836,7
48837,5
48841,1
48841,3
48842,9
48842,7
48844,5
48845,3
48845,7
48846,5
48848,9
48848,8
48851,3
48853,8
48853,3
48853,5
48855,10
48856,9
48857,8
48859,9
48859,4
48859,5
48860,9
48862,6
48863,6
48863,9
48865,1
48868,10
48870,4
48871,5
48871,9
48873,8
48873,4
48875,2
48875,10
48876,5
48877,9
48877,8
48877,6
48877,7
48878,1
48879,4
48879,6
48880,4
48880,1
48885,9
48885,2
48886,4
48886,6
48889,7
48890,0
48890,5
48890,9
48891,8
48892,6
48893,4
48895,7
48895,6
48898,7
48898,0
48900,6
48901,1
48902,2
48903,7
48906,6
48907,1
48909,7
48910,1
48911,8
48912,5
48912,6
48918,0
48918,7
48921,2
48921,6
48924,2
48926,6
48927,1
48930,3
48930,7
48932,8
48933,8
48936,4
48936,9
48936,1
48937,1
48938,4
48939,0
48940,3
48941,1
48941,2
48942,7
48943,4
48943,7
48944,8
48944,10
48945,0
48946,10
48946,3
48947,7
48947,5
48949,3
48949,2
48951,7
48952,1
48953,1
48953,3
48953,9
48954,4
48957,6
48958,5
48959,6
48961,1
48962,7
48963,9
48964,8
48965,2
48965,10
48966,2
48966,3
48967,8
48969,0
48970,9
48971,10
48971,3
48972,4
48973,1
48974,6
48975,4
48975,2
48979,7
48980,1
48981,8
48982,0
48982,5
48982,9
48985,7
48986,2
48986,8
48987,7
48989,9
48989,5
48990,5
48990,1
48991,3
48993,7
48993,5
48993,3
48997,2
48998,9
48998,2
48999,1
48999,5
48999,2
49000,7
49001,4
49002,6
49003,9
49004,3
49004,1
49005,2
49008,5
49008,4
49010,4
49010,7
49011,2
49012,3
49012,9
49012,1
49013,10
49013,5
49014,7
49015,10
49016,8
49017,2
49018,6
49020,2
49021,4
49023,3
49023,6
49026,0
49026,4
49027,1
49027,8
49028,10
49029,0
49029,4
49030,2
49031,9
49031,0
49032,3
49032,7
49034,8
49034,3
49036,10
49038,3
49038,8
49039,0
49039,5
49042,4
49042,0
49043,9
49043,1
49044,8
49045,9
49048,10
49049,2
49049,9
49050,7
49050,8
49051,4
49051,0
49052,2
49053,2
49053,6
49054,6
49058,2
49058,8
49059,4
49060,0
49063,8
49063,2
49064,6
49067,2
49067,10
49068,1
49069,6
49070,10
49070,3
49071,5
49073,2
49073,10
49074,9
49075,10
49077,3
49078,5
49079,3
49083,5
49085,7
49087,3
49088,8
49088,4
49088,9
49089,0
49089,4
49090,0
49090,6
49091,10
49091,3
49092,8
49092,4
49092,2
49095,9
49095,7
49098,4
49101,1
49101,7
49101,3
49104,2
49105,6
49108,1
49109,1
49110,2
49111,3
49111,2
49112,6
49113,7
49114,6
49115,2
49115,4
49116,3
49116,9
49117,3
49118,2
49118,4
49118,0
49119,9
49119,2
49120,7
49122,6
49123,6
49123,0
49125,9
49130,6
49132,1
49133,1
49133,3
49133,6
49133,0
49134,2
49135,0
49138,0
49139,5
49139,3
49140,6
49142,0
49142,1
49142,3
49144,8
49144,10
49145,1
49147,2
49147,0
49147,10
49147,9
49148,5
49150,4
49150,3
49151,3
49151,2
49151,4
49153,9
49153,8
49155,9
49155,8
49156,2
49158,5
49159,7
49160,8
49160,1
49161,5
49161,6
49162,9
49164,0
49165,0
49166,1
49172,7
49172,5
49173,5
49174,8
49175,3
49175,7
49177,4
49177,3
49177,10
49178,0
49179,3
49179,1
49180,1
49180,6
49180,9
49182,3
49182,0
49183,1
49183,2
49184,1
49184,3
49184,0
49187,1
49187,10
49190,3
49190,7
49190,9
49192,5
49196,5
49197,5
49197,3
49197,0
49198,3
49199,1
49199,4
49199,3
49199,0
49200,7
49201,2
49203,9
49205,3
49205,7
49206,5
49207,4
49207,9
49207,2
49211,0
49212,9
49213,10
49213,3
49213,2
49215,7
49215,1
49215,3
49216,10
49217,1
49218,9
49219,5
49219,1
49220,1
49221,2
49223,5
49224,7
49224,2
49226,1
49226,7
49227,1
49230,10
49231,7
49231,0
49232,4
49232,7
49232,6
49232,5
49233,9
49233,4
49234,8
49234,4
49235,8
49236,3
49236,4
49236,10
49237,1
49238,6
49239,5
49240,3
49244,9
49246,10
49246,3
49247,5
49252,9
49253,9
49253,8
49254,4
49254,5
49255,8
49255,3
49256,2
49257,4
49257,7
49258,2
49258,10
49260,6
49260,4
49260,1
49261,4
49261,1
49262,7
49263,5
49263,10
49263,8
49264,2
49265,8
49265,10
49268,7
49277,4
49279,4
49280,10
49285,1
49286,9
49288,8
49288,7
49289,3
49289,9
49290,0
49290,1
49291,3
49292,7
49293,1
49296,4
49300,1
49302,10
49302,5
49303,8
49303,10
49306,8
49306,10
49307,1
49307,9
49307,3
49307,0
49310,0
49311,2
49316,0
49318,6
49318,2
49318,3
49319,8
49320,7
49321,6
49322,2
49322,5
49324,10
49325,4
49325,7
49326,3
49326,4
49327,2
49328,8
49329,3
49329,0
49329,2
49334,7
49335,1
49336,1
49336,5
49337,3
49338,4
49339,10
49341,4
49342,7
49343,4
49344,5
49345,2
49346,8
49348,9
49351,10
49351,5
49351,3
49352,5
49353,10
49354,2
49355,3
49356,9
49356,7
49357,3
49358,2
49359,6
49360,5
49360,1
49363,9
49363,4
49365,5
49365,10
49369,7
49370,4
49370,0
49371,6
49373,10
49374,0
49374,8
49375,10
49376,9
49376,8
49377,3
49378,0
49378,1
49379,1
49380,1
49380,4
49380,2
49381,6
49382,6
49383,0
49383,6
49384,2
49385,7
49386,2
49388,1
49389,5
49390,10
49392,4
49393,6
49393,1
49394,3
49394,1
49394,2
49395,0
49396,0
49397,3
49398,10
49400,8
49401,7
49401,1
49402,10
49402,9
49402,5
49403,4
49405,7
49406,9
49407,2
49407,8
49408,3
49408,5
49409,8
49409,4
49410,7
49410,2
49411,10
49413,6
49415,4
49420,2
49421,7
49423,0
49428,1
49431,0
49433,6
49436,6
49436,8
49437,6
49437,0
49439,5
49439,10
49440,5
49440,1
49443,10
49443,9
49444,3
49444,5
49444,7
49446,1
49446,4
49447,9
49447,1
49448,8
49448,5
49450,3
49451,0
49452,6
49452,3
49452,9
49454,1
49454,3
49455,3
49457,8
49458,8
49458,6
49459,10
49459,8
49460,9
49461,4
49462,7
49462,1
49462,10
49462,2
49462,3
49463,2
49464,7
49466,5
49467,4
49470,1
49471,3
49471,5
49471,10
49471,7
49473,2
49475,5
49475,3
49475,9
49476,10
49476,5
49476,4
49476,3
49477,10
49478,0
49479,2
49479,8
49481,5
49481,10
49482,2
49483,3
49484,4
49485,1
49486,5
49486,4
49487,10
49488,6
49489,5
49490,3
49493,10
49493,8
49494,6
49495,5
49496,4
49496,5
49497,3
49497,5
49498,2
49500,1
49501,2
49504,6
49505,7
49505,1
49505,0
49506,6
49508,1
49508,5
49511,1
49513,6
49513,4
49514,10
49514,2
49515,6
49517,5
49518,8
49521,1
49521,0
49521,2
49521,9
49526,10
49527,7
49527,4
49527,8
49528,1
49528,2
49528,7
49530,6
49530,7
49530,1
49534,1
49534,3
49534,2
49536,4
49536,2
49537,4
49538,6
49538,2
49542,2
49544,5
49545,1
49545,4
49546,0
49547,5
49549,7
49550,10
49550,0
49553,8
49553,10
49553,4
49555,3
49556,5
49556,1
49556,10
49557,7
49557,6
49558,2
49558,10
49558,6
49558,8
49559,4
49560,0
49568,4
49568,0
49569,10
49573,0
49573,10
49574,5
49575,7
49576,3
49578,0
49578,5
49579,8
49579,7
49581,2
49582,1
49582,10
49583,0
49584,2
49585,6
49588,1
49588,6
49588,0
49589,10
49594,9
49594,0
49595,1
49599,8
49599,9
49600,3
49600,1
49603,8
49603,2
49605,8
49605,2
49607,3
49610,9
49611,2
49614,6
49614,8
49615,10
49616,7
49616,2
49618,9
49618,4
49618,0
49619,0
49620,3
49621,3
49623,5
49623,3
49623,1
49627,0
49628,0
49628,6
49628,2
49629,3
49630,10
49630,1
49631,4
49632,2
49636,10
49639,10
49640,7
49640,10
49643,9
49644,0
49645,3
49645,9
49646,3
49647,8
49647,4
49648,2
49649,2
49649,9
49650,5
49651,7
49651,10
49653,8
49653,6
49654,9
49654,5
49655,10
49656,4
49656,3
49658,5
49659,1
49662,9
49662,6
49665,1
49666,6
49668,4
49669,0
49669,1
49672,8
49672,6
49674,7
49675,2
49675,1
49677,10
49678,3
49680,0
49680,6
49680,5
49681,3
49682,8
49682,10
49682,1
49683,2
49684,6
49685,7
49686,9
49686,7
49687,0
49687,1
49689,7
49689,10
49690,5
49692,6
49692,10
49692,1
49694,9
49694,6
49695,6
49696,8
49697,0
49697,1
49698,2
49698,10
49698,5
49700,5
49707,9
49709,3
49711,7
49712,8
49712,4
49712,3
49713,1
49715,7
49715,6
49717,3
49718,10
49718,3
49721,1
49721,2
49722,2
49722,7
49722,1
49723,3
49723,4
49723,6
49724,6
49724,2
49726,7
49730,5
49730,0
49731,2
49731,0
49731,10
49733,5
49733,3
49737,2
49738,1
49738,10
49741,6
49742,1
49744,3
49744,6
49745,6
49746,4
49747,9
49747,8
49749,0
49749,9
49751,6
49751,8
49751,9
49752,10
49753,10
49754,7
49757,4
49758,5
49759,0
49762,0
49762,8
49762,10
49763,3
49764,2
49765,7
49765,6
49766,10
49766,0
49766,1
49767,2
49767,10
49769,5
49769,0
49770,6
49771,7
49773,3
49773,1
49775,4
49776,10
49776,5
49777,4
49778,10
49779,3
49779,5
49779,8
49780,10
49781,6
49782,10
49784,2
49785,4
49786,10
49787,2
49789,1
49789,4
49792,10
49793,7
49795,3
49796,2
49797,10
49799,7
49800,9
49800,7
49802,0
49803,2
49805,1
49806,0
49807,7
49809,7
49811,1
49811,2
49811,10
49812,1
49813,3
49813,9
49814,6
49815,5
49818,10
49819,0
49820,2
49821,0
49823,0
49824,5
49825,10
49826,4
49829,3
49831,10
49831,8
49832,7
49832,8
49832,1
49835,1
49838,3
49839,0
49839,5
49839,7
49840,3
49842,3
49842,6
49843,2
49843,7
49844,7
49844,4
49844,9
49844,1
49845,1
49848,4
49849,9
49849,5
49849,6
49850,1
49850,3
49852,2
49853,8
49854,2
49855,5
49856,4
49856,2
49857,3
49862,7
49862,2
49863,1
49863,9
49864,0
49865,5
49865,10
49865,8
49866,6
49868,9
49869,1
49871,9
49875,7
49875,8
49876,0
49877,6
49878,2
49878,5
49878,0
49879,8
49879,6
49879,5
49880,3
49882,6
49883,2
49885,9
49886,5
49886,2
49887,1
49890,5
49890,1
49890,9
49892,0
49894,0
49894,10
49896,10
49897,1
49899,0
49900,5
49900,10
49902,2
49905,6
49906,1
49907,8
49908,0
49908,5
49908,3
49910,8
49910,1
49911,4
49912,10
49913,4
49914,8
49915,1
49915,5
49918,6
49919,8
49919,10
49920,6
49922,9
49922,2
49922,5
49923,0
49924,9
49925,1
49925,7
49925,8
49925,2
49926,5
49926,0
49927,7
49929,9
49930,3
49930,4
49930,10
49930,7
49932,10
49932,4
49933,9
49933,2
49935,3
49936,5
49937,3
49937,10
49938,3
49940,9
49941,2
49941,10
49943,10
49943,8
49946,0
49946,1
49947,5
49948,5
49950,9
49951,7
49951,2
49952,3
49956,8
49957,0
49958,7
49958,2
49958,5
49959,8
49959,9
49960,2
49961,7
49961,9
49964,6
49965,6
49965,8
49966,8
49966,7
49967,5
49969,1
49969,9
49969,3
49970,2
49970,5
49971,4
49979,10
49980,5
49981,3
49981,9
49982,3
49982,0
49982,2
49984,0
49986,2
49986,4
49986,8
49989,10
49989,3
49990,9
49990,6
49992,0
49992,7
49993,2
49996,0
49996,8
49998,10
50000,7
50000,5
50001,2
50003,0
50003,1
50005,10
50005,4
50007,0
50007,8
50008,3
50008,2
50010,1
50011,9
50013,3
50014,10
50014,6
50014,4
50015,8
50015,6
50018,5
50019,7
50020,0
50020,7
50021,10
50022,8
50023,5
50023,4
50024,1
50025,2
50025,4
50026,0
50026,7
50028,4
50029,8
50029,1
50030,9
50032,8
50034,7
50034,9
50035,6
50035,0
50036,5
50036,7
50037,6
50038,3
50038,0
50038,5
50038,6
50040,2
50041,8
50041,9
50043,10
50043,7
50044,1
50044,6
50048,10
50049,2
50050,7
50051,10
50053,10
50057,2
50057,3
50057,10
50057,9
50058,9
50058,1
50059,6
50059,1
50060,3
50061,1
50061,2
50062,8
50062,5
50062,7
50063,5
50066,7
50067,8
50067,0
50067,7
50068,3
50068,8
50068,0
50070,10
50070,3
50070,4
50071,2
50072,2
50073,6
50073,8
50074,10
50076,10
50076,2
50079,4
50080,4
50080,9
50081,4
50081,8
50083,8
50083,5
50084,0
50086,4
50086,2
50087,9
50088,8
50089,2
50090,6
50090,1
50091,7
50093,2
50093,3
50093,6
50095,6
50095,7
50095,4
50096,6
50097,2
50098,8
50099,3
50099,2
50100,6
50101,7
50101,8
50102,7
50102,5
50102,3
50103,7
50104,3
50105,0
50108,0
50108,5
50109,8
50109,10
50112,9
50113,7
50114,1
50115,6
50115,4
50115,2
50115,1
50116,4
50117,9
50121,2
50121,8
50123,6
50124,4
50126,0
50126,3
50132,5
50132,10
50132,9
50133,0
50133,9
50133,4
50134,10
50135,5
50135,9
50136,10
50138,0
50138,6
50139,3
50140,3
50141,0
50143,10
50144,2
50145,2
50146,5
50147,9
50147,0
50148,9
50150,0
50151,6
50152,5
50153,1
50157,3
50157,9
50158,3
50160,10
50162,0
50165,8
50165,0
50166,1
50167,1
50168,2
50168,6
50168,5
50168,7
50169,7
50171,6
50171,0
50172,0
50174,0
50174,10
50175,5
50177,7
50177,6
50177,3
50177,2
50178,3
50178,1
50180,10
50181,5
50181,1
50182,5
50185,0
50186,5
50187,9
50188,0
50189,1
50190,1
50191,5
50193,10
50194,6
50195,10
50196,2
50196,4
50199,7
50199,1
50200,3
50201,6
50204,9
50205,6
50205,0
50205,7
50206,7
50206,10
50207,5
50208,1
50208,2
50209,7
50210,6
50210,4
50211,9
50212,8
50214,0
50214,6
50215,6
50215,1
50215,5
50217,8
50217,3
50217,0
50218,8
50218,4
50219,9
50220,4
50221,5
50224,1
50225,5
50225,4
50226,7
50227,5
50228,2
50228,10
50229,6
50229,0
50231,2
50232,3
50235,6
50236,3
50238,3
50238,1
50239,5
50239,1
50240,7
50240,0
50242,3
50246,2
50248,0
50250,0
50251,8
50251,10
50251,0
50252,4
50255,9
50255,10
50255,4
50255,7
50258,6
50259,2
50259,3
50260,6
50263,9
50264,8
50270,4
50271,7
50273,7
50274,8
50276,0
50276,2
50277,7
50279,1
50281,0
50282,5
50282,9
50282,1
50284,4
50285,2
50290,7
50290,2
50291,4
50292,10
50293,7
50294,2
50294,4
50295,3
50296,7
50297,0
50299,5
50300,6
50300,0
50300,1
50301,10
50301,3
50301,6
50301,8
50303,1
50303,9
50303,8
50306,5
50307,6
50307,0
50309,4
50310,0
50310,8
50311,5
50312,2
50316,1
50318,1
50318,4
50318,0
50318,8
50320,5
50320,8
50321,8
50322,9
50323,4
50324,9
50325,3
50325,0
50325,8
50326,0
50327,1
50327,10
50328,10
50329,6
50329,9
50329,10
50330,9
50330,10
50332,0
50332,5
50334,4
50336,6
50336,3
50337,4
50341,7
50341,1
50346,7
50346,1
50346,0
50347,5
50347,2
50348,5
50348,2
50348,9
50349,3
50349,2
50350,10
50352,7
50356,0
50356,10
50357,3
50357,10
50358,6
50359,3
50362,0
50362,5
50363,8
50364,3
50364,6
50365,0
50365,10
50365,4
50366,6
50367,10
50367,5
50368,10
50369,6
50369,9
50369,8
50371,3
50372,5
50372,8
50372,0
50375,9
50375,1
50378,7
50378,6
50379,5
50380,9
50385,9
50386,2
50386,1
50386,8
50386,5
50387,0
50387,4
50388,4
50389,6
50391,7
50392,3
50392,2
50392,7
50394,2
50394,5
50395,9
50397,3
50398,0
50399,7
50401,0
50402,4
50402,0
50403,9
50404,6
50406,6
50408,1
50409,6
50410,3
50411,3
50411,2
50412,8
50412,5
50413,0
50414,3
50417,10
50419,3
50422,1
50422,8
50423,3
50424,6
50425,4
50426,0
50427,5
50428,0
50430,3
50431,2
50431,5
50431,7
50432,2
50433,6
50433,8
50435,10
50435,5
50436,9
50436,7
50436,1
50437,5
50437,3
50437,2
50438,3
50439,6
50440,2
50440,7
50441,1
50442,3
50442,10
50442,6
50444,10
50444,1
50444,2
50445,8
50445,9
50445,6
50446,6
50446,4
50447,9
50448,6
50450,5
50450,9
50451,3
50452,2
50452,0
50452,5
50454,8
50456,10
50456,4
50457,5
50457,10
50459,9
50459,3
50460,2
50461,2
50462,4
50464,8
50465,0
50465,10
50467,7
50468,10
50472,8
50472,4
50474,8
50474,6
50474,2
50475,4
50475,0
50476,0
50477,2
50477,7
50477,9
50479,3
50481,6
50481,7
50482,10
50483,2
50483,1
50485,2
50485,1
50486,1
50486,9
50488,3
50489,1
50490,6
50491,4
50493,0
50495,4
50496,2
50496,8
50496,5
50497,1
50497,10
50498,0
50499,2
50499,5
50501,10
50502,4
50503,3
50504,3
50506,2
50506,0
50510,9
50511,3
50517,8
50519,0
50521,8
50521,2
50523,9
50523,2
50524,6
50524,10
50525,10
50526,7
50527,0
50527,3
50528,1
50531,9
50531,5
50532,4
50532,3
50533,3
50533,1
50534,1
50535,5
50535,6
50536,6
50536,2
50538,4
50539,3
50539,7
50539,6
50540,6
50542,9
50542,6
50543,2
50544,3
50546,10
50549,6
50554,10
50554,4
50554,2
50556,4
50557,7
50558,10
50560,0
50560,5
50561,8
50561,2
50562,1
50562,10
50563,1
50565,1
50568,6
50570,6
50570,0
50571,7
50573,2
50574,4
50574,9
50575,8
50575,7
50575,5
50576,4
50577,8
50580,3
50581,5
50582,2
50583,7
50583,10
50585,6
50587,7
50587,1
50588,0
50589,3
50590,0
50590,4
50591,3
50592,3
50592,10
50594,9
50595,3
50597,0
50598,3
50598,1
50599,10
50600,4
50601,9
50601,0
50602,10
50603,9
50603,8
50604,3
50604,6
50605,4
50606,1
50606,10
50607,8
50611,2
50612,9
50613,3
50614,0
50616,5
50618,4
50618,6
50619,5
50620,9
50620,10
50622,5
50622,1
50625,8
50626,2
50628,2
50628,3
50628,10
50629,5
50630,5
50632,4
50634,2
50634,10
50635,5
50635,10
50636,2
50637,6
50638,10
50640,5
50640,4
50641,2
50644,4
50645,0
50646,5
50646,10
50646,1
50647,4
50649,0
50649,5
50649,6
50651,2
50651,8
50652,7
50653,4
50655,4
50656,2
50657,0
50659,0
50659,10
50661,5
50661,1
50661,4
50661,10
50662,1
50663,1
50663,7
50665,0
50666,2
50666,9
50670,8
50671,4
50674,10
50676,5
50677,3
50677,0
50678,0
50678,9
50681,8
50681,6
50682,9
50683,7
50684,5
50685,4
50685,9
50687,5
50690,2
50690,1
50692,7
50692,10
50692,1
50692,6
50697,10
50698,0
50698,6
50699,9
50701,7
50703,7
50703,10
50705,8
50706,8
50706,5
50706,9
50706,4
50706,1
50707,8
50709,10
50709,2
50710,3
50712,7
50712,4
50712,1
50714,9
50717,0
50718,9
50719,0
50720,6
50721,6
50722,2
50723,6
50723,1
50724,10
50725,4
50726,4
50726,8
50726,3
50726,2
50730,2
50732,2
50739,7
50739,2
50741,3
50741,2
50742,6
50743,9
50743,5
50744,7
50744,9
50746,1
50748,10
50749,2
50750,3
50752,4
50752,0
50753,7
50754,9
50754,1
50755,2
50755,3
50757,1
50759,0
50762,0
50763,6
50763,9
50763,0
50765,5
50765,7
50766,10
50767,1
50767,3
50768,7
50768,9
50768,2
50768,10
50770,0
50770,6
50771,3
50772,6
50774,3
50775,4
50776,8
50776,0
50779,5
50782,9
50782,4
50783,4
50783,0
50784,2
50784,1
50785,0
50788,5
50788,7
50789,2
50790,7
50791,8
50792,7
50793,6
50793,8
50794,4
50794,2
50795,4
50796,6
50797,8
50798,7
50800,2
50800,7
50800,10
50800,0
50801,7
50802,3
50802,2
50802,10
50803,7
50804,1
50805,1
50806,8
50807,9
50807,7
50812,4
50812,8
50813,2
50813,10
50814,3
50814,8
50815,1
50817,0
50817,6
50819,6
50819,10
50819,0
50820,4
50821,9
50821,5
50822,4
50824,8
50825,1
50825,3
50826,4
50828,8
50831,8
50831,4
50832,1
50834,6
50834,2
50835,2
50836,0
50838,6
50840,7
50844,10
50844,7
50846,3
50846,4
50846,10
50847,5
50849,9
50852,8
50853,6
50853,4
50856,10
50856,5
50858,4
50861,2
50862,1
50863,5
50864,0
50865,1
50865,9
50866,2
50866,10
50867,0
50869,0
50869,3
50869,8
50870,0
50870,2
50871,8
50873,4
50874,1
50876,0
50876,2
50880,10
50883,9
50884,5
50885,7
50889,8
50892,4
50893,3
50893,10
50896,3
50896,2
50897,0
50900,4
50900,0
50901,9
50901,7
50901,3
50902,5
50903,5
50903,4
50904,10
50906,7
50906,5
50906,2
50908,2
50909,0
50910,5
50910,2
50910,6
50911,2
50911,6
50911,9
50912,2
50912,3
50913,7
50913,6
50915,6
50918,7
50918,3
50920,8
50922,9
50923,4
50924,3
50924,1
50925,7
50926,4
50927,2
50929,0
50929,6
50929,10
50932,3
50933,1
50934,1
50935,6
50937,4
50938,2
50938,0
50939,6
50940,2
50940,4
50941,4
50943,5
50943,6
50945,8
50946,3
50947,4
50949,3
50951,0
50951,7
50955,4
50955,3
50955,6
50956,7
50956,0
50959,6
50960,2
50960,10
50961,10
50962,3
50965,10
50965,8
50966,0
50966,9
50966,3
50968,0
50970,0
50970,9
50970,6
50971,8
50972,9
50974,4
50974,3
50974,0
50975,7
50978,2
50978,6
50979,7
50979,9
50980,3
50982,4
50985,4
50987,0
50988,5
50988,10
50989,2
50989,4
50990,6
50991,5
50992,8
50994,9
50994,7
50995,2
50997,9
50999,2
51001,0
51002,3
51002,0
51003,8
51005,5
51006,0
51006,10
51007,5
51007,4
51008,6
51010,10
51010,3
51012,8
51012,2
51014,2
51015,9
51015,1
51015,7
51016,4
51017,2
51017,7
51018,3
51018,0
51019,0
51019,3
51020,7
51022,5
51022,0
51023,3
51028,2
51029,2
51030,4
51030,1
51031,3
51031,5
51031,9
51032,8
51034,4
51035,2
51035,0
51036,2
51039,3
51041,6
51043,3
51044,8
51045,9
51045,8
51046,10
51047,5
51050,0
51050,6
51051,7
51052,5
51052,10
51053,4
51053,2
51054,2
51055,0
51055,3
51056,2
51057,7
51057,5
51058,3
51059,8
51059,9
51060,2
51061,6
51061,8
51063,3
51064,6
51066,8
51067,4
51067,7
51068,1
51072,10
51075,2
51076,6
51076,9
51077,7
51077,0
51078,10
51078,7
51079,2
51079,8
51079,5
51079,4
51080,6
51082,7
51082,10
51084,5
51085,9
51085,3
51086,10
51086,3
51089,1
51089,7
51089,6
51090,1
51091,7
51092,7
51093,4
51093,10
51093,0
51094,3
51096,7
51096,2
51099,4
51099,7
51099,3
51100,2
51101,10
51101,4
51102,6
51102,5
51104,2
51104,1
51105,1
51105,2
51105,3
51105,10
51106,5
51107,2
51107,5
51110,4
51111,5
51113,6
51114,5
51114,7
51117,2
51118,6
51118,7
51118,9
51119,2
51122,2
51122,1
51124,9
51124,4
51127,6
51128,5
51129,0
51131,10
51131,0
51133,2
51133,1
51134,9
51135,1
51138,4
51140,5
51141,2
51141,3
51143,8
51144,2
51144,9
51145,10
51147,9
51147,7
51147,0
51148,6
51149,1
51149,0
51149,9
51151,8
51151,1
51152,6
51152,9
51153,0
51153,6
51154,4
51155,3
51156,3
51156,5
51156,8
51158,2
51159,6
51159,3
51160,10
51162,7
51163,4
51163,6
51163,1
51165,1
51165,3
51166,9
51167,3
51168,5
51169,4
51170,1
51170,5
51171,7
51172,9
51173,9
51174,4
51175,7
51176,5
51177,5
51177,8
51178,10
51180,2
51180,6
51180,5
51181,2
51181,3
51183,3
51184,5
51184,1
51185,6
51187,6
51189,9
51189,2
51190,6
51190,5
51191,5
51192,2
51192,10
51193,7
51194,3
51195,8
51196,10
51197,10
51197,3
51197,5
51198,4
51198,0
51198,3
51199,9
51200,10
51200,9
51202,1
51203,4
51203,2
51203,10
51205,5
51205,9
51209,6
51210,9
51210,0
51210,10
51211,6
51211,1
51215,3
51215,9
51216,2
51216,6
51222,8
51222,0
51225,5
51226,5
51227,0
51228,4
51228,5
51228,0
51229,4
51232,5
51232,2
51233,0
51233,7
51235,6
51236,7
51237,10
51237,5
51238,5
51239,10
51241,2
51245,2
51246,3
51248,9
51248,8
51249,7
51249,9
51250,8
51251,5
51252,2
51252,8
51253,10
51253,1
51254,4
51256,4
51256,0
51256,9
51259,4
51263,4
51263,6
51263,0
51264,5
51265,3
51265,2
51266,10
51266,3
51266,7
51267,9
51268,8
51268,4
51274,6
51275,9
51276,8
51277,7
51278,6
51278,3
51280,7
51280,5
51281,3
51282,8
51284,1
51285,6
51286,8
51288,1
51291,0
51292,1
51292,0
51293,2
51295,4
51297,0
51297,3
51297,1
51298,10
51299,5
51300,5
51302,8
51302,0
51302,7
51304,5
51304,2
51305,8
51305,5
51306,0
51307,1
51309,3
51310,10
51312,2
51313,9
51314,2
51314,7
51315,4
51315,10
51316,7
51319,0
51319,3
51322,0
51324,7
51324,2
51325,1
51327,1
51328,0
51328,1
51331,8
51331,4
51331,10
51332,3
51332,4
51332,0
51336,1
51337,8
51338,7
51340,6
51344,9
51346,5
51347,4
51347,5
51348,6
51349,10
51349,1
51351,6
51352,0
51352,6
51353,1
51354,0
51354,8
51354,1
51355,7
51356,1
51359,8
51360,0
51361,0
51361,5
51362,4
51364,2
51364,3
51365,8
51365,7
51366,2
51367,9
51370,0
51371,9
51372,9
51373,0
51373,1
51374,3
51376,4
51376,10
51377,3
51378,2
51378,1
51379,6
51379,10
51383,5
51383,8
51383,10
51383,3
51386,7
51387,9
51388,0
51388,3
51388,8
51390,4
51391,10
51391,9
51391,7
51392,1
51393,7
51394,8
51395,1
51398,10
51398,5
51400,1
51402,3
51403,8
51404,8
51407,4
51408,3
51410,3
51412,1
51413,8
51414,9
51414,4
51416,6
51416,9
51417,10
51418,5
51420,8
51420,4
51422,0
51423,5
51425,8
51425,6
51426,7
51429,6
51430,3
51430,10
51431,8
51433,7
51434,4
51434,9
51436,6
51437,10
51438,8
51438,7
51438,4
51440,7
51440,9
51440,1
51443,8
51444,2
51445,1
51446,0
51446,4
51447,8
51448,2
51449,7
51450,5
51451,1
51452,6
51455,5
51455,1
51455,4
51455,2
51456,4
51457,3
51458,7
51458,3
51459,10
51460,7
51460,1
51461,10
51461,6
51463,2
51463,9
51464,0
51469,2
51469,3
51469,0
51471,8
51471,7
51471,6
51472,2
51473,10
51474,9
51474,8
51474,0
51476,1
51476,9
51476,3
51477,2
51482,9
51482,6
51483,10
51483,6
51484,6
51486,6
51486,8
51487,2
51487,6
51487,3
51487,9
51489,8
51490,9
51490,10
51491,9
51492,5
51494,2
51494,10
51495,9
51498,2
51499,2
51499,5
51501,3
51502,9
51508,5
51509,8
51509,10
51509,7
51512,10
51512,5
51513,5
51514,1
51519,2
51520,10
51521,10
51522,9
51523,9
51523,4
51523,0
51526,6
51529,8
51530,1
51532,7
51533,10
51535,5
51537,5
51538,0
51538,7
51539,5
51540,2
51540,5
51541,8
51541,2
51541,6
51542,3
51543,6
51543,4
51545,6
51545,2
51545,5
51546,0
51547,3
51547,8
51547,10
51549,3
51550,7
51550,3
51550,5
51551,7
51551,0
51551,10
51551,6
51552,5
51553,3
51555,8
51555,1
51556,9
51556,7
51557,6
51557,8
51558,7
51559,0
51561,8
51561,9
51562,5
51563,6
51563,8
51563,5
51563,4
51567,8
51568,0
51569,4
51570,1
51571,9
51571,2
51571,3
51574,2
51574,9
51575,7
51578,0
51578,2
51580,10
51580,7
51581,3
51581,2
51581,7
51581,8
51582,6
51583,2
51583,9
51584,1
51585,3
51586,9
51588,3
51588,6
51590,6
51590,9
51590,7
51591,6
51591,10
51591,0
51592,2
51596,9
51596,10
51596,3
51598,4
51599,3
51599,1
51600,2
51600,0
51601,2
51605,8
51609,0
51610,5
51610,7
51611,2
51613,6
51613,10
51613,1
51614,4
51615,5
51615,3
51616,1
51617,6
51617,8
51619,7
51619,5
51620,2
51622,6
51623,4
51623,5
51624,0
51626,8
51626,6
51627,10
51628,5
51628,7
51630,5
51630,2
51630,0
51631,4
51633,5
51635,0
51636,2
51636,9
51639,10
51639,7
51641,8
51642,8
51645,4
51647,1
51648,3
51650,3
51651,10
51652,10
51653,2
51653,3
51655,6
51656,0
51657,0
51658,0
51658,2
51659,8
51660,2
51663,1
51663,7
51664,7
51666,2
51667,10
51668,5
51668,8
51669,0
51669,10
51670,5
51670,6
51672,2
51672,3
51674,0
51678,10
51679,4
51679,2
51680,3
51682,3
51682,4
51687,9
51687,5
51688,8
51689,6
51690,1
51691,3
51692,7
51693,2
51693,4
51693,6
51694,4
51695,1
51697,9
51701,2
51701,9
51702,0
51703,5
51703,1
51703,2
51705,10
51708,1
51709,7
51710,4
51710,2
51710,10
51712,0
51713,8
51713,5
51716,2
51716,4
51717,7
51720,10
51723,6
51724,0
51724,3
51725,2
51729,8
51729,6
51729,3
51730,5
51731,7
51732,8
51733,2
51733,1
51734,9
51734,6
51734,5
51735,7
51737,6
51739,8
51739,5
51739,9
51740,2
51740,9
51740,8
51741,7
51742,7
51743,8
51744,9
51745,1
51746,3
51746,7
51747,10
51747,9
51748,0
51748,10
51749,2
51750,3
51751,0
51751,6
51752,10
51753,8
51753,3
51754,2
51756,2
51757,5
51758,9
51758,7
51759,6
51759,5
51759,2
51761,3
51761,2
51762,8
51762,9
51764,3
51764,8
51765,7
51765,3
51766,4
51768,3
51768,6
51770,9
51770,1
51770,0
51770,7
51771,7
51772,3
51772,4
51773,5
51774,1
51774,5
51774,2
51776,10
51777,7
51777,10
51778,4
51780,3
51780,8
51781,5
51781,3
51782,5
51783,6
51784,5
51785,9
51786,3
51787,0
51790,6
51791,9
51791,1
51792,4
51792,5
51795,9
51796,0
51797,7
51797,6
51798,0
51798,9
51799,10
51800,2
51801,9
51802,8
51803,7
51803,1
51805,5
51805,9
51806,6
51808,7
51809,2
51810,10
51811,5
51812,0
51813,3
51814,8
51816,8
51817,3
51817,7
51818,6
51819,3
51820,9
51821,2
51821,7
51822,7
51824,0
51824,8
51824,2
51824,5
51825,8
51826,5
51831,0
51832,6
51832,4
51832,10
51833,6
51835,8
51835,10
51837,9
51837,6
51838,1
51840,2
51840,3
51842,6
51842,4
51843,7
51843,5
51845,8
51845,4
51845,3
51846,8
51848,3
51850,7
51853,6
51855,2
51856,7
51856,1
51857,9
51859,4
51860,6
51860,10
51862,10
51863,2
51863,7
51864,4
51865,10
51865,2
51868,2
51868,0
51870,8
51870,2
51871,0
51873,10
51875,9
51876,6
51877,5
51879,6
51879,1
51882,6
51883,10
51883,3
51884,5
51884,0
51886,3
51887,3
51888,6
51891,5
51892,2
51892,10
51896,7
51898,3
51900,3
51903,6
51904,6
51904,7
51905,9
51907,4
51907,3
51907,6
51910,2
51911,3
51912,4
51912,0
51914,8
51914,0
51915,10
51915,2
51915,8
51915,9
51916,9
51916,6
51917,8
51917,2
51919,2
51919,10
51920,6
51920,5
51921,10
51924,9
51926,1
51927,10
51930,6
51930,7
51931,6
51932,1
51932,0
51935,8
51935,10
51936,0
51937,0
51938,3
51939,5
51940,0
51940,1
51940,10
51941,6
51941,4
51941,1
51945,5
51945,0
51946,2
51946,5
51947,8
51947,6
51948,0
51949,3
51949,2
51950,10
51951,2
51951,1
51953,0
51954,10
51957,3
51957,6
51958,6
51960,0
51961,1
51961,4
51962,5
51963,8
51963,10
51964,9
51964,1
51965,10
51965,0
51965,1
51966,4
51967,9
51967,3
51969,8
51970,0
51971,7
51971,5
51972,5
51973,2
51973,0
51974,4
51976,9
51976,5
51976,1
51977,4
51977,0
51977,9
51978,4
51980,6
51983,0
51983,1
51984,8
51984,0
51985,0
51986,8
51988,3
51991,7
51992,4
51996,3
51996,10
51997,3
51998,10
52001,10
52003,7
52005,10
52005,7
52005,6
52006,5
52007,1
52008,1
52011,0
52012,4
52012,5
52014,6
52016,0
52018,7
52019,6
52020,10
52021,10
52022,0
52023,3
52024,8
52024,0
52025,7
52026,5
52027,7
52027,1
52031,2
52031,4
52032,1
52032,8
52035,6
52035,8
52036,9
52037,5
52038,9
52040,9
52040,2
52040,5
52042,7
52042,10
52044,9
52044,3
52045,0
52045,8
52046,3
52046,4
52047,9
52049,1
52050,3
52052,6
52053,2
52054,7
52056,2
52056,10
52057,3
52057,0
52058,3
52059,2
52059,8
52059,10
52060,0
52060,2
52060,6
52061,3
52062,6
52063,9
52063,8
52064,9
52064,5
52065,0
52067,4
52068,9
52068,5
52070,2
52071,6
52073,5
52073,2
52074,4
52079,7
52081,4
52081,3
52082,3
52083,0
52088,9
52089,4
52090,0
52090,6
52090,7
52092,8
52093,1
52094,9
52094,1
52095,1
52098,10
52098,6
52099,6
52099,8
52101,7
52103,7
52103,1
52104,5
52105,0
52106,10
52107,8
52109,7
52110,5
52110,9
52113,5
52114,10
52115,7
52116,1
52117,0
52117,1
52118,6
52118,7
52119,2
52122,9
52123,1
52126,8
52128,3
52128,1
52129,4
52130,6
52130,4
52130,3
52130,2
52130,10
52130,9
52130,0
52131,5
52132,4
52133,8
52134,4
52134,1
52134,7
52134,2
52135,0
52137,10
52138,8
52139,1
52139,7
52141,8
52143,10
52143,7
52145,1
52145,5
52146,7
52146,0
52148,6
52149,2
52151,1
52151,6
52153,9
52157,8
52158,5
52158,4
52159,6
52159,0
52159,1
52160,3
52161,5
52162,5
52163,3
52165,6
52167,3
52168,0
52172,4
52173,3
52176,2
52178,4
52181,7
52184,9
52184,3
52186,4
52189,4
52193,6
52194,0
52195,0
52198,1
52200,3
52200,7
52202,8
52203,7
52204,4
52205,7
52206,4
52206,10
52207,5
52209,10
52211,2
52211,1
52211,8
52212,0
52212,6
52213,0
52215,2
52216,8
52219,3
52221,4
52221,3
52222,7
52222,3
52225,9
52225,7
52226,3
52226,8
52226,9
52227,4
52228,5
52232,3
52235,4
52235,7
52236,6
52237,10
52239,9
52239,8
52241,3
52243,2
52243,10
52244,8
52245,0
52245,9
52245,8
52246,10
52247,6
52247,4
52248,5
52249,1
52249,9
52249,3
52250,7
52250,3
52250,10
52251,1
52252,4
52253,1
52259,5
52260,5
52262,2
52262,5
52263,9
52265,4
52266,5
52267,6
52268,7
52269,10
52269,2
52270,2
52270,10
52270,0
52272,0
52273,3
52275,1
52275,9
52276,1
52278,10
52278,2
52279,4
52282,1
52283,3
52285,3
52289,0
52290,8
52293,1
52293,5
52296,6
52297,7
52297,0
52298,2
52299,1
52301,7
52301,8
52301,2
52304,10
52304,8
52305,3
52308,2
52309,9
52310,8
52310,3
52311,0
52311,4
52311,5
52311,10
52312,2
52313,5
52315,6
52318,2
52319,0
52319,9
52323,2
52325,8
52327,2
52327,8
52328,8
52328,6
52329,6
52329,1
52332,0
52334,6
52334,9
52335,9
52337,1
52338,6
52338,5
52339,8
52340,8
52341,1
52342,4
52343,3
52344,7
52348,8
52348,6
52350,9
52351,7
52352,3
52355,7
52355,10
52355,4
52355,1
52356,1
52357,8
52357,2
52357,9
52358,5
52360,8
52360,9
52361,7
52361,8
52363,6
52364,8
52364,9
52364,0
52365,3
52367,1
52368,7
52369,7
52370,7
52371,9
52371,6
52373,3
52373,4
52373,1
52375,1
52376,9
52376,2
52381,6
52381,4
52382,6
52383,0
52384,6
52384,8
52385,3
52385,4
52386,0
52387,3
52387,10
52388,6
52388,9
52389,7
52390,9
52398,3
52398,6
52399,7
52400,8
52402,0
52403,9
52404,1
52404,0
52404,7
52405,3
52405,6
52405,4
52407,1
52408,4
52408,7
52410,0
52412,0
52413,8
52413,9
52414,9
52415,6
52416,9
52417,10
52419,5
52423,5
52423,0
52423,8
52423,6
52425,8
52425,5
52427,2
52430,3
52434,3
52434,8
52436,7
52436,6
52438,5
52438,1
52439,2
52440,4
52440,1
52441,9
52442,7
52442,2
52444,5
52444,8
52445,7
52445,8
52447,1
52447,7
52449,6
52450,8
52451,8
52452,9
52453,7
52454,8
52455,3
52456,8
52458,4
52460,9
52463,4
52463,7
52464,5
52464,6
52464,0
52465,2
52465,4
52466,2
52466,6
52467,0
52467,2
52469,6
52469,8
52469,4
52470,5
52470,6
52471,0
52472,2
52472,6
52472,5
52473,1
52476,4
52476,8
52477,0
52478,7
52479,0
52479,8
52480,9
52480,2
52480,6
52481,9
52483,8
52483,7
52484,7
52484,5
52485,2
52485,3
52486,8
52487,0
52488,4
52493,1
52494,9
52494,3
52495,0
52496,6
52500,10
52501,0
52501,2
52505,1
52505,2
52505,3
52506,4
52509,1
52510,1
52511,7
52512,8
52513,0
52515,10
52515,6
52516,1
52517,0
52518,5
52518,8
52519,2
52521,4
52522,1
52522,7
52522,5
52523,0
52524,5
52525,6
52526,9
52526,5
52527,2
52527,5
52529,1
52531,8
52533,5
52535,5
52536,7
52536,8
52537,10
52538,9
52538,5
52538,2
52539,0
52540,9
52541,8
52541,9
52542,7
52544,7
52546,2
52546,0
52546,6
52547,3
52548,3
52549,7
52551,0
52551,5
52552,5
52554,8
52555,4
52557,1
52558,1
52558,6
52560,1
52561,8
52562,7
52563,4
52565,5
52566,2
52566,8
52567,8
52567,10
52567,2
52569,5
52570,6
52572,10
52572,6
52572,0
52573,7
52574,7
52575,7
52580,7
52582,8
52582,9
52582,0
52583,8
52583,9
52584,9
52585,9
52586,6
52586,9
52588,1
52589,5
52589,2
52591,10
52591,8
52591,6
52591,7
52592,3
52595,0
52596,4
52597,0
52598,8
52599,1
52600,0
52601,4
52602,1
52602,3
52602,8
52603,1
52604,6
52604,8
52606,5
52608,2
52608,5
52608,3
52609,10
52610,8
52610,3
52613,10
52613,0
52614,5
52615,6
52616,5
52616,10
52617,9
52618,1
52618,7
52619,8
52620,4
52620,5
52622,3
52624,6
52626,7
52626,10
52627,1
52628,6
52630,0
52632,2
52632,3
52633,8
52635,3
52636,5
52636,1
52636,8
52639,3
52639,0
52640,6
52641,9
52643,4
52643,8
52645,8
52646,8
52646,5
52647,3
52647,8
52647,9
52647,0
52648,2
52649,9
52652,2
52652,8
52653,7
52654,7
52654,0
52655,9
52656,10
52658,6
52660,8
52660,6
52662,3
52665,1
52665,2
52666,1
52666,10
52667,0
52670,9
52670,2
52671,0
52671,8
52672,2
52673,7
52674,9
52675,5
52675,7
52676,7
52676,2
52677,1
52678,3
52679,8
52679,1
52680,1
52680,10
52683,4
52683,7
52683,6
52684,9
52684,2
52685,2
52686,2
52687,2
52687,7
52688,7
52688,3
52690,3
52690,8
52693,4
52694,2
52694,0
52697,9
52698,7
52698,1
52699,1
52700,1
52701,9
52701,1
52703,9
52704,5
52704,10
52704,7
52705,9
52705,6
52706,0
52708,1
52709,1
52709,6
52712,4
52712,8
52713,0
52714,5
52717,9
52718,6
52722,5
52722,10
52723,6
52725,3
52725,7
52726,8
52727,2
52727,8
52727,5
52727,3
52728,10
52728,0
52728,5
52729,5
52729,3
52730,0
52731,9
52732,2
52733,7
52733,1
52734,7
52735,4
52737,3
52738,8
52739,5
52740,3
52740,5
52741,2
52743,0
52743,3
52744,4
52745,7
52746,4
52747,5
52747,3
52748,5
52750,1
52751,9
52751,7
52751,2
52753,0
52754,8
52755,8
52756,10
52758,5
52758,7
52759,10
52760,5
52760,6
52761,4
52762,2
52764,1
52764,10
52764,6
52766,2
52766,9
52766,7
52767,2
52767,9
52767,8
52770,6
52770,3
52771,4
52771,7
52772,6
52773,0
52775,1
52776,5
52778,0
52779,3
52779,10
52779,5
52780,0
52781,4
52782,0
52783,2
52783,3
52785,5
52786,4
52789,4
52789,9
52792,7
52792,6
52795,8
52796,6
52797,3
52798,2
52799,1
52799,9
52801,6
52803,9
52804,0
52805,10
52806,10
52806,7
52807,1
52810,2
52810,1
52811,10
52811,8
52812,7
52813,10
52814,10
52814,7
52815,5
52817,5
52818,3
52818,5
52820,4
52821,6
52822,0
52823,1
52823,4
52824,1
52824,3
52827,6
52827,4
52830,1
52830,8
52832,5
52832,9
52834,7
52834,6
52834,10
52836,9
52836,4
52837,4
52837,9
52837,0
52837,8
52840,5
52840,3
52842,6
52844,8
52844,0
52846,5
52847,10
52847,0
52847,9
52848,9
52848,3
52849,6
52850,6
52851,4
52854,9
52855,1
52858,1
52859,3
52859,0
52862,1
52862,9
52863,10
52863,6
52865,6
52866,5
52866,9
52867,0
52868,9
52869,6
52869,10
52870,9
52872,10
52872,0
52874,3
52874,1
52874,8
52875,10
52875,4
52875,9
52876,4
52881,5
52883,10
52884,9
52884,0
52885,0
52886,1
52887,3
52888,1
52888,6
52889,5
52890,2
52892,1
52893,1
52894,0
52894,5
52895,5
52896,4
52897,9
52899,4
52901,4
52903,9
52903,4
52905,3
52905,10
52905,2
52906,8
52908,10
52908,5
52908,4
52910,5
52910,4
52910,2
52913,1
52915,9
52915,8
52916,0
52917,7
52917,0
52917,5
52918,7
52919,1
52919,7
52920,7
52921,9
52921,3
52921,0
52922,8
52922,4
52925,10
52925,0
52925,3
52927,5
52929,8
52931,1
52931,0
52934,9
52934,7
52935,2
52936,5
52938,2
52939,0
52940,0
52940,1
52941,0
52941,4
52942,5
52944,0
52945,3
52946,5
52946,4
52946,7
52947,3
52947,10
52948,2
52948,7
52949,0
52949,9
52949,4
52949,5
52950,9
52950,0
52951,2
52951,5
52952,2
52954,8
52957,0
52957,8
52957,9
52958,5
52959,4
52962,1
52963,9
52969,0
52969,2
52970,0
52970,2
52972,1
52975,4
52978,4
52978,7
52978,2
52978,0
52979,6
52981,8
52981,2
52982,0
52982,3
52983,7
52985,5
52985,9
52986,9
52987,6
52988,5
52988,10
52988,0
52991,7
52991,6
52992,10
52992,8
52992,6
52993,6
52994,9
52994,6
52994,5
52996,8
52998,2
52998,0
52999,4
52999,7
53000,2
53001,10
53003,10
53006,2
53006,7
53006,4
53007,1
53007,2
53007,4
53008,3
53008,2
53011,7
53012,2
53013,9
53014,10
53015,1
53016,0
53017,9
53017,5
53018,4
53019,5
53021,3
53023,1
53026,8
53027,9
53028,1
53029,4
53029,2
53030,9
53031,1
53032,8
53035,5
53036,10
53036,3
53040,4
53041,0
53042,8
53042,9
53042,10
53044,5
53045,3
53047,0
53047,10
53048,6
53048,0
53049,10
53050,7
53050,3
53050,6
53051,6
53052,7
53054,1
53056,5
53056,3
53057,0
53057,2
53060,0
53060,6
53061,4
53064,3
53065,10
53066,5
53066,2
53067,10
53068,8
53072,6
53073,0
53073,1
53074,9
53075,9
53076,10
53076,7
53079,0
53080,10
53080,0
53081,5
53083,3
53083,9
53084,3
53084,10
53086,4
53089,7
53091,0
53093,3
53093,10
53094,0
53094,6
53095,0
53095,4
53096,2
53097,7
53097,0
53098,8
53099,7
53100,3
53101,1
53101,2
53101,8
53103,4
53105,2
53106,3
53107,5
53109,5
53109,2
53110,0
53110,10
53111,5
53111,3
53111,4
53112,1
53113,4
53116,2
53118,2
53120,6
53121,1
53121,0
53123,1
53124,1
53125,9
53126,10
53128,1
53128,4
53129,3
53130,5
53130,2
53131,3
53131,6
53133,10
53134,0
53134,2
53135,3
53135,10
53137,1
53138,10
53138,3
53142,7
53143,5
53143,4
53144,8
53146,5
53146,1
53146,0
53147,5
53148,0
53148,9
53148,3
53148,4
53152,0
53152,9
53153,2
53155,4
53156,10
53157,2
53157,10
53157,6
53157,7
53158,4
53161,9
53164,4
53165,2
53165,0
53165,9
53166,1
53166,10
53166,3
53167,7
53168,6
53169,5
53169,6
53170,4
53170,6
53171,0
53172,7
53174,9
53174,5
53175,0
53176,6
53176,2
53177,10
53178,9
53178,0
53180,7
53182,9
53183,9
53184,6
53185,5
53186,0
53186,5
53189,7
53190,7
53192,1
53195,5
53196,8
53196,3
53197,8
53198,7
53200,9
53200,5
53201,10
53201,8
53201,4
53202,1
53202,9
53203,8
53204,0
53204,1
53208,9
53209,5
53211,0
53212,0
53212,6
53214,10
53214,3
53215,5
53215,0
53216,9
53217,4
53218,1
53221,2
53222,0
53224,2
53225,7
53225,3
53226,3
53226,7
53226,4
53227,4
53228,2
53229,1
53230,5
53230,6
53231,9
53231,8
53232,9
53240,3
53240,2
53240,7
53241,6
53242,2
53243,0
53243,8
53245,5
53245,3
53246,10
53247,6
53247,3
53247,7
53248,0
53249,6
53251,8
53252,8
53252,10
53254,8
53255,2
53258,10
53259,8
53260,8
53262,8
53264,2
53264,3
53265,5
53266,5
53266,8
53268,6
53268,4
53268,1
53270,1
53270,2
53271,0
53271,3
53272,6
53273,2
53275,3
53275,4
53275,5
53276,10
53276,9
53276,4
53279,4
53281,9
53284,1
53285,5
53285,7
53286,6
53286,4
53287,1
53287,6
53287,2
53290,2
53292,10
53292,2
53293,9
53293,10
53294,2
53294,8
53296,9
53296,0
53299,1
53303,3
53305,2
53305,3
53306,2
53308,9
53308,2
53311,10
53311,3
53312,4
53313,9
53314,1
53314,4
53315,6
53315,0
53316,1
53317,0
53318,4
53319,3
53324,7
53324,0
53325,3
53327,6
53328,10
53329,1
53329,2
53329,4
53330,3
53331,0
53331,7
53331,6
53332,0
53334,2
53334,8
53335,6
53340,9
53342,9
53342,5
53344,2
53345,2
53346,6
53347,10
53348,3
53348,0
53349,10
53349,8
53350,1
53351,0
53353,9
53354,1
53356,10
53358,10
53360,5
53360,8
53361,5
53362,8
53362,5
53363,9
53364,7
53365,8
53366,6
53366,2
53366,1
53367,4
53367,5
53367,6
53367,3
53368,4
53368,10
53370,7
53371,6
53371,7
53372,0
53373,6
53374,3
53374,6
53375,8
53375,2
53376,1
53376,7
53376,9
53378,8
53380,9
53380,5
53381,4
53382,4
53383,5
53384,3
53384,5
53384,4
53385,0
53385,7
53385,2
53387,9
53388,3
53389,6
53390,3
53390,1
53394,3
53396,0
53397,0
53400,6
53402,3
53404,0
53405,5
53408,8
53410,4
53412,9
53413,9
53413,0
53414,2
53415,5
53417,8
53418,7
53419,4
53419,6
53419,5
53420,6
53420,8
53421,0
53421,9
53422,2
53422,8
53423,1
53427,4
53427,5
53427,6
53428,5
53428,8
53429,5
53430,9
53435,9
53437,7
53437,8
53437,10
53439,7
53440,1
53440,8
53441,1
53442,9
53443,9
53443,0
53444,5
53444,6
53444,3
53445,8
53445,6
53446,0
53446,3
53447,4
53447,9
53447,8
53449,7
53450,1
53450,4
53451,5
53451,6
53453,10
53453,9
53453,3
53454,5
53454,2
53455,8
53455,1
53456,6
53456,8
53456,0
53458,5
53459,3
53460,2
53461,1
53461,9
53461,5
53462,1
53462,8
53462,4
53464,0
53465,6
53466,7
53470,8
53473,5
53475,4
53475,2
53477,5
53477,4
53477,0
53478,6
53479,9
53480,3
53481,5
53481,10
53483,9
53483,5
53485,3
53485,4
53486,3
53486,6
53488,3
53489,2
53489,7
53489,1
53489,3
53490,3
53490,6
53491,10
53492,6
53493,9
53493,5
53494,6
53494,8
53495,2
53496,8
53496,3
53496,0
53497,0
53497,7
53498,10
53499,4
53500,8
53500,4
53505,1
53505,4
53505,3
53505,6
53507,6
53510,6
53510,1
53510,2
53511,0
53512,6
53513,1
53515,5
53515,10
53519,6
53519,2
53521,0
53521,10
53521,7
53522,0
53523,1
53524,2
53525,9
53525,2
53526,0
53529,5
53529,2
53531,7
53531,8
53532,9
53532,4
53533,8
53534,5
53535,3
53536,3
53537,2
53538,3
53538,7
53539,5
53540,6
53541,2
53542,10
53543,10
53543,2
53547,6
53547,9
53549,9
53549,8
53549,10
53550,6
53550,10
53550,7
53551,10
53552,6
53552,9
53553,10
53555,5
53556,9
53556,5
53556,4
53557,5
53559,3
53559,7
53559,5
53560,7
53560,2
53562,1
53562,2
53562,9
53563,7
53563,1
53564,10
53565,4
53565,2
53566,6
53568,5
53568,10
53568,4
53568,9
53570,5
53570,4
53570,2
53571,1
53571,2
53572,0
53572,3
53575,5
53575,9
53577,4
53577,5
53578,9
53578,5
53578,3
53578,10
53579,1
53580,7
53580,0
53581,5
53582,0
53582,8
53583,10
53585,2
53587,7
53588,0
53589,10
53590,3
53590,5
53592,2
53593,9
53594,9
53595,7
53597,1
53597,9
53598,9
53602,2
53602,7
53603,3
53603,10
53603,2
53604,4
53605,5
53606,9
53606,3
53607,1
53608,4
53608,5
53609,4
53609,2
53610,6
53611,10
53612,2
53612,3
53613,2
53613,5
53615,4
53615,5
53616,8
53617,8
53618,3
53620,3
53622,0
53622,8
53623,4
53623,5
53623,1
53624,10
53626,6
53626,3
53627,5
53627,10
53628,2
53628,10
53628,6
53629,1
53632,5
53633,4
53634,1
53635,7
53636,3
53636,5
53637,2
53638,2
53638,4
53639,4
53640,8
53643,0
53644,6
53645,9
53645,4
53647,2
53649,1
53649,5
53650,9
53650,6
53650,4
53652,9
53654,2
53655,8
53655,2
53658,10
53658,2
53658,9
53659,10
53659,2
53660,3
53661,1
53662,7
53662,1
53662,9
53663,8
53664,1
53664,10
53665,3
53667,2
53667,6
53671,10
53671,7
53674,7
53676,9
53676,8
53677,1
53679,2
53680,7
53681,8
53681,9
53683,7
53684,6
53684,0
53685,6
53685,9
53686,6
53686,5
53688,0
53689,1
53690,10
53690,8
53690,2
53690,4
53691,3
53692,3
53692,4
53692,8
53694,10
53696,4
53699,0
53701,5
53702,3
53703,8
53703,10
53703,5
53705,5
53705,4
53707,0
53708,0
53709,8
53710,4
53710,6
53710,7
53710,0
53712,3
53713,9
53714,4
53715,8
53716,10
53717,1
53717,0
53718,10
53720,4
53720,7
53722,10
53723,2
53724,6
53726,7
53727,6
53728,5
53730,1
53730,10
53731,6
53732,7
53735,7
53737,4
53738,9
53738,8
53738,1
53741,10
53743,0
53747,3
53749,7
53751,6
53753,4
53757,6
53757,9
53759,4
53762,8
53762,2
53762,3
53763,5
53763,6
53764,6
53765,5
53766,3
53766,4
53768,8
53769,1
53769,2
53770,2
53770,3
53771,4
53772,4
53773,1
53775,2
53776,0
53777,2
53778,8
53781,10
53783,0
53785,2
53787,7
53788,1
53789,9
53790,4
53790,8
53791,10
53794,5
53794,6
53796,1
53798,4
53798,2
53799,8
53799,5
53799,3
53800,8
53801,10
53803,2
53804,8
53804,3
53805,1
53805,2
53805,0
53806,3
53806,10
53811,9
53811,0
53811,2
53812,2
53812,0
53812,7
53812,10
53813,7
53816,1
53819,1
53819,7
53819,2
53820,3
53820,7
53822,2
53822,0
53822,10
53823,5
53823,10
53825,9
53826,9
53827,10
53828,1
53829,9
53830,8
53832,0
53833,5
53833,4
53834,5
53834,3
53839,7
53839,1
53840,2
53841,2
53842,10
53843,4
53844,1
53845,7
53846,9
53846,1
53847,4
53849,2
53849,5
53850,9
53852,4
53853,7
53854,10
53856,5
53856,8
53857,1
53858,5
53859,3
53861,5
53863,4
53863,10
53864,3
53865,3
53866,8
53868,1
53869,5
53872,2
53872,0
53872,8
53873,0
53873,5
53875,4
53876,2
53877,2
53880,6
53881,9
53881,7
53881,3
53882,2
53882,9
53884,1
53885,0
53887,1
53889,0
53891,0
53891,5
53894,8
53895,2
53896,2
53897,9
53897,1
53898,3
53899,3
53901,0
53903,5
53904,9
53904,10
53904,5
53905,2
53905,10
53906,9
53906,0
53906,1
53909,9
53909,7
53910,7
53910,5
53910,4
53911,2
53913,0
53913,10
53913,6
53914,9
53915,4
53915,0
53918,2
53918,0
53919,8
53920,0
53921,0
53922,9
53925,3
53926,9
53927,10
53928,3
53928,6
53929,1
53930,8
53931,9
53931,7
53932,9
53933,10
53933,8
53935,10
53937,5
53937,4
53937,6
53938,4
53939,0
53939,2
53940,9
53942,7
53943,2
53944,10
53945,6
53946,7
53946,2
53947,5
53947,2
53947,4
53949,7
53950,7
53952,3
53953,2
53954,3
53955,3
53955,8
53955,6
53955,2
53956,0
53956,2
53958,2
53961,7
53961,10
53962,10
53963,6
53964,9
53964,10
53965,2
53966,0
53967,0
53968,7
53968,10
53969,9
53971,3
53972,7
53973,6
53973,2
53974,3
53974,2
53976,6
53980,1
53981,10
53981,3
53982,2
53982,1
53984,7
53984,9
53984,6
53985,10
53985,6
53985,2
53987,0
53988,1
53989,3
53994,7
53997,2
53999,3
54000,0
54001,4
54002,1
54003,6
54003,1
54005,9
54006,8
54008,1
54008,6
54008,5
54009,9
54009,1
54010,8
54010,6
54011,4
54012,3
54014,1
54015,2
54015,8
54015,1
54016,8
54018,5
54019,8
54020,3
54020,2
54021,6
54022,8
54023,8
54023,3
54024,6
54025,5
54025,4
54027,10
54028,5
54032,0
54032,3
54033,6
54035,9
54037,3
54037,0
54037,4
54038,6
54039,1
54039,3
54040,5
54040,1
54040,0
54042,6
54044,4
54045,7
54046,6
54047,10
54048,8
54050,3
54051,6
54051,2
54051,8
54053,1
54053,6
54054,3
54057,0
54057,4
54058,0
54058,10
54058,3
54060,7
54061,0
54063,9
54063,4
54064,5
54065,9
54068,2
54070,5
54071,3
54073,6
54073,10
54073,4
54075,5
54076,0
54077,6
54078,3
54079,7
54080,6
54080,0
54081,8
54081,10
54081,7
54082,3
54083,4
54083,10
54087,4
54087,5
54088,0
54090,3
54091,3
54092,7
54092,10
54092,3
54093,0
54093,3
54094,9
54096,9
54097,5
54098,2
54099,4
54100,10
54101,5
54101,8
54102,9
54102,6
54103,4
54103,9
54104,3
54104,6
54105,10
54107,3
54108,4
54109,6
54110,9
54114,3
54114,4
54117,9
54119,7
54124,5
54125,2
54126,7
54127,6
54127,8
54128,3
54128,10
54128,8
54128,0
54129,3
54130,1
54131,10
54135,5
54136,9
54137,7
54138,5
54138,10
54140,6
54140,1
54141,1
54143,9
54143,8
54146,4
54147,1
54148,8
54148,1
54148,6
54149,7
54149,8
54151,4
54152,4
54152,0
54155,10
54155,6
54156,5
54157,4
54159,4
54159,0
54161,6
54161,7
54161,2
54162,10
54162,1
54163,7
54163,2
54164,1
54164,2
54164,0
54165,8
54165,1
54165,6
54166,7
54167,2
54169,9
54169,7
54169,4
54169,3
54171,1
54171,9
54172,4
54172,0
54172,6
54173,6
54174,7
54174,3
54175,9
54175,6
54177,3
54177,7
54178,6
54180,9
54180,3
54181,5
54182,0
54184,2
54188,2
54188,6
54188,0
54189,6
54191,0
54191,1
54192,8
54193,6
54195,10
54195,9
54196,5
54200,3
54202,8
54203,0
54203,8
54205,0
54207,7
54208,2
54208,9
54208,10
54208,5
54209,4
54209,2
54209,0
54210,7
54210,3
54212,10
54213,9
54213,0
54214,4
54219,3
54220,4
54221,0
54224,0
54225,5
54227,2
54227,5
54227,6
54228,0
54228,7
54231,4
54232,2
54233,6
54233,0
54234,6
54235,4
54235,0
54237,7
54238,6
54238,3
54239,4
54241,1
54241,6
54243,1
54243,2
54244,0
54244,9
54245,1
54245,10
54246,0
54246,4
54247,2
54248,9
54250,8
54250,2
54250,6
54251,3
54251,0
54252,1
54252,4
54253,8
54254,7
54254,1
54255,8
54256,8
54256,1
54256,0
54256,9
54257,6
54260,6
54260,0
54261,7
54262,3
54263,9
54263,10
54264,7
54265,2
54266,4
54267,3
54267,9
54268,3
54268,5
54268,7
54268,8
54273,2
54274,1
54275,9
54276,5
54277,3
54279,8
54280,8
54281,4
54282,8
54286,2
54287,9
54289,9
54289,5
54290,1
54292,0
54292,2
54293,8
54294,3
54295,7
54295,4
54297,10
54297,9
54297,0
54298,10
54299,8
54300,7
54302,4
54302,2
54303,8
54304,3
54304,0
54305,4
54305,1
54306,0
54306,1
54306,8
54307,5
54307,4
54308,8
54308,4
54308,6
54309,9
54311,5
54311,10
54311,0
54312,2
54312,9
54312,8
54312,10
54315,6
54316,7
54316,2
54316,4
54316,9
54319,3
54319,10
54324,7
54325,10
54325,1
54327,5
54328,4
54329,4
54333,10
54336,10
54336,7
54336,9
54338,10
54338,3
54340,1
54340,2
54341,1
54342,7
54344,0
54345,1
54346,7
54350,2
54352,7
54352,10
54353,9
54354,4
54354,1
54355,8
54357,0
54359,0
54359,4
54361,8
54361,9
54361,1
54365,3
54366,8
54366,4
54366,1
54369,1
54369,9
54370,3
54370,2
54371,4
54372,8
54374,3
54375,10
54375,7
54376,1
54376,5
54376,6
54378,8
54378,7
54379,3
54380,10
54381,10
54382,7
54386,5
54387,2
54388,6
54390,9
54393,10
54394,6
54397,1
54400,10
54401,9
54402,4
54403,1
54404,4
54405,0
54405,3
54405,6
54406,10
54407,3
54411,6
54412,7
54412,2
54413,1
54414,2
54415,7
54416,8
54418,10
54419,5
54420,9
54420,6
54422,1
54423,10
54424,10
54425,8
54426,9
54427,6
54427,3
54429,3
54429,4
54432,8
54436,9
54438,2
54441,8
54441,10
54441,6
54441,4
54442,2
54442,5
54444,7
54444,2
54445,9
54445,7
54445,10
54446,8
54446,1
54447,0
54447,5
54448,10
54448,0
54449,6
54450,8
54452,9
54452,3
54453,9
54453,1
54454,2
54454,5
54454,3
54455,3
54455,1
54458,1
54460,9
54461,3
54462,2
54462,5
54462,7
54463,9
54465,1
54466,4
54467,8
54467,6
54467,1
54469,1
54469,7
54469,2
54470,10
54470,3
54471,3
54474,2
54475,2
54476,2
54476,7
54479,2
54482,9
54483,9
54485,0
54485,8
54486,7
54486,1
54487,6
54487,4
54488,2
54488,8
54491,6
54492,0
54495,10
54495,5
54496,9
54497,2
54498,2
54499,2
54501,0
54501,4
54501,8
54502,2
54503,9
54505,5
54506,8
54506,5
54506,4
54507,5
54507,10
54509,3
54510,1
54510,10
54512,3
54513,9
54513,3
54514,4
54516,0
54516,4
54517,2
54519,5
54520,9
54521,9
54522,10
54524,3
54524,2
54527,10
54527,9
54527,6
54528,8
54528,1
54529,3
54530,5
54531,6
54532,5
54533,3
54533,10
54534,3
54535,3
54535,10
54538,2
54539,5
54539,9
54541,1
54541,6
54541,9
54542,0
54542,7
54543,0
54544,10
54545,8
54545,7
54545,9
54547,10
54547,4
54547,8
54547,6
54548,9
54549,6
54549,3
54549,8
54550,1
54551,0
54551,9
54552,0
54553,1
54554,10
54554,8
54554,0
54555,4
54556,10
54556,3
54557,7
54558,2
54558,8
54559,9
54561,1
54562,5
54563,8
54563,1
54565,9
54565,8
54566,6
54566,5
54566,7
54571,0
54573,4
54574,8
54574,6
54575,8
54575,7
54576,4
54576,5
54577,8
54577,2
54580,5
54581,7
54584,4
54584,2
54586,6
54586,10
54586,7
54586,3
54587,2
54588,4
54588,5
54590,10
54592,8
54593,10
54594,4
54594,3
54595,4
54596,7
54600,1
54603,7
54604,6
54605,1
54606,3
54607,0
54607,9
54608,10
54610,7
54612,7
54616,10
54617,2
54619,7
54619,6
54619,0
54620,10
54627,2
54627,9
54628,7
54628,4
54629,3
54630,4
54633,0
54634,6
54637,5
54638,3
54639,0
54640,8
54641,6
54641,9
54643,9
54644,3
54645,3
54646,0
54648,6
54648,7
54648,4
54648,2
54651,5
54652,0
54653,2
54654,10
54656,2
54657,9
54657,0
54657,2
54658,7
54659,4
54660,10
54661,9
54663,4
54664,1
54664,6
54665,2
54665,5
54666,4
54666,5
54667,7
54668,6
54670,8
54671,9
54674,8
54676,2
54677,10
54677,1
54678,0
54679,8
54679,6
54680,1
54681,8
54682,10
54682,0
54683,3
54684,5
54686,5
54687,7
54688,5
54689,8
54690,4
54691,6
54692,7
54697,4
54697,10
54699,9
54704,8
54705,2
54706,4
54707,5
54708,3
54708,9
54709,2
54709,1
54710,9
54711,8
54711,4
54712,5
54712,2
54712,10
54714,4
54715,7
54716,5
54717,7
54719,6
54719,8
54721,0
54722,9
54722,6
54723,6
54724,3
54730,10
54730,1
54730,4
54731,5
54733,8
54733,4
54735,8
54735,7
54736,9
54738,0
54738,10
54738,3
54739,7
54741,1
54742,9
54744,8
54745,1
54745,6
54746,1
54747,7
54748,2
54750,4
54750,9
54750,5
54751,1
54751,5
54752,2
54753,10
54753,6
54753,8
54755,6
54757,4
54757,3
54758,6
54759,8
54759,0
54761,3
54761,8
54762,9
54762,4
54764,9
54765,7
54765,5
54765,8
54769,8
54771,2
54771,10
54771,9
54773,1
54774,7
54774,0
54776,1
54776,9
54777,1
54778,9
54778,7
54780,1
54782,3
54783,2
54785,8
54785,5
54788,5
54789,1
54790,6
54791,2
54792,10
54792,0
54794,3
54794,7
54795,7
54795,4
54796,0
54796,2
54797,0
54798,0
54799,0
54801,10
54802,7
54802,4
54803,2
54803,5
54803,10
54803,9
54805,2
54805,3
54805,1
54806,10
54807,3
54809,7
54814,0
54816,4
54818,3
54818,6
54818,9
54819,9
54819,6
54819,8
54823,2
54823,9
54823,5
54823,3
54824,4
54824,1
54825,5
54826,8
54826,3
54827,8
54827,0
54828,5
54829,5
54829,10
54830,1
54831,7
54833,1
54835,8
54835,2
54836,3
54837,10
54837,0
54838,3
54838,0
54838,5
54838,8
54839,2
54841,7
54841,6
54843,9
54843,4
54845,7
54845,4
54846,6
54847,6
54848,3
54849,4
54850,6
54853,7
54854,7
54854,6
54857,9
54858,5
54859,4
54859,0
54860,3
54861,8
54861,1
54862,5
54862,3
54864,8
54865,7
54867,6
54869,2
54869,5
54872,0
54873,9
54873,2
54875,8
54876,9
54876,2
54876,4
54877,4
54877,9
54877,3
54878,5
54878,7
54886,3
54887,0
54889,5
54889,6
54889,3
54890,7
54890,5
54891,5
54891,7
54892,9
54893,1
54894,1
54894,10
54895,6
54896,0
54897,0
54898,1
54898,2
54900,6
54900,0
54900,5
54902,9
54902,3
54902,4
54903,9
54904,7
54904,9
54905,10
54905,5
54906,8
54906,9
54909,8
54909,4
54911,1
54913,7
54913,6
54914,6
54914,8
54914,0
54914,10
54916,7
54917,7
54917,3
54917,1
54918,8
54918,4
54922,1
54923,4
54924,10
54926,4
54926,2
54926,7
54927,9
54927,6
54928,1
54933,2
54933,5
54934,4
54935,3
54936,7
54936,0
54936,4
54937,10
54938,3
54939,8
54939,2
54940,3
54940,5
54942,10
54943,5
54943,7
54945,0
54945,2
54946,4
54946,6
54947,1
54947,5
54949,9
54950,10
54952,2
54954,3
54955,7
54955,2
54956,9
54956,8
54957,8
54957,7
54958,9
54959,0
54960,8
54961,1
54961,10
54961,0
54962,5
54962,10
54965,7
54966,5
54967,9
54967,0
54969,10
54970,5
54971,1
54974,1
54974,7
54975,7
54976,1
54976,8
54977,8
54977,4
54979,4
54980,4
54981,7
54981,6
54982,3
54985,7
54987,4
54989,1
54990,0
54992,9
54992,8
54993,4
54995,3
54996,5
54998,5
54999,2
55000,6
55001,3
55001,2
55001,4
55003,7
55005,0
55005,5
55006,7
55007,9
55008,10
55008,3
55008,5
55008,1
55009,3
55010,4
55011,6
55011,10
55011,8
55012,9
55015,3
55016,3
55016,2
55017,10
55018,0
55020,6
55020,7
55021,0
55022,3
55024,2
55025,10
55028,2
55030,0
55031,5
55031,6
55031,9
55031,10
55032,7
55032,5
55032,9
55033,6
55034,2
55036,6
55037,0
55038,5
55039,2
55039,6
55039,1
55039,5
55040,2
55041,3
55043,5
55043,8
55044,4
55044,3
55044,0
55045,9
55045,2
55046,10
55047,2
55048,4
55048,10
55049,7
55049,8
55050,9
55051,10
55051,9
55052,9
55052,6
55053,3
55053,0
55054,5
55056,6
55057,7
55059,1
55060,6
55060,2
55061,6
55061,7
55063,3
55063,0
55064,10
55065,10
55068,0
55069,3
55070,4
55071,9
55071,5
55072,0
55073,9
55074,9
55074,7
55075,0
55076,6
55076,5
55076,0
55076,2
55077,10
55077,8
55077,4
55078,9
55079,5
55080,8
55081,6
55084,9
55084,7
55087,9
55087,0
55089,5
55090,3
55091,0
55091,3
55092,5
55093,3
55094,6
55095,6
55095,3
55096,6
55097,5
55098,1
55100,1
55101,6
55101,3
55101,10
55102,6
55104,8
55105,5
55105,0
55107,5
55109,5
55109,0
55110,3
55110,9
55111,9
55113,8
55114,10
55115,3
55117,1
55119,3
55121,0
55121,7
55125,5
55125,10
55126,7
55126,10
55127,3
55128,5
55128,8
55128,6
55129,10
55132,2
55134,6
55135,9
55136,10
55136,7
55136,0
55141,7
55141,1
55144,6
55147,5
55148,8
55149,7
55150,5
55151,10
55151,6
55151,2
55151,0
55153,6
55153,3
55154,7
55154,6
55159,6
55160,1
55161,2
55163,4
55164,1
55164,4
55166,2
55166,0
55170,6
55171,4
55172,6
55173,6
55173,9
55173,7
55174,10
55175,4
55176,9
55176,8
55178,2
55180,10
55181,9
55181,6
55182,7
55183,6
55183,0
55184,5
55184,7
55184,4
55186,10
55189,10
55190,6
55190,10
55192,8
55192,10
55193,8
55193,7
55199,3
55200,1
55200,5
55202,9
55204,9
55206,0
55208,8
55210,7
55211,3
55212,8
55212,3
55214,3
55214,2
55214,7
55215,4
55215,10
55215,3
55216,8
55217,9
55217,6
55218,1
55222,4
55222,0
55222,8
55222,6
55223,1
55224,7
55226,4
55229,8
55229,10
55230,7
55230,2
55232,4
55232,5
55233,3
55233,6
55234,0
55234,2
55239,8
55240,5
55241,7
55241,5
55242,0
55242,4
55242,9
55243,4
55243,2
55244,10
55246,1
55247,1
55247,0
55248,3
55248,0
55249,6
55251,9
55252,7
55252,4
55253,3
55253,5
55253,6
55253,0
55254,0
55256,0
55257,2
55257,7
55258,9
55258,10
55258,1
55258,6
55258,8
55258,3
55259,5
55260,6
55260,1
55261,3
55262,0
55262,9
55263,9
55264,5
55267,8
55268,10
55269,1
55270,0
55273,6
55275,4
55275,6
55275,0
55276,8
55277,4
55278,1
55278,3
55280,4
55281,7
55281,3
55282,6
55282,3
55283,4
55284,4
55286,9
55287,7
55288,3
55288,10
55288,1
55289,2
55289,4
55290,1
55290,10
55290,7
55291,0
55292,9
55292,7
55293,1
55295,5
55295,1
55297,6
55298,5
55299,5
55300,4
55302,4
55303,6
55304,9
55305,4
55306,7
55306,3
55306,8
55307,1
55307,5
55308,10
55308,7
55308,3
55309,6
55309,3
55310,5
55310,6
55311,4
55312,9
55312,8
55313,5
55313,8
55313,7
55314,7
55316,8
55318,1
55318,5
55320,0
55320,3
55320,6
55321,6
55322,2
55322,5
55323,6
55323,10
55323,0
55324,10
55324,5
55325,6
55326,10
55327,4
55327,0
55328,3
55330,3
55331,10
55332,4
55337,8
55339,7
55339,6
55339,4
55340,3
55342,7
55345,10
55345,0
55347,6
55348,7
55348,8
55349,6
55350,7
55352,2
55353,9
55354,6
55354,1
55356,6
55356,3
55359,4
55359,3
55359,10
55360,0
55361,4
55361,9
55362,9
55363,2
55365,2
55366,4
55367,10
55367,1
55368,0
55370,10
55372,6
55373,9
55377,5
55378,4
55378,1
55378,2
55379,10
55380,9
55380,7
55381,10
55381,6
55382,5
55382,0
55382,4
55384,8
55386,9
55386,6
55388,2
55390,8
55391,5
55392,9
55394,8
55395,5
55397,4
55398,7
55398,3
55398,10
55399,2
55400,1
55400,10
55403,7
55403,8
55403,0
55404,8
55405,3
55406,3
55408,7
55408,2
55409,3
55409,5
55411,7
55412,10
55413,5
55413,10
55415,1
55415,5
55415,7
55417,3
55418,2
55419,0
55419,8
55419,2
55419,1
55421,8
55422,10
55424,0
55425,8
55425,9
55425,3
55430,0
55430,5
55433,7
55435,10
55438,4
55438,10
55439,5
55440,0
55440,9
55440,3
55442,3
55444,10
55444,2
55446,6
55446,10
55447,8
55448,9
55449,5
55451,1
55451,2
55454,4
55454,2
55455,5
55457,8
55459,0
55459,8
55460,9
55460,3
55462,4
55463,5
55463,7
55463,2
55464,1
55464,3
55465,1
55466,10
55468,0
55468,5
55470,4
55471,1
55474,5
55474,2
55475,4
55478,7
55480,6
55481,9
55482,4
55482,9
55484,0
55485,2
55485,7
55486,9
55486,6
55487,10
55487,7
55488,0
55488,8
55488,5
55490,2
55491,3
55492,0
55496,3
55497,4
55497,1
55497,6
55499,3
55499,10
55501,3
55502,0
55503,1
55503,0
55505,7
55506,10
55506,0
55506,3
55506,6
55507,5
55508,10
55508,7
55510,3
55510,6
55512,7
55516,9
55519,7
55521,5
55522,6
55523,2
55524,7
55524,5
55525,2
55525,5
55525,0
55526,8
55527,1
55527,8
55528,9
55529,5
55529,3
55531,2
55532,7
55532,3
55533,8
55533,10
55535,8
55536,6
55536,9
55538,9
55539,8
55540,1
55541,8
55541,3
55542,8
55543,10
55544,8
55547,8
55548,3
55550,1
55550,7
55550,3
55552,8
55553,7
55553,10
55558,8
55558,6
55559,1
55560,3
55560,4
55560,5
55561,6
55562,7
55564,3
55565,5
55570,2
55570,5
55570,8
55577,1
55579,1
55580,7
55581,6
55582,2
55583,7
55586,2
55586,10
55587,10
55587,6
55587,4
55590,7
55593,4
55593,7
55593,6
55594,9
55595,3
55596,10
55597,8
55600,8
55600,6
55600,0
55600,5
55601,6
55602,0
55603,1
55606,4
55607,1
55608,10
55608,4
55609,6
55609,7
55610,9
55611,10
55613,9
55614,6
55616,10
55617,1
55617,9
55618,10
55621,9
55622,6
55622,8
55623,10
55626,6
55627,6
55629,3
55632,10
55632,3
55633,5
55633,1
55633,4
55635,0
55637,7
55637,10
55637,8
55640,1
55642,4
55644,7
55644,6
55645,0
55645,1
55646,0
55647,1
55649,6
55649,2
55650,4
55651,8
55651,3
55653,5
55653,7
55654,9
55656,9
55656,1
55656,3
55656,8
55657,9
55658,0
55658,9
55660,0
55661,8
55663,7
55664,8
55666,1
55669,10
55670,10
55671,5
55672,2
55672,5
55674,3
55676,7
55678,1
55679,10
55679,5
55679,7
55680,3
55680,6
55680,5
55681,5
55682,4
55684,7
55684,0
55684,5
55686,6
55688,4
55690,10
55692,4
55693,0
55694,7
55694,2
55697,9
55699,2
55700,6
55701,5
55702,7
55703,10
55704,1
55704,8
55705,4
55707,0
55708,5
55709,5
55709,4
55710,9
55711,8
55711,0
55712,4
55712,8
55712,0
55713,10
55713,5
55714,10
55714,2
55715,8
55716,8
55716,1
55717,8
55717,5
55718,10
55719,4
55719,7
55720,4
55721,10
55721,0
55721,3
55725,3
55725,8
55725,2
55726,9
55727,1
55727,10
55729,4
55729,5
55730,2
55731,2
55731,1
55733,7
55733,3
55733,4
55733,8
55735,9
55736,10
55736,0
55736,4
55737,6
55738,9
55739,0
55741,7
55742,1
55744,0
55745,3
55747,2
55748,8
55748,4
55748,6
55749,6
55751,1
55751,5
55752,9
55753,5
55753,0
55754,8
55755,0
55756,9
55757,9
55757,6
55757,4
55761,1
55762,1
55762,9
55763,10
55766,10
55767,10
55768,5
55770,7
55770,2
55771,5
55771,7
55771,3
55772,6
55772,8
55772,3
55772,9
55774,8
55774,6
55774,10
55775,8
55776,0
55776,7
55778,0
55778,1
55780,8
55782,3
55784,9
55784,0
55786,10
55788,5
55789,3
55790,5
55791,9
55791,1
55792,10
55793,9
55796,10
55797,5
55799,7
55799,9
55800,10
55801,0
55802,8
55802,9
55802,7
55805,1
55805,0
55806,8
55806,2
55806,10
55806,3
55807,10
55807,9
55807,5
55809,1
55810,6
55810,1
55811,5
55816,3
55817,0
55817,1
55818,0
55818,1
55818,5
55821,1
55823,2
55825,8
55826,9
55826,10
55826,3
55826,6
55828,9
55828,3
55829,1
55830,6
55831,7
55832,2
55832,3
55833,6
55834,7
55834,3
55835,5
55836,10
55838,0
55838,5
55839,2
55839,4
55841,7
55841,10
55842,1
55843,4
55843,10
55844,3
55844,7
55846,5
55846,1
55849,5
55850,7
55850,5
55851,3
55851,5
55851,6
55852,1
55853,5
55854,7
55855,1
55857,6
55858,9
55860,6
55860,7
55860,8
55860,10
55862,8
55863,0
55863,4
55865,3
55867,8
55868,2
55870,5
55870,0
55871,10
55871,9
55874,9
55875,3
55876,1
55876,8
55877,3
55877,9
55878,5
55879,10
55880,3
55881,6
55883,1
55884,5
55885,8
55887,0
55887,6
55888,8
55890,7
55890,0
55890,2
55890,4
55891,9
55892,0
55893,8
55893,9
55895,5
55895,3
55895,9
55896,8
55896,0
55896,1
55897,9
55900,2
55903,1
55904,6
55905,4
55905,1
55907,6
55910,2
55911,0
55913,1
55914,0
55915,7
55915,5
55915,6
55915,1
55916,4
55916,7
55918,9
55918,2
55919,1
55919,3
55919,8
55920,3
55921,5
55921,0
55922,9
55922,5
55924,1
55924,4
55926,8
55927,3
55927,2
55928,0
55928,5
55930,3
55930,10
55931,10
55931,6
55934,9
55934,4
55934,7
55935,7
55935,2
55935,6
55937,5
55937,7
55938,1
55941,0
55942,1
55943,9
55943,2
55944,8
55944,7
55944,9
55946,9
55946,10
55947,6
55948,10
55948,4
55949,4
55949,3
55950,8
55951,0
55951,7
55952,10
55953,6
55957,4
55957,5
55959,2
55959,4
55960,9
55961,4
55961,8
55961,1
55962,4
55965,9
55966,7
55970,5
55971,3
55972,9
55973,4
55975,0
55977,5
55978,7
55979,2
55979,9
55980,2
55980,7
55981,4
55982,0
55982,6
55983,0
55983,5
55984,1
55986,0
55987,2
55988,1
55988,7
55988,9
55990,10
55991,2
55991,5
55991,9
55993,2
55994,5
55995,0
55996,5
55997,0
55997,5
55997,10
55999,10
56001,3
56002,9
56002,1
56002,10
56002,3
56003,6
56005,9
56006,10
56010,4
56010,5
56011,1
56012,5
56013,8
56015,6
56016,3
56016,7
56017,8
56019,3
56020,9
56021,0
56021,2
56021,10
56023,9
56024,4
56025,5
56025,7
56025,3
56029,2
56031,0
56032,0
56032,1
56032,2
56033,6
56033,2
56034,5
56034,9
56036,7
56036,3
56037,8
56037,3
56037,5
56038,9
56038,0
56039,3
56040,6
56040,4
56042,4
56042,5
56043,3
56044,6
56046,7
56047,1
56049,6
56049,2
56050,9
56051,7
56052,2
56054,4
56054,5
56055,5
56056,9
56056,3
56057,8
56057,5
56058,9
56059,5
56060,7
56061,7
56062,0
56063,2
56065,2
56066,1
56066,3
56068,2
56069,0
56073,8
56073,2
56074,0
56074,5
56075,9
56079,10
56079,3
56080,1
56081,4
56082,5
56085,0
56085,1
56090,7
56091,3
56092,6
56094,4
56096,10
56096,8
56097,7
56098,8
56098,2
56098,1
56099,9
56100,6
56101,5
56102,9
56104,0
56106,0
56107,10
56108,0
56109,1
56110,9
56112,1
56114,3
56116,4
56119,3
56120,4
56120,5
56121,7
56122,4
56122,3
56123,10
56123,5
56124,4
56124,10
56125,9
56127,4
56129,9
56130,3
56130,6
56134,4
56134,3
56139,6
56140,10
56141,1
56141,9
56142,2
56142,0
56143,7
56143,4
56145,2
56150,0
56150,9
56151,5
56153,8
56153,6
56154,4
56154,7
56154,10
56155,8
56157,5
56157,0
56158,4
56159,0
56159,2
56160,0
56163,8
56164,1
56165,3
56165,10
56166,3
56167,2
56167,8
56167,1
56168,3
56168,8
56170,3
56170,5
56170,10
56173,10
56175,10
56176,1
56176,5
56176,6
56177,8
56178,5
56179,8
56179,6
56179,5
56183,7
56184,6
56184,9
56185,0
56185,7
56185,3
56186,9
56186,7
56186,6
56188,0
56188,4
56190,10
56191,5
56191,3
56192,3
56193,2
56194,10
56194,4
56195,8
56195,4
56200,6
56201,8
56201,7
56202,6
56202,3
56202,8
56204,5
56204,2
56205,8
56209,0
56210,7
56210,0
56210,8
56211,7
56212,3
56213,0
56213,5
56214,9
56215,8
56217,10
56218,9
56219,6
56219,4
56220,3
56221,10
56225,3
56225,7
56226,2
56227,10
56227,2
56228,6
56229,4
56229,9
56230,3
56230,10
56230,5
56232,1
56233,7
56233,4
56233,0
56234,10
56236,6
56236,4
56238,8
56239,6
56239,5
56239,2
56241,7
56242,6
56245,9
56246,9
56247,4
56248,1
56249,1
56253,6
56254,0
56254,8
56254,4
56255,0
56256,0
56256,5
56258,5
56258,0
56259,4
56264,10
56264,5
56265,7
56265,2
56265,0
56265,1
56266,0
56266,4
56266,10
56268,10
56270,5
56271,10
56274,0
56275,1
56277,3
56277,7
56278,1
56278,5
56280,6
56281,2
56281,5
56282,9
56282,5
56283,1
56283,0
56284,8
56285,7
56285,5
56286,5
56287,0
56288,5
56289,9
56289,8
56289,0
56290,3
56290,10
56290,7
56291,3
56291,8
56291,5
56293,10
56294,6
56295,2
56297,2
56298,6
56298,2
56298,4
56299,4
56299,5
56301,0
56303,4
56305,0
56306,6
56306,7
56307,4
56309,0
56310,0
56313,4
56314,8
56314,10
56315,6
56315,1
56315,4
56315,3
56317,5
56317,0
56318,1
56318,3
56318,2
56320,10
56321,8
56322,7
56323,7
56325,7
56325,4
56327,6
56328,6
56329,5
56329,6
56329,4
56330,3
56330,9
56330,2
56332,8
56332,1
56335,3
56335,1
56336,4
56337,6
56341,2
56341,5
56342,1
56343,4
56343,7
56345,7
56345,0
56346,3
56348,8
56348,1
56349,5
56349,2
56350,6
56351,6
56351,2
56352,10
56353,9
56354,4
56358,8
56359,9
56361,6
56363,2
56364,5
56365,10
56367,8
56368,5
56368,4
56368,0
56369,1
56369,7
56372,9
56373,7
56373,8
56374,6
56375,1
56375,8
56375,5
56376,3
56376,1
56376,4
56378,1
56378,7
56380,4
56381,5
56381,9
56382,9
56382,3
56385,9
56385,7
56385,10
56386,8
56387,8
56387,3
56387,2
56388,1
56388,9
56389,4
56391,6
56392,8
56393,3
56393,6
56394,1
56395,6
56395,7
56395,1
56396,6
56397,2
56399,3
56400,0
56401,3
56402,4
56402,3
56402,5
56403,0
56405,2
56406,3
56407,9
56407,4
56408,5
56410,6
56412,8
56414,10
56414,0
56415,0
56416,3
56417,8
56417,4
56418,3
56418,8
56419,5
56421,3
56421,4
56421,8
56421,2
56423,7
56423,0
56424,2
56424,0
56424,6
56425,10
56426,2
56426,5
56427,6
56427,3
56427,0
56428,2
56429,6
56433,4
56434,0
56435,0
56435,1
56438,10
56438,5
56438,3
56439,7
56440,1
56440,5
56440,2
56441,5
56442,0
56444,6
56445,6
56447,6
56447,10
56448,8
56448,1
56448,5
56450,9
56451,0
56451,6
56452,9
56453,4
56453,3
56455,9
56456,2
56458,7
56458,8
56459,8
56459,3
56459,0
56463,7
56463,1
56465,8
56465,4
56465,9
56466,1
56467,2
56468,8
56468,6
56468,7
56469,9
56469,8
56470,4
56470,1
56470,3
56471,4
56471,6
56473,0
56474,1
56476,10
56476,2
56476,0
56478,2
56479,7
56480,2
56480,7
56481,7
56483,7
56484,7
56486,2
56486,7
56487,6
56487,2
56489,8
56492,5
56494,4
56497,1
56497,6
56498,2
56498,4
56498,0
56498,5
56499,8
56500,1
56500,8
56502,5
56502,4
56502,7
56504,10
56507,3
56509,8
56509,4
56509,1
56510,3
56512,7
56514,1
56516,2
56517,10
56517,8
56518,0
56518,3
56518,10
56519,2
56519,9
56520,9
56521,10
56521,8
56524,9
56525,5
56526,9
56527,3
56530,1
56530,6
56532,3
56538,6
56539,10
56540,3
56540,5
56541,6
56541,9
56542,9
56542,2
56542,4
56543,1
56544,7
56546,7
56549,3
56549,7
56551,10
56552,5
56553,4
56553,6
56554,0
56556,2
56558,3
56559,1
56560,0
56561,6
56561,7
56561,4
56562,1
56562,7
56563,7
56564,4
56565,3
56565,10
56566,3
56567,9
56568,7
56570,10
56570,0
56570,2
56570,4
56571,8
56571,4
56572,8
56573,0
56574,8
56576,9
56576,0
56576,5
56578,8
56578,2
56580,2
56582,7
56582,5
56583,6
56583,7
56584,1
56584,3
56585,3
56587,1
56587,3
56588,3
56590,9
56591,3
56596,4
56598,8
56598,4
56599,4
56599,7
56599,0
56600,1
56601,1
56604,0
56605,3
56606,7
56607,8
56607,5
56611,3
56611,0
56612,9
56612,5
56612,3
56613,9
56615,2
56618,1
56620,1
56620,10
56620,2
56620,7
56621,2
56622,2
56622,0
56623,4
56624,9
56624,3
56624,8
56625,5
56625,9
56625,1
56625,2
56627,5
56628,4
56630,5
56632,6
56632,10
56632,0
56633,10
56635,0
56635,8
56637,10
56639,3
56639,4
56642,4
56644,1
56644,5
56645,0
56646,3
56646,1
56647,7
56648,6
56648,2
56649,8
56649,5
56649,3
56651,1
56655,6
56656,8
56656,9
56657,4
56659,2
56660,1
56660,9
56661,10
56662,2
56662,6
56663,2
56665,6
56665,7
56668,1
56669,3
56669,1
56670,9
56671,8
56672,1
56674,0
56674,5
56675,0
56676,10
56679,7
56681,2
56681,7
56681,10
56681,4
56683,3
56684,10
56685,10
56686,10
56687,4
56688,8
56688,1
56689,6
56689,1
56689,10
56690,2
56691,1
56692,3
56693,6
56693,9
56697,9
56697,3
56699,8
56701,5
56702,0
56702,1
56702,10
56702,4
56702,8
56705,0
56710,4
56712,1
56713,7
56715,3
56716,10
56717,3
56718,2
56718,3
56722,0
56723,1
56723,5
56723,10
56725,5
56725,4
56726,2
56726,5
56727,2
56729,7
56730,2
56731,7
56732,0
56733,8
56733,9
56734,10
56734,0
56737,4
56738,4
56742,2
56745,8
56746,4
56746,2
56747,8
56748,6
56749,0
56753,7
56753,2
56755,0
56756,0
56756,3
56757,5
56757,8
56758,3
56758,4
56760,6
56763,4
56763,10
56764,9
56765,7
56765,6
56766,5
56766,3
56766,4
56769,4
56771,9
56772,7
56773,4
56774,6
56774,9
56776,7
56776,6
56777,10
56779,8
56779,5
56780,4
56782,4
56782,1
56783,9
56784,4
56785,10
56786,4
56787,6
56789,8
56789,1
56791,8
56791,2
56792,3
56792,1
56794,4
56795,1
56795,0
56796,0
56796,8
56796,2
56797,10
56798,2
56799,8
56799,4
56800,10
56800,9
56800,2
56800,4
56802,4
56802,6
56805,5
56806,0
56809,7
56809,9
56809,5
56810,6
56812,1
56815,0
56816,6
56817,8
56818,10
56819,2
56820,4
56820,10
56821,5
56822,7
56824,1
56826,5
56829,10
56829,6
56829,2
56829,3
56830,0
56833,10
56834,2
56835,5
56836,5
56837,5
56838,0
56838,1
56839,3
56840,8
56842,8
56844,4
56845,10
56845,2
56845,5
56847,10
56849,7
56849,5
56852,7
56852,8
56854,6
56855,4
56856,5
56856,9
56858,8
56860,4
56861,3
56862,7
56865,6
56866,1
56866,9
56867,3
56867,7
56868,4
56868,7
56869,7
56871,5
56872,9
56872,0
56872,10
56872,8
56873,4
56874,0
56876,4
56876,5
56877,2
56877,4
56877,5
56878,7
56880,10
56881,5
56882,4
56882,3
56882,9
56883,9
56883,5
56884,4
56885,2
56887,4
56888,8
56888,6
56889,10
56890,7
56890,0
56894,2
56894,4
56895,4
56895,1
56896,7
56896,9
56897,10
56897,3
56897,7
56898,10
56899,6
56899,3
56899,2
56901,3
56902,6
56903,3
56904,0
56906,10
56906,3
56907,0
56908,4
56908,10
56908,6
56909,9
56909,7
56909,4
56911,3
56912,1
56912,2
56915,0
56915,1
56916,7
56918,4
56918,10
56918,7
56919,3
56920,8
56921,9
56921,8
56923,0
56923,1
56925,4
56926,7
56927,3
56927,1
56928,0
56928,6
56930,4
56934,9
56935,9
56937,1
56939,9
56939,3
56940,5
56941,10
56942,6
56942,10
56943,7
56944,9
56944,4
56945,9
56946,10
56946,6
56947,6
56947,3
56948,0
56950,3
56951,5
56952,5
56957,6
56957,10
56958,2
56958,3
56959,10
56959,2
56960,0
56961,10
56963,1
56966,9
56968,10
56969,9
56969,5
56970,10
56970,7
56973,5
56976,8
56977,1
56980,5
56981,8
56982,3
56983,4
56983,1
56983,7
56985,3
56987,5
56987,9
56987,0
56988,7
56988,0
56988,4
56989,8
56989,2
56990,5
56991,7
56992,8
56992,5
56992,1
56993,4
56993,3
56995,9
56996,5
56996,0
56998,2
56998,10
56998,0
56999,7
57000,4
57000,10
57002,9
57003,7
57003,10
57003,6
57007,5
57009,3
57010,6
57013,2
57014,5
57016,8
57016,9
57018,9
57020,3
57021,7
57022,6
57024,7
57025,8
57029,10
57033,0
57035,4
57036,4
57036,5
57037,7
57039,8
57039,6
57040,5
57041,1
57042,5
57043,2
57043,1
57043,10
57044,0
57045,2
57046,0
57048,5
57048,3
57048,6
57049,3
57049,9
57051,7
57051,2
57051,3
57052,1
57053,4
57054,1
57054,4
57057,0
57058,10
57058,0
57059,3
57060,8
57061,5
57062,9
57062,0
57064,2
57065,5
57066,5
57067,5
57070,5
57071,6
57071,2
57072,7
57073,0
57074,10
57075,9
57076,10
57076,7
57076,1
57076,5
57078,1
57079,9
57079,5
57080,7
57081,6
57082,7
57083,4
57083,3
57084,3
57084,2
57086,7
57088,10
57090,2
57090,7
57090,0
57092,10
57093,8
57095,6
57095,2
57096,6
57096,1
57097,7
57097,2
57098,9
57099,3
57099,1
57099,2
57101,1
57101,2
57102,0
57106,5
57106,3
57108,0
57110,1
57111,3
57112,2
57116,8
57116,5
57117,2
57117,9
57118,8
57118,10
57119,5
57119,3
57120,5
57120,0
57121,9
57122,4
57124,5
57124,2
57127,4
57129,3
57130,0
57130,9
57130,2
57130,1
57131,4
57132,4
57134,4
57136,10
57137,2
57138,2
57139,9
57139,2
57141,6
57142,3
57142,1
57142,8
57143,3
57143,4
57144,0
57145,6
57147,7
57148,0
57149,10
57149,9
57150,9
57150,3
57150,10
57151,8
57152,4
57153,6
57153,4
57153,8
57155,7
57156,5
57158,5
57159,0
57159,7
57162,7
57165,6
57166,3
57167,1
57168,9
57169,5
57170,8
57171,2
57172,1
57173,1
57174,3
57174,6
57176,9
57177,4
57177,9
57178,5
57179,6
57180,6
57180,3
57187,2
57188,6
57190,5
57192,8
57192,1
57194,10
57194,8
57196,2
57197,0
57199,9
57200,10
57201,5
57202,10
57203,1
57203,9
57203,2
57206,6
57206,8
57207,10
57208,6
57208,3
57208,5
57210,7
57211,1
57211,9
57213,6
57213,10
57215,4
57215,3
57216,6
57218,7
57220,1
57220,6
57220,4
57222,3
57223,1
57224,2
57226,0
57228,7
57229,8
57229,0
57232,5
57233,6
57234,9
57234,5
57234,10
57236,6
57236,7
57237,6
57237,8
57237,3
57238,7
57238,9
57241,0
57241,4
57242,10
57246,5
57247,2
57248,0
57249,3
57251,8
57252,0
57252,9
57252,5
57256,2
57256,8
57257,8
57257,9
57257,1
57258,8
57259,5
57259,9
57260,7
57261,8
57261,2
57261,10
57263,6
57264,4
57264,6
57264,7
57265,4
57266,2
57266,6
57268,3
57268,7
57269,2
57270,1
57271,0
57271,5
57272,9
57272,3
57273,5
57273,2
57274,0
57275,10
57276,7
57279,9
57279,0
57280,4
57280,9
57281,10
57284,5
57286,2
57287,5
57287,8
57290,2
57291,2
57291,8
57292,9
57292,10
57292,7
57293,4
57295,6
57295,9
57295,0
57297,6
57297,2
57297,3
57298,3
57298,8
57299,1
57299,6
57300,1
57301,2
57305,5
57306,0
57306,9
57307,9
57307,10
57307,8
57307,5
57310,1
57310,0
57310,6
57310,3
57312,1
57312,6
57314,8
57314,0
57317,0
57320,9
57320,6
57320,5
57321,1
57324,9
57326,2
57327,8
57328,5
57328,7
57329,5
57331,1
57332,0
57334,1
57335,6
57336,6
57337,0
57338,0
57339,9
57340,7
57342,1
57346,3
57348,10
57350,6
57351,3
57352,9
57352,2
57354,2
57354,0
57355,0
57358,0
57358,2
57359,7
57359,0
57359,9
57360,8
57360,3
57362,2
57363,6
57363,4
57365,5
57365,10
57366,9
57366,8
57366,7
57367,1
57369,10
57369,9
57369,8
57370,0
57370,3
57371,3
57373,6
57378,6
57378,8
57380,9
57381,8
57382,8
57383,0
57384,10
57385,2
57385,1
57386,8
57386,0
57389,9
57389,5
57390,7
57390,3
57391,1
57392,5
57392,10
57395,10
57395,1
57395,8
57396,10
57398,1
57398,4
57398,10
57400,9
57401,5
57401,6
57402,2
57403,7
57404,6
57406,2
57406,9
57406,4
57407,4
57407,8
57407,9
57408,1
57410,9
57411,7
57414,5
57414,1
57415,3
57416,6
57417,3
57420,9
57420,7
57421,3
57421,5
57421,1
57421,8
57422,6
57422,5
57422,7
57424,10
57425,8
57427,2
57428,1
57428,4
57429,4
57430,7
57431,6
57432,1
57435,8
57435,3
57436,2
57436,6
57438,8
57439,6
57441,8
57443,2
57444,5
57445,10
57446,4
57448,6
57449,4
57450,2
57451,8
57451,10
57452,1
57453,3
57453,7
57453,1
57455,7
57456,7
57456,10
57457,3
57458,8
57458,6
57459,7
57460,3
57461,7
57462,6
57463,7
57463,10
57463,2
57464,1
57467,8
57467,6
57469,4
57470,7
57470,0
57471,10
57472,1
57473,4
57475,6
57475,10
57475,2
57476,4
57477,10
57477,0
57479,8
57479,0
57480,4
57480,3
57482,9
57482,0
57483,0
57485,5
57485,10
57486,4
57487,8
57490,9
57491,0
57491,2
57492,9
57492,10
57492,5
57495,10
57497,5
57498,5
57499,6
57500,8
57501,2
57502,0
57506,3
57506,1
57508,5
57508,3
57509,6
57509,0
57509,2
57510,5
57510,3
57510,9
57510,7
57511,1
57511,8
57512,8
57512,2
57514,9
57515,3
57516,4
57517,2
57519,8
57521,2
57522,6
57522,9
57522,5
57523,8
57525,10
57526,4
57527,0
57528,0
57529,4
57531,1
57532,4
57532,2
57532,0
57533,9
57535,3
57537,0
57540,8
57542,4
57543,8
57543,9
57543,5
57544,3
57545,1
57546,1
57547,9
57547,6
57548,5
57549,2
57549,3
57550,10
57550,9
57550,6
57551,3
57552,6
57553,3
57555,8
57555,9
57556,0
57556,5
57556,3
57556,7
57557,4
57558,9
57558,1
57560,0
57560,8
57560,7
57561,6
57561,4
57564,5
57564,3
57566,5
57567,3
57568,10
57568,3
57569,3
57569,8
57572,9
57572,1
57573,4
57574,4
57574,7
57576,10
57576,8
57576,0
57581,10
57581,0
57582,0
57583,10
57583,5
57584,4
57584,1
57585,9
57586,8
57588,1
57590,10
57590,6
57591,6
57592,8
57593,7
57593,10
57593,8
57593,9
57594,8
57595,2
57595,6
57596,0
57596,1
57597,5
57598,6
57599,5
57599,3
57599,1
57601,2
57602,8
57602,3
57602,9
57602,4
57607,6
57608,5
57608,0
57609,5
57611,8
57611,0
57611,6
57612,7
57612,9
57613,7
57614,3
57614,6
57615,4
57616,6
57616,4
57616,3
57619,9
57619,6
57619,3
57621,9
57622,9
57624,6
57626,4
57627,2
57627,0
57628,1
57629,7
57630,9
57631,3
57635,8
57635,4
57635,5
57636,0
57639,3
57640,9
57640,6
57640,10
57642,1
57645,2
57645,3
57645,8
57648,9
57648,0
57648,8
57648,5
57648,10
57652,7
57652,6
57652,10
57654,8
57654,4
57656,6
57656,7
57657,1
57658,0
57660,1
57660,3
57660,0
57661,2
57661,8
57662,5
57662,9
57664,3
57666,9
57666,0
57670,6
57670,7
57671,4
57674,7
57674,0
57675,4
57676,6
57676,3
57677,0
57678,6
57680,10
57680,9
57680,2
57682,9
57682,2
57683,8
57683,3
57684,2
57685,3
57687,9
57687,10
57688,5
57689,10
57689,8
57690,4
57692,1
57692,6
57693,3
57693,9
57693,10
57694,4
57696,7
57697,9
57699,4
57700,0
57700,8
57701,2
57702,3
57702,6
57703,2
57704,4
57704,2
57706,6
57708,6
57708,2
57709,0
57711,2
57711,10
57712,10
57713,0
57713,3
57714,10
57715,2
57715,4
57717,9
57718,9
57720,9
57720,8
57721,10
57721,2
57722,10
57722,6
57724,9
57725,2
57725,0
57729,4
57729,1
57730,3
57730,2
57730,0
57731,1
57731,9
57732,8
57732,1
57733,3
57733,7
57733,6
57733,10
57734,0
57734,2
57736,5
57736,10
57737,5
57737,8
57738,6
57738,7
57741,10
57741,7
57742,1
57743,4
57744,2
57744,0
57746,4
57747,10
57748,4
57748,1
57749,10
57749,4
57749,3
57751,2
57751,9
57752,7
57753,4
57757,4
57758,2
57758,1
57759,10
57760,4
57761,1
57763,7
57764,8
57765,0
57765,9
57766,10
57770,8
57770,4
57771,5
57772,2
57773,3
57774,10
57774,4
57775,4
57776,3
57777,0
57777,2
57777,3
57777,6
57779,7
57781,5
57783,3
57784,1
57786,1
57787,1
57789,0
57789,3
57790,5
57790,4
57791,0
57793,10
57795,0
57795,10
57797,2
57800,7
57800,8
57802,3
57802,9
57805,8
57805,2
57805,0
57805,4
57808,9
57809,9
57815,8
57815,10
57815,0
57816,4
57817,0
57817,10
57819,10
57821,10
57821,9
57822,7
57822,6
57824,3
57827,9
57829,4
57829,1
57830,4
57830,0
57832,1
57833,9
57833,10
57834,10
57834,3
57835,7
57836,1
57837,3
57837,7
57839,5
57839,0
57840,2
57841,10
57842,8
57842,7
57843,1
57843,7
57845,1
57845,5
57846,4
57847,8
57848,2
57849,2
57850,9
57852,1
57855,8
57856,1
57856,5
57856,2
57858,1
57858,0
57862,10
57863,9
57863,7
57864,3
57865,4
57865,0
57865,7
57866,4
57866,9
57867,4
57868,0
57868,2
57870,5
57872,8
57875,10
57875,9
57878,3
57880,5
57881,3
57882,2
57882,9
57883,3
57884,5
57885,1
57885,9
57887,4
57888,10
57888,7
57888,0
57889,7
57889,0
57889,6
57890,3
57890,1
57890,9
57891,1
57891,8
57891,5
57891,10
57892,3
57892,2
57893,7
57894,10
57895,6
57895,7
57896,10
57896,3
57897,8
57898,7
57899,3
57900,8
57900,6
57902,8
57902,4
57903,8
57903,2
57904,8
57904,6
57908,6
57908,8
57909,6
57909,1
57910,7
57912,2
57913,0
57916,2
57916,10
57918,1
57919,6
57922,1
57924,2
57929,2
57930,1
57931,5
57934,7
57934,3
57935,5
57936,4
57936,5
57937,6
57937,5
57939,3
57940,9
57941,3
57941,0
57942,3
57942,2
57942,4
57943,1
57944,5
57945,10
57945,8
57945,9
57946,7
57948,1
57948,10
57949,2
57953,1
57953,8
57953,6
57953,7
57954,0
57954,8
57957,2
57957,9
57958,2
57958,0
57959,4
57960,4
57960,1
57961,0
57963,7
57964,0
57965,5
57965,0
57966,2
57967,4
57969,6
57970,8
57970,9
57970,2
57971,5
57971,8
57972,8
57973,6
57973,1
57974,0
57975,0
57975,2
57977,8
57978,0
57979,1
57979,0
57979,5
57979,6
57979,4
57982,6
57984,0
57986,9
57986,1
57986,8
57987,8
57987,6
57988,10
57990,6
57991,3
57992,10
57992,5
57992,4
57992,3
57996,2
57997,9
57997,0
57997,6
57998,3
57998,6
57998,9
57999,8
57999,9
57999,2
57999,1
58000,3
58001,9
58001,3
58002,1
58002,4
58004,0
58005,10
58005,2
58009,0
58010,4
58015,10
58015,1
58016,9
58016,4
58017,9
58018,7
58019,3
58019,0
58020,9
58021,9
58021,7
58021,6
58022,3
58023,10
58025,4
58026,10
58026,1
58027,0
58028,6
58030,9
58030,10
58031,4
58032,10
58032,1
58033,4
58034,10
58035,10
58040,9
58042,10
58044,2
58044,3
58045,6
58047,6
58052,0
58052,8
58053,6
58053,0
58054,2
58056,10
58056,9
58057,3
58059,7
58061,4
58062,1
58064,4
58065,10
58065,4
58065,7
58067,7
58069,10
58070,5
58070,8
58071,8
58073,6
58074,0
58075,4
58075,1
58076,2
58077,1
58078,3
58078,0
58079,5
58079,3
58080,9
58081,6
58081,8
58081,5
58082,4
58082,6
58085,10
58085,3
58086,5
58086,9
58087,7
58087,10
58088,7
58090,10
58094,10
58095,2
58097,1
58099,4
58100,8
58100,5
58101,10
58102,8
58102,3
58103,7
58103,3
58103,4
58104,6
58104,8
58105,5
58107,1
58107,2
58107,4
58108,5
58108,4
58109,8
58110,1
58110,10
58111,8
58111,4
58112,6
58112,1
58113,5
58113,1
58117,2
58117,8
58118,4
58122,4
58123,8
58124,7
58125,6
58125,3
58126,8
58126,10
58127,1
58128,0
58129,6
58130,2
58134,8
58137,1
58139,8
58140,0
58141,8
58142,4
58143,7
58143,5
58144,0
58144,9
58145,2
58145,0
58148,1
58150,3
58150,4
58152,6
58153,10
58153,0
58154,3
58155,1
58155,10
58156,4
58156,0
58156,3
58158,9
58158,0
58159,4
58161,4
58161,0
58163,6
58163,10
58164,3
58167,7
58171,2
58171,4
58172,9
58174,8
58174,5
58175,2
58177,10
58177,1
58178,10
58179,5
58179,10
58180,6
58180,0
58181,1
58181,5
58183,3
58184,5
58185,3
58185,8
58190,7
58192,2
58195,8
58195,3
58196,7
58196,4
58196,8
58198,5
58199,10
58200,2
58201,3
58202,10
58203,2
58204,7
58206,10
58206,4
58208,0
58209,2
58211,0
58212,8
58212,0
58213,1
58213,2
58215,8
58216,6
58218,10
58219,8
58220,4
58220,9
58221,7
58222,8
58222,6
58222,3
58223,6
58224,8
58225,6
58225,5
58226,5
58226,1
58227,1
58227,4
58228,6
58228,7
58230,4
58231,1
58234,2
58234,9
58234,6
58237,7
58240,3
58241,10
58242,10
58242,5
58242,6
58244,3
58245,10
58245,0
58247,1
58247,3
58248,7
58251,9
58251,5
58252,3
58253,9
58254,6
58255,5
58255,1
58255,7
58255,3
58255,0
58257,8
58257,2
58257,4
58258,0
58258,9
58258,7
58259,8
58261,10
58262,0
58263,3
58263,0
58264,2
58264,1
58264,10
58268,9
58268,1
58269,8
58269,9
58270,0
58271,2
58272,0
58272,3
58273,7
58273,2
58274,7
58274,1
58276,2
58277,10
58278,5
58280,1
58280,4
58281,9
58281,1
58282,1
58283,10
58285,6
58285,7
58285,4
58286,9
58287,9
58288,7
58288,9
58289,4
58289,10
58289,2
58291,6
58292,7
58293,6
58293,0
58294,2
58294,6
58295,2
58297,9
58299,0
58301,2
58302,9
58303,9
58304,6
58304,8
58305,8
58307,4
58310,3
58311,10
58311,5
58313,6
58313,10
58317,3
58318,2
58318,7
58320,7
58321,0
58323,1
58324,3
58326,1
58331,3
58334,2
58335,8
58337,8
58338,2
58339,6
58341,4
58342,10
58343,3
58346,2
58347,7
58347,8
58347,3
58347,9
58349,1
58349,10
58349,3
58351,5
58351,1
58351,4
58352,4
58353,10
58355,7
58355,1
58356,7
58356,5
58356,4
58357,1
58358,5
58358,9
58358,7
58358,8
58359,9
58362,2
58363,8
58364,0
58365,10
58366,4
58366,1
58368,9
58369,0
58369,1
58369,6
58370,9
58372,6
58372,8
58372,0
58373,1
58374,10
58375,0
58377,0
58377,9
58378,9
58378,4
58379,0
58379,7
58383,4
58383,1
58384,6
58384,3
58385,0
58385,9
58386,3
58387,3
58389,1
58390,6
58390,8
58392,4
58395,5
58395,10
58396,3
58396,4
58397,4
58397,10
58397,6
58397,1
58398,9
58399,10
58401,10
58405,6
58408,5
58408,3
58408,7
58411,8
58413,6
58413,7
58414,1
58415,9
58416,8
58418,9
58418,1
58419,5
58419,3
58420,5
58421,5
58422,1
58423,4
58423,10
58424,7
58424,8
58425,3
58428,0
58430,3
58430,2
58431,1
58432,1
58434,1
58434,4
58435,1
58435,7
58436,0
58437,5
58438,9
58438,4
58442,10
58443,3
58444,10
58444,0
58446,7
58447,5
58447,6
58449,9
58449,1
58451,1
58451,4
58452,0
58452,8
58452,6
58453,5
58453,3
58455,10
58456,3
58457,7
58458,1
58458,6
58459,9
58460,2
58460,7
58461,5
58461,6
58462,4
58465,10
58465,8
58468,2
58468,10
58468,9
58469,9
58470,5
58472,8
58472,6
58474,8
58474,6
58477,10
58477,1
58478,4
58479,6
58479,2
58480,5
58480,0
58481,6
58482,4
58482,6
58483,3
58483,0
58483,6
58485,10
58486,7
58487,6
58487,3
58489,2
58490,3
58490,8
58491,8
58491,4
58491,2
58492,1
58492,3
58492,10
58493,5
58495,1
58496,10
58497,8
58497,9
58499,6
58501,3
58505,10
58505,6
58505,9
58505,8
58506,10
58507,2
58509,8
58509,6
58510,6
58511,0
58512,0
58512,10
58512,1
58513,3
58513,5
58515,2
58515,0
58516,1
58517,4
58517,7
58518,4
58518,9
58518,3
58519,9
58519,0
58521,8
58522,8
58522,4
58523,7
58523,10
58524,8
58525,7
58526,9
58527,3
58527,5
58528,7
58530,8
58533,1
58535,3
58536,5
58536,1
58536,9
58536,3
58537,10
58539,6
58539,9
58541,8
58543,6
58544,9
58545,9
58548,0
58551,3
58551,7
58552,8
58553,7
58555,1
58556,9
58557,8
58557,3
58558,5
58558,3
58559,6
58560,9
58561,7
58561,6
58562,3
58562,10
58563,2
58564,4
58565,0
58566,1
58566,7
58569,8
58569,6
58572,5
58572,7
58572,4
58574,10
58576,1
58577,10
58577,3
58577,0
58578,1
58578,5
58578,7
58579,8
58580,8
58580,1
58580,4
58581,2
58583,9
58583,3
58583,6
58585,10
58585,4
58586,1
58587,8
58587,10
58588,4
58588,5
58589,7
58589,1
58591,3
58591,6
58592,8
58593,6
58594,1
58594,10
58595,10
58595,9
58596,2
58598,4
58598,5
58598,2
58599,3
58599,10
58600,0
58601,8
58604,8
58605,9
58605,7
58606,4
58607,10
58608,7
58609,1
58609,6
58609,10
58610,5
58616,2
58620,4
58621,7
58621,1
58622,3
58622,10
58622,2
58623,9
58626,9
58626,5
58627,8
58628,9
58630,8
58631,7
58632,8
58634,8
58634,0
58637,0
58637,1
58637,7
58638,2
58638,3
58639,6
58639,3
58641,10
58641,1
58642,8
58643,2
58645,8
58646,8
58646,3
58646,10
58648,10
58649,8
58650,0
58650,5
58652,5
58656,3
58660,8
58660,3
58660,0
58662,8
58663,1
58664,3
58664,4
58665,9
58666,4
58667,5
58669,4
58669,5
58669,0
58670,4
58671,4
58673,3
58674,7
58675,10
58675,5
58675,1
58676,1
58676,0
58679,5
58680,1
58680,5
58683,0
58683,3
58685,7
58686,0
58687,0
58688,10
58688,4
58691,7
58692,6
58692,7
58693,3
58694,5
58694,0
58696,1
58697,8
58700,1
58700,4
58703,10
58703,9
58703,2
58703,8
58704,9
58704,3
58705,2
58707,4
58708,0
58709,0
58710,6
58711,3
58713,6
58713,5
58716,5
58718,4
58719,5
58720,9
58720,4
58724,1
58724,2
58725,10
58725,5
58727,8
58727,5
58728,3
58729,7
58729,3
58730,2
58730,6
58730,3
58730,4
58733,4
58733,0
58735,1
58735,10
58736,0
58737,1
58739,10
58740,10
58740,0
58741,6
58741,10
58742,0
58742,2
58743,9
58743,1
58745,3
58746,5
58747,3
58747,1
58748,8
58749,1
58750,6
58750,0
58751,9
58754,7
58754,2
58755,3
58756,3
58757,10
58757,5
58758,4
58759,5
58761,9
58761,3
58762,2
58762,4
58763,5
58763,0
58764,1
58764,5
58765,3
58765,5
58766,6
58768,0
58769,8
58770,7
58770,10
58772,8
58773,0
58773,3
58774,6
58774,9
58777,0
58778,0
58779,5
58780,4
58782,6
58782,7
58784,2
58785,2
58787,4
58787,7
58787,0
58789,3
58789,6
58790,9
58791,3
58795,2
58795,7
58795,10
58796,1
58796,3
58798,4
58800,2
58800,1
58801,1
58801,4
58801,7
58804,5
58805,4
58805,1
58805,7
58805,6
58806,10
58808,3
58809,5
58810,5
58810,7
58812,4
58813,7
58813,1
58813,3
58814,5
58814,0
58815,8
58816,5
58817,9
58818,7
58821,8
58821,9
58822,8
58823,8
58823,10
58824,0
58824,10
58826,1
58826,5
58828,4
58828,3
58828,1
58830,2
58831,10
58832,0
58835,10
58836,0
58836,4
58837,2
58837,0
58837,6
58839,10
58841,0
58842,6
58842,1
58843,8
58845,2
58845,8
58846,7
58846,0
58849,7
58849,6
58850,10
58855,2
58856,8
58857,9
58857,1
58858,6
58858,1
58862,1
58863,6
58864,10
58865,6
58868,3
58868,10
58870,0
58871,3
58872,7
58872,0
58872,6
58873,5
58873,0
58873,3
58874,10
58874,4
58874,7
58874,3
58876,1
58876,5
58878,5
58880,4
58880,7
58881,8
58882,6
58882,7
58883,6
58883,10
58884,1
58884,9
58884,8
58885,5
58885,7
58886,3
58889,2
58889,9
58890,5
58891,1
58893,7
58894,7
58896,2
58896,3
58899,4
58900,10
58901,2
58901,1
58902,2
58902,10
58904,5
58904,8
58905,8
58906,4
58908,7
58909,3
58911,10
58911,5
58911,9
58913,6
58913,0
58914,2
58915,4
58915,8
58917,1
58918,7
58919,3
58919,1
58920,8
58921,3
58923,1
58924,8
58925,10
58925,5
58925,3
58926,3
58927,0
58927,1
58928,5
58930,0
58930,4
58930,1
58932,0
58933,6
58933,7
58937,3
58937,5
58939,6
58939,7
58940,5
58940,4
58941,3
58941,2
58943,10
58944,5
58947,8
58947,0
58947,5
58947,2
58949,7
58949,9
58950,5
58951,6
58953,5
58955,8
58956,2
58956,6
58958,7
58958,6
58959,0
58961,0
58961,7
58962,4
58964,1
58964,10
58966,0
58969,9
58970,9
58971,0
58972,1
58973,1
58974,6
58974,3
58978,5
58982,2
58983,4
58983,9
58985,7
58986,0
58987,4
58989,10
58990,7
58991,5
58994,8
58997,2
58998,2
59002,1
59002,10
59004,4
59004,3
59004,7
59005,6
59006,5
59008,2
59008,3
59008,7
59010,7
59012,4
59012,3
59014,4
59014,6
59015,6
59015,1
59016,0
59017,2
59017,3
59018,0
59018,7
59019,0
59020,1
59022,3
59022,10
59024,7
59024,1
59026,1
59027,0
59028,7
59030,5
59030,9
59031,6
59032,8
59032,4
59032,3
59033,5
59033,8
59034,5
59034,8
59036,6
59036,8
59037,6
59037,4
59038,3
59038,9
59038,0
59039,3
59040,1
59041,9
59042,2
59042,5
59043,2
59044,7
59045,8
59045,9
59046,3
59047,1
59049,10
59051,0
59053,6
59054,4
59055,7
59056,2
59058,4
59059,8
59060,5
59061,0
59062,10
59063,0
59063,3
59064,2
59066,4
59066,3
59067,10
59069,9
59069,1
59070,0
59070,10
59072,10
59072,1
59073,2
59073,8
59075,7
59076,2
59077,8
59077,6
59078,3
59078,0
59079,8
59081,9
59083,3
59083,10
59085,7
59085,9
59086,9
59087,4
59087,8
59089,6
59089,5
59093,3
59093,10
59095,7
59096,6
59097,8
59098,8
59100,10
59100,7
59100,1
59101,0
59101,8
59104,7
59105,7
59106,5
59108,1
59109,1
59110,5
59110,6
59113,2
59113,8
59114,8
59115,7
59116,4
59116,2
59117,6
59117,4
59118,6
59118,9
59121,8
59122,5
59123,3
59125,1
59128,5
59128,4
59128,3
59130,8
59131,3
59132,4
59135,4
59135,9
59135,1
59136,4
59137,1
59137,8
59138,1
59138,7
59139,8
59139,10
59141,9
59141,2
59141,10
59142,5
59142,4
59142,2
59143,9
59143,8
59144,8
59145,10
59146,5
59146,4
59146,0
59148,2
59148,1
59149,1
59151,8
59151,5
59153,9
59154,0
59154,8
59156,3
59157,9
59157,10
59158,1
59158,4
59158,3
59159,8
59159,1
59159,7
59159,5
59160,10
59160,3
59162,7
59164,0
59165,5
59166,0
59166,5
59168,2
59169,2
59170,4
59171,5
59173,0
59173,10
59174,6
59174,2
59174,4
59175,1
59176,7
59176,6
59177,0
59177,7
59178,10
59180,7
59181,8
59181,2
59181,4
59181,3
59182,9
59184,5
59185,0
59187,10
59187,2
59188,7
59189,10
59189,5
59191,8
59192,9
59193,1
59194,0
59194,3
59195,7
59195,4
59195,1
59195,2
59196,7
59198,1
59199,1
59200,0
59200,7
59201,2
59201,5
59205,6
59206,5
59206,0
59206,8
59208,4
59209,4
59209,0
59210,0
59210,5
59211,9
59211,4
59211,5
59212,9
59213,2
59214,7
59217,2
59221,9
59223,4
59224,3
59225,0
59227,0
59227,1
59228,9
59229,8
59229,7
59230,10
59231,5
59231,4
59233,8
59233,9
59233,0
59237,2
59239,8
59240,5
59241,0
59242,7
59242,1
59243,10
59243,0
59243,8
59246,7
59247,3
59247,4
59248,2
59249,9
59250,4
59251,10
59251,7
59252,6
59253,1
59253,2
59254,10
59254,9
59256,9
59256,6
59258,10
59258,2
59258,4
59259,8
59260,6
59261,10
59263,10
59263,3
59263,9
59264,8
59266,6
59266,8
59267,0
59269,8
59271,2
59272,7
59275,5
59276,7
59279,7
59279,4
59280,1
59281,3
59283,4
59283,0
59284,0
59284,8
59285,10
59285,6
59286,5
59288,4
59289,7
59289,5
59290,7
59292,4
59293,3
59293,0
59295,8
59296,3
59297,10
59298,9
59299,3
59300,0
59303,3
59304,8
59305,10
59305,3
59308,4
59311,9
59311,2
59313,8
59314,10
59314,0
59316,6
59316,4
59317,0
59318,3
59318,2
59319,4
59320,6
59321,4
59321,3
59321,7
59323,1
59323,3
59324,9
59327,9
59327,8
59328,5
59329,5
59330,3
59330,4
59332,1
59332,9
59333,8
59333,2
59334,2
59335,6
59336,1
59338,10
59339,2
59341,4
59345,6
59345,8
59345,7
59346,3
59346,5
59347,10
59348,3
59349,6
59349,10
59351,1
59352,3
59354,8
59356,3
59358,2
59360,2
59361,6
59361,10
59362,2
59363,3
59365,1
59365,9
59366,0
59367,1
59368,0
59368,1
59369,7
59371,0
59374,6
59374,1
59375,4
59376,10
59376,4
59376,1
59376,0
59377,8
59378,5
59378,4
59379,9
59380,10
59381,9
59382,8
59382,3
59384,3
59384,8
59386,2
59386,4
59387,9
59388,2
59390,7
59390,2
59390,4
59391,0
59392,0
59394,5
59394,6
59396,7
59396,5
59399,10
59399,5
59399,7
59399,0
59403,7
59407,7
59407,10
59408,3
59409,2
59409,1
59410,10
59411,9
59412,0
59412,5
59412,7
59412,3
59414,7
59414,6
59415,1
59415,0
59416,0
59417,3
59419,2
59420,8
59422,10
59423,0
59423,7
59425,4
59427,7
59429,4
59430,8
59431,1
59431,6
59431,9
59433,5
59434,4
59434,9
59436,1
59438,0
59439,3
59439,4
59441,8
59441,6
59442,7
59443,3
59444,9
59446,6
59447,6
59447,4
59448,1
59449,4
59450,0
59450,2
59450,10
59452,3
59454,1
59455,6
59456,1
59456,3
59457,4
59459,3
59459,1
59461,10
59461,9
59461,0
59461,4
59463,2
59464,0
59465,8
59465,3
59467,5
59468,9
59469,0
59470,10
59470,4
59471,0
59472,8
59472,5
59473,4
59473,7
59474,6
59475,0
59476,2
59476,1
59477,4
59478,10
59478,4
59479,0
59480,5
59483,4
59484,1
59485,10
59485,3
59488,1
59490,3
59492,10
59492,5
59493,0
59493,9
59493,8
59494,5
59494,4
59498,2
59499,7
59501,6
59502,9
59504,3
59504,9
59505,3
59505,10
59506,0
59506,4
59509,9
59509,1
59509,5
59509,6
59509,10
59513,2
59513,10
59515,1
59516,0
59517,9
59518,2
59519,3
59519,5
59519,9
59520,10
59520,7
59521,2
59521,5
59522,2
59522,10
59524,5
59524,8
59526,7
59527,4
59529,2
59529,6
59530,0
59531,3
59531,2
59531,0
59532,2
59533,3
59534,10
59540,0
59540,9
59545,1
59546,1
59546,3
59547,2
59548,7
59548,2
59549,8
59553,7
59553,6
59554,5
59554,9
59554,10
59554,4
59556,2
59556,6
59557,10
59557,9
59558,5
59559,3
59560,5
59560,1
59560,3
59560,6
59561,0
59561,7
59563,0
59563,9
59564,6
59565,0
59565,9
59566,4
59567,5
59568,0
59568,6
59568,8
59569,1
59571,5
59573,2
59574,1
59575,2
59576,8
59580,9
59580,2
59581,7
59582,1
59582,6
59583,10
59583,8
59584,5
59584,10
59585,6
59585,9
59587,6
59588,4
59588,3
59588,1
59589,7
59589,3
59590,5
59591,5
59596,4
59597,1
59598,3
59601,7
59601,8
59601,2
59602,7
59602,4
59604,0
59605,1
59607,10
59608,2
59609,7
59609,3
59610,1
59610,7
59611,3
59612,2
59612,10
59612,7
59613,8
59613,3
59614,4
59615,1
59615,10
59616,6
59618,9
59619,8
59620,3
59624,6
59624,2
59625,3
59626,1
59626,8
59626,3
59629,4
59629,1
59630,0
59631,2
59632,8
59633,9
59636,7
59637,0
59638,4
59639,5
59640,2
59640,4
59641,9
59642,2
59642,9
59643,4
59647,2
59647,3
59648,8
59649,6
59650,3
59650,4
59650,7
59651,8
59654,0
59654,1
59656,7
59657,10
59657,5
59658,2
59660,1
59660,9
59660,0
59660,2
59661,7
59664,8
59665,1
59666,8
59666,7
59667,10
59669,4
59670,7
59670,6
59671,4
59672,7
59673,2
59673,4
59675,2
59676,10
59678,1
59678,5
59680,10
59680,4
59682,8
59685,4
59687,0
59688,1
59688,5
59689,2
59689,8
59689,10
59689,9
59689,5
59690,5
59691,6
59692,6
59693,0
59693,1
59693,9
59693,5
59694,5
59695,10
59695,5
59697,2
59697,1
59697,9
59698,6
59700,8
59700,6
59702,1
59703,10
59703,1
59704,2
59704,8
59705,3
59705,1
59705,2
59706,7
59707,0
59710,1
59711,3
59715,7
59716,8
59717,1
59718,3
59718,1
59722,6
59722,1
59723,8
59723,2
59725,1
59726,3
59726,9
59727,0
59729,6
59731,8
59732,1
59733,1
59733,8
59733,2
59733,9
59734,0
59737,7
59738,4
59739,8
59740,8
59740,10
59742,10
59742,1
59743,4
59747,8
59747,10
59747,7
59748,6
59748,4
59748,3
59749,10
59752,4
59752,7
59753,3
59753,10
59754,3
59756,5
59756,9
59757,10
59758,8
59758,5
59759,8
59759,2
59760,6
59762,6
59762,10
59765,5
59765,9
59765,7
59766,6
59768,10
59768,8
59770,10
59770,6
59771,3
59771,1
59772,2
59772,4
59773,5
59774,6
59777,9
59778,6
59779,6
59779,9
59781,0
59783,8
59783,7
59787,7
59787,3
59787,9
59788,10
59792,8
59792,7
59794,8
59795,2
59795,6
59795,0
59798,0
59798,4
59800,1
59802,9
59804,8
59804,10
59804,9
59805,4
59807,1
59807,8
59811,7
59811,1
59812,0
59812,1
59812,3
59815,4
59816,6
59817,7
59817,6
59819,3
59820,1
59820,10
59820,8
59822,2
59825,2
59825,4
59826,3
59828,9
59828,3
59829,3
59829,5
59829,2
59830,4
59831,6
59835,7
59836,4
59836,2
59836,7
59836,3
59837,3
59837,9
59838,3
59841,10
59842,5
59842,0
59842,10
59843,6
59843,3
59843,4
59844,8
59845,9
59846,9
59847,8
59848,9
59849,3
59854,3
59856,6
59856,8
59858,1
59858,2
59860,4
59860,5
59860,7
59861,3
59862,9
59862,8
59863,4
59864,3
59865,4
59866,1
59866,8
59867,10
59867,5
59869,4
59871,6
59871,8
59875,9
59875,1
59876,5
59876,1
59877,8
59877,5
59879,8
59880,4
59881,3
59883,8
59884,1
59885,0
59885,1
59886,7
59887,1
59888,9
59891,5
59892,10
59893,0
59895,8
59895,7
59896,10
59897,3
59898,5
59899,1
59899,7
59900,9
59901,2
59902,2
59902,0
59903,1
59903,8
59904,0
59905,10
59908,1
59909,8
59909,7
59910,7
59910,8
59911,1
59912,5
59916,10
59919,5
59919,3
59920,9
59921,6
59922,10
59923,9
59925,10
59925,0
59926,6
59926,10
59926,9
59929,10
59929,5
59929,3
59933,9
59933,0
59935,7
59936,6
59937,8
59937,7
59938,10
59941,2
59941,7
59942,8
59944,9
59947,9
59948,5
59953,10
59954,3
59955,10
59956,3
59957,2
59958,7
59958,6
59960,6
59960,9
59962,8
59965,1
59966,3
59967,8
59967,6
59972,8
59972,10
59974,10
59974,7
59976,9
59977,6
59978,8
59978,7
59979,7
59980,8
59981,3
59982,1
59982,2
59984,0
59985,7
59986,9
59986,0
59987,4
59988,5
59990,0
59990,9
59990,1
59991,9
59993,1
59996,2
59997,1
59998,3
60000,4
60001,7
60001,4
60003,4
60003,6
60004,1
60007,7
60008,7
60008,6
60008,5
60009,7
60009,4
60013,4
60013,5
60013,0
60014,8
60014,3
60014,5
60015,9
60015,4
60017,5
60019,4
60020,2
60020,10
60021,3
60021,6
60022,6
60023,5
60023,4
60024,7
60024,2
60026,6
60027,2
60028,8
60029,3
60030,0
60033,9
60034,2
60035,5
60037,4
60037,3
60038,2
60039,6
60039,3
60040,5
60041,4
60041,7
60042,5
60042,10
60043,10
60043,7
60045,2
60046,5
60047,3
60047,1
60048,9
60048,0
60049,5
60050,4
60051,1
60051,2
60051,0
60052,3
60053,6
60055,8
60056,6
60057,9
60058,1
60059,2
60059,4
60060,1
60061,9
60061,5
60062,5
60063,6
60064,6
60064,10
60066,5
60068,8
60068,2
60070,10
60074,10
60075,9
60077,3
60077,9
60077,7
60078,1
60079,1
60079,5
60080,0
60080,10
60080,7
60080,2
60080,1
60081,0
60082,6
60083,4
60083,10
60084,3
60085,0
60085,2
60086,1
60086,5
60087,8
60088,5
60088,9
60089,5
60090,7
60090,2
60091,6
60091,3
60093,7
60094,3
60096,3
60096,2
60097,6
60100,0
60101,8
60101,3
60101,10
60102,0
60103,6
60103,7
60103,5
60103,1
60104,2
60106,1
60106,5
60109,7
60110,4
60112,2
60114,0
60114,6
60115,10
60115,5
60115,3
60117,5
60117,10
60118,8
60119,9
60119,2
60120,1
60120,8
60122,5
60123,5
60123,10
60124,7
60125,8
60127,0
60127,5
60131,5
60132,0
60133,4
60133,1
60134,6
60135,5
60136,10
60136,7
60137,7
60138,5
60140,8
60141,3
60146,1
60148,9
60148,7
60150,9
60150,3
60151,0
60151,9
60152,1
60152,10
60154,6
60155,7
60156,0
60156,8
60161,3
60161,9
60162,8
60162,1
60163,9
60164,5
60167,4
60167,3
60168,3
60169,2
60169,9
60170,2
60171,9
60171,3
60172,7
60172,0
60175,0
60175,4
60176,8
60177,5
60177,2
60178,1
60180,4
60183,6
60183,10
60183,0
60184,2
60185,8
60186,4
60187,10
60187,1
60188,2
60190,5
60191,0
60192,4
60192,3
60192,7
60193,4
60196,1
60196,7
60197,4
60197,6
60197,7
60198,2
60198,5
60198,0
60199,3
60199,6
60199,10
60200,4
60201,0
60201,2
60202,4
60202,10
60206,3
60206,0
60207,9
60211,4
60211,8
60211,9
60212,9
60212,7
60212,2
60212,0
60214,2
60216,5
60217,3
60217,6
60218,5
60218,10
60219,6
60220,6
60221,8
60222,3
60223,0
60223,7
60225,4
60225,10
60226,5
60226,10
60228,7
60231,3
60232,2
60232,8
60233,3
60233,8
60233,0
60234,1
60240,1
60240,8
60240,6
60241,4
60241,2
60242,5
60245,0
60247,4
60247,2
60248,7
60250,0
60251,4
60252,8
60252,6
60252,0
60252,1
60253,4
60254,6
60254,1
60254,3
60255,7
60255,3
60259,1
60259,2
60259,10
60260,1
60262,1
60262,6
60264,4
60265,5
60267,2
60268,9
60269,4
60270,8
60270,1
60270,3
60271,6
60276,9
60276,6
60277,7
60278,2
60278,0
60279,8
60279,9
60281,8
60281,10
60282,3
60283,9
60283,7
60284,7
60284,0
60285,7
60285,6
60286,1
60288,4
60291,3
60292,6
60294,8
60295,6
60295,1
60296,3
60296,2
60296,4
60296,8
60297,4
60298,6
60301,10
60301,3
60301,0
60302,3
60302,9
60304,3
60304,6
60305,1
60305,6
60306,2
60306,7
60306,4
60308,1
60309,4
60310,0
60310,7
60312,9
60315,7
60315,0
60317,8
60317,4
60317,2
60322,6
60325,6
60326,8
60328,1
60328,2
60328,0
60331,10
60332,7
60332,6
60332,5
60334,7
60334,0
60334,2
60334,9
60336,8
60337,8
60338,1
60338,3
60339,10
60340,2
60340,1
60341,2
60342,1
60343,2
60344,0
60344,7
60344,8
60344,6
60345,4
60346,3
60346,2
60346,1
60350,0
60350,1
60353,5
60354,9
60355,1
60355,9
60355,7
60357,4
60358,4
60359,10
60359,8
60360,7
60362,10
60362,1
60362,9
60363,4
60365,2
60367,10
60369,10
60369,1
60374,3
60375,2
60376,7
60377,5
60379,3
60381,4
60381,2
60382,5
60382,2
60383,1
60383,0
60385,10
60385,0
60385,5
60389,6
60390,9
60392,2
60394,2
60397,6
60398,10
60399,3
60399,4
60400,10
60402,10
60402,4
60403,4
60404,3
60404,1
60404,0
60404,8
60407,10
60409,8
60409,9
60410,6
60410,10
60412,8
60412,10
60414,6
60416,1
60416,6
60419,4
60419,2
60419,7
60420,10
60420,4
60422,9
60426,6
60428,6
60428,8
60428,4
60430,10
60431,6
60431,10
60431,9
60431,1
60431,7
60432,8
60434,2
60434,9
60436,1
60436,8
60437,10
60441,3
60441,6
60441,8
60441,0
60442,4
60444,0
60444,9
60445,0
60448,9
60450,6
60451,1
60452,6
60453,2
60455,4
60455,3
60456,8
60457,4
60459,8
60461,9
60462,0
60463,7
60463,9
60464,1
60464,3
60465,3
60465,5
60466,2
60466,3
60467,3
60468,9
60468,6
60469,6
60470,6
60470,8
60472,8
60474,0
60474,8
60474,4
60474,6
60474,1
60475,7
60476,10
60477,8
60478,10
60478,5
60479,3
60480,6
60480,7
60487,2
60489,10
60489,3
60489,4
60489,9
60491,8
60492,1
60493,3
60493,4
60494,8
60494,10
60495,2
60495,1
60495,8
60497,7
60497,10
60498,5
60499,6
60500,3
60500,1
60501,10
60503,6
60505,1
60505,6
60506,5
60508,6
60508,5
60509,2
60509,8
60510,1
60510,5
60511,0
60511,10
60512,0
60512,7
60513,2
60515,0
60515,1
60516,9
60519,0
60519,7
60520,2
60521,1
60521,0
60521,6
60523,9
60523,6
60524,6
60526,2
60527,6
60527,3
60527,1
60528,0
60531,5
60532,7
60536,9
60537,1
60538,4
60538,10
60540,3
60541,8
60542,2
60542,8
60542,10
60544,7
60544,0
60546,6
60546,8
60546,3
60549,2
60550,7
60551,9
60551,6
60551,1
60551,5
60555,1
60555,0
60556,5
60556,9
60558,10
60558,8
60559,8
60560,9
60560,0
60560,6
60561,7
60562,3
60563,4
60564,6
60565,1
60567,10
60568,0
60569,8
60569,3
60570,0
60571,4
60572,7
60572,4
60573,2
60574,0
60574,5
60574,8
60577,6
60578,7
60579,2
60579,7
60583,7
60585,4
60586,6
60586,5
60587,8
60589,8
60590,6
60590,1
60590,8
60592,2
60594,5
60597,0
60597,7
60598,10
60599,4
60599,2
60601,10
60601,0
60601,4
60603,8
60604,6
60605,3
60605,4
60606,10
60606,2
60606,8
60607,1
60608,10
60608,9
60611,2
60612,3
60612,6
60613,8
60613,2
60615,3
60615,6
60616,1
60617,10
60617,5
60618,4
60619,1
60620,5
60621,9
60622,7
60623,2
60625,2
60625,10
60625,6
60626,10
60627,10
60627,1
60629,3
60630,0
60631,6
60632,1
60633,4
60633,8
60633,7
60634,5
60634,7
60634,10
60635,2
60640,10
60642,10
60643,7
60644,3
60644,7
60645,10
60646,10
60648,5
60649,10
60649,7
60650,9
60651,9
60652,0
60652,8
60653,3
60654,8
60654,5
60655,9
60656,6
60657,6
60658,5
60661,0
60662,10
60665,0
60666,5
60667,1
60669,6
60669,4
60670,10
60671,2
60671,8
60672,3
60672,7
60672,8
60673,10
60675,7
60675,5
60675,2
60677,7
60678,4
60678,1
60678,8
60679,8
60679,6
60681,3
60683,6
60685,10
60686,0
60686,4
60689,4
60690,2
60691,3
60691,2
60691,7
60693,1
60694,1
60694,0
60695,5
60695,8
60695,1
60696,8
60697,8
60697,2
60700,5
60700,1
60701,7
60702,2
60704,6
60704,10
60705,1
60705,2
60706,5
60710,4
60710,3
60711,7
60711,6
60712,9
60713,3
60715,4
60715,3
60716,9
60716,8
60717,8
60723,0
60724,2
60725,9
60725,4
60726,5
60726,10
60728,10
60729,8
60730,8
60731,0
60731,8
60731,2
60731,9
60732,0
60733,8
60733,3
60743,2
60744,9
60745,8
60746,9
60748,4
60749,10
60750,7
60752,6
60753,10
60754,6
60755,10
60755,3
60758,5
60758,6
60759,5
60759,10
60761,10
60762,3
60763,6
60765,1
60766,1
60766,3
60766,2
60766,6
60769,6
60770,10
60771,10
60771,5
60773,5
60774,7
60775,2
60775,3
60777,2
60779,3
60779,0
60781,10
60783,5
60783,4
60784,3
60786,10
60787,8
60788,4
60789,0
60790,4
60790,7
60791,6
60793,5
60794,10
60795,6
60796,5
60796,10
60796,2
60797,5
60797,8
60797,4
60797,7
60798,1
60800,0
60801,1
60801,0
60802,0
60802,9
60802,10
60804,6
60804,9
60805,2
60806,7
60809,7
60809,2
60809,3
60810,5
60810,8
60810,0
60810,7
60811,4
60812,0
60812,3
60813,1
60813,10
60814,6
60816,8
60817,6
60817,1
60818,1
60819,2
60820,8
60820,1
60821,6
60821,7
60822,10
60824,0
60825,8
60825,4
60826,1
60828,2
60829,3
60830,7
60831,3
60831,0
60831,2
60833,2
60833,8
60834,10
60834,8
60835,9
60836,8
60836,10
60836,6
60836,5
60837,10
60838,9
60838,10
60839,4
60842,2
60845,7
60847,4
60848,9
60849,2
60851,3
60853,10
60854,5
60854,0
60854,4
60855,2
60855,9
60855,0
60855,8
60857,1
60857,7
60859,9
60861,5
60862,6
60863,4
60863,9
60863,7
60864,4
60864,10
60864,5
60865,6
60865,0
60867,3
60872,3
60873,10
60873,6
60876,7
60876,1
60877,3
60881,6
60881,0
60882,8
60882,4
60883,5
60883,10
60884,3
60886,5
60887,8
60888,1
60888,6
60888,3
60889,10
60889,1
60890,9
60890,4
60890,3
60890,0
60892,7
60893,7
60894,2
60894,1
60894,3
60897,2
60899,3
60900,5
60901,5
60902,8
60903,2
60904,2
60905,9
60905,4
60906,6
60907,1
60908,10
60910,7
60912,6
60912,3
60914,0
60915,5
60916,2
60916,4
60917,2
60918,5
60919,7
60921,5
60921,6
60922,4
60923,1
60923,9
60925,7
60926,7
60927,1
60928,6
60929,1
60930,4
60931,5
60933,10
60936,1
60936,5
60936,9
60937,5
60937,1
60937,9
60938,3
60939,5
60940,10
60940,9
60942,7
60943,4
60943,9
60944,1
60944,0
60945,10
60947,2
60948,1
60948,6
60948,8
60951,5
60952,10
60953,5
60953,8
60953,0
60953,2
60954,3
60954,0
60954,4
60957,2
60958,8
60958,1
60958,4
60960,10
60961,10
60962,0
60962,8
60964,7
60968,4
60968,10
60969,10
60970,6
60970,9
60972,3
60974,9
60976,1
60976,6
60978,9
60980,6
60981,5
60981,9
60981,10
60982,4
60983,9
60989,6
60989,5
60992,4
60993,0
60993,1
60994,4
60994,6
60995,2
60995,0
60996,7
60999,3
60999,8
61002,4
61002,6
61003,3
61004,10
61004,8
61005,2
61005,1
61006,5
61007,6
61007,0
61009,1
61010,1
61012,0
61013,9
61016,7
61016,10
61017,9
61018,10
61019,1
61019,7
61020,9
61021,7
61021,8
61022,0
61023,2
61024,2
61024,1
61025,6
61026,5
61027,0
61028,5
61028,3
61031,3
61031,2
61033,9
61037,10
61037,8
61038,8
61038,1
61038,10
61039,0
61039,8
61042,5
61042,10
61044,5
61044,8
61047,6
61047,2
61047,5
61047,9
61047,7
61048,7
61048,8
61049,2
61050,10
61051,0
61054,0
61055,4
61055,5
61058,3
61061,9
61061,7
61063,7
61064,4
61065,7
61066,2
61066,3
61066,7
61068,9
61074,10
61075,1
61077,9
61078,4
61078,10
61079,9
61080,0
61080,10
61081,5
61082,2
61083,0
61084,2
61086,3
61088,7
61089,10
61090,2
61090,3
61090,0
61090,1
61091,8
61092,5
61093,4
61094,4
61095,3
61096,3
61096,8
61097,4
61102,8
61103,9
61104,5
61105,4
61105,3
61106,4
61106,7
61106,3
61110,9
61111,6
61113,0
61117,3
61117,9
61117,10
61118,5
61118,9
61120,10
61121,8
61121,10
61123,7
61126,5
61127,10
61127,7
61129,6
61129,10
61130,7
61130,6
61130,4
61131,4
61131,7
61131,6
61133,10
61136,9
61136,7
61137,4
61137,3
61137,1
61139,5
61140,2
61140,3
61140,5
61141,6
61141,5
61142,5
61143,7
61143,1
61144,3
61144,1
61146,3
61146,0
61146,1
61147,8
61148,10
61150,0
61152,7
61153,8
61154,5
61156,9
61156,8
61157,3
61159,8
61165,6
61166,5
61169,6
61171,3
61171,1
61172,8
61173,0
61174,9
61174,2
61175,1
61176,0
61176,4
61177,7
61180,5
61183,5
61183,1
61183,10
61184,5
61184,0
61185,8
61185,3
61186,9
61188,1
61190,3
61192,10
61192,2
61193,1
61193,8
61193,0
61194,2
61194,6
61196,4
61197,7
61197,6
61199,8
61200,8
61201,9
61202,3
61203,9
61205,0
61205,9
61207,8
61208,9
61208,0
61208,1
61209,6
61209,1
61210,3
61211,3
61211,6
61217,6
61217,9
61220,0
61221,3
61225,9
61230,9
61231,5
61231,2
61231,7
61232,6
61232,5
61235,3
61236,3
61238,7
61238,2
61238,1
61238,0
61239,7
61240,8
61241,6
61242,4
61245,0
61245,8
61247,6
61247,7
61248,10
61249,1
61249,4
61250,9
61250,8
61250,1
61251,2
61251,7
61252,4
61253,4
61254,8
61255,2
61255,10
61257,8
61257,10
61258,8
61258,1
61261,4
61261,9
61261,6
61261,0
61262,2
61262,9
61263,3
61263,10
61264,7
61265,10
61265,7
61266,10
61266,0
61267,7
61267,1
61267,9
61270,4
61271,10
61271,1
61274,7
61276,4
61276,2
61278,8
61278,0
61278,10
61280,4
61282,2
61282,6
61284,7
61285,6
61287,2
61288,4
61291,7
61291,6
61292,0
61293,2
61295,6
61295,2
61296,5
61297,9
61298,10
61300,8
61300,5
61300,9
61301,6
61301,2
61303,7
61305,10
61306,6
61306,2
61307,3
61307,8
61308,4
61309,0
61309,3
61309,5
61311,4
61313,4
61313,7
61314,8
61315,2
61316,2
61316,7
61318,10
61319,9
61319,1
61320,5
61321,10
61322,1
61323,10
61324,1
61325,3
61326,5
61326,9
61327,10
61329,9
61331,8
61332,0
61332,4
61334,7
61334,0
61334,2
61335,3
61342,5
61343,3
61343,9
61343,10
61344,7
61346,3
61346,0
61347,1
61348,10
61348,9
61349,2
61350,4
61350,2
61350,9
61351,0
61353,2
61354,5
61357,8
61357,0
61358,3
61358,2
61360,9
61360,5
61360,10
61360,4
61361,3
61362,5
61363,0
61364,6
61366,6
61367,1
61368,5
61368,3
61369,5
61372,3
61374,9
61374,5
61376,5
61377,2
61378,9
61378,7
61380,5
61382,8
61384,10
61384,4
61385,1
61387,10
61387,8
61389,8
61389,3
61390,8
61391,3
61391,0
61391,2
61392,2
61392,6
61392,8
61394,6
61396,4
61396,0
61396,8
61397,2
61401,4
61401,0
61401,1
61402,9
61403,9
61403,2
61405,0
61405,2
61407,0
61408,4
61408,10
61409,6
61409,8
61410,1
61411,9
61411,8
61413,5
61413,3
61413,8
61414,5
61415,8
61416,3
61420,9
61422,7
61422,5
61422,2
61425,7
61425,9
61425,8
61426,4
61426,1
61427,4
61428,0
61428,9
61430,7
61431,7
61431,5
61433,1
61436,2
61437,8
61438,8
61439,3
61440,3
61440,10
61440,9
61440,8
61441,0
61442,6
61444,2
61445,8
61446,1
61446,4
61446,0
61447,7
61449,5
61450,9
61451,10
61453,8
61454,1
61454,8
61455,8
61456,9
61456,7
61456,3
61456,2
61458,0
61458,5
61458,3
61459,8
61459,4
61460,1
61462,5
61462,2
61464,6
61465,2
61466,6
61466,2
61469,5
61473,4
61473,6
61475,5
61475,9
61477,5
61478,3
61479,6
61480,6
61480,7
61480,9
61481,4
61482,4
61482,3
61483,6
61484,8
61486,1
61487,5
61487,1
61488,10
61488,7
61488,6
61489,3
61490,9
61491,3
61491,0
61492,3
61492,1
61493,6
61496,4
61496,8
61498,5
61499,2
61501,2
61501,1
61502,7
61504,7
61504,4
61505,1
61505,8
61506,2
61506,6
61507,3
61507,7
61508,5
61509,10
61511,9
61512,9
61513,5
61516,2
61516,5
61517,1
61518,3
61519,3
61521,5
61522,4
61522,6
61523,8
61523,4
61524,5
61528,9
61528,5
61529,0
61531,4
61534,2
61535,8
61537,10
61538,6
61539,9
61540,7
61541,2
61541,3
61544,1
61544,6
61546,1
61547,6
61549,8
61550,7
61552,1
61552,6
61553,4
61553,8
61553,5
61554,4
61555,6
61556,10
61557,8
61558,9
61559,5
61560,1
61561,4
61564,7
61566,10
61567,10
61567,3
61568,0
61569,9
61570,2
61570,10
61570,5
61570,3
61570,0
61573,10
61573,6
61574,3
61574,5
61575,3
61575,6
61580,3
61580,10
61580,9
61586,2
61587,7
61587,10
61591,9
61591,7
61592,1
61593,2
61595,7
61595,0
61595,5
61596,6
61596,3
61597,7
61597,1
61598,0
61599,3
61603,5
61604,6
61605,8
61606,10
61610,2
61610,9
61612,3
61612,0
61613,7
61613,9
61614,5
61614,9
61615,8
61615,7
61619,10
61619,6
61619,7
61621,3
61621,10
61622,8
61624,3
61625,2
61626,3
61626,2
61627,1
61627,7
61627,3
61628,2
61628,0
61629,1
61630,8
61631,4
61632,2
61633,3
61634,5
61634,0
61635,4
61636,7
61637,7
61644,2
61645,6
61645,4
61646,10
61647,5
61648,3
61649,2
61651,6
61651,4
61653,0
61654,10
61654,4
61654,0
61655,8
61657,3
61657,2
61658,0
61660,0
61661,2
61662,3
61663,7
61663,3
61663,0
61663,1
61664,9
61664,5
61666,0
61667,9
61667,8
61667,0
61668,3
61668,0
61670,7
61670,9
61671,4
61671,7
61671,6
61673,5
61676,3
61677,8
61678,10
61679,6
61680,10
61681,4
61681,8
61682,5
61683,5
61684,3
61687,2
61689,2
61690,5
61691,5
61692,7
61693,8
61693,10
61694,8
61695,10
61695,8
61697,8
61698,1
61699,0
61702,3
61704,8
61704,5
61705,5
61707,3
61707,5
61708,4
61709,0
61713,7
61714,9
61714,0
61715,5
61717,2
61718,6
61718,7
61719,10
61719,9
61720,7
61722,7
61723,8
61725,8
61726,8
61727,10
61731,10
61733,2
61735,8
61736,8
61736,0
61737,6
61739,0
61740,0
61741,2
61742,10
61743,8
61744,1
61744,10
61745,8
61745,0
61746,2
61747,1
61749,2
61749,9
61751,8
61751,5
61752,1
61752,9
61752,0
61754,5
61754,10
61755,3
61759,3
61759,0
61762,3
61768,9
61768,1
61768,5
61771,1
61771,6
61771,3
61773,1
61774,7
61774,10
61774,0
61775,7
61775,3
61780,2
61782,1
61782,5
61783,2
61784,7
61784,8
61785,4
61787,5
61790,7
61792,2
61793,1
61794,6
61796,10
61798,2
61798,10
61800,6
61800,5
61800,7
61802,7
61804,10
61804,6
61805,5
61805,4
61808,5
61808,9
61811,4
61811,8
61813,4
61814,4
61814,9
61814,0
61816,7
61817,0
61817,8
61817,9
61818,5
61818,7
61819,7
61820,1
61820,8
61822,3
61822,7
61824,2
61824,9
61825,4
61828,5
61829,4
61831,1
61831,2
61831,7
61831,0
61832,5
61832,6
61834,4
61835,6
61835,8
61838,7
61839,8
61840,5
61841,6
61841,3
61841,5
61842,3
61845,10
61845,9
61846,6
61846,10
61849,9
61850,5
61850,9
61850,7
61851,1
61851,7
61853,0
61855,0
61857,2
61858,3
61858,10
61859,0
61859,10
61860,1
61862,3
61863,3
61865,3
61866,4
61867,10
61867,5
61871,0
61872,5
61873,7
61876,3
61876,9
61877,3
61879,0
61881,1
61882,10
61883,2
61885,7
61887,3
61888,3
61888,10
61889,4
61889,10
61890,8
61890,5
61891,5
61891,2
61892,3
61892,6
61893,1
61896,8
61897,3
61897,7
61898,9
61899,3
61900,9
61901,5
61901,8
61903,5
61905,5
61906,6
61910,7
61912,0
61912,4
61912,2
61914,7
61915,1
61916,9
61921,2
61921,6
61923,5
61925,6
61926,6
61926,9
61926,5
61927,9
61929,3
61931,6
61933,2
61933,7
61935,3
61937,9
61937,6
61937,10
61937,3
61938,10
61939,2
61940,0
61940,10
61940,4
61942,1
61942,4
61942,9
61943,7
61944,4
61945,1
61946,2
61947,2
61948,3
61949,2
61950,8
61950,2
61950,10
61953,0
61953,10
61954,1
61954,10
61954,3
61959,7
61959,0
61960,10
61960,5
61960,6
61960,2
61961,10
61962,0
61962,4
61963,1
61964,7
61965,3
61966,6
61966,5
61967,9
61967,8
61971,10
61972,5
61973,2
61973,6
61973,5
61974,0
61975,3
61975,4
61976,4
61976,6
61976,10
61976,9
61977,2
61980,1
61981,10
61982,4
61984,1
61985,0
61985,3
61987,6
61987,7
61988,1
61988,5
61988,7
61989,10
61989,7
61991,5
61991,3
61992,9
61992,7
61993,0
61994,2
61994,0
61994,5
61995,5
61996,0
61996,10
61996,8
61997,8
61997,0
61998,9
61999,8
62000,5
62001,0
62001,3
62008,6
62008,9
62008,8
62009,2
62009,9
62012,10
62012,0
62013,4
62017,6
62017,3
62019,2
62020,3
62022,10
62023,7
62023,0
62024,1
62024,7
62025,4
62025,6
62026,6
62028,4
62032,9
62033,1
62033,0
62033,2
62034,10
62034,6
62035,2
62036,0
62038,4
62038,3
62041,1
62042,1
62042,2
62045,10
62046,2
62046,6
62047,3
62047,8
62047,6
62048,7
62048,5
62050,1
62052,3
62052,8
62053,1
62055,10
62055,2
62056,5
62056,6
62057,6
62058,10
62058,8
62059,5
62061,2
62061,1
62062,4
62064,9
62065,1
62066,8
62067,10
62068,8
62070,1
62070,6
62071,8
62071,9
62072,0
62074,10
62075,1
62079,3
62079,2
62080,7
62081,2
62081,0
62081,9
62082,6
62083,5
62083,3
62084,1
62086,10
62089,10
62093,2
62093,6
62094,1
62095,4
62096,6
62096,5
62096,0
62096,3
62098,9
62099,5
62101,7
62102,10
62102,3
62104,7
62105,1
62106,0
62110,1
62110,10
62110,0
62110,2
62111,8
62113,6
62113,0
62114,9
62115,4
62115,3
62115,7
62117,1
62118,6
62119,10
62119,0
62120,3
62121,3
62121,4
62121,0
62122,10
62122,9
62124,3
62124,4
62127,5
62127,7
62128,5
62128,3
62129,0
62130,4
62131,2
62132,7
62134,9
62134,2
62134,0
62136,0
62136,4
62137,6
62138,2
62140,1
62140,3
62140,2
62141,5
62141,9
62142,4
62144,6
62145,3
62146,0
62146,1
62146,2
62147,10
62152,0
62153,7
62154,2
62155,5
62156,3
62157,3
62157,1
62157,10
62158,6
62158,9
62160,6
62160,4
62161,10
62165,3
62166,2
62166,0
62168,5
62168,2
62170,5
62171,2
62172,0
62172,2
62172,3
62173,1
62174,9
62176,3
62176,6
62177,1
62178,4
62178,0
62178,6
62179,5
62179,10
62181,9
62181,10
62182,2
62183,9
62183,10
62185,10
62185,7
62185,3
62187,0
62187,4
62189,10
62190,1
62191,7
62193,0
62194,10
62195,2
62196,4
62196,9
62198,9
62199,2
62199,0
62199,8
62203,1
62204,9
62205,5
62206,2
62206,1
62207,0
62208,6
62211,3
62214,6
62215,1
62216,1
62216,6
62217,7
62217,4
62218,1
62220,1
62221,4
62225,7
62225,0
62226,1
62227,1
62227,2
62227,6
62228,4
62232,0
62232,7
62235,4
62236,10
62238,2
62238,7
62238,10
62239,10
62240,4
62241,7
62241,1
62243,6
62243,10
62244,7
62245,4
62248,2
62252,1
62253,0
62253,5
62253,4
62254,8
62261,1
62261,3
62262,3
62263,6
62264,0
62265,10
62266,2
62267,3
62268,1
62268,4
62268,6
62269,9
62270,3
62271,4
62272,0
62272,9
62272,2
62273,8
62273,4
62275,6
62277,3
62279,10
62279,0
62281,4
62281,6
62282,2
62282,10
62283,4
62284,6
62284,7
62285,8
62286,9
62287,9
62287,2
62287,8
62288,9
62289,7
62290,3
62291,0
62292,0
62293,8
62293,7
62296,3
62299,9
62301,2
62303,4
62305,6
62306,7
62306,2
62307,6
62307,3
62307,4
62308,9
62309,7
62309,0
62310,1
62310,10
62311,10
62313,10
62313,7
62313,4
62315,9
62316,7
62316,0
62317,6
62317,2
62317,10
62319,10
62319,6
62320,0
62323,7
62324,1
62326,2
62326,0
62326,1
62326,5
62327,10
62329,10
62330,4
62331,4
62332,3
62334,1
62334,9
62335,1
62335,5
62336,6
62337,8
62337,9
62338,9
62338,10
62338,3
62340,9
62340,10
62340,0
62342,4
62343,0
62343,1
62345,7
62347,0
62347,10
62348,9
62349,10
62349,0
62350,2
62350,7
62355,6
62355,0
62356,9
62358,9
62359,5
62359,8
62360,3
62360,4
62361,1
62363,4
62364,4
62365,8
62367,3
62367,10
62368,1
62368,5
62368,6
62370,5
62371,6
62372,6
62372,7
62372,3
62373,5
62374,1
62375,7
62375,2
62376,5
62376,6
62376,2
62377,9
62377,2
62378,10
62378,5
62379,9
62381,8
62382,0
62382,3
62383,4
62384,5
62386,10
62386,5
62387,5
62389,0
62392,1
62392,5
62392,4
62393,10
62393,4
62395,6
62396,9
62397,2
62398,1
62400,9
62402,1
62403,0
62403,3
62404,2
62408,1
62411,1
62411,10
62411,7
62412,2
62413,6
62413,1
62414,9
62415,9
62415,0
62416,10
62417,1
62417,4
62418,7
62418,6
62420,0
62420,8
62422,2
62425,3
62425,8
62426,7
62427,8
62427,2
62427,4
62428,5
62429,5
62429,7
62430,10
62431,9
62432,6
62432,8
62432,10
62433,2
62436,6
62436,5
62437,1
62437,8
62438,4
62438,5
62439,4
62440,1
62441,4
62444,3
62445,2
62446,8
62449,7
62450,9
62452,6
62452,5
62453,4
62453,1
62453,5
62454,5
62456,10
62457,6
62459,6
62460,8
62460,10
62461,4
62463,2
62463,0
62464,10
62464,2
62465,7
62465,3
62468,4
62469,4
62470,6
62471,2
62473,6
62474,7
62476,4
62476,6
62477,2
62478,1
62478,6
62479,1
62481,0
62481,5
62482,0
62482,6
62484,0
62484,5
62485,8
62485,5
62487,0
62488,0
62489,8
62490,0
62491,6
62492,8
62493,10
62494,9
62495,1
62495,3
62496,3
62496,5
62496,1
62498,0
62499,3
62500,5
62500,1
62501,7
62502,9
62502,0
62502,3
62504,9
62506,8
62506,4
62506,6
62508,8
62508,5
62510,6
62512,2
62513,8
62513,5
62514,1
62516,9
62516,2
62517,6
62517,7
62517,2
62518,0
62519,2
62520,5
62522,9
62527,8
62528,6
62529,6
62530,9
62531,5
62531,7
62532,2
62532,6
62533,7
62533,1
62534,8
62536,6
62537,4
62537,9
62542,6
62543,1
62543,10
62544,4
62546,9
62547,9
62548,5
62548,10
62548,3
62548,0
62551,4
62553,6
62555,0
62557,6
62557,8
62559,9
62559,8
62559,5
62560,9
62560,1
62562,9
62564,2
62564,9
62564,7
62565,2
62567,6
62570,4
62570,8
62570,6
62571,7
62571,6
62575,0
62578,4
62579,7
62581,8
62582,0
62583,7
62585,8
62586,0
62586,5
62588,7
62589,8
62590,1
62590,4
62590,7
62590,2
62592,9
62594,7
62594,5
62594,6
62595,6
62595,7
62598,9
62598,1
62599,1
62601,10
62604,1
62607,3
62607,8
62607,0
62610,7
62611,2
62611,0
62611,3
62612,2
62614,8
62614,4
62615,4
62615,6
62617,2
62617,7
62618,0
62622,3
62622,7
62623,7
62624,9
62625,7
62625,1
62626,10
62627,3
62630,4
62632,3
62633,4
62636,5
62636,10
62637,10
62638,7
62638,9
62639,10
62640,3
62642,6
62643,9
62645,4
62645,2
62646,4
62648,10
62648,8
62649,5
62650,9
62651,4
62652,3
62654,1
62655,6
62655,1
62656,3
62657,3
62658,5
62658,2
62660,9
62662,3
62662,9
62664,2
62664,3
62665,9
62665,10
62667,8
62667,9
62667,1
62670,5
62670,1
62672,2
62673,1
62673,0
62674,5
62675,9
62675,3
62677,9
62678,1
62682,2
62682,1
62683,1
62683,6
62685,10
62685,1
62685,8
62685,3
62686,10
62686,7
62686,8
62687,1
62687,9
62688,7
62689,9
62689,7
62690,10
62691,6
62691,4
62692,2
62693,5
62693,6
62693,2
62696,6
62696,8
62696,10
62696,3
62697,2
62699,2
62700,4
62700,10
62701,6
62702,0
62702,3
62703,10
62703,6
62704,9
62705,7
62705,8
62705,6
62707,3
62709,3
62710,3
62712,5
62712,10
62714,2
62719,0
62725,2
62725,5
62725,8
62726,0
62727,0
62730,7
62732,4
62732,0
62732,10
62733,10
62734,8
62735,9
62736,1
62736,5
62738,10
62739,0
62739,5
62739,8
62740,1
62740,4
62741,9
62742,7
62742,0
62743,1
62744,1
62748,3
62748,5
62749,0
62750,2
62751,10
62751,8
62753,1
62753,8
62753,2
62755,8
62755,5
62757,6
62757,4
62758,6
62758,9
62760,10
62761,4
62762,5
62763,9
62764,4
62766,2
62766,7
62768,6
62770,6
62771,2
62772,9
62773,9
62773,5
62773,8
62774,10
62774,5
62775,4
62778,3
62779,5
62779,8
62779,7
62782,5
62783,5
62784,5
62786,2
62788,0
62788,9
62789,0
62789,7
62791,5
62793,1
62795,6
62796,6
62798,2
62798,7
62799,6
62800,2
62801,1
62802,3
62802,8
62803,1
62804,10
62804,2
62805,6
62807,0
62808,8
62809,4
62810,5
62811,3
62811,2
62812,0
62812,2
62813,2
62813,0
62817,0
62817,9
62819,2
62819,10
62821,5
62823,3
62823,10
62824,6
62826,5
62827,8
62828,10
62829,7
62833,10
62833,4
62836,0
62837,4
62837,9
62837,1
62840,0
62841,9
62841,8
62844,3
62844,6
62845,3
62846,5
62846,7
62847,0
62849,0
62849,8
62849,4
62850,7
62851,7
62854,6
62857,1
62857,0
62857,9
62857,7
62858,6
62860,1
62860,5
62861,3
62863,7
62864,9
62864,5
62867,4
62867,8
62869,7
62869,1
62871,1
62873,2
62875,2
62875,10
62879,7
62879,4
62880,2
62881,3
62882,6
62882,8
62883,10
62884,8
62885,6
62885,4
62885,2
62886,3
62886,8
62887,8
62887,10
62888,10
62889,3
62889,2
62890,9
62891,2
62891,10
62894,4
62895,2
62895,1
62896,10
62897,6
62899,8
62900,10
62901,2
62902,10
62905,6
62906,4
62906,7
62906,0
62907,4
62907,9
62908,6
62908,0
62908,8
62909,0
62910,0
62913,7
62915,7
62917,5
62918,8
62918,10
62919,0
62921,5
62922,0
62922,4
62927,5
62928,6
62928,9
62929,3
62930,0
62930,10
62931,7
62931,5
62932,5
62933,4
62936,3
62937,8
62938,4
62940,8
62940,10
62940,1
62941,10
62942,6
62943,9
62943,6
62946,5
62947,6
62947,1
62953,7
62956,5
62960,5
62960,1
62962,3
62965,10
62966,4
62967,2
62967,6
62969,1
62970,3
62973,5
62974,6
62974,4
62976,1
62976,5
62976,8
62977,1
62977,6
62978,6
62979,4
62982,10
62983,10
62983,4
62983,9
62987,10
62987,1
62987,3
62987,0
62988,7
62988,4
62990,1
62990,4
62991,4
62992,4
62992,6
62992,5
62992,7
62992,3
62992,9
62993,5
62995,10
62995,7
62996,8
62997,6
62998,8
62999,4
62999,5
62999,10
62999,6
63000,5
63000,0
63000,7
63001,8
63001,10
63002,3
63002,4
63004,6
63005,0
63005,10
63006,4
63006,9
63006,8
63008,1
63009,7
63011,3
63012,3
63012,0
63013,8
63014,4
63016,3
63016,8
63020,0
63020,5
63021,7
63023,3
63023,6
63024,6
63024,3
63026,1
63026,9
63029,2
63031,0
63031,4
63031,10
63031,1
63033,8
63035,8
63036,10
63036,6
63038,1
63040,10
63043,7
63043,3
63045,9
63045,1
63045,3
63046,0
63047,7
63047,4
63048,8
63050,1
63050,7
63050,10
63051,5
63052,9
63053,5
63054,5
63054,0
63055,8
63055,6
63055,7
63056,0
63056,5
63056,2
63059,5
63060,9
63060,7
63060,1
63064,2
63064,10
63064,9
63064,7
63065,10
63065,6
63067,0
63068,3
63069,2
63069,10
63069,3
63070,7
63070,6
63071,0
63071,2
63072,2
63073,8
63080,5
63081,7
63083,6
63085,6
63085,0
63086,10
63086,8
63087,7
63087,3
63088,8
63089,7
63090,8
63091,1
63095,3
63095,1
63096,5
63099,9
63100,2
63100,0
63101,6
63101,5
63101,0
63102,5
63102,9
63102,8
63102,6
63103,5
63104,9
63104,5
63105,8
63105,0
63110,4
63112,10
63113,6
63114,2
63116,6
63116,2
63116,9
63119,5
63120,8
63122,7
63122,8
63122,5
63123,8
63126,8
63126,5
63126,0
63127,9
63127,10
63128,1
63128,0
63129,1
63129,0
63130,3
63133,8
63133,3
63135,2
63137,10
63140,2
63141,5
63141,10
63147,4
63150,7
63150,4
63151,9
63152,9
63153,0
63158,2
63159,3
63159,4
63161,5
63161,4
63162,9
63163,7
63164,0
63167,8
63168,9
63168,4
63169,9
63169,3
63170,8
63171,10
63172,9
63173,4
63173,8
63174,1
63175,10
63178,10
63178,1
63178,7
63178,9
63179,9
63180,6
63180,5
63181,8
63182,4
63184,3
63185,1
63186,4
63186,10
63186,0
63187,0
63190,8
63191,1
63192,1
63192,2
63194,0
63197,1
63198,10
63198,9
63202,4
63203,0
63204,8
63204,1
63204,5
63204,7
63205,9
63206,7
63206,8
63206,0
63207,8
63207,2
63207,4
63207,10
63209,4
63210,10
63210,3
63212,1
63214,10
63214,0
63215,4
63216,3
63218,8
63219,0
63222,9
63223,1
63226,9
63226,0
63227,7
63227,9
63227,3
63227,2
63227,5
63230,5
63231,6
63231,7
63233,5
63236,1
63238,1
63241,0
63242,3
63243,6
63243,1
63245,5
63246,0
63248,7
63248,5
63251,9
63252,8
63253,5
63253,3
63253,4
63256,8
63256,6
63256,9
63258,8
63260,6
63260,2
63262,7
63263,5
63264,4
63266,1
63266,5
63268,3
63268,5
63269,4
63269,0
63271,0
63271,2
63273,4
63274,10
63274,4
63275,9
63275,0
63276,2
63277,7
63279,1
63282,0
63282,10
63283,8
63284,2
63284,7
63293,2
63294,8
63296,1
63297,2
63298,8
63298,9
63301,8
63301,9
63304,1
63304,3
63305,7
63305,3
63310,0
63311,5
63312,4
63312,5
63313,4
63314,2
63315,0
63316,8
63318,3
63319,1
63321,9
63322,6
63324,3
63324,9
63324,2
63324,1
63327,2
63328,2
63329,6
63330,4
63331,3
63332,1
63333,8
63333,7
63335,3
63335,5
63336,5
63336,6
63337,2
63337,1
63339,4
63339,1
63340,7
63340,1
63341,8
63342,6
63345,8
63346,6
63346,4
63346,5
63346,9
63347,8
63348,5
63349,2
63350,3
63351,3
63352,1
63353,5
63354,10
63356,0
63357,5
63360,10
63361,5
63361,7
63362,2
63363,5
63363,7
63365,8
63365,5
63365,10
63368,0
63368,1
63369,6
63369,7
63370,6
63371,9
63371,2
63372,3
63372,5
63372,4
63373,6
63375,7
63376,1
63376,0
63376,5
63376,6
63379,6
63380,3
63380,8
63380,10
63383,0
63384,3
63385,3
63386,6
63387,2
63387,4
63388,8
63388,4
63392,8
63393,0
63393,5
63397,9
63397,0
63397,6
63398,8
63400,4
63401,1
63401,6
63403,4
63404,4
63405,4
63405,10
63405,6
63406,7
63406,9
63407,2
63408,0
63409,3
63410,7
63412,8
63413,1
63414,3
63414,8
63415,2
63417,9
63417,1
63417,2
63418,0
63420,10
63422,2
63422,0
63423,7
63423,3
63423,2
63423,10
63424,7
63424,0
63424,4
63425,8
63428,8
63429,2
63429,7
63429,6
63430,10
63433,3
63435,3
63436,1
63437,3
63439,5
63439,0
63440,8
63440,6
63442,10
63442,0
63443,0
63444,4
63445,0
63446,1
63447,5
63448,1
63448,8
63449,0
63450,4
63451,4
63451,7
63454,7
63455,9
63456,6
63456,3
63458,6
63458,10
63460,2
63461,9
63462,7
63464,2
63465,5
63467,4
63467,0
63467,6
63468,5
63468,3
63469,0
63470,1
63470,0
63474,4
63475,8
63476,2
63476,1
63476,6
63477,9
63478,10
63480,4
63481,2
63481,8
63482,1
63482,8
63482,5
63483,3
63484,3
63484,1
63486,0
63486,2
63486,5
63488,10
63488,3
63490,3
63492,9
63492,10
63495,10
63497,1
63499,5
63503,9
63503,3
63504,1
63504,9
63505,2
63505,5
63507,10
63507,6
63508,10
63509,2
63510,1
63512,9
63512,10
63512,1
63513,8
63514,8
63515,8
63515,7
63518,3
63519,3
63519,4
63521,9
63521,7
63521,1
63524,9
63528,1
63528,4
63529,7
63529,5
63534,9
63535,7
63536,0
63536,9
63537,7
63537,0
63537,9
63537,5
63537,8
63539,6
63540,0
63541,5
63541,3
63544,2
63547,0
63547,6
63548,9
63549,6
63552,7
63552,0
63553,1
63554,2
63554,7
63556,7
63556,6
63556,5
63558,8
63559,4
63559,6
63561,3
63562,6
63566,4
63567,6
63568,10
63569,10
63570,1
63570,0
63571,8
63572,10
63572,8
63572,5
63573,7
63573,5
63574,0
63575,9
63575,7
63576,5
63576,1
63577,0
63580,1
63580,0
63581,0
63583,4
63585,3
63585,9
63585,10
63585,5
63587,1
63589,0
63589,4
63590,5
63592,9
63592,4
63593,10
63594,9
63595,9
63595,0
63596,5
63599,2
63599,1
63600,3
63602,5
63602,8
63606,9
63606,4
63607,10
63607,1
63608,4
63608,7
63609,6
63611,1
63611,3
63614,3
63614,1
63616,8
63617,10
63619,2
63621,0
63621,3
63623,3
63624,8
63626,1
63627,3
63627,4
63628,1
63632,5
63633,1
63633,8
63633,4
63633,2
63634,8
63639,1
63640,3
63641,8
63641,2
63643,6
63643,3
63645,8
63647,5
63647,8
63647,9
63648,2
63649,6
63649,10
63649,1
63649,0
63651,6
63651,0
63651,1
63652,8
63655,6
63655,9
63656,2
63658,7
63660,8
63660,0
63661,9
63663,2
63663,7
63664,7
63667,8
63668,7
63668,6
63669,2
63669,6
63669,5
63669,3
63671,10
63671,3
63672,0
63675,6
63676,9
63681,0
63686,9
63686,4
63687,10
63688,7
63689,0
63692,10
63695,5
63695,10
63695,9
63697,9
63697,10
63697,3
63697,4
63699,2
63700,5
63700,2
63700,4
63701,9
63702,1
63702,7
63704,7
63704,3
63705,2
63705,10
63706,9
63707,3
63708,3
63709,3
63709,4
63709,5
63710,9
63710,1
63713,1
63715,8
63716,10
63716,7
63716,8
63716,3
63716,5
63717,10
63717,6
63718,9
63719,10
63720,8
63720,5
63721,3
63721,6
63722,7
63722,9
63722,4
63722,6
63723,7
63729,8
63729,3
63732,1
63732,0
63733,3
63734,7
63735,7
63736,8
63737,7
63738,1
63738,5
63739,9
63739,5
63741,2
63741,6
63741,5
63742,3
63742,10
63744,7
63744,5
63745,5
63746,9
63747,2
63749,0
63749,2
63749,1
63750,7
63750,0
63752,1
63752,5
63755,4
63755,3
63755,5
63758,0
63758,2
63759,0
63760,2
63762,3
63767,10
63767,7
63767,0
63768,3
63768,7
63768,2
63771,3
63772,0
63772,10
63773,1
63774,10
63775,8
63776,1
63777,6
63778,10
63778,7
63778,0
63779,9
63780,10
63782,4
63784,10
63784,3
63785,7
63786,7
63786,10
63786,9
63787,9
63788,5
63788,8
63788,4
63791,1
63791,3
63791,4
63792,4
63792,10
63793,2
63793,1
63793,6
63794,7
63796,3
63797,2
63797,9
63797,5
63798,3
63799,2
63799,10
63800,7
63800,6
63802,5
63802,1
63804,0
63810,10
63810,4
63810,2
63811,7
63812,10
63812,1
63813,8
63813,0
63814,5
63816,1
63816,2
63816,7
63817,1
63820,3
63820,9
63821,1
63822,1
63822,7
63823,7
63823,4
63825,9
63830,3
63830,8
63831,0
63831,7
63832,2
63836,4
63837,8
63838,9
63839,4
63840,2
63841,10
63842,10
63843,2
63843,1
63844,8
63845,4
63845,1
63846,3
63846,10
63846,5
63847,0
63847,5
63849,4
63850,9
63850,6
63851,10
63854,2
63855,7
63857,10
63857,0
63858,2
63858,4
63862,4
63863,7
63864,9
63866,4
63867,9
63867,2
63868,4
63869,8
63870,4
63870,6
63870,0
63871,3
63874,2
63874,3
63874,6
63875,6
63880,9
63880,2
63881,1
63881,7
63881,6
63882,9
63884,0
63884,2
63885,2
63885,5
63885,6
63886,4
63886,0
63887,3
63887,0
63890,2
63890,8
63891,4
63891,6
63892,8
63896,2
63896,7
63898,0
63898,7
63900,0
63900,7
63900,3
63900,8
63901,4
63902,9
63903,8
63904,5
63905,3
63908,9
63908,4
63909,0
63909,2
63910,2
63911,5
63911,10
63913,7
63915,2
63916,7
63917,6
63918,6
63918,1
63919,5
63922,3
63922,1
63925,8
63926,10
63927,6
63930,9
63930,8
63935,5
63936,4
63936,7
63937,1
63938,10
63939,8
63939,7
63940,1
63940,6
63941,3
63942,9
63943,3
63944,1
63944,2
63945,6
63945,4
63946,3
63947,2
63947,0
63950,7
63952,8
63953,9
63954,10
63955,3
63955,1
63955,8
63959,0
63960,7
63960,8
63961,1
63962,4
63963,10
63968,2
63968,4
63969,2
63972,1
63972,9
63974,2
63974,7
63975,9
63977,4
63977,7
63978,7
63979,7
63979,5
63980,9
63980,8
63980,5
63982,4
63983,0
63984,0
63984,8
63985,10
63985,1
63985,9
63988,9
63988,5
63989,9
63989,4
63990,3
63990,7
63992,8
63992,9
63993,8
63993,4
63995,2
63997,6
63999,8
64002,3
64003,8
64005,10
64006,5
64007,10
64008,9
64008,0
64009,1
64009,8
64011,3
64011,2
64012,10
64013,5
64014,10
64014,7
64016,9
64017,3
64019,3
64019,1
64019,10
64021,3
64022,7
64022,1
64022,0
64023,7
64024,2
64026,9
64027,5
64027,3
64028,8
64029,9
64030,5
64031,6
64031,3
64033,0
64034,5
64034,7
64035,4
64036,1
64037,4
64039,6
64041,10
64041,7
64042,7
64046,10
64046,7
64046,9
64047,10
64047,5
64049,6
64049,8
64051,3
64053,5
64053,10
64054,5
64057,0
64058,3
64059,9
64060,0
64061,8
64061,6
64062,6
64063,7
64066,3
64068,1
64068,0
64068,10
64068,9
64069,7
64069,2
64070,6
64072,2
64072,9
64073,9
64073,2
64074,8
64075,9
64075,5
64076,1
64077,2
64078,2
64078,7
64079,6
64079,7
64080,4
64080,5
64080,7
64082,4
64084,3
64085,5
64086,10
64088,6
64090,8
64091,9
64091,6
64092,9
64093,0
64093,5
64094,7
64095,4
64096,2
64097,0
64098,1
64098,0
64099,7
64100,8
64100,6
64101,7
64102,5
64102,0
64102,1
64103,3
64104,6
64104,1
64105,6
64106,0
64107,5
64108,9
64108,1
64111,1
64112,0
64112,1
64114,10
64115,10
64116,3
64116,6
64117,10
64117,9
64118,3
64119,4
64119,0
64120,0
64124,2
64125,8
64127,3
64127,4
64129,6
64130,2
64131,6
64133,9
64133,0
64133,10
64135,8
64138,4
64138,8
64138,7
64139,4
64139,7
64140,8
64141,1
64143,5
64144,6
64144,1
64146,7
64146,0
64146,8
64147,4
64156,1
64157,10
64157,1
64158,4
64159,5
64160,2
64160,8
64161,5
64161,9
64162,4
64163,4
64164,10
64164,4
64164,8
64167,6
64167,8
64168,8
64169,2
64170,3
64173,9
64176,3
64177,9
64179,2
64182,1
64183,3
64184,9
64184,1
64185,4
64186,1
64188,8
64189,6
64190,7
64190,6
64190,1
64192,0
64192,7
64192,1
64193,3
64194,3
64195,7
64195,10
64197,6
64198,5
64198,1
64199,2
64200,6
64200,3
64202,4
64202,7
64202,10
64203,8
64203,10
64204,3
64205,6
64205,9
64205,2
64206,5
64207,0
64208,3
64209,0
64210,5
64210,1
64210,4
64210,2
64212,1
64214,3
64215,3
64217,0
64218,9
64218,0
64219,7
64221,5
64221,10
64223,8
64225,8
64225,6
64226,9
64228,3
64229,6
64230,7
64231,5
64231,3
64232,4
64233,6
64235,9
64236,8
64237,4
64239,9
64240,3
64243,9
64243,10
64243,6
64245,2
64245,6
64247,9
64247,2
64248,8
64249,5
64249,7
64251,10
64251,9
64251,7
64252,0
64252,5
64253,8
64253,5
64254,4
64255,5
64256,4
64256,9
64256,8
64257,4
64258,4
64259,0
64260,10
64260,2
64261,10
64261,5
64262,7
64263,1
64263,3
64264,7
64266,1
64266,0
64269,0
64271,9
64271,10
64271,1
64271,6
64273,3
64274,7
64275,10
64276,9
64277,1
64277,0
64277,9
64278,9
64278,10
64280,6
64281,4
64281,1
64282,5
64284,0
64284,6
64285,4
64285,2
64287,3
64288,5
64288,7
64291,3
64293,10
64293,9
64294,0
64295,7
64295,0
64295,10
64296,5
64297,4
64298,2
64298,9
64299,8
64299,10
64300,9
64301,1
64301,7
64303,2
64305,7
64306,3
64307,10
64307,3
64308,8
64308,6
64309,10
64311,6
64311,5
64311,8
64312,4
64313,9
64313,7
64314,0
64314,7
64314,4
64315,8
64316,4
64318,0
64318,7
64322,7
64323,4
64325,7
64325,9
64327,8
64328,2
64329,7
64330,7
64331,10
64332,0
64332,7
64332,6
64334,4
64336,7
64336,4
64337,7
64339,9
64339,4
64340,5
64341,7
64342,1
64342,10
64344,1
64344,5
64345,4
64347,0
64348,2
64348,5
64349,4
64352,9
64354,5
64354,8
64355,4
64355,7
64356,0
64358,8
64360,9
64360,4
64361,2
64362,9
64363,3
64364,9
64367,10
64368,1
64368,9
64369,0
64370,5
64371,8
64372,10
64374,5
64375,10
64376,6
64378,4
64380,7
64380,5
64382,5
64383,8
64386,7
64389,3
64393,0
64394,8
64398,4
64399,0
64399,6
64402,10
64405,9
64406,9
64407,5
64408,10
64409,3
64410,9
64411,10
64412,4
64412,5
64412,0
64414,10
64415,1
64418,9
64419,9
64420,8
64421,2
64422,9
64423,5
64424,5
64426,4
64429,2
64430,0
64434,0
64434,9
64437,9
64437,3
64439,8
64440,2
64440,7
64441,8
64442,6
64444,10
64445,5
64445,8
64447,4
64448,1
64448,7
64450,6
64451,2
64451,8
64451,1
64453,9
64456,6
64458,10
64458,3
64458,2
64459,2
64459,6
64460,1
64461,8
64461,1
64463,3
64463,5
64464,1
64466,0
64468,7
64468,0
64469,6
64470,6
64471,1
64471,4
64473,10
64473,6
64473,1
64475,8
64475,7
64476,1
64476,6
64477,8
64478,9
64479,3
64481,4
64481,6
64481,10
64481,1
64483,4
64485,8
64485,4
64486,4
64486,5
64488,1
64488,2
64489,10
64490,0
64492,9
64492,5
64492,7
64493,10
64493,2
64493,3
64494,7
64495,2
64496,7
64496,4
64497,6
64497,10
64501,6
64501,2
64503,3
64503,10
64504,6
64505,9
64506,10
64506,0
64509,4
64510,7
64511,6
64512,7
64512,8
64513,2
64514,2
64515,9
64515,6
64515,8
64517,1
64517,4
64519,8
64519,5
64519,3
64520,4
64520,10
64520,2
64522,7
64524,6
64524,3
64524,7
64526,1
64526,8
64526,5
64527,8
64527,2
64527,1
64528,6
64529,10
64529,6
64529,8
64530,0
64530,1
64531,10
64532,6
64533,6
64534,9
64535,8
64536,10
64538,10
64538,3
64539,2
64539,6
64540,10
64540,2
64541,4
64541,0
64542,4
64542,7
64543,0
64544,9
64545,4
64546,7
64546,6
64546,5
64547,5
64547,9
64548,0
64549,0
64550,4
64551,1
64551,3
64552,8
64553,0
64554,7
64554,6
64556,6
64557,1
64558,7
64559,7
64559,3
64560,9
64560,3
64562,1
64563,7
64565,7
64565,5
64566,10
64567,1
64567,0
64570,8
64571,7
64571,3
64572,6
64572,1
64572,3
64573,1
64574,8
64575,4
64576,9
64577,6
64578,3
64579,10
64579,5
64579,0
64580,3
64581,6
64582,7
64583,0
64586,6
64587,5
64588,9
64588,5
64589,3
64589,10
64590,2
64592,10
64592,5
64593,5
64593,9
64594,4
64594,2
64595,2
64595,6
64596,9
64599,10
64599,2
64599,0
64600,5
64600,9
64604,9
64605,4
64606,4
64607,4
64607,8
64608,7
64609,6
64610,6
64610,7
64611,4
64613,0
64613,8
64614,5
64614,4
64615,0
64617,4
64617,9
64619,1
64619,10
64620,2
64621,4
64621,1
64622,3
64622,10
64625,3
64625,0
64627,6
64628,10
64628,5
64631,0
64635,4
64635,2
64635,1
64636,6
64636,10
64638,9
64638,10
64638,3
64640,6
64640,1
64640,8
64641,5
64641,4
64642,5
64642,2
64644,1
64645,9
64647,8
64651,7
64652,2
64652,4
64654,4
64654,6
64654,9
64655,2
64655,6
64657,5
64657,0
64659,4
64661,7
64662,1
64662,0
64666,2
64667,6
64669,2
64670,5
64670,4
64672,8
64673,9
64674,6
64674,7
64675,5
64676,9
64677,8
64677,2
64678,2
64678,0
64679,7
64679,5
64680,5
64680,8
64681,2
64682,4
64683,7
64683,10
64685,6
64685,7
64686,9
64687,8
64688,6
64690,8
64690,6
64691,7
64692,2
64693,10
64694,5
64697,1
64697,0
64698,3
64699,0
64699,4
64705,3
64708,8
64708,2
64709,4
64709,5
64710,4
64711,7
64714,4
64715,2
64716,2
64716,3
64717,2
64717,9
64718,3
64720,9
64720,4
64721,3
64723,0
64724,9
64729,3
64729,8
64730,2
64730,5
64731,8
64734,0
64735,8
64735,4
64736,4
64737,6
64737,1
64738,4
64740,7
64742,6
64742,5
64743,6
64743,1
64747,6
64748,2
64750,1
64751,4
64751,3
64752,0
64752,5
64753,0
64753,8
64754,0
64756,4
64757,5
64758,9
64759,2
64760,10
64761,7
64763,0
64763,9
64767,1
64767,10
64768,5
64769,9
64769,4
64770,10
64771,6
64772,7
64772,1
64773,2
64774,1
64776,8
64777,0
64779,10
64779,8
64779,2
64780,5
64780,9
64781,10
64781,9
64784,9
64785,6
64785,4
64786,0
64788,2
64788,7
64789,7
64790,3
64796,1
64796,9
64796,4
64796,8
64797,5
64799,7
64801,1
64802,4
64803,4
64804,0
64805,8
64806,2
64806,7
64806,3
64807,7
64808,5
64809,0
64810,5
64811,2
64812,3
64814,10
64814,1
64815,2
64816,10
64817,6
64818,4
64819,7
64821,1
64826,5
64826,0
64829,7
64830,6
64831,10
64833,7
64834,4
64834,2
64836,5
64837,0
64838,2
64840,0
64841,9
64843,7
64847,4
64848,7
64851,9
64851,4
64852,8
64852,4
64854,5
64855,2
64857,0
64859,5
64859,7
64861,5
64861,8
64862,8
64862,4
64862,10
64865,5
64865,2
64866,2
64867,9
64868,5
64869,1
64869,3
64871,3
64871,5
64872,2
64872,6
64873,2
64874,4
64874,1
64874,6
64874,9
64875,0
64876,6
64877,0
64881,4
64881,0
64883,0
64884,4
64885,10
64886,4
64887,2
64888,9
64888,3
64888,0
64889,10
64891,6
64892,6
64893,8
64893,4
64893,5
64894,7
64895,5
64896,5
64896,1
64897,2
64900,4
64900,7
64902,0
64903,7
64903,1
64903,2
64904,0
64906,0
64906,7
64907,5
64907,1
64908,1
64909,9
64909,1
64909,5
64910,4
64913,7
64916,6
64916,1
64917,3
64917,5
64917,1
64918,7
64918,3
64918,0
64920,1
64920,5
64923,4
64924,6
64925,7
64925,8
64927,5
64928,10
64932,2
64935,7
64935,4
64937,9
64938,5
64939,3
64939,0
64940,4
64941,2
64941,1
64942,3
64942,5
64944,4
64947,6
64947,7
64947,5
64948,1
64949,0
64951,5
64951,4
64953,6
64954,8
64956,0
64956,10
64958,7
64959,7
64959,1
64961,1
64966,4
64968,5
64969,6
64970,8
64972,1
64972,7
64973,7
64973,9
64974,4
64974,3
64976,7
64976,8
64976,10
64977,2
64979,9
64982,5
64982,0
64984,0
64986,1
64986,2
64988,7
64989,10
64990,0
64991,7
64992,4
64992,9
64994,6
64994,9
64995,10
64997,1
64997,5
65001,8
65005,5
65006,9
65007,5
65008,9
65009,0
65011,0
65013,0
65013,5
65013,8
65014,2
65019,5
65020,2
65021,1
65021,9
65021,4
65022,3
65024,8
65024,0
65025,5
65026,9
65026,5
65026,4
65027,3
65028,5
65030,8
65030,10
65032,4
65033,3
65034,4
65036,6
65037,9
65037,0
65038,0
65046,5
65047,10
65048,3
65049,8
65049,9
65050,3
65051,0
65053,7
65053,4
65054,7
65055,2
65058,7
65059,5
65061,9
65063,3
65066,6
65067,1
65067,5
65067,8
65069,8
65069,3
65069,5
65070,6
65070,0
65071,10
65072,2
65073,0
65074,1
65077,5
65078,6
65079,4
65079,8
65080,4
65081,9
65083,0
65083,2
65083,4
65084,2
65087,6
65088,7
65090,1
65090,7
65091,5
65095,1
65097,3
65098,8
65099,0
65101,2
65102,8
65102,5
65105,1
65105,8
65106,1
65110,1
65112,2
65112,3
65113,9
65113,2
65114,8
65115,1
65115,8
65118,6
65122,6
65123,7
65124,4
65125,8
65126,5
65126,0
65126,8
65129,4
65131,0
65132,7
65132,10
65133,1
65133,0
65133,4
65134,9
65134,0
65134,3
65135,7
65136,1
65136,6
65140,2
65140,7
65141,0
65141,1
65142,3
65142,1
65143,4
65143,10
65143,9
65143,5
65145,4
65146,8
65146,0
65146,10
65147,2
65148,10
65148,3
65150,10
65151,7
65154,7
65158,4
65159,2
65159,8
65159,7
65160,3
65162,4
65164,9
65166,5
65166,7
65166,6
65167,4
65168,2
65169,2
65171,7
65173,0
65173,4
65173,7
65173,6
65178,4
65179,0
65180,9
65181,7
65181,8
65182,3
65183,8
65185,2
65186,9
65187,5
65189,0
65189,8
65190,1
65191,4
65193,10
65193,9
65195,10
65198,1
65201,1
65201,7
65203,3
65205,3
65207,4
65208,6
65209,7
65209,3
65213,3
65216,2
65217,5
65220,7
65220,0
65221,8
65224,10
65225,2
65225,5
65225,8
65226,8
65226,9
65226,5
65227,8
65228,6
65229,9
65229,6
65231,4
65231,9
65233,0
65233,9
65233,8
65233,4
65234,9
65235,4
65236,5
65237,8
65238,3
65239,7
65239,6
65241,8
65241,5
65241,7
65242,6
65243,3
65245,5
65246,2
65248,7
65249,0
65251,5
65251,7
65253,5
65254,9
65254,3
65255,10
65256,9
65257,0
65257,1
65258,2
65259,7
65259,8
65260,0
65264,6
65267,3
65269,9
65271,6
65271,9
65272,0
65272,10
65273,3
65274,0
65274,3
65274,7
65275,3
65275,10
65278,4
65279,3
65279,0
65281,5
65283,8
65283,0
65283,7
65284,3
65285,6
65285,1
65286,9
65288,8
65288,3
65290,9
65292,1
65293,9
65297,6
65297,9
65297,1
65298,2
65299,6
65301,4
65301,0
65302,2
65304,2
65305,0
65305,10
65306,7
65307,3
65308,9
65310,5
65311,2
65312,4
65314,5
65315,10
65317,8
65317,9
65317,7
65318,10
65319,10
65320,2
65321,10
65321,5
65321,2
65321,8
65327,1
65327,3
65328,5
65328,8
65329,0
65330,7
65330,1
65331,7
65331,6
65332,7
65335,4
65336,4
65337,5
65337,10
65337,8
65340,4
65342,9
65344,0
65346,9
65350,8
65352,1
65352,6
65354,5
65356,8
65357,0
65358,2
65358,9
65360,0
65361,6
65362,7
65364,4
65366,10
65366,1
65367,6
65368,5
65368,0
65369,2
65369,10
65370,3
65370,6
65371,5
65372,6
65374,10
65378,5
65380,6
65381,6
65381,1
65381,5
65381,8
65381,3
65382,8
65383,10
65383,7
65385,9
65386,9
65386,0
65387,10
65387,8
65388,8
65391,7
65391,5
65392,0
65393,9
65394,1
65395,0
65396,5
65397,2
65398,9
65398,4
65400,3
65402,7
65404,2
65407,1
65407,3
65408,9
65409,6
65411,3
65411,8
65412,9
65412,5
65414,1
65415,1
65415,9
65415,7
65417,5
65417,8
65418,4
65419,9
65419,8
65420,5
65421,1
65422,9
65422,1
65422,0
65422,4
65423,8
65423,6
65423,2
65425,10
65425,7
65425,1
65426,10
65426,6
65426,0
65427,7
65428,4
65428,7
65428,5
65429,0
65430,5
65430,4
65431,6
65431,4
65431,2
65432,5
65434,2
65435,8
65435,3
65435,0
65437,6
65437,3
65437,0
65439,2
65440,4
65441,5
65441,7
65443,5
65444,0
65450,3
65451,5
65452,0
65454,7
65454,6
65455,4
65456,5
65457,8
65457,3
65458,1
65459,5
65459,1
65460,0
65460,8
65462,1
65463,9
65464,9
65464,4
65466,2
65467,10
65467,8
65469,4
65470,2
65471,5
65472,1
65473,6
65473,4
65475,3
65476,1
65476,3
65477,5
65479,0
65479,7
65480,0
65481,10
65483,3
65486,7
65486,8
65488,4
65489,4
65489,9
65490,9
65491,2
65491,0
65492,3
65492,8
65494,9
65497,2
65497,6
65498,7
65499,10
65499,2
65500,2
65501,10
65503,1
65503,4
65504,1
65505,3
65505,0
65508,10
65508,5
65508,9
65509,8
65510,5
65511,9
65511,2
65513,1
65513,0
65516,0
65518,7
65518,5
65520,1
65520,5
65520,0
65521,0
65522,4
65522,1
65525,7
65526,8
65530,3
65530,7
65530,8
65533,8
65533,6
65536,3
65536,6
65537,3
65537,0
65540,9
65541,9
65542,0
65542,1
65543,3
65543,7
65546,5
65547,4
65547,5
65549,3
65550,9
65552,4
65553,1
65554,4
65554,5
65555,6
65556,8
65556,10
65556,5
65557,1
65560,10
65561,10
65562,7
65562,5
65563,3
65564,7
65566,3
65567,2
65568,10
65570,8
65570,3
65571,1
65571,2
65572,7
65573,8
65575,9
65576,7
65577,0
65577,4
65577,6
65577,10
65579,6
65579,10
65579,7
65579,1
65580,9
65580,0
65581,0
65581,3
65581,1
65582,2
65587,3
65587,9
65590,7
65593,7
65593,8
65595,3
65595,7
65595,5
65595,8
65596,5
65596,9
65597,1
65598,5
65599,8
65600,9
65600,8
65601,10
65604,10
65605,6
65605,1
65605,2
65605,8
65605,5
65605,9
65605,10
65607,7
65610,1
65610,6
65612,0
65613,1
65614,7
65615,3
65615,2
65615,7
65616,2
65618,6
65618,3
65619,3
65620,10
65621,0
65621,3
65622,0
65623,9
65626,1
65627,5
65627,3
65631,0
65632,6
65632,5
65633,5
65633,2
65634,2
65635,2
65636,3
65636,2
65637,4
65639,8
65639,6
65639,1
65640,4
65640,8
65642,6
65642,9
65643,5
65644,1
65645,2
65645,7
65647,0
65649,7
65649,8
65652,7
65652,8
65654,2
65655,2
65656,0
65657,5
65659,10
65659,8
65660,7
65661,9
65661,1
65662,9
65663,8
65665,1
65665,9
65665,7
65665,5
65666,9
65667,10
65669,6
65672,6
65673,0
65674,9
65674,8
65675,9
65676,5
65677,4
65678,2
65679,6
65679,3
65681,2
65682,1
65684,5
65685,0
65686,10
65686,0
65686,4
65687,6
65689,4
65689,8
65690,0
65690,10
65691,1
65691,10
65692,5
65693,9
65693,10
65693,2
65693,8
65694,3
65695,0
65695,3
65697,1
65697,7
65698,1
65698,2
65699,7
65699,1
65701,1
65703,4
65703,5
65704,8
65704,5
65707,2
65707,3
65707,9
65709,3
65710,9
65710,2
65711,2
65712,9
65714,2
65714,3
65715,5
65715,8
65716,0
65716,3
65718,9
65719,4
65719,8
65721,4
65722,10
65723,5
65726,8
65726,4
65727,5
65727,0
65728,3
65728,7
65728,4
65729,3
65731,8
65732,3
65734,5
65735,0
65735,10
65738,4
65740,3
65741,10
65743,4
65744,0
65744,1
65744,5
65745,3
65745,9
65746,0
65748,10
65749,4
65749,0
65752,1
65755,6
65755,2
65756,8
65756,3
65758,6
65758,2
65759,7
65759,1
65763,3
65763,0
65763,5
65764,5
65764,1
65764,8
65764,9
65764,4
65765,5
65765,8
65766,10
65766,0
65767,8
65767,2
65769,10
65770,7
65770,9
65773,1
65776,2
65776,0
65778,4
65779,8
65779,0
65780,6
65780,3
65780,8
65781,9
65786,3
65787,9
65787,4
65788,0
65790,8
65791,2
65792,4
65794,7
65794,6
65797,3
65797,5
65798,4
65799,0
65799,8
65802,9
65802,4
65803,9
65805,7
65806,5
65807,5
65808,10
65810,0
65811,3
65811,0
65812,6
65812,9
65812,8
65812,1
65814,6
65814,4
65815,2
65815,10
65815,4
65815,5
65817,7
65819,7
65819,6
65820,10
65821,9
65821,6
65821,8
65822,6
65823,2
65824,7
65826,6
65827,5
65828,8
65829,10
65830,6
65830,1
65830,5
65832,0
65834,8
65834,10
65835,7
65841,0
65841,10
65841,6
65842,8
65844,0
65845,4
65845,9
65848,8
65849,8
65849,5
65850,8
65851,7
65853,5
65854,5
65855,9
65856,3
65858,5
65858,10
65859,0
65860,10
65861,4
65861,6
65862,2
65863,5
65865,7
65867,5
65869,8
65870,0
65870,6
65870,4
65871,3
65872,0
65874,9
65874,4
65874,1
65876,5
65878,1
65878,8
65878,7
65884,1
65885,7
65887,1
65887,10
65889,6
65890,5
65890,8
65891,5
65892,2
65892,10
65893,10
65894,8
65895,4
65896,3
65896,5
65897,3
65897,4
65898,6
65898,7
65899,4
65899,9
65902,10
65902,0
65903,1
65903,9
65904,0
65904,4
65904,5
65906,0
65906,6
65907,6
65908,9
65911,2
65911,3
65911,8
65912,2
65912,8
65914,2
65916,1
65918,10
65922,6
65922,0
65924,3
65924,9
65926,0
65930,3
65932,5
65933,3
65937,6
65937,9
65937,7
65939,2
65939,9
65940,0
65942,10
65942,3
65943,0
65944,2
65944,10
65945,6
65946,5
65947,3
65948,4
65949,7
65949,10
65950,9
65951,7
65952,7
65952,10
65952,5
65955,4
65955,2
65956,6
65958,0
65958,1
65960,7
65961,8
65962,2
65964,6
65969,5
65969,8
65970,3
65971,1
65973,5
65973,1
65974,2
65975,6
65976,6
65977,7
65979,4
65980,6
65981,7
65981,10
65984,6
65985,4
65986,10
65987,7
65987,4
65990,4
65990,8
65991,7
65991,4
65994,5
65994,2
65995,3
65995,10
65995,5
65996,4
65996,6
65996,8
65999,4
66001,7
66001,5
66003,4
66003,6
66003,8
66005,6
66005,9
66006,9
66007,8
66009,0
66010,2
66010,8
66011,3
66011,8
66011,5
66012,10
66013,9
66015,3
66017,5
66020,5
66020,2
66022,3
66025,4
66025,6
66025,8
66026,7
66026,9
66027,6
66029,10
66029,1
66030,6
66037,3
66039,1
66040,0
66040,3
66041,8
66041,7
66042,1
66043,6
66043,7
66043,9
66046,7
66047,10
66047,6
66048,0
66050,7
66051,9
66052,1
66052,3
66052,4
66053,10
66055,1
66057,1
66059,9
66059,2
66060,8
66061,1
66062,7
66063,8
66064,5
66065,5
66067,4
66067,8
66067,6
66067,10
66068,5
66068,4
66071,6
66071,7
66072,0
66074,6
66074,5
66075,1
66076,2
66076,8
66076,0
66077,0
66079,4
66080,1
66082,10
66082,9
66082,4
66084,5
66084,8
66085,4
66087,10
66087,7
66087,5
66088,5
66088,2
66091,3
66092,7
66093,8
66096,10
66097,5
66097,6
66097,3
66099,10
66101,10
66101,0
66102,3
66103,6
66107,4
66107,1
66110,9
66111,9
66114,0
66114,1
66115,0
66117,8
66117,7
66117,4
66117,3
66118,6
66118,2
66120,2
66120,0
66121,6
66122,4
66123,10
66123,2
66124,3
66126,6
66127,10
66128,5
66130,9
66131,4
66132,1
66132,0
66132,10
66132,7
66133,2
66133,8
66133,10
66134,9
66135,1
66135,4
66135,6
66135,2
66135,8
66136,8
66136,2
66138,5
66139,6
66140,1
66142,0
66144,2
66144,7
66146,6
66147,10
66147,5
66148,4
66148,7
66148,9
66150,7
66152,2
66154,0
66154,1
66155,6
66155,2
66157,6
66158,6
66159,1
66162,7
66164,5
66164,6
66164,1
66164,7
66164,3
66165,5
66166,6
66167,3
66168,8
66168,5
66170,2
66170,4
66171,2
66174,5
66174,1
66175,3
66175,8
66175,1
66175,6
66176,3
66176,5
66176,1
66176,7
66177,9
66177,0
66179,7
66180,7
66181,9
66181,10
66181,6
66182,2
66182,5
66183,3
66183,1
66184,0
66184,9
66186,1
66187,9
66190,5
66190,1
66191,0
66191,10
66192,8
66193,3
66193,4
66195,0
66196,4
66196,2
66196,3
66196,0
66198,9
66203,10
66204,10
66204,7
66209,1
66209,7
66211,8
66211,6
66212,4
66212,7
66213,3
66213,7
66214,4
66216,0
66218,10
66219,3
66220,6
66220,9
66221,10
66222,10
66223,1
66223,5
66224,9
66224,3
66226,6
66229,7
66230,9
66230,10
66232,3
66233,10
66235,5
66235,7
66236,5
66236,1
66237,5
66238,0
66238,2
66239,5
66239,9
66239,2
66239,7
66241,4
66241,6
66241,2
66242,0
66242,2
66242,4
66248,2
66248,8
66249,7
66249,6
66250,8
66254,9
66254,4
66254,10
66255,3
66256,3
66257,8
66257,9
66257,7
66258,8
66261,2
66262,7
66263,2
66263,10
66264,5
66265,1
66265,7
66267,5
66270,2
66272,8
66272,10
66273,4
66273,5
66274,0
66275,3
66276,3
66277,4
66280,2
66280,9
66282,4
66282,7
66283,4
66284,9
66285,1
66286,1
66288,9
66288,0
66288,1
66292,6
66292,9
66294,9
66294,1
66295,9
66295,3
66295,1
66295,5
66296,6
66298,7
66299,3
66300,6
66302,2
66303,3
66303,7
66305,3
66306,8
66306,2
66306,7
66307,0
66307,3
66309,5
66310,0
66311,8
66312,6
66314,10
66316,8
66318,7
66322,7
66324,10
66326,0
66328,10
66328,6
66329,8
66329,2
66330,8
66330,4
66331,0
66332,7
66332,3
66334,5
66334,2
66334,9
66336,2
66336,3
66338,6
66340,10
66340,2
66345,7
66346,7
66347,8
66347,4
66347,2
66347,3
66348,5
66349,9
66349,0
66350,2
66351,6
66352,4
66352,8
66352,7
66352,5
66354,10
66356,6
66356,8
66357,6
66357,10
66358,4
66359,7
66363,5
66364,9
66364,10
66365,5
66366,10
66367,2
66368,2
66370,7
66372,6
66374,8
66374,2
66374,3
66374,4
66375,6
66375,2
66376,3
66376,10
66378,5
66379,2
66379,0
66381,8
66383,1
66383,10
66385,6
66386,1
66386,7
66387,2
66388,8
66389,7
66390,9
66391,1
66391,5
66392,3
66394,0
66395,8
66395,6
66395,5
66396,4
66396,5
66397,4
66397,9
66398,2
66398,1
66398,6
66398,4
66401,3
66402,0
66403,7
66404,0
66404,10
66405,9
66409,0
66409,1
66410,10
66410,0
66413,3
66413,10
66414,10
66415,8
66415,2
66415,6
66416,0
66417,10
66417,4
66419,3
66419,10
66419,2
66421,1
66422,3
66424,1
66425,8
66425,4
66426,0
66427,7
66428,4
66428,6
66428,9
66429,10
66429,0
66430,2
66431,1
66431,0
66431,9
66432,1
66434,10
66435,2
66436,8
66437,6
66437,0
66438,6
66439,2
66440,6
66440,3
66440,2
66441,9
66442,1
66444,10
66444,1
66445,1
66446,3
66447,1
66448,10
66449,5
66451,9
66452,0
66454,8
66455,3
66455,6
66455,1
66455,0
66456,9
66456,4
66458,9
66458,2
66459,10
66459,7
66459,4
66460,6
66460,3
66462,6
66462,2
66463,0
66464,10
66464,6
66464,1
66465,0
66466,6
66469,7
66469,1
66470,9
66470,7
66470,3
66471,10
66472,2
66473,0
66474,4
66474,9
66476,5
66477,7
66477,9
66478,6
66479,6
66480,7
66481,10
66483,5
66484,1
66486,10
66488,2
66489,3
66490,10
66491,7
66491,2
66492,3
66492,9
66493,7
66494,7
66494,2
66495,6
66496,3
66496,2
66496,10
66497,6
66497,10
66499,0
66499,6
66500,0
66500,10
66500,3
66504,1
66506,2
66506,3
66507,6
66509,8
66509,7
66511,4
66511,2
66511,3
66514,4
66515,5
66515,3
66517,5
66518,0
66518,1
66519,3
66519,5
66522,8
66523,8
66524,0
66525,2
66525,0
66526,2
66526,1
66526,6
66529,4
66529,9
66531,2
66531,8
66532,5
66532,0
66533,0
66534,10
66538,5
66538,6
66539,1
66541,3
66541,2
66542,6
66543,9
66544,10
66545,1
66547,8
66547,5
66547,4
66549,0
66550,7
66552,2
66552,7
66553,4
66554,10
66555,4
66555,7
66555,2
66556,1
66556,8
66557,0
66558,10
66558,3
66558,0
66560,1
66560,8
66560,3
66560,7
66561,0
66564,5
66566,1
66566,7
66568,1
66568,3
66569,1
66569,10
66570,10
66570,0
66571,1
66572,9
66573,0
66575,5
66576,4
66576,2
66577,1
66580,3
66580,0
66580,1
66580,10
66581,3
66582,1
66583,3
66583,0
66583,10
66585,5
66587,2
66589,6
66589,4
66590,0
66592,8
66594,1
66595,6
66596,2
66596,0
66596,3
66597,1
66599,8
66600,1
66600,3
66601,0
66601,6
66602,4
66602,3
66603,9
66604,4
66605,10
66605,0
66608,0
66609,6
66612,0
66612,2
66612,6
66614,9
66615,10
66616,2
66617,3
66619,8
66621,9
66622,1
66623,0
66626,3
66627,9
66629,0
66630,8
66631,0
66632,6
66633,9
66633,6
66634,4
66634,8
66636,1
66637,10
66637,2
66638,4
66639,5
66639,3
66639,1
66640,10
66640,8
66641,8
66643,1
66643,6
66644,8
66646,5
66646,7
66647,8
66648,2
66648,4
66648,0
66651,8
66652,9
66654,0
66654,5
66654,4
66655,8
66657,3
66657,8
66659,4
66660,3
66661,9
66661,0
66662,6
66664,10
66666,9
66667,7
66668,9
66669,8
66669,9
66671,0
66671,7
66674,6
66675,10
66679,2
66680,2
66682,1
66683,5
66684,2
66685,5
66686,3
66688,8
66690,5
66691,1
66693,6
66694,0
66698,10
66698,6
66699,0
66700,8
66700,1
66700,9
66700,4
66705,1
66707,7
66709,1
66710,8
66710,10
66711,0
66711,9
66712,5
66712,7
66713,7
66714,5
66715,2
66716,10
66716,7
66717,1
66717,4
66718,1
66721,0
66722,1
66723,10
66726,6
66726,0
66726,5
66728,6
66729,9
66732,0
66732,5
66733,10
66734,2
66734,3
66734,9
66738,6
66741,3
66744,1
66744,2
66745,0
66746,1
66746,5
66747,8
66749,3
66749,4
66749,9
66750,8
66750,1
66750,10
66751,0
66752,8
66755,4
66756,0
66757,2
66759,4
66759,0
66760,8
66761,7
66761,9
66762,5
66762,3
66764,3
66765,9
66765,5
66766,6
66766,8
66770,1
66771,5
66771,7
66771,10
66772,7
66772,4
66774,2
66774,8
66775,9
66775,6
66777,7
66777,9
66777,2
66778,7
66782,4
66784,6
66786,2
66787,1
66788,9
66790,7
66791,3
66792,7
66793,9
66793,2
66798,1
66799,1
66800,1
66803,8
66803,0
66804,7
66805,1
66806,0
66807,0
66809,3
66810,9
66811,5
66811,2
66812,7
66815,9
66816,7
66818,7
66822,3
66823,2
66823,10
66824,4
66824,9
66825,5
66827,8
66828,3
66831,9
66832,8
66833,6
66834,2
66834,10
66834,0
66839,9
66839,10
66840,10
66841,6
66841,10
66843,10
66843,6
66844,4
66845,10
66846,5
66847,4
66848,5
66850,5
66850,0
66851,4
66851,8
66852,7
66856,8
66856,6
66856,4
66856,5
66858,4
66861,1
66863,10
66864,5
66864,3
66866,5
66866,2
66866,0
66867,5
66868,1
66868,5
66870,4
66870,2
66871,8
66872,1
66873,9
66873,1
66873,6
66873,4
66874,8
66877,6
66877,10
66877,9
66877,2
66878,1
66879,2
66880,7
66882,0
66882,8
66883,1
66883,6
66888,7
66888,3
66890,10
66891,2
66894,2
66895,10
66898,1
66899,7
66900,6
66901,0
66904,9
66904,2
66906,6
66906,1
66907,2
66909,9
66909,1
66910,0
66911,1
66912,5
66915,9
66915,7
66917,10
66917,0
66917,5
66918,7
66919,6
66919,3
66920,1
66921,2
66921,8
66922,1
66922,9
66923,2
66925,3
66926,7
66926,10
66927,8
66927,9
66928,7
66928,1
66928,3
66929,8
66929,1
66931,6
66931,0
66933,6
66933,2
66933,1
66935,10
66937,10
66939,3
66939,6
66941,5
66942,9
66944,10
66947,6
66949,4
66949,3
66951,7
66952,7
66952,2
66952,6
66954,6
66955,6
66957,5
66957,6
66959,8
66959,0
66961,10
66961,1
66962,0
66966,1
66966,7
66968,7
66970,8
66971,4
66971,7
66973,6
66973,1
66974,9
66976,0
66977,3
66977,7
66978,4
66979,1
66981,2
66982,4
66983,0
66983,1
66984,1
66984,0
66985,4
66985,5
66985,0
66985,2
66986,0
66987,0
66987,2
66987,10
66990,10
66990,6
66991,7
66992,1
66992,0
66992,10
66994,1
66998,4
66999,8
66999,0
67000,7
67000,2
67001,7
67003,9
67005,9
67005,3
67006,4
67007,2
67007,9
67009,3
67009,4
67010,2
67010,5
67010,0
67010,7
67011,8
67014,6
67014,9
67015,0
67016,9
67018,0
67018,9
67021,10
67021,8
67021,4
67022,7
67023,8
67024,5
67026,10
67026,5
67027,0
67030,1
67030,10
67031,0
67034,0
67037,9
67039,9
67040,1
67040,6
67040,0
67041,5
67042,3
67046,10
67047,6
67049,6
67051,4
67052,6
67052,1
67053,7
67053,9
67059,1
67060,0
67060,2
67060,6
67061,6
67063,3
67063,0
67064,0
67068,0
67070,0
67070,7
67072,0
67072,4
67074,3
67075,2
67078,2
67078,6
67079,6
67079,4
67081,7
67081,5
67081,3
67081,2
67082,8
67085,0
67086,7
67086,10
67086,9
67090,3
67090,1
67092,7
67092,4
67095,6
67097,5
67097,10
67098,4
67099,4
67100,2
67104,2
67105,8
67107,2
67109,7
67109,9
67111,3
67112,7
67112,5
67114,3
67116,0
67117,1
67117,4
67118,9
67120,2
67122,6
67123,6
67123,5
67124,8
67124,4
67124,9
67128,2
67129,10
67130,2
67130,5
67130,0
67132,7
67135,0
67136,5
67139,9
67139,2
67140,7
67140,3
67140,5
67141,8
67142,2
67143,10
67144,3
67145,10
67146,5
67146,6
67146,10
67147,3
67148,7
67148,3
67148,10
67149,7
67152,2
67154,9
67154,5
67155,2
67155,5
67156,6
67157,0
67158,9
67159,1
67160,5
67160,7
67161,8
67164,10
67167,5
67168,7
67169,4
67170,8
67170,0
67170,6
67174,3
67174,5
67175,2
67175,9
67176,9
67176,3
67176,0
67177,8
67177,4
67179,1
67183,10
67183,2
67184,2
67184,1
67185,6
67185,1
67185,9
67186,1
67186,7
67189,3
67189,4
67190,10
67190,2
67191,2
67191,4
67192,9
67195,0
67196,10
67196,6
67197,5
67197,4
67198,3
67204,5
67204,7
67205,1
67205,3
67206,5
67206,8
67206,10
67207,6
67209,0
67211,9
67213,5
67213,6
67215,10
67215,1
67216,7
67217,4
67218,6
67218,0
67219,9
67220,2
67220,9
67221,2
67222,6
67222,8
67222,3
67223,1
67223,6
67225,5
67225,0
67226,3
67226,8
67227,3
67227,4
67228,1
67230,8
67231,10
67234,1
67236,4
67237,0
67237,2
67238,5
67238,8
67240,0
67241,1
67241,3
67243,2
67243,4
67244,2
67247,9
67248,0
67248,10
67252,0
67253,2
67254,4
67254,9
67255,4
67255,7
67256,7
67256,8
67257,2
67258,0
67258,5
67259,2
67262,6
67263,4
67264,8
67265,7
67266,1
67267,1
67268,9
67271,9
67272,4
67273,1
67274,1
67274,2
67274,7
67274,8
67275,3
67276,9
67277,7
67278,9
67279,8
67279,2
67280,0
67282,6
67283,5
67284,6
67285,4
67285,10
67285,0
67286,3
67286,9
67289,6
67290,7
67292,5
67292,6
67292,10
67294,3
67295,0
67297,7
67303,8
67304,2
67306,5
67307,5
67308,3
67309,4
67309,5
67310,2
67310,9
67311,4
67312,3
67314,1
67315,8
67316,10
67316,5
67317,10
67318,10
67318,0
67319,2
67319,6
67325,6
67325,10
67325,4
67325,8
67326,10
67326,2
67326,7
67326,4
67327,7
67328,10
67331,0
67332,7
67332,1
67332,0
67333,10
67333,4
67333,8
67336,0
67337,4
67338,2
67340,5
67341,2
67341,9
67342,2
67343,5
67343,8
67344,9
67348,8
67349,6
67350,7
67351,10
67351,7
67352,9
67353,10
67354,4
67356,6
67358,7
67359,6
67360,4
67360,3
67361,1
67361,4
67361,8
67361,7
67362,6
67362,2
67362,9
67363,10
67363,6
67364,3
67365,4
67368,9
67375,10
67375,5
67375,2
67376,2
67377,7
67378,0
67378,9
67378,4
67379,3
67380,5
67381,0
67381,1
67381,3
67384,4
67384,10
67385,8
67387,5
67389,0
67389,9
67392,5
67392,2
67392,9
67393,2
67394,1
67394,3
67396,7
67397,10
67398,4
67398,0
67398,9
67400,8
67401,10
67401,8
67402,8
67403,4
67406,3
67407,7
67407,5
67408,8
67408,10
67411,1
67411,6
67412,4
67414,3
67414,9
67417,7
67419,10
67420,6
67421,3
67422,8
67422,1
67423,4
67424,5
67428,8
67429,5
67429,3
67429,8
67432,10
67432,7
67432,4
67434,4
67435,2
67436,8
67436,9
67437,1
67438,2
67438,3
67439,7
67440,7
67440,6
67441,7
67441,10
67443,0
67444,2
67444,0
67445,4
67446,10
67446,7
67446,4
67446,2
67446,5
67447,10
67448,6
67448,5
67449,9
67451,9
67451,6
67452,0
67458,2
67458,4
67459,2
67459,8
67461,0
67461,3
67462,4
67462,1
67464,3
67464,4
67466,9
67467,7
67467,3
67468,6
67469,1
67472,3
67473,8
67473,5
67478,4
67480,0
67481,1
67483,1
67483,4
67483,0
67484,0
67485,0
67487,1
67488,1
67488,9
67488,3
67489,3
67491,10
67492,4
67493,0
67494,0
67496,5
67497,0
67498,0
67499,8
67500,9
67500,4
67500,0
67501,1
67502,5
67503,8
67503,9
67504,5
67504,7
67508,9
67509,7
67509,8
67510,10
67511,3
67514,10
67515,3
67516,8
67517,2
67518,6
67518,8
67520,6
67520,4
67520,0
67520,7
67520,9
67521,7
67521,2
67522,5
67522,2
67525,4
67525,8
67526,1
67527,2
67532,6
67533,5
67534,5
67534,7
67536,6
67537,4
67537,5
67537,3
67538,6
67538,9
67538,7
67539,4
67539,3
67541,1
67541,2
67541,5
67542,4
67545,1
67545,10
67546,2
67546,6
67546,9
67547,5
67548,4
67548,0
67548,6
67549,8
67550,9
67551,9
67551,3
67551,4
67552,4
67553,8
67553,7
67553,1
67554,1
67554,0
67556,9
67556,10
67556,8
67557,1
67559,6
67561,3
67562,10
67563,1
67566,1
67569,7
67570,4
67570,2
67571,9
67571,4
67571,3
67572,3
67573,10
67576,1
67577,2
67577,8
67578,0
67579,10
67579,4
67581,5
67582,7
67582,0
67583,8
67584,8
67586,1
67586,0
67587,3
67588,2
67588,0
67589,1
67591,0
67591,7
67593,8
67594,3
67594,7
67595,8
67596,9
67596,4
67596,1
67597,6
67598,7
67599,10
67602,5
67602,8
67602,4
67603,2
67604,0
67606,6
67609,4
67610,10
67611,9
67611,2
67612,6
67612,5
67614,9
67614,8
67615,2
67616,3
67621,9
67621,3
67623,3
67623,9
67624,10
67625,1
67627,3
67629,5
67630,1
67630,9
67630,10
67631,3
67633,4
67634,9
67635,5
67638,5
67639,10
67640,10
67640,4
67642,4
67642,10
67642,3
67643,4
67643,9
67645,5
67645,10
67645,8
67646,4
67647,8
67647,10
67650,8
67650,4
67650,0
67653,7
67654,9
67654,5
67654,6
67657,10
67658,6
67659,1
67660,10
67660,5
67661,3
67661,4
67661,8
67663,2
67663,6
67663,4
67663,0
67664,6
67664,4
67665,5
67665,0
67666,10
67670,6
67671,3
67672,7
67673,2
67673,4
67673,1
67674,3
67674,8
67677,0
67677,2
67679,0
67679,4
67681,7
67681,9
67682,0
67682,4
67683,0
67683,5
67686,10
67687,3
67687,7
67688,4
67688,9
67689,9
67689,4
67690,2
67691,0
67692,5
67692,4
67693,8
67693,3
67694,8
67694,10
67695,6
67696,2
67696,6
67696,7
67699,5
67699,8
67700,0
67701,5
67702,8
67704,4
67706,6
67706,3
67706,1
67708,7
67709,5
67710,9
67710,3
67710,1
67711,6
67711,4
67712,7
67713,10
67715,4
67716,8
67716,4
67716,3
67717,5
67718,7
67718,1
67718,3
67719,4
67720,8
67720,5
67721,8
67721,5
67721,0
67722,2
67723,7
67724,6
67724,9
67725,5
67726,4
67729,3
67729,5
67731,7
67732,1
67732,6
67733,7
67736,0
67737,9
67737,0
67737,7
67737,2
67738,9
67740,7
67743,1
67743,9
67743,0
67744,2
67744,5
67745,2
67745,5
67746,7
67746,1
67747,9
67747,3
67747,10
67750,1
67753,4
67753,7
67753,10
67754,8
67764,6
67765,8
67766,4
67767,2
67767,8
67768,4
67771,7
67772,4
67772,0
67774,3
67775,2
67777,8
67777,5
67777,3
67778,1
67780,5
67781,7
67781,5
67781,1
67782,8
67782,0
67784,6
67786,10
67787,5
67787,10
67789,1
67792,1
67793,9
67793,5
67795,7
67795,6
67796,9
67799,6
67799,1
67801,0
67801,5
67801,2
67801,3
67802,8
67803,7
67804,3
67804,9
67805,5
67805,3
67805,8
67807,1
67809,3
67809,1
67810,4
67810,7
67810,10
67812,7
67812,5
67815,2
67815,5
67816,6
67816,5
67816,10
67817,0
67818,5
67820,0
67821,5
67822,4
67823,7
67824,8
67829,8
67830,7
67830,4
67831,6
67833,5
67833,7
67833,3
67835,6
67835,10
67835,8
67835,3
67836,3
67836,10
67836,1
67837,0
67837,2
67838,8
67839,9
67839,4
67840,4
67842,5
67843,5
67843,2
67845,2
67846,4
67847,1
67848,10
67848,9
67849,6
67850,9
67851,5
67852,4
67855,8
67856,6
67857,0
67857,6
67858,0
67858,2
67862,7
67862,4
67862,9
67864,3
67866,1
67867,10
67868,7
67869,1
67869,10
67870,9
67870,5
67871,10
67871,8
67872,7
67874,0
67875,7
67876,8
67877,2
67879,0
67880,0
67882,8
67882,6
67884,9
67884,0
67885,5
67885,0
67889,1
67889,10
67889,6
67890,4
67891,0
67892,6
67893,5
67893,10
67894,5
67894,8
67894,7
67895,2
67895,9
67895,0
67896,3
67896,8
67896,5
67896,2
67897,10
67897,2
67898,3
67898,8
67901,7
67902,8
67903,8
67903,6
67905,0
67905,5
67906,1
67908,3
67914,3
67914,0
67914,6
67916,8
67916,6
67917,9
67917,1
67920,4
67921,6
67921,3
67923,6
67923,5
67924,4
67925,3
67926,2
67926,7
67926,5
67930,3
67930,1
67932,8
67932,7
67933,5
67933,0
67933,10
67934,7
67934,6
67935,7
67935,3
67937,2
67938,1
67940,10
67942,5
67943,1
67943,4
67943,3
67945,10
67946,10
67946,8
67947,1
67948,1
67948,0
67952,5
67952,9
67953,0
67953,8
67954,6
67955,7
67956,3
67957,0
67958,10
67958,6
67961,1
67961,2
67962,8
67962,9
67963,9
67964,10
67965,10
67966,0
67966,1
67967,9
67967,2
67967,0
67968,1
67969,0
67971,5
67971,10
67973,1
67973,10
67973,8
67974,3
67974,8
67974,1
67974,10
67977,2
67979,1
67979,2
67980,2
67981,0
67981,5
67983,2
67984,3
67985,3
67986,2
67987,7
67987,1
67989,10
67990,6
67990,4
67990,5
67992,6
67993,7
67993,2
67995,6
67996,9
67996,3
67997,2
67997,8
67999,6
68002,8
68003,9
68003,10
68004,8
68004,1
68005,9
68005,10
68007,7
68009,10
68009,7
68010,1
68011,2
68011,0
68012,0
68012,5
68012,10
68013,0
68014,9
68014,5
68015,0
68016,2
68016,10
68017,3
68021,0
68021,9
68024,8
68027,9
68028,1
68028,9
68029,4
68032,1
68033,6
68033,10
68034,1
68034,0
68035,10
68035,1
68035,0
68036,10
68039,8
68040,1
68040,6
68040,4
68043,9
68044,1
68044,3
68048,1
68048,6
68049,4
68052,10
68052,5
68053,10
68054,3
68055,2
68056,7
68056,10
68056,8
68057,6
68057,8
68058,8
68058,2
68061,4
68063,4
68063,7
68064,2
68066,6
68071,1
68072,3
68072,1
68072,0
68075,7
68075,3
68075,5
68076,0
68076,10
68077,3
68077,5
68078,5
68078,6
68080,1
68082,4
68083,0
68083,7
68085,10
68085,8
68085,5
68086,8
68087,8
68088,7
68089,2
68090,10
68091,8
68092,6
68092,2
68095,3
68097,5
68097,7
68098,4
68099,3
68100,1
68101,0
68102,5
68102,4
68102,10
68102,3
68103,2
68106,3
68107,0
68108,3
68108,6
68109,2
68110,10
68110,0
68111,0
68111,10
68112,1
68113,4
68113,9
68114,3
68121,8
68122,0
68123,10
68124,6
68124,7
68124,8
68124,2
68126,1
68127,1
68129,8
68131,4
68135,6
68136,2
68138,8
68138,5
68141,4
68143,9
68143,0
68144,2
68145,7
68145,10
68147,2
68147,5
68148,2
68148,10
68149,4
68149,5
68150,1
68150,9
68152,1
68152,7
68153,2
68154,3
68154,6
68154,5
68154,9
68154,4
68155,4
68156,0
68157,2
68157,1
68159,1
68159,4
68160,1
68163,5
68165,1
68165,5
68166,8
68166,10
68166,9
68167,10
68168,2
68168,6
68169,2
68170,9
68170,6
68172,10
68173,4
68176,6
68178,0
68178,6
68179,5
68179,1
68180,2
68180,8
68185,2
68185,1
68185,9
68185,0
68188,3
68188,2
68189,8
68189,5
68190,9
68190,6
68192,0
68193,3
68193,9
68195,7
68196,3
68197,6
68198,0
68198,10
68199,2
68200,1
68200,7
68200,10
68201,9
68201,2
68202,4
68205,0
68209,1
68209,4
68209,8
68210,10
68211,2
68211,9
68212,0
68214,10
68215,4
68216,4
68216,9
68217,2
68218,5
68218,4
68218,2
68219,4
68220,8
68220,10
68220,3
68222,10
68223,1
68224,9
68225,10
68225,1
68228,10
68230,7
68230,3
68231,4
68231,6
68232,4
68233,5
68235,6
68236,0
68239,8
68239,2
68240,7
68241,9
68242,9
68242,5
68243,7
68243,5
68244,4
68244,10
68246,0
68246,8
68248,10
68250,1
68251,10
68253,1
68253,9
68253,6
68253,0
68254,7
68254,10
68257,4
68257,5
68258,1
68258,7
68259,4
68260,6
68260,8
68260,9
68262,3
68263,1
68264,0
68264,5
68264,1
68265,10
68265,1
68265,2
68265,6
68266,1
68267,3
68270,5
68271,1
68273,0
68274,9
68276,8
68276,10
68279,9
68279,10
68282,4
68282,10
68283,2
68284,8
68284,2
68285,10
68285,4
68286,8
68287,4
68291,0
68292,10
68292,8
68293,10
68293,0
68296,8
68301,0
68304,4
68305,7
68306,7
68307,2
68309,3
68309,2
68310,0
68312,1
68313,8
68313,0
68313,2
68313,10
68314,5
68314,7
68315,8
68316,0
68316,9
68319,6
68320,1
68320,9
68320,8
68321,9
68321,1
68322,3
68325,10
68330,8
68333,8
68334,5
68335,4
68336,3
68337,3
68338,3
68338,10
68339,2
68340,6
68340,7
68340,4
68342,1
68343,7
68345,10
68348,1
68349,1
68349,0
68351,8
68352,0
68353,4
68354,5
68356,8
68358,4
68358,0
68359,8
68359,7
68360,8
68360,5
68360,1
68364,0
68364,6
68366,4
68367,9
68368,7
68368,8
68368,10
68369,7
68370,8
68370,9
68371,4
68371,2
68373,3
68376,8
68377,1
68380,7
68381,8
68382,6
68383,8
68383,4
68384,8
68384,4
68385,2
68385,9
68385,3
68386,9
68387,1
68387,10
68388,10
68389,0
68390,0
68390,4
68391,8
68392,2
68393,6
68393,5
68395,2
68397,1
68399,7
68399,2
68400,8
68404,8
68408,6
68410,1
68410,8
68410,9
68412,9
68413,3
68414,4
68414,10
68417,6
68418,8
68419,1
68419,3
68421,7
68421,2
68422,9
68423,8
68423,6
68423,0
68425,3
68426,4
68426,1
68428,4
68429,2
68430,7
68434,10
68434,9
68434,3
68435,6
68437,4
68438,2
68439,5
68439,10
68442,9
68444,0
68446,3
68448,4
68448,7
68448,2
68449,1
68449,7
68450,7
68451,3
68452,4
68454,2
68455,1
68456,2
68456,0
68456,8
68457,4
68458,8
68458,6
68459,10
68460,1
68460,2
68463,2
68463,0
68463,5
68464,1
68464,2
68465,8
68467,2
68468,3
68468,6
68469,4
68470,5
68471,6
68471,1
68472,8
68472,10
68473,5
68474,0
68476,10
68478,5
68479,7
68480,6
68481,10
68481,5
68482,6
68484,9
68484,1
68485,0
68485,4
68486,1
68493,2
68494,6
68494,1
68495,3
68499,9
68499,2
68500,1
68501,6
68501,7
68503,0
68503,3
68505,4
68506,7
68507,10
68509,3
68509,10
68509,6
68510,10
68510,4
68510,2
68511,3
68514,9
68515,7
68515,10
68519,4
68521,2
68522,4
68522,7
68524,0
68524,3
68524,7
68527,9
68528,2
68528,1
68531,2
68531,0
68533,5
68533,7
68534,9
68537,0
68538,7
68538,5
68539,2
68540,4
68540,0
68541,2
68541,3
68544,3
68546,3
68549,3
68550,2
68552,9
68552,2
68554,4
68554,0
68555,8
68555,5
68556,10
68556,8
68557,9
68558,3
68558,4
68559,7
68559,8
68559,4
68561,1
68561,0
68561,5
68564,3
68564,7
68566,0
68568,0
68570,4
68571,6
68572,7
68572,9
68572,8
68573,8
68577,9
68577,8
68579,1
68579,2
68580,0
68581,0
68582,6
68582,3
68582,9
68582,0
68586,8
68586,10
68586,2
68588,7
68589,9
68592,0
68593,1
68593,7
68593,5
68594,1
68594,5
68594,0
68595,6
68595,2
68596,6
68598,1
68600,5
68600,7
68601,1
68601,10
68606,2
68609,10
68611,1
68611,10
68613,6
68613,2
68615,1
68616,8
68618,2
68618,7
68619,1
68619,2
68620,10
68621,5
68621,2
68622,6
68623,5
68623,6
68625,10
68627,4
68631,8
68633,0
68636,3
68637,9
68639,5
68640,10
68646,6
68646,5
68647,2
68648,9
68649,0
68649,8
68650,4
68653,8
68653,4
68654,6
68655,0
68656,8
68659,2
68661,1
68661,0
68661,7
68661,4
68662,9
68662,7
68663,4
68665,8
68666,0
68666,10
68667,4
68667,3
68667,0
68667,9
68668,7
68670,7
68670,10
68671,10
68672,10
68673,4
68674,2
68676,1
68676,5
68676,10
68676,8
68677,4
68678,5
68678,9
68679,10
68679,0
68679,4
68684,2
68687,6
68688,3
68689,5
68689,7
68690,1
68692,8
68692,7
68693,8
68694,7
68694,2
68695,2
68695,0
68697,8
68698,8
68698,4
68699,3
68699,8
68699,0
68699,4
68701,7
68702,2
68702,9
68703,10
68704,10
68704,1
68704,9
68706,1
68706,5
68709,10
68712,1
68713,0
68713,4
68714,6
68714,5
68714,9
68717,1
68718,10
68718,6
68719,10
68719,0
68722,7
68723,10
68724,2
68727,1
68728,2
68730,1
68731,4
68735,8
68735,10
68737,3
68738,0
68738,3
68738,8
68739,1
68739,4
68739,10
68739,8
68740,9
68743,6
68745,1
68746,7
68747,1
68748,8
68750,3
68750,1
68750,6
68751,5
68753,2
68754,2
68754,10
68755,10
68755,3
68756,1
68756,0
68757,2
68759,3
68759,4
68759,2
68759,6
68759,10
68760,7
68761,4
68761,2
68762,5
68763,1
68764,3
68764,2
68767,6
68767,10
68768,1
68769,4
68769,2
68770,10
68771,3
68772,8
68773,7
68774,0
68775,5
68776,7
68777,6
68780,2
68782,7
68782,9
68783,8
68785,6
68787,1
68788,1
68788,0
68789,0
68789,6
68790,8
68792,10
68794,5
68796,3
68802,5
68802,2
68804,3
68806,3
68808,7
68809,8
68811,6
68811,9
68812,10
68815,6
68815,9
68815,5
68816,4
68816,2
68819,10
68820,0
68822,4
68822,6
68823,7
68824,7
68825,6
68827,0
68828,4
68829,6
68830,0
68831,6
68832,6
68833,5
68834,10
68836,4
68838,2
68838,6
68840,7
68840,0
68843,3
68844,5
68845,5
68847,7
68850,7
68851,5
68852,1
68853,8
68853,5
68853,4
68853,1
68854,7
68854,1
68855,5
68856,8
68857,2
68857,6
68858,3
68858,2
68860,0
68861,3
68862,0
68863,7
68865,9
68865,2
68865,1
68867,8
68868,8
68869,4
68870,10
68871,5
68871,3
68876,0
68877,0
68878,6
68879,4
68879,8
68880,8
68881,6
68882,7
68882,8
68882,1
68884,9
68885,8
68887,0
68887,2
68888,8
68889,1
68890,3
68890,0
68891,8
68892,6
68893,10
68894,8
68896,2
68897,8
68897,0
68897,7
68897,9
68897,2
68899,7
68899,1
68899,5
68902,3
68904,6
68906,9
68907,9
68908,5
68910,1
68911,0
68912,10
68913,6
68914,8
68914,1
68914,0
68914,5
68915,6
68916,10
68917,7
68918,0
68919,3
68919,5
68921,8
68922,10
68923,10
68924,5
68924,10
68924,0
68924,8
68927,8
68930,3
68930,5
68932,4
68933,5
68934,4
68939,7
68940,7
68945,4
68946,6
68946,10
68948,8
68949,3
68949,7
68950,8
68952,2
68952,9
68955,5
68955,6
68955,0
68956,6
68957,1
68959,7
68961,9
68962,7
68962,5
68962,4
68967,7
68970,6
68972,3
68973,8
68973,5
68973,0
68974,4
68974,0
68974,7
68974,10
68975,9
68976,0
68976,1
68976,8
68980,0
68981,9
68983,4
68989,6
68989,4
68991,4
68991,1
68992,4
68992,8
68993,6
68994,10
68994,2
68997,3
68997,8
68998,9
69000,3
69001,2
69002,3
69002,2
69003,2
69006,2
69006,5
69007,3
69008,3
69009,9
69012,0
69013,0
69013,10
69013,2
69013,9
69014,6
69014,2
69014,4
69019,0
69019,3
69021,0
69021,7
69021,6
69021,10
69022,8
69023,0
69024,9
69025,7
69026,7
69026,0
69026,4
69027,8
69029,9
69029,7
69029,3
69030,2
69030,7
69031,5
69031,4
69034,4
69034,9
69036,0
69036,6
69036,9
69037,8
69038,4
69040,8
69043,2
69045,0
69047,6
69048,4
69050,1
69050,8
69050,4
69052,9
69053,3
69054,9
69054,3
69055,10
69055,4
69059,8
69059,1
69059,6
69061,10
69062,9
69062,6
69063,5
69063,10
69063,3
69064,6
69066,7
69066,4
69066,3
69067,9
69070,1
69072,10
69073,6
69073,3
69074,5
69074,8
69077,1
69078,1
69078,5
69079,4
69081,1
69083,2
69083,8
69084,0
69085,1
69086,2
69088,6
69091,1
69091,5
69093,1
69093,7
69097,3
69098,7
69098,3
69099,9
69103,10
69104,3
69104,0
69105,7
69105,9
69106,9
69107,5
69108,1
69109,2
69110,2
69112,5
69113,1
69113,3
69113,7
69114,2
69115,4
69116,0
69116,5
69117,10
69118,6
69118,8
69122,7
69123,9
69123,3
69125,9
69125,4
69126,1
69127,3
69127,2
69129,5
69131,2
69132,7
69134,9
69134,8
69135,1
69135,5
69137,0
69137,6
69141,10
69143,1
69143,8
69144,0
69145,1
69146,7
69147,1
69148,6
69149,10
69151,8
69152,2
69153,5
69153,4
69153,0
69154,7
69154,10
69157,2
69158,1
69158,9
69160,0
69161,10
69161,7
69161,3
69162,4
69162,0
69163,0
69165,1
69171,10
69171,8
69172,9
69173,10
69173,3
69174,0
69175,9
69178,10
69180,0
69182,9
69183,5
69184,6
69184,9
69184,5
69184,3
69184,0
69185,7
69185,1
69186,8
69186,4
69186,0
69187,6
69187,5
69188,9
69190,9
69192,5
69194,7
69194,1
69194,3
69194,6
69195,8
69197,4
69198,5
69199,6
69200,0
69201,1
69204,2
69208,8
69209,2
69210,1
69210,7
69213,8
69213,4
69214,6
69215,9
69216,5
69217,10
69218,3
69219,3
69221,9
69222,7
69222,9
69225,0
69225,9
69227,1
69228,9
69229,1
69230,7
69234,5
69234,9
69234,10
69234,6
69235,3
69235,7
69236,5
69237,9
69238,5
69238,6
69238,8
69239,3
69241,5
69241,9
69242,8
69243,2
69244,3
69249,2
69249,9
69251,7
69253,0
69253,5
69256,10
69259,3
69259,2
69263,3
69264,0
69265,4
69266,6
69266,7
69267,2
69267,6
69267,3
69269,6
69270,0
69272,10
69274,3
69274,10
69275,6
69277,0
69279,6
69279,0
69282,10
69282,9
69282,4
69282,0
69283,0
69283,10
69283,4
69284,8
69284,6
69285,0
69286,10
69286,5
69286,1
69287,5
69288,4
69288,2
69289,8
69292,10
69293,8
69293,4
69293,2
69294,5
69294,6
69295,8
69295,6
69296,2
69297,4
69297,10
69298,3
69298,6
69301,3
69302,3
69303,2
69304,0
69305,10
69306,2
69308,1
69308,0
69308,8
69310,1
69312,3
69312,1
69313,3
69314,9
69314,6
69314,2
69314,8
69315,0
69316,7
69316,5
69316,4
69317,8
69318,8
69318,10
69320,7
69321,8
69322,8
69323,4
69323,5
69329,2
69330,2
69330,7
69330,6
69332,4
69333,10
69334,0
69336,2
69336,10
69337,7
69338,6
69339,2
69340,8
69342,3
69343,7
69346,6
69346,9
69347,4
69348,9
69349,8
69349,3
69349,4
69351,7
69351,4
69353,1
69353,3
69354,4
69354,10
69357,4
69357,2
69357,6
69358,2
69359,10
69361,3
69362,1
69362,7
69362,8
69363,5
69363,2
69364,0
69366,8
69366,1
69366,6
69367,10
69368,7
69369,9
69370,4
69371,2
69372,4
69372,5
69374,4
69374,8
69375,7
69376,10
69378,10
69379,2
69379,8
69379,5
69380,7
69380,8
69382,9
69383,3
69383,5
69387,3
69387,6
69387,5
69388,2
69388,7
69389,5
69389,7
69390,8
69391,0
69391,9
69393,8
69394,6
69394,3
69395,3
69397,8
69397,6
69398,5
69399,8
69400,8
69400,6
69401,4
69401,7
69403,3
69405,1
69406,5
69406,0
69407,7
69407,4
69409,5
69411,0
69414,5
69415,7
69422,8
69422,3
69423,10
69424,6
69424,9
69425,4
69425,1
69426,5
69427,9
69428,3
69428,4
69429,9
69429,7
69429,0
69430,9
69430,5
69431,6
69431,5
69431,8
69432,5
69434,1
69434,2
69434,3
69438,6
69438,3
69439,1
69439,4
69440,10
69440,7
69441,4
69442,10
69444,8
69444,2
69445,6
69445,9
69445,3
69445,8
69448,2
69449,4
69451,7
69452,10
69454,0
69456,10
69457,10
69458,6
69459,2
69460,1
69460,3
69462,9
69462,8
69465,9
69466,7
69466,1
69468,8
69469,0
69470,5
69471,7
69472,9
69472,5
69472,1
69474,0
69476,10
69476,3
69477,1
69479,7
69482,5
69484,5
69485,10
69485,8
69488,0
69489,1
69490,9
69490,5
69491,9
69491,4
69492,4
69493,1
69493,5
69498,4
69499,4
69501,3
69501,10
69502,6
69503,3
69505,7
69505,2
69505,4
69505,8
69507,4
69508,2
69509,8
69510,6
69512,2
69513,9
69515,7
69517,0
69518,1
69518,10
69519,3
69519,9
69519,10
69520,8
69521,10
69522,8
69526,7
69526,0
69528,1
69529,4
69530,6
69532,1
69532,10
69533,5
69533,7
69535,3
69535,10
69536,2
69537,2
69537,5
69538,6
69540,3
69540,0
69541,6
69542,3
69542,7
69544,1
69544,2
69544,5
69545,4
69546,3
69547,6
69548,0
69550,8
69551,0
69552,1
69553,2
69553,5
69555,6
69555,3
69556,4
69556,1
69556,7
69560,5
69560,10
69561,9
69561,5
69563,8
69563,1
69564,0
69565,2
69565,0
69566,9
69567,0
69568,1
69568,4
69569,3
69569,5
69569,6
69570,4
69570,7
69570,2
69571,6
69571,9
69575,7
69576,8
69578,9
69579,6
69579,4
69579,5
69579,3
69580,10
69580,6
69581,1
69584,4
69584,9
69585,2
69585,9
69586,7
69587,0
69588,4
69588,1
69589,1
69589,7
69589,2
69590,4
69590,5
69590,6
69591,0
69592,5
69595,3
69596,9
69601,9
69602,5
69605,3
69607,0
69608,8
69609,4
69609,3
69610,7
69611,9
69611,3
69613,10
69613,7
69613,2
69613,4
69614,5
69614,6
69614,3
69614,7
69615,2
69615,5
69616,2
69618,9
69620,2
69620,0
69621,6
69622,10
69623,7
69623,0
69625,4
69627,7
69628,6
69628,8
69628,2
69629,8
69630,0
69632,9
69632,6
69633,9
69634,9
69636,10
69636,7
69636,8
69638,5
69638,2
69639,8
69639,3
69639,5
69640,6
69642,6
69644,3
69645,6
69648,3
69648,9
69650,9
69651,5
69651,4
69652,10
69652,5
69655,3
69657,4
69658,9
69659,5
69659,7
69662,10
69662,3
69662,4
69662,6
69664,4
69664,10
69665,3
69666,7
69667,1
69667,6
69668,9
69668,6
69670,10
69671,2
69672,8
69672,5
69673,6
69675,8
69679,6
69679,8
69680,5
69680,10
69686,8
69686,4
69686,10
69687,3
69687,7
69691,4
69691,3
69691,10
69693,9
69694,8
69697,9
69698,6
69699,2
69700,7
69701,7
69701,1
69703,10
69704,2
69704,5
69705,1
69705,9
69706,3
69707,0
69708,7
69708,6
69709,6
69709,9
69711,2
69711,9
69712,4
69712,7
69713,0
69714,4
69714,7
69715,5
69719,1
69719,9
69720,4
69721,5
69722,9
69723,7
69724,6
69724,10
69726,6
69727,4
69729,5
69730,0
69730,1
69731,6
69731,0
69732,5
69735,4
69735,9
69735,1
69735,7
69736,1
69738,0
69739,6
69743,3
69743,9
69747,7
69750,6
69751,4
69752,1
69752,3
69754,10
69754,0
69754,9
69755,3
69756,6
69756,5
69757,2
69757,0
69758,10
69759,8
69762,3
69763,3
69763,9
69764,3
69766,7
69767,8
69768,7
69768,8
69769,1
69769,10
69772,2
69773,4
69776,7
69776,2
69778,1
69778,4
69779,2
69779,1
69780,8
69780,5
69781,10
69781,4
69781,9
69783,10
69784,6
69786,0
69787,1
69788,10
69789,8
69790,8
69790,9
69790,5
69794,2
69794,6
69796,3
69797,0
69801,8
69804,2
69804,0
69807,6
69809,3
69809,6
69810,6
69812,8
69814,6
69814,1
69814,5
69815,7
69815,8
69815,2
69815,1
69816,9
69816,2
69819,4
69826,2
69826,4
69826,10
69826,3
69827,5
69828,5
69828,1
69828,8
69830,8
69830,10
69831,8
69835,8
69835,0
69835,10
69836,1
69836,5
69837,7
69838,5
69840,7
69841,0
69842,9
69842,4
69843,10
69844,3
69845,4
69845,7
69845,0
69847,3
69849,1
69850,10
69850,4
69850,9
69851,5
69851,9
69854,4
69854,9
69858,1
69859,1
69859,4
69860,0
69860,1
69861,4
69863,2
69865,1
69865,2
69868,4
69869,8
69871,5
69871,6
69873,5
69874,8
69874,1
69874,5
69876,7
69876,10
69876,1
69877,4
69878,2
69878,5
69879,9
69884,2
69885,10
69887,3
69887,10
69888,0
69888,1
69888,3
69889,6
69890,9
69891,0
69894,7
69894,10
69896,5
69896,0
69897,10
69898,5
69898,7
69899,5
69900,5
69902,6
69902,4
69903,5
69903,10
69904,7
69906,4
69906,9
69906,2
69906,8
69906,10
69907,9
69907,4
69908,3
69910,3
69910,7
69911,10
69911,8
69911,4
69913,2
69914,4
69915,0
69915,3
69916,3
69918,0
69919,3
69920,1
69922,10
69922,6
69923,0
69923,3
69923,6
69926,5
69926,4
69927,4
69928,6
69930,10
69930,7
69931,6
69931,8
69931,5
69933,5
69934,8
69934,10
69935,5
69937,8
69937,4
69938,0
69938,5
69939,6
69940,3
69940,1
69941,0
69941,8
69942,10
69945,1
69946,8
69949,2
69950,8
69951,4
69952,1
69952,4
69954,2
69954,8
69954,4
69955,3
69955,0
69956,3
69957,3
69958,1
69959,6
69959,2
69961,9
69963,0
69965,4
69965,6
69966,7
69966,0
69966,4
69966,6
69968,3
69968,8
69968,10
69971,7
69972,0
69973,7
69974,6
69974,4
69975,2
69975,3
69976,9
69977,6
69978,10
69979,5
69979,10
69979,4
69979,2
69980,10
69980,7
69984,9
69985,4
69986,6
69988,1
69989,7
69989,3
69989,8
69991,10
69992,2
69993,9
69993,6
69993,0
69995,10
69995,1
69995,4
69998,6
70000,0
70001,3
70001,1
70002,2
70005,10
70006,6
70007,7
70007,2
70007,1
70008,1
70009,2
70010,3
70012,3
70013,9
70014,0
70014,10
70015,2
70016,10
70017,8
70018,2
70020,0
70020,2
70021,9
70021,8
70021,10
70022,9
70023,2
70025,0
70026,1
70026,0
70027,0
70028,7
70030,6
70032,4
70036,5
70037,4
70038,7
70040,4
70041,4
70042,10
70042,9
70044,2
70045,8
70045,2
70045,6
70046,7
70047,0
70048,5
70048,3
70049,4
70049,9
70053,9
70053,8
70054,3
70054,10
70056,7
70056,6
70057,9
70060,8
70060,7
70061,0
70061,9
70062,0
70063,7
70064,1
70068,5
70069,10
70070,5
70070,6
70071,5
70072,1
70073,0
70074,9
70074,0
70074,7
70075,4
70076,2
70077,2
70081,9
70082,4
70083,2
70084,4
70086,10
70086,3
70088,4
70089,8
70092,10
70092,3
70095,7
70097,1
70099,3
70100,6
70100,8
70101,5
70103,3
70106,9
70108,2
70109,4
70110,7
70112,7
70113,2
70113,10
70114,3
70114,2
70115,1
70116,6
70117,8
70118,10
70122,10
70123,10
70124,7
70125,3
70125,5
70125,9
70126,4
70127,6
70129,10
70129,8
70132,5
70133,0
70133,1
70134,4
70135,3
70136,6
70136,9
70137,5
70137,3
70138,5
70140,10
70141,6
70142,1
70143,4
70143,7
70144,2
70147,10
70147,0
70148,8
70148,2
70148,3
70148,0
70149,1
70150,6
70151,9
70151,6
70152,10
70152,3
70153,0
70156,9
70161,1
70162,1
70163,4
70164,5
70164,2
70165,0
70165,4
70165,8
70165,2
70166,10
70168,8
70168,6
70169,6
70169,4
70171,2
70172,0
70174,6
70176,1
70177,0
70178,5
70179,1
70179,8
70179,6
70180,10
70181,6
70184,6
70185,7
70185,2
70185,1
70188,9
70189,8
70193,10
70197,2
70197,8
70197,10
70199,1
70199,6
70200,6
70204,0
70205,3
70206,2
70206,8
70207,4
70207,7
70211,7
70213,2
70214,8
70214,6
70215,1
70216,4
70218,0
70219,10
70219,6
70221,9
70224,0
70224,1
70225,9
70225,10
70227,8
70227,7
70227,4
70228,8
70230,3
70232,1
70234,2
70234,8
70234,3
70236,7
70237,7
70238,7
70238,10
70240,10
70244,3
70245,3
70247,7
70249,1
70251,2
70251,6
70252,1
70252,8
70252,7
70256,10
70257,9
70258,9
70259,3
70260,5
70260,7
70261,8
70263,6
70263,10
70265,4
70265,10
70266,1
70266,5
70266,6
70266,10
70268,1
70269,0
70269,8
70270,4
70270,10
70271,6
70272,7
70273,2
70274,0
70274,8
70276,1
70277,3
70277,5
70278,10
70278,4
70279,1
70281,0
70284,6
70284,3
70285,9
70287,3
70287,7
70287,2
70289,3
70290,4
70292,3
70292,9
70292,8
70293,6
70294,10
70294,2
70295,7
70296,4
70297,1
70297,4
70298,6
70299,8
70300,3
70301,5
70302,10
70304,6
70305,7
70309,8
70310,8
70310,6
70311,6
70311,2
70312,10
70313,7
70314,7
70314,8
70315,7
70315,3
70316,2
70316,6
70319,10
70319,5
70319,8
70320,8
70321,1
70321,9
70323,2
70324,9
70324,8
70326,0
70326,6
70327,3
70329,6
70331,2
70333,7
70334,7
70334,4
70334,9
70335,0
70336,2
70336,6
70336,4
70337,2
70338,4
70339,7
70341,3
70343,2
70343,1
70343,8
70344,0
70348,10
70348,0
70349,3
70351,3
70351,4
70351,5
70352,1
70352,3
70352,4
70354,8
70355,9
70355,8
70355,5
70357,2
70357,4
70359,3
70362,6
70366,10
70367,2
70368,1
70369,2
70369,9
70370,5
70371,2
70371,7
70374,0
70378,2
70378,4
70378,8
70381,0
70381,8
70383,3
70383,1
70383,7
70384,0
70385,4
70388,2
70388,6
70389,9
70390,2
70392,9
70393,8
70393,10
70393,5
70394,7
70398,0
70399,9
70399,4
70401,2
70403,1
70404,4
70404,6
70405,6
70406,9
70406,1
70406,4
70411,1
70411,10
70411,5
70411,4
70413,1
70415,3
70417,4
70418,2
70419,8
70419,5
70421,5
70421,2
70422,10
70424,7
70425,5
70427,1
70428,10
70429,6
70431,1
70431,0
70432,5
70433,5
70435,5
70436,7
70436,9
70438,3
70438,2
70440,0
70442,3
70443,5
70444,0
70444,4
70447,10
70448,7
70448,10
70449,10
70450,10
70453,4
70456,5
70456,2
70456,8
70459,8
70460,6
70461,8
70463,8
70464,8
70464,6
70465,5
70465,6
70467,10
70469,7
70469,9
70473,9
70475,10
70476,10
70477,3
70477,1
70478,0
70479,8
70479,1
70480,3
70480,6
70481,8
70481,7
70482,3
70482,0
70484,3
70484,8
70485,0
70486,0
70487,2
70488,9
70488,0
70490,6
70492,5
70494,4
70496,4
70497,2
70497,4
70497,10
70500,5
70501,5
70502,1
70502,4
70502,8
70503,9
70503,7
70503,2
70505,9
70505,4
70505,10
70506,4
70506,9
70508,1
70508,5
70509,2
70510,0
70510,8
70510,9
70511,0
70511,9
70511,10
70513,3
70517,9
70518,5
70518,10
70520,7
70521,9
70522,3
70523,3
70523,5
70524,0
70525,5
70525,1
70526,5
70526,3
70527,4
70528,4
70528,8
70529,6
70530,1
70531,4
70533,5
70533,6
70535,2
70536,7
70538,7
70539,0
70539,7
70540,4
70541,6
70541,2
70542,2
70543,5
70544,5
70545,8
70547,5
70548,0
70554,0
70554,7
70554,6
70556,1
70556,9
70557,8
70557,3
70558,3
70558,6
70559,0
70560,6
70562,10
70563,9
70563,7
70566,6
70567,4
70568,9
70571,1
70574,5
70575,6
70576,1
70577,2
70578,10
70579,8
70583,1
70584,6
70584,4
70584,2
70584,9
70585,0
70586,0
70587,8
70589,3
70594,3
70594,7
70596,5
70596,2
70596,9
70597,1
70597,5
70597,8
70597,9
70598,0
70599,3
70600,1
70600,6
70601,8
70601,0
70602,3
70603,1
70608,3
70609,6
70609,10
70610,4
70611,3
70612,1
70613,3
70614,9
70616,6
70618,10
70619,2
70619,5
70620,8
70620,6
70621,1
70621,3
70622,8
70622,0
70625,1
70626,5
70627,2
70628,5
70632,8
70633,1
70633,5
70633,2
70633,9
70634,10
70634,3
70636,6
70637,7
70639,7
70639,3
70639,0
70641,3
70641,0
70642,0
70644,1
70644,3
70645,3
70645,6
70646,6
70646,3
70650,1
70651,2
70651,0
70652,9
70654,4
70657,10
70657,0
70658,9
70658,3
70659,3
70659,6
70660,7
70660,3
70660,5
70662,10
70663,6
70663,10
70664,1
70664,7
70664,8
70667,7
70668,5
70668,3
70669,6
70673,7
70673,3
70674,9
70678,2
70678,4
70679,8
70679,3
70680,0
70683,10
70683,3
70684,6
70685,1
70686,3
70686,4
70687,7
70687,1
70687,6
70688,9
70688,1
70688,5
70689,3
70689,10
70690,1
70691,7
70691,1
70691,5
70692,10
70692,9
70693,1
70693,6
70694,7
70695,6
70697,1
70698,4
70698,0
70700,9
70701,7
70703,8
70704,7
70705,9
70706,5
70707,9
70711,3
70714,9
70714,0
70716,3
70717,7
70718,2
70718,0
70721,3
70721,5
70722,8
70725,1
70726,5
70729,10
70730,8
70730,4
70730,9
70730,6
70731,3
70732,7
70732,5
70733,2
70738,4
70740,6
70741,6
70742,0
70742,6
70742,10
70743,1
70746,10
70747,7
70748,8
70749,7
70751,7
70753,5
70753,7
70753,0
70755,3
70756,4
70756,9
70759,4
70761,0
70761,9
70762,0
70767,10
70768,8
70768,10
70769,2
70769,5
70770,7
70771,2
70772,7
70774,0
70774,3
70778,8
70779,5
70779,7
70779,2
70779,0
70780,1
70781,5
70782,2
70783,6
70783,4
70785,9
70785,0
70786,10
70787,9
70787,7
70787,6
70787,2
70788,4
70789,4
70791,0
70792,10
70794,2
70795,0
70796,6
70796,0
70796,8
70797,6
70798,2
70799,7
70799,1
70799,5
70800,2
70801,8
70802,4
70804,1
70804,10
70805,2
70806,1
70807,2
70807,4
70811,10
70812,6
70813,0
70813,7
70813,5
70813,2
70815,4
70817,10
70819,9
70819,8
70819,7
70820,3
70820,1
70822,6
70823,0
70823,3
70824,2
70826,8
70827,2
70827,0
70829,8
70829,5
70829,6
70832,6
70834,7
70834,10
70835,10
70839,6
70839,9
70841,9
70841,8
70841,10
70842,4
70845,5
70845,7
70846,4
70847,6
70848,6
70849,4
70849,9
70850,6
70850,8
70854,4
70857,2
70857,6
70857,7
70858,7
70858,1
70859,0
70860,9
70861,1
70861,10
70864,6
70864,8
70865,7
70865,0
70866,1
70866,0
70867,3
70869,8
70869,4
70869,5
70870,9
70870,4
70870,10
70871,10
70871,9
70872,3
70872,5
70872,0
70874,5
70874,9
70874,6
70876,10
70877,4
70879,10
70879,5
70880,2
70881,3
70881,9
70881,1
70882,9
70883,1
70883,8
70884,8
70886,9
70886,5
70887,0
70888,0
70888,2
70889,2
70892,2
70892,0
70893,10
70893,3
70893,8
70894,4
70894,0
70897,0
70897,10
70898,0
70905,9
70906,7
70908,2
70909,8
70910,8
70911,0
70913,10
70919,1
70919,0
70920,0
70922,1
70922,10
70926,9
70928,1
70929,6
70930,5
70930,9
70931,5
70931,7
70933,10
70935,1
70935,5
70937,1
70937,6
70938,5
70939,7
70940,3
70941,1
70942,0
70942,8
70942,10
70942,2
70942,4
70944,7
70944,2
70945,0
70946,5
70950,4
70952,10
70952,7
70952,5
70952,2
70952,3
70955,8
70957,10
70959,0
70959,1
70960,7
70961,10
70962,3
70963,10
70964,2
70964,5
70965,8
70966,6
70967,2
70967,8
70967,3
70967,4
70968,4
70970,4
70972,4
70974,6
70974,8
70975,9
70975,7
70975,4
70975,5
70976,2
70977,2
70981,5
70982,9
70983,10
70983,0
70984,7
70985,8
70986,5
70986,1
70987,2
70987,6
70988,2
70988,8
70989,5
70989,0
70990,5
70992,1
70992,6
70993,4
70995,7
70996,1
70998,1
70998,7
71001,10
71002,5
71003,1
71003,8
71004,9
71005,10
71006,7
71012,7
71012,2
71015,1
71016,6
71016,10
71017,7
71017,3
71018,3
71021,7
71022,5
71022,4
71023,4
71025,2
71026,7
71027,6
71028,3
71028,8
71030,4
71032,7
71032,0
71034,8
71035,6
71035,8
71041,8
71042,4
71045,10
71045,4
71046,0
71047,8
71047,10
71049,5
71049,0
71049,10
71049,4
71051,7
71052,1
71053,0
71053,1
71054,5
71055,3
71056,6
71056,7
71057,5
71058,1
71061,7
71063,2
71067,0
71071,0
71075,1
71076,7
71079,6
71084,6
71084,1
71084,10
71086,2
71086,3
71090,10
71091,10
71092,1
71098,8
71099,9
71103,3
71105,1
71106,0
71107,9
71109,7
71109,2
71112,2
71112,8
71113,10
71113,0
71114,6
71116,4
71116,0
71119,2
71119,7
71121,1
71122,4
71123,5
71126,6
71128,8
71128,0
71131,9
71132,10
71135,7
71136,9
71138,5
71139,8
71140,7
71143,1
71145,9
71147,4
71148,10
71148,3
71149,1
71151,0
71151,7
71151,6
71153,2
71153,1
71154,10
71155,9
71156,8
71157,8
71161,1
71163,0
71166,0
71168,2
71168,3
71170,5
71172,5
71173,6
71174,0
71175,5
71176,7
71176,5
71177,7
71177,8
71178,3
71181,5
71182,0
71186,5
71188,9
71188,4
71188,6
71190,1
71193,7
71193,1
71194,3
71197,7
71197,6
71198,9
71199,2
71206,8
71206,9
71208,7
71208,9
71209,5
71209,9
71211,8
71213,1
71216,10
71216,1
71216,4
71217,7
71217,5
71218,5
71219,6
71221,10
71222,5
71224,2
71225,5
71225,10
71226,1
71229,4
71229,9
71232,1
71232,6
71232,2
71233,10
71233,1
71234,7
71234,10
71236,1
71238,7
71240,4
71240,0
71241,7
71242,9
71244,4
71246,7
71247,0
71249,4
71249,3
71251,2
71251,9
71252,6
71254,7
71254,9
71255,1
71255,3
71256,7
71257,4
71257,2
71258,4
71259,7
71260,1
71262,6
71263,3
71263,10
71264,4
71265,10
71267,5
71268,3
71271,5
71272,6
71273,10
71274,7
71276,1
71276,10
71277,3
71277,5
71277,7
71279,7
71279,10
71279,3
71281,10
71281,1
71282,5
71286,10
71290,1
71291,9
71292,4
71293,3
71295,2
71296,2
71297,9
71297,4
71299,6
71300,0
71300,3
71300,7
71301,5
71302,0
71302,4
71303,5
71303,2
71304,2
71304,6
71307,8
71308,6
71309,1
71309,7
71309,8
71310,3
71310,7
71310,8
71310,4
71311,0
71312,5
71313,2
71313,5
71314,5
71315,4
71315,10
71316,7
71317,8
71317,3
71318,2
71318,7
71320,6
71320,0
71320,9
71322,2
71323,4
71324,7
71325,6
71326,5
71328,3
71328,2
71329,3
71329,1
71330,9
71331,2
71331,0
71332,6
71332,8
71332,2
71333,10
71335,8
71336,7
71338,4
71339,6
71339,2
71341,1
71341,6
71342,1
71342,2
71343,8
71344,1
71347,3
71349,7
71349,1
71350,2
71351,7
71354,0
71354,7
71355,2
71355,5
71355,0
71357,2
71357,4
71359,10
71359,8
71360,1
71361,8
71361,3
71364,8
71365,4
71366,10
71367,1
71369,5
71369,9
71369,7
71369,0
71371,7
71373,2
71373,10
71374,5
71375,2
71375,7
71375,1
71375,5
71378,8
71379,1
71379,3
71379,4
71379,10
71380,2
71381,0
71385,4
71385,6
71387,7
71388,8
71388,5
71388,3
71390,0
71390,3
71392,6
71392,2
71392,5
71393,8
71393,2
71394,8
71396,5
71397,9
71399,0
71399,8
71400,5
71402,3
71402,9
71403,6
71405,3
71405,5
71406,10
71408,4
71413,3
71414,3
71414,1
71414,8
71415,3
71416,1
71416,5
71416,0
71417,9
71418,3
71420,1
71422,1
71426,1
71427,8
71428,8
71428,0
71431,9
71432,6
71433,0
71435,8
71438,7
71439,4
71440,4
71441,7
71441,6
71442,4
71443,5
71445,7
71446,0
71448,6
71449,7
71451,7
71452,3
71452,4
71452,9
71453,9
71454,5
71456,10
71457,5
71458,5
71459,7
71459,3
71460,6
71460,9
71461,3
71461,2
71463,3
71463,6
71464,8
71464,4
71465,8
71465,5
71469,2
71475,4
71475,2
71476,4
71476,3
71480,3
71480,9
71480,1
71480,4
71481,9
71485,0
71485,1
71486,9
71488,3
71490,8
71493,7
71493,9
71495,1
71495,6
71497,10
71498,0
71499,2
71501,0
71503,2
71503,9
71503,3
71505,6
71506,3
71506,7
71506,0
71508,9
71509,5
71509,3
71509,6
71510,6
71512,3
71512,9
71513,1
71515,10
71518,3
71518,6
71518,0
71519,4
71519,2
71525,10
71526,10
71526,6
71526,8
71528,6
71528,7
71528,10
71529,6
71530,1
71530,5
71531,1
71533,3
71535,3
71536,5
71537,9
71538,7
71538,1
71538,0
71539,3
71541,4
71541,8
71541,5
71541,9
71542,5
71543,6
71543,10
71544,0
71545,8
71546,2
71546,6
71547,2
71548,2
71551,5
71552,4
71555,9
71556,6
71556,4
71556,3
71558,5
71559,6
71563,9
71564,4
71565,3
71565,4
71565,8
71566,10
71567,4
71567,3
71569,6
71572,6
71573,6
71573,2
71574,4
71576,3
71578,6
71579,0
71580,5
71581,0
71583,0
71583,1
71583,2
71586,5
71587,9
71587,7
71588,4
71590,9
71590,7
71590,4
71592,4
71592,3
71592,10
71593,6
71593,0
71594,3
71595,2
71596,6
71596,8
71597,7
71599,7
71600,5
71602,2
71604,8
71604,6
71605,2
71606,5
71608,7
71610,1
71610,10
71611,6
71612,10
71612,9
71613,7
71614,3
71616,6
71616,3
71617,5
71617,6
71617,8
71618,7
71622,5
71622,1
71623,9
71623,7
71623,5
71625,1
71626,4
71626,2
71627,10
71627,1
71629,0
71630,1
71632,6
71634,2
71635,7
71636,2
71637,8
71637,10
71637,1
71637,4
71637,7
71638,9
71639,8
71639,2
71640,5
71641,6
71641,0
71644,1
71644,9
71644,5
71646,0
71647,1
71649,1
71649,3
71650,3
71652,7
71653,0
71654,0
71654,5
71656,10
71657,10
71658,4
71659,6
71659,8
71659,7
71661,5
71662,8
71663,7
71663,8
71663,0
71664,8
71665,9
71666,7
71669,10
71670,2
71676,9
71678,3
71678,8
71678,0
71682,3
71683,1
71684,10
71684,2
71685,8
71685,0
71685,1
71687,0
71688,3
71689,1
71689,2
71690,3
71690,5
71690,2
71691,5
71692,0
71693,0
71693,5
71695,3
71696,1
71698,6
71698,9
71698,3
71699,4
71700,10
71701,4
71701,7
71702,9
71703,5
71706,0
71707,8
71708,7
71708,4
71709,0
71710,9
71710,4
71710,8
71711,1
71711,8
71712,2
71712,8
71712,0
71713,7
71714,6
71714,7
71715,8
71715,7
71717,6
71717,4
71718,7
71718,3
71719,0
71720,10
71722,10
71722,1
71722,0
71723,9
71723,4
71724,9
71724,4
71724,0
71728,6
71728,9
71728,4
71729,2
71730,1
71731,0
71731,2
71732,1
71734,7
71735,4
71736,6
71736,7
71736,2
71737,7
71738,2
71742,8
71744,10
71746,2
71746,0
71746,3
71747,8
71747,2
71747,4
71750,3
71752,6
71753,9
71754,6
71755,2
71755,0
71757,9
71757,10
71758,8
71758,6
71759,1
71761,6
71762,10
71762,5
71763,3
71763,6
71764,7
71765,3
71765,7
71765,4
71766,4
71767,7
71767,4
71768,7
71770,5
71771,5
71771,7
71772,10
71774,9
71775,5
71775,10
71777,4
71782,2
71786,9
71786,7
71787,3
71787,2
71789,9
71790,7
71790,5
71790,0
71791,6
71792,2
71793,4
71796,2
71798,4
71799,1
71800,8
71800,7
71801,8
71805,6
71805,1
71806,10
71807,1
71808,0
71808,7
71809,0
71810,10
71813,9
71814,8
71815,6
71818,9
71820,9
71821,9
71822,4
71825,1
71827,10
71828,4
71828,6
71829,0
71831,3
71831,8
71833,5
71836,1
71837,7
71837,4
71838,4
71838,0
71839,8
71842,7
71843,10
71844,7
71844,3
71845,1
71846,8
71846,0
71847,1
71847,9
71848,5
71848,6
71848,4
71851,0
71853,6
71854,7
71854,6
71855,9
71860,3
71862,2
71864,2
71864,1
71864,4
71866,6
71869,2
71869,7
71870,7
71870,6
71871,2
71871,7
71871,6
71874,7
71874,2
71875,0
71875,8
71875,5
71876,10
71877,0
71877,8
71879,2
71879,3
71880,9
71882,4
71882,2
71883,4
71884,1
71893,2
71893,5
71894,8
71895,10
71896,0
71897,4
71898,8
71899,9
71900,7
71902,7
71903,7
71905,2
71907,4
71907,3
71908,8
71908,6
71909,2
71909,5
71910,10
71910,3
71911,3
71911,4
71913,2
71913,10
71914,0
71917,3
71920,10
71922,6
71922,1
71923,4
71924,9
71925,4
71927,4
71928,3
71933,9
71934,0
71934,3
71934,1
71934,5
71935,0
71935,10
71936,1
71937,9
71937,8
71938,5
71938,9
71939,9
71939,1
71939,7
71940,5
71940,7
71940,6
71941,2
71943,1
71944,5
71944,9
71945,10
71948,3
71949,9
71950,0
71950,6
71950,5
71951,3
71953,3
71958,9
71960,10
71961,9
71961,3
71961,7
71961,10
71965,1
71966,6
71967,5
71968,9
71969,0
71970,8
71970,6
71971,5
71972,2
71974,9
71975,4
71978,3
71978,6
71978,1
71979,3
71982,8
71983,3
71985,8
71987,4
71988,2
71989,9
71989,1
71990,0
71991,10
71992,1
71993,4
71997,5
71997,4
71997,6
71998,5
71999,10
72002,4
72002,5
72003,8
72003,1
72003,4
72006,2
72008,1
72008,4
72008,8
72009,1
72009,7
72010,8
72010,1
72012,10
72013,9
72013,8
72016,9
72016,6
72018,9
72020,4
72020,10
72022,0
72023,7
72028,5
72029,5
72029,3
72029,1
72030,9
72032,8
72032,5
72033,6
72034,10
72035,1
72036,10
72039,2
72039,4
72039,3
72040,10
72040,9
72041,8
72042,8
72043,8
72044,5
72045,1
72045,3
72046,3
72047,4
72049,1
72051,2
72053,10
72054,4
72055,5
72056,5
72057,10
72057,2
72057,9
72057,7
72058,5
72060,3
72060,9
72061,2
72061,1
72061,7
72063,1
72065,8
72066,1
72066,0
72067,3
72069,1
72070,9
72071,1
72072,1
72072,8
72072,2
72074,0
72078,7
72078,8
72078,3
72079,9
72079,2
72080,8
72082,9
72084,10
72085,5
72085,6
72086,8
72086,6
72088,8
72088,2
72090,4
72090,8
72092,0
72092,2
72092,10
72093,5
72093,1
72093,4
72093,3
72094,8
72095,3
72096,5
72098,9
72098,1
72098,10
72100,6
72101,9
72101,2
72101,8
72103,1
72106,2
72107,8
72107,6
72107,7
72108,0
72109,7
72109,3
72110,9
72110,6
72110,0
72113,4
72114,9
72114,3
72114,1
72115,8
72116,2
72117,0
72118,9
72119,4
72120,7
72120,2
72121,2
72123,4
72123,9
72125,7
72127,5
72128,1
72128,10
72128,8
72129,7
72130,1
72130,6
72133,10
72134,5
72136,3
72137,6
72137,1
72138,7
72139,2
72140,9
72140,6
72141,2
72141,5
72142,4
72143,0
72143,2
72145,10
72147,3
72148,7
72149,7
72150,9
72151,6
72151,10
72151,4
72152,5
72153,10
72154,8
72156,3
72156,1
72157,4
72160,8
72161,0
72162,7
72163,0
72164,0
72165,2
72166,9
72169,7
72170,3
72170,2
72171,3
72171,6
72173,8
72175,7
72176,4
72176,1
72177,0
72177,10
72177,6
72178,4
72180,2
72181,5
72182,9
72183,4
72184,6
72186,4
72187,7
72188,6
72188,3
72192,2
72192,3
72192,10
72194,3
72196,5
72197,10
72197,1
72198,3
72198,7
72199,0
72199,5
72200,5
72201,2
72201,0
72201,5
72202,0
72202,10
72203,5
72203,2
72204,6
72204,8
72205,7
72206,10
72206,4
72208,4
72208,5
72208,7
72208,0
72212,7
72213,1
72214,9
72214,3
72215,9
72215,2
72215,8
72216,5
72219,7
72219,9
72222,6
72223,7
72227,7
72228,5
72229,8
72231,2
72232,7
72232,3
72233,6
72233,10
72236,4
72236,3
72238,0
72239,8
72239,10
72239,9
72240,3
72241,9
72241,3
72243,7
72244,4
72245,0
72247,9
72247,4
72248,9
72248,7
72250,3
72251,0
72254,4
72254,0
72254,7
72255,7
72256,3
72257,9
72257,6
72260,3
72261,1
72261,4
72262,2
72263,2
72265,0
72266,8
72266,2
72266,9
72268,4
72268,8
72268,5
72270,5
72270,7
72271,9
72272,2
72273,10
72274,0
72274,9
72274,5
72275,2
72275,0
72275,5
72276,1
72277,5
72277,4
72279,10
72279,5
72280,7
72281,4
72282,2
72283,4
72283,7
72284,9
72287,6
72287,7
72288,0
72289,1
72290,1
72290,9
72291,9
72293,9
72297,4
72297,0
72300,0
72302,8
72303,2
72303,6
72304,7
72304,3
72305,6
72306,5
72307,8
72308,6
72308,7
72310,4
72311,3
72311,9
72311,1
72313,10
72314,1
72316,4
72317,10
72317,0
72318,3
72321,1
72324,5
72325,1
72325,7
72325,9
72327,10
72327,8
72328,10
72329,3
72329,2
72330,10
72332,5
72332,3
72333,8
72335,8
72337,3
72339,10
72340,8
72341,10
72342,10
72342,1
72343,4
72343,1
72343,3
72343,7
72344,0
72344,9
72346,3
72347,6
72347,8
72348,0
72350,7
72351,10
72351,9
72351,2
72352,10
72353,10
72353,0
72353,9
72354,10
72354,5
72356,7
72357,10
72358,8
72363,1
72363,5
72363,6
72364,0
72365,7
72365,2
72367,4
72368,3
72369,2
72369,0
72369,10
72370,6
72370,1
72371,10
72371,8
72372,3
72373,1
72376,3
72376,0
72377,9
72379,4
72379,1
72381,7
72381,9
72382,3
72382,7
72382,8
72382,0
72388,0
72388,6
72390,0
72391,2
72392,4
72393,0
72394,6
72394,10
72395,10
72395,8
72399,1
72399,8
72403,1
72404,0
72404,8
72405,10
72406,3
72406,10
72409,0
72409,7
72412,4
72413,3
72416,3
72418,10
72421,10
72422,8
72423,6
72426,4
72427,9
72428,1
72429,9
72430,10
72430,4
72430,2
72431,9
72433,3
72433,6
72434,5
72434,10
72435,7
72436,6
72437,3
72438,7
72438,10
72438,4
72439,0
72439,10
72441,8
72441,1
72441,9
72441,7
72442,2
72442,0
72444,5
72444,3
72451,1
72453,8
72453,10
72454,2
72457,10
72459,4
72460,1
72463,4
72464,10
72464,1
72464,7
72465,4
72465,3
72466,2
72469,8
72471,4
72472,9
72475,9
72475,8
72476,3
72478,1
72479,2
72480,4
72481,0
72481,8
72481,6
72484,6
72485,4
72487,1
72488,0
72488,4
72489,2
72491,7
72493,8
72493,5
72494,3
72495,2
72497,6
72497,1
72498,7
72498,8
72499,9
72499,4
72500,1
72500,8
72501,0
72502,3
72502,4
72503,3
72503,1
72506,5
72506,1
72506,7
72507,3
72508,9
72508,7
72510,3
72513,6
72513,0
72515,5
72516,1
72518,6
72518,7
72519,10
72520,10
72520,2
72520,7
72521,4
72521,5
72523,7
72524,9
72524,1
72524,3
72525,4
72526,1
72528,8
72528,1
72528,2
72531,6
72532,2
72533,6
72533,10
72533,4
72534,10
72535,6
72537,2
72539,8
72542,1
72543,7
72543,2
72546,2
72549,1
72549,6
72550,8
72550,2
72551,8
72551,1
72551,7
72553,10
72553,0
72554,9
72554,5
72555,3
72555,10
72555,7
72556,2
72556,1
72559,10
72560,1
72561,3
72561,4
72563,1
72563,3
72563,8
72564,3
72565,6
72565,1
72566,5
72567,1
72567,0
72567,4
72567,7
72568,10
72569,5
72570,10
72571,7
72571,3
72573,10
72574,0
72577,2
72579,6
72579,0
72579,10
72581,9
72581,5
72582,8
72582,5
72583,8
72585,2
72586,5
72586,4
72587,7
72588,0
72588,1
72589,6
72590,10
72590,1
72591,2
72593,0
72594,3
72595,4
72595,1
72598,3
72600,5
72600,0
72600,8
72601,6
72602,4
72603,7
72603,2
72603,10
72604,6
72604,4
72605,0
72605,8
72606,9
72607,2
72607,5
72607,1
72609,2
72610,10
72612,4
72614,5
72615,6
72616,7
72616,9
72618,8
72619,6
72621,0
72623,1
72624,4
72625,1
72627,3
72629,4
72629,9
72631,4
72633,8
72633,3
72634,8
72636,10
72636,6
72637,3
72638,1
72638,8
72638,6
72639,5
72639,2
72640,0
72641,9
72643,7
72643,1
72644,6
72646,10
72646,3
72649,3
72649,8
72649,0
72650,4
72652,0
72653,2
72654,0
72654,1
72654,6
72660,10
72662,2
72665,4
72665,3
72667,0
72668,2
72670,1
72673,1
72676,3
72676,4
72677,1
72678,6
72678,5
72679,10
72679,2
72682,9
72682,6
72683,5
72685,2
72687,7
72687,8
72688,6
72689,2
72690,7
72692,0
72694,0
72694,10
72695,6
72696,4
72697,7
72698,3
72699,1
72701,2
72701,4
72701,0
72702,5
72703,0
72707,1
72707,2
72708,7
72709,9
72709,4
72711,9
72711,8
72714,5
72716,8
72718,3
72718,2
72719,1
72721,1
72722,4
72723,7
72727,1
72728,7
72728,6
72729,2
72730,9
72731,10
72731,5
72732,9
72734,3
72735,3
72740,2
72740,9
72742,5
72744,5
72744,0
72745,5
72745,3
72747,10
72747,3
72748,10
72748,8
72749,4
72749,6
72751,3
72752,2
72757,9
72757,4
72760,10
72760,7
72760,1
72762,1
72763,7
72764,3
72765,1
72765,7
72766,9
72766,4
72766,0
72767,9
72767,10
72769,5
72769,0
72770,8
72770,7
72772,10
72774,0
72774,8
72774,10
72775,10
72775,8
72776,10
72776,2
72778,4
72778,6
72780,7
72780,1
72780,10
72781,7
72782,1
72782,9
72782,5
72783,4
72784,6
72785,5
72786,2
72787,2
72788,7
72792,3
72793,8
72794,1
72794,7
72795,3
72796,0
72796,8
72798,8
72801,3
72801,0
72802,6
72803,3
72805,4
72805,8
72806,6
72806,3
72806,7
72807,0
72809,3
72810,0
72811,6
72811,5
72811,8
72811,2
72812,3
72813,6
72814,1
72815,0
72819,6
72819,2
72819,4
72819,9
72821,0
72822,6
72823,8
72823,4
72824,3
72824,4
72825,6
72826,8
72829,6
72830,1
72832,5
72834,3
72836,8
72837,4
72838,3
72839,5
72840,2
72840,1
72842,2
72843,6
72843,5
72844,9
72845,3
72847,1
72847,9
72847,3
72848,0
72849,0
72852,4
72852,8
72854,7
72854,10
72856,6
72857,4
72858,8
72858,5
72858,3
72858,7
72858,9
72860,5
72862,10
72863,6
72863,8
72865,2
72867,1
72869,7
72870,10
72872,5
72872,8
72874,4
72875,2
72876,6
72876,8
72877,2
72878,3
72882,9
72882,3
72882,0
72882,1
72883,6
72883,9
72883,5
72883,8
72884,3
72884,8
72884,6
72884,1
72884,4
72884,5
72885,5
72886,5
72887,9
72887,5
72889,4
72891,2
72894,6
72894,1
72895,8
72896,2
72897,5
72897,7
72901,1
72902,0
72903,4
72903,1
72903,6
72905,8
72906,8
72906,2
72906,5
72907,6
72909,5
72909,10
72910,6
72910,8
72911,7
72911,3
72912,2
72913,1
72915,1
72916,2
72917,9
72917,0
72918,9
72919,6
72919,8
72920,1
72922,9
72922,7
72923,2
72923,7
72923,3
72924,2
72924,8
72924,9
72924,6
72926,7
72928,10
72928,4
72930,2
72931,5
72932,2
72933,2
72936,6
72936,7
72936,1
72936,8
72938,5
72939,9
72939,4
72940,0
72940,10
72941,6
72941,2
72942,5
72943,10
72945,9
72945,4
72945,8
72946,4
72946,6
72946,3
72948,3
72949,3
72950,8
72951,5
72951,10
72952,6
72953,9
72953,1
72954,8
72956,8
72956,10
72956,0
72957,7
72958,10
72958,8
72960,8
72964,3
72964,7
72965,4
72966,10
72966,9
72968,3
72969,5
72970,9
72970,0
72971,6
72972,10
72972,2
72973,6
72974,3
72974,2
72975,10
72975,4
72975,0
72975,3
72976,8
72978,9
72979,6
72980,6
72980,3
72981,8
72982,1
72982,5
72983,8
72985,0
72986,0
72987,0
72988,4
72989,9
72990,5
72991,3
72991,5
72992,7
72995,0
72995,5
72997,9
73000,1
73000,0
73001,0
73001,3
73003,4
73003,0
73004,9
73006,4
73007,4
73007,6
73008,7
73008,8
73009,7
73009,3
73010,0
73011,4
73011,9
73012,3
73014,10
73019,5
73021,4
73021,1
73022,5
73022,0
73022,4
73022,3
73022,9
73023,2
73024,6
73024,7
73024,0
73025,9
73025,2
73026,0
73027,5
73028,2
73029,8
73030,3
73030,4
73032,4
73035,1
73035,4
73037,10
73038,0
73039,3
73041,0
73042,8
73043,0
73043,10
73045,0
73048,4
73050,2
73050,8
73053,3
73054,2
73055,2
73055,4
73055,5
73056,7
73058,5
73059,3
73060,0
73061,4
73061,7
73062,3
73062,9
73062,8
73064,8
73066,4
73067,9
73067,3
73068,2
73068,8
73069,1
73069,7
73070,9
73073,5
73073,9
73074,6
73075,0
73076,3
73078,5
73078,0
73079,0
73080,10
73080,8
73082,10
73082,9
73083,2
73084,5
73084,4
73086,2
73088,10
73090,9
73092,2
73093,1
73093,10
73095,2
73097,3
73098,9
73098,3
73099,0
73099,2
73100,1
73101,5
73103,5
73103,0
73105,8
73106,6
73106,1
73106,4
73107,6
73107,2
73108,7
73108,5
73109,9
73109,7
73110,10
73111,0
73113,1
73114,0
73114,3
73115,4
73115,6
73116,2
73119,2
73120,1
73120,4
73121,2
73121,5
73121,0
73123,0
73124,5
73124,2
73126,1
73126,7
73126,6
73126,10
73127,5
73127,3
73127,6
73128,4
73130,3
73130,5
73131,6
73131,5
73131,0
73132,1
73132,4
73133,8
73135,4
73135,5
73137,3
73139,0
73140,6
73140,3
73141,3
73144,4
73144,2
73145,7
73145,5
73147,0
73149,2
73150,10
73151,3
73151,2
73153,0
73153,6
73153,8
73153,1
73155,10
73156,2
73157,2
73160,9
73161,2
73162,0
73162,10
73163,0
73165,7
73166,5
73166,10
73166,6
73167,2
73169,9
73169,10
73170,9
73170,4
73172,10
73173,9
73173,5
73174,10
73175,2
73175,1
73177,5
73177,2
73178,7
73182,2
73184,9
73185,10
73186,9
73187,5
73188,7
73188,5
73190,4
73192,3
73192,4
73193,1
73194,7
73195,4
73197,5
73197,7
73198,0
73199,8
73199,5
73200,3
73203,3
73203,8
73205,6
73206,1
73207,5
73207,3
73207,6
73209,7
73212,0
73214,9
73215,1
73216,8
73216,6
73218,3
73219,2
73219,4
73220,8
73220,6
73221,0
73222,4
73222,2
73222,0
73223,4
73224,4
73225,9
73225,2
73225,3
73228,2
73228,7
73230,4
73230,6
73230,10
73233,6
73234,3
73236,7
73237,6
73237,2
73237,3
73238,4
73238,0
73239,0
73241,1
73244,1
73244,5
73244,0
73245,9
73247,10
73249,6
73251,7
73252,5
73252,0
73253,1
73254,5
73254,1
73255,10
73255,9
73256,4
73256,0
73257,9
73258,5
73258,3
73259,8
73259,2
73260,0
73260,10
73260,1
73260,7
73260,6
73261,8
73264,8
73264,9
73264,5
73265,10
73265,7
73265,6
73266,5
73267,9
73267,0
73268,9
73271,4
73271,0
73272,2
73272,10
73272,3
73273,3
73274,3
73275,10
73275,6
73275,4
73275,1
73276,6
73278,5
73278,4
73279,6
73279,8
73280,5
73281,7
73281,1
73282,9
73282,0
73282,2
73284,7
73284,5
73285,4
73285,7
73286,7
73287,8
73287,3
73287,7
73288,1
73288,6
73291,8
73292,9
73293,5
73294,8
73294,0
73294,4
73295,5
73295,8
73295,0
73297,2
73298,7
73300,4
73300,6
73301,8
73302,10
73302,8
73303,5
73305,1
73306,5
73306,2
73307,9
73309,7
73310,6
73313,5
73313,0
73314,4
73314,9
73319,7
73320,3
73322,5
73323,4
73323,2
73323,10
73323,5
73324,0
73325,8
73326,7
73327,3
73328,3
73330,9
73330,8
73330,2
73332,1
73332,6
73332,3
73333,10
73335,9
73336,4
73337,2
73338,9
73340,3
73342,1
73345,4
73346,1
73346,9
73347,0
73350,0
73351,6
73352,7
73354,0
73354,9
73356,0
73356,3
73356,7
73358,9
73360,1
73362,0
73362,5
73363,2
73364,2
73365,1
73365,7
73366,10
73366,0
73366,2
73367,6
73367,10
73370,8
73371,0
73375,8
73376,5
73378,6
73378,10
73379,5
73380,5
73381,9
73382,1
73382,6
73383,2
73384,4
73384,1
73385,9
73385,3
73385,0
73386,4
73387,4
73388,9
73388,4
73390,0
73390,5
73391,0
73393,6
73393,0
73393,9
73395,7
73395,2
73395,4
73397,4
73398,5
73400,0
73403,6
73404,8
73405,7
73406,6
73406,9
73406,4
73407,9
73407,3
73410,7
73411,3
73412,1
73412,0
73413,1
73414,1
73416,4
73416,10
73417,3
73417,7
73418,3
73419,4
73420,2
73420,3
73420,1
73421,7
73421,0
73422,2
73422,5
73423,9
73423,8
73424,9
73424,2
73425,3
73427,9
73428,4
73429,6
73431,6
73432,2
73432,10
73434,9
73435,9
73436,5
73436,0
73438,1
73438,3
73441,7
73444,0
73447,8
73447,7
73448,1
73449,3
73450,8
73450,7
73451,8
73451,3
73451,9
73451,4
73452,8
73454,9
73455,0
73455,8
73456,1
73458,6
73458,2
73460,10
73461,4
73462,0
73462,5
73463,9
73463,5
73464,5
73466,9
73466,10
73466,2
73466,0
73467,6
73468,5
73468,8
73471,4
73474,6
73474,7
73475,2
73476,8
73476,1
73477,9
73477,6
73478,5
73479,8
73479,6
73480,6
73480,9
73481,5
73481,9
73481,0
73483,6
73485,7
73487,8
73487,2
73488,0
73491,2
73492,7
73492,8
73493,9
73493,5
73493,6
73493,1
73495,4
73495,6
73496,6
73497,8
73498,10
73499,5
73499,2
73501,10
73502,9
73503,1
73504,7
73505,4
73506,7
73506,6
73506,2
73507,4
73507,10
73507,7
73510,4
73511,8
73511,10
73513,3
73513,1
73515,2
73516,8
73519,4
73521,10
73522,0
73523,5
73525,1
73526,8
73526,2
73527,0
73527,1
73528,10
73528,5
73531,7
73531,9
73533,10
73534,5
73535,10
73535,0
73535,6
73535,8
73535,4
73536,10
73537,7
73539,3
73539,6
73540,9
73540,4
73541,10
73543,8
73543,5
73546,9
73546,10
73546,0
73546,8
73547,0
73549,8
73551,9
73551,7
73551,8
73554,1
73556,9
73557,7
73560,3
73565,1
73565,2
73566,3
73567,1
73568,2
73569,5
73570,9
73571,9
73572,10
73572,2
73573,8
73575,5
73576,6
73576,10
73577,6
73577,5
73580,4
73580,9
73581,3
73582,5
73582,10
73583,4
73583,7
73584,0
73586,8
73587,4
73588,3
73589,3
73590,4
73592,5
73593,9
73596,6
73596,2
73596,4
73597,3
73598,6
73599,6
73600,1
73603,10
73605,0
73605,2
73606,6
73608,10
73608,9
73608,3
73609,10
73610,5
73610,0
73613,10
73614,3
73615,4
73616,8
73617,8
73620,2
73621,3
73622,8
73623,7
73623,0
73624,5
73625,7
73625,6
73627,2
73628,6
73628,7
73630,1
73631,2
73631,1
73632,1
73633,10
73633,0
73633,8
73634,6
73636,8
73636,5
73636,0
73637,9
73637,10
73637,7
73639,5
73641,8
73642,3
73642,9
73642,10
73643,7
73643,0
73646,9
73648,8
73650,1
73650,3
73651,3
73653,4
73653,9
73654,7
73654,2
73655,3
73657,8
73658,8
73659,7
73660,4
73660,1
73661,4
73661,1
73662,8
73663,1
73664,4
73664,1
73664,7
73664,6
73666,6
73668,2
73669,4
73670,3
73670,6
73671,4
73671,10
73673,0
73675,2
73676,5
73677,8
73678,0
73678,5
73678,2
73679,9
73680,1
73680,7
73681,8
73684,9
73684,4
73687,9
73687,10
73688,4
73689,9
73693,9
73694,8
73695,2
73696,9
73696,0
73697,0
73697,1
73698,7
73699,2
73700,6
73701,5
73703,7
73703,1
73705,9
73705,4
73711,4
73711,1
73713,10
73714,0
73715,1
73715,8
73716,7
73716,3
73716,9
73716,4
73718,10
73720,0
73720,7
73721,0
73721,8
73721,6
73723,2
73723,6
73723,0
73724,8
73726,0
73727,6
73727,0
73728,4
73729,10
73730,10
73730,8
73731,3
73732,1
73732,3
73733,4
73734,4
73734,6
73737,1
73739,8
73740,3
73741,0
73741,4
73742,4
73743,6
73744,10
73744,6
73746,5
73746,9
73747,1
73748,0
73748,5
73750,10
73751,7
73751,0
73752,1
73753,5
73758,2
73759,5
73759,7
73762,2
73764,0
73766,9
73766,0
73767,5
73767,4
73767,7
73769,0
73771,3
73771,1
73771,0
73772,6
73773,3
73774,7
73775,3
73775,4
73776,4
73777,7
73778,5
73778,2
73779,9
73782,8
73782,10
73787,2
73788,4
73790,1
73790,3
73790,7
73792,3
73792,1
73793,5
73793,0
73794,2
73795,1
73796,8
73796,9
73796,2
73796,3
73797,3
73798,5
73798,6
73798,4
73800,6
73800,0
73801,0
73803,10
73804,1
73805,3
73805,5
73805,0
73806,7
73806,10
73809,10
73809,8
73809,6
73810,0
73810,2
73811,7
73812,2
73812,10
73813,7
73814,0
73815,3
73816,2
73818,2
73818,6
73818,5
73820,8
73821,7
73822,5
73822,7
73824,1
73824,3
73824,10
73824,7
73824,8
73824,6
73825,9
73825,5
73825,7
73826,2
73826,5
73827,0
73828,5
73829,9
73829,3
73830,8
73830,7
73831,0
73831,1
73832,6
73832,2
73833,9
73834,7
73835,8
73837,1
73838,9
73838,0
73838,1
73839,0
73841,6
73843,6
73843,4
73844,3
73845,10
73845,4
73845,0
73846,4
73846,0
73848,10
73849,3
73849,7
73850,6
73850,9
73854,1
73856,8
73862,3
73864,10
73864,8
73865,4
73866,6
73867,8
73868,0
73868,10
73870,5
73872,5
73872,7
73872,0
73873,8
73874,3
73875,4
73875,3
73876,4
73877,4
73877,1
73879,9
73880,2
73882,3
73883,4
73883,0
73884,2
73884,1
73884,7
73885,4
73886,9
73887,6
73887,2
73887,5
73890,3
73890,0
73891,2
73891,1
73893,10
73897,8
73897,0
73898,6
73898,8
73900,6
73901,0
73903,0
73906,1
73907,9
73907,3
73907,6
73908,5
73908,2
73909,1
73913,4
73913,0
73913,10
73914,2
73914,5
73915,1
73915,10
73915,3
73916,1
73916,10
73917,6
73917,0
73918,6
73920,4
73920,0
73922,0
73922,3
73922,5
73923,9
73923,7
73923,1
73924,8
73924,7
73925,4
73925,1
73927,4
73930,2
73932,10
73933,4
73934,3
73935,9
73936,3
73938,6
73938,4
73939,10
73940,9
73941,4
73941,8
73942,8
73943,8
73943,0
73944,0
73946,8
73946,6
73946,5
73947,10
73949,3
73951,7
73951,8
73952,7
73953,1
73953,3
73953,7
73954,2
73955,8
73956,1
73956,7
73959,2
73960,3
73961,3
73963,8
73963,6
73964,2
73964,5
73965,5
73965,3
73966,1
73966,2
73968,6
73968,5
73968,2
73969,1
73969,9
73970,4
73970,0
73970,7
73971,6
73971,7
73971,3
73971,4
73972,9
73973,1
73974,1
73974,10
73975,3
73978,10
73979,1
73979,3
73979,5
73980,1
73980,2
73982,5
73984,8
73985,5
73988,3
73990,10
73990,1
73990,4
73991,4
73991,6
73994,8
73994,1
73994,9
73994,3
73995,5
73995,1
73998,6
73999,4
74000,4
74000,10
74001,8
74001,3
74003,6
74009,5
74009,0
74009,10
74009,2
74010,7
74010,4
74011,8
74012,5
74013,1
74013,3
74013,6
74014,3
74014,9
74014,1
74017,3
74020,4
74021,0
74022,1
74022,10
74023,0
74024,0
74026,1
74027,5
74028,3
74029,7
74029,4
74030,6
74031,4
74031,1
74031,2
74032,0
74032,3
74035,9
74035,1
74035,4
74036,9
74036,1
74038,5
74039,1
74040,9
74041,8
74042,1
74043,0
74045,5
74047,0
74048,6
74048,4
74049,9
74049,1
74050,9
74050,8
74050,0
74051,9
74052,2
74053,9
74053,4
74054,6
74056,1
74056,9
74056,2
74057,10
74058,1
74060,4
74062,8
74063,1
74063,6
74063,8
74064,1
74065,8
74066,3
74067,9
74067,5
74068,9
74069,3
74069,5
74069,9
74069,10
74070,4
74071,9
74075,4
74075,7
74078,10
74078,2
74080,3
74080,4
74080,6
74081,8
74083,7
74083,9
74083,6
74084,10
74084,3
74086,0
74086,8
74087,5
74089,7
74089,1
74090,10
74090,7
74093,10
74093,0
74094,7
74094,8
74094,3
74096,8
74097,1
74100,0
74100,5
74100,4
74100,3
74101,9
74101,3
74102,0
74102,1
74103,3
74105,3
74105,9
74105,5
74106,9
74106,8
74107,10
74108,3
74109,9
74109,4
74112,9
74112,2
74113,0
74113,3
74114,9
74115,9
74116,5
74116,3
74117,5
74117,6
74119,9
74120,1
74123,3
74125,1
74125,7
74126,6
74127,7
74127,8
74128,3
74132,7
74132,6
74132,2
74132,10
74134,6
74135,1
74135,6
74135,0
74137,0
74138,3
74138,10
74138,4
74140,5
74141,5
74142,7
74144,10
74146,3
74149,5
74149,0
74151,3
74152,7
74154,8
74155,6
74157,4
74158,1
74158,5
74158,6
74159,9
74160,1
74161,3
74162,3
74162,4
74163,5
74166,8
74166,3
74167,1
74167,6
74167,8
74167,9
74168,2
74168,5
74169,5
74170,2
74171,10
74172,0
74173,9
74174,8
74175,5
74175,10
74176,7
74177,4
74178,7
74181,2
74181,6
74183,10
74183,0
74183,8
74183,3
74185,0
74186,2
74187,5
74187,8
74187,0
74188,5
74189,5
74189,0
74190,9
74190,7
74190,6
74191,8
74194,6
74197,0
74198,9
74200,4
74200,7
74202,5
74202,4
74203,4
74203,6
74204,6
74206,7
74207,6
74210,10
74210,9
74211,0
74212,3
74214,5
74215,8
74216,6
74217,2
74218,3
74218,4
74220,7
74220,9
74221,10
74221,0
74221,6
74222,9
74223,5
74224,4
74224,3
74225,6
74225,10
74225,4
74227,0
74227,2
74227,10
74228,8
74228,6
74229,1
74231,0
74232,4
74233,7
74236,7
74236,0
74236,2
74237,7
74238,8
74238,4
74239,2
74240,8
74241,5
74243,4
74244,3
74246,2
74248,3
74248,5
74249,5
74250,4
74251,9
74253,7
74253,4
74255,2
74255,3
74255,7
74257,9
74259,4
74260,3
74260,5
74262,4
74262,9
74262,1
74263,10
74265,8
74267,0
74269,9
74271,6
74271,2
74271,9
74274,6
74274,8
74275,5
74276,8
74277,2
74278,0
74279,9
74279,1
74280,9
74281,6
74285,10
74286,3
74288,7
74288,9
74288,3
74288,6
74290,5
74291,3
74294,7
74294,9
74296,8
74297,7
74297,0
74297,9
74298,1
74298,7
74299,8
74301,8
74301,5
74301,4
74302,0
74303,10
74303,3
74307,1
74307,3
74307,9
74309,2
74309,0
74309,4
74309,6
74311,10
74311,5
74312,3
74314,7
74314,6
74320,3
74322,1
74322,0
74323,6
74323,3
74326,0
74328,4
74328,3
74329,0
74330,6
74331,3
74332,1
74332,6
74333,7
74333,10
74334,5
74334,9
74335,10
74337,2
74338,3
74338,4
74340,7
74341,8
74341,9
74341,1
74344,7
74345,5
74345,4
74346,10
74347,6
74348,3
74349,1
74349,2
74350,8
74351,7
74352,7
74353,5
74355,3
74356,7
74357,3
74358,3
74358,4
74358,7
74361,6
74363,7
74365,3
74365,6
74366,3
74366,10
74368,4
74368,8
74369,2
74370,3
74371,4
74371,7
74375,7
74375,1
74376,1
74379,9
74379,3
74380,2
74381,6
74382,1
74383,2
74384,5
74384,7
74385,3
74387,0
74388,1
74388,10
74389,10
74391,7
74393,7
74394,9
74398,7
74399,2
74399,5
74400,4
74401,4
74402,4
74403,7
74403,8
74404,1
74405,0
74407,8
74407,5
74408,9
74408,0
74410,3
74410,2
74411,7
74413,1
74414,1
74414,9
74416,9
74416,10
74417,10
74417,9
74419,6
74419,4
74419,3
74420,1
74420,4
74421,7
74423,8
74423,9
74424,0
74424,4
74425,0
74426,3
74426,6
74427,9
74428,4
74428,7
74428,3
74429,5
74430,8
74430,1
74430,3
74432,7
74432,5
74433,3
74436,1
74438,9
74439,3
74439,2
74440,3
74440,6
74441,10
74441,5
74442,7
74443,7
74443,5
74445,6
74446,9
74446,1
74446,6
74446,5
74447,4
74447,7
74447,5
74447,1
74448,3
74453,1
74453,3
74454,10
74454,2
74455,9
74456,0
74456,3
74457,1
74460,2
74462,8
74464,6
74464,1
74465,4
74465,1
74467,0
74470,6
74470,1
74471,9
74471,2
74472,3
74473,2
74473,10
74474,10
74474,9
74474,5
74476,5
74477,4
74478,0
74478,5
74479,8
74480,10
74480,4
74482,3
74482,4
74483,6
74485,1
74485,3
74486,4
74487,6
74487,8
74488,2
74489,2
74489,10
74489,5
74491,6
74492,7
74492,6
74492,1
74494,7
74494,0
74494,8
74496,9
74497,7
74498,7
74499,0
74499,7
74500,9
74501,4
74501,10
74502,8
74502,6
74503,9
74503,10
74504,0
74504,5
74504,10
74505,0
74505,6
74505,5
74507,10
74507,7
74508,7
74508,1
74509,3
74510,1
74510,9
74511,8
74512,5
74514,5
74515,1
74515,10
74515,4
74516,7
74520,10
74521,10
74522,3
74522,9
74522,6
74525,1
74526,8
74526,5
74526,0
74528,5
74529,9
74529,2
74531,8
74532,5
74532,0
74534,2
74535,3
74535,9
74536,10
74537,0
74537,4
74539,5
74539,8
74539,2
74540,4
74540,8
74540,10
74541,5
74541,2
74542,4
74543,8
74543,7
74547,2
74547,0
74548,7
74548,10
74550,7
74553,2
74554,4
74556,5
74556,8
74556,4
74557,8
74558,0
74559,0
74561,7
74562,9
74562,7
74563,9
74564,7
74565,7
74565,8
74567,2
74568,0
74568,3
74569,3
74570,0
74570,6
74571,4
74572,0
74575,6
74575,2
74576,9
74576,7
74577,0
74577,4
74577,1
74578,1
74580,6
74580,10
74583,4
74584,7
74584,0
74585,9
74585,3
74586,0
74587,5
74587,9
74587,6
74587,7
74589,1
74589,4
74591,6
74592,2
74592,9
74595,3
74595,7
74595,6
74597,5
74598,0
74598,3
74599,10
74599,0
74599,8
74600,6
74601,9
74601,10
74602,8
74603,1
74603,6
74604,2
74606,2
74606,6
74606,10
74607,9
74608,3
74608,6
74608,10
74610,5
74610,3
74611,9
74612,8
74612,4
74613,7
74614,3
74614,5
74615,9
74617,7
74618,7
74620,1
74625,7
74627,1
74628,7
74628,8
74628,2
74629,1
74630,6
74631,6
74632,9
74632,4
74633,2
74635,6
74636,9
74636,7
74638,6
74639,1
74640,5
74641,8
74642,0
74642,1
74643,2
74644,1
74644,2
74646,2
74647,1
74648,5
74648,6
74650,10
74650,0
74652,5
74652,8
74655,9
74655,4
74656,3
74658,7
74658,5
74659,2
74659,0
74659,1
74660,6
74660,8
74661,9
74661,1
74662,5
74664,10
74664,5
74665,7
74667,8
74667,3
74667,9
74668,7
74669,5
74670,6
74670,8
74670,0
74670,7
74672,0
74672,6
74673,3
74674,3
74675,3
74675,8
74675,7
74676,0
74677,2
74678,4
74681,1
74682,6
74683,1
74685,10
74686,7
74687,10
74688,5
74690,1
74691,0
74692,9
74694,2
74694,9
74695,10
74695,2
74696,1
74696,9
74696,0
74696,10
74697,6
74697,4
74698,8
74701,7
74702,9
74704,1
74706,1
74706,2
74707,1
74711,6
74712,10
74714,5
74714,0
74715,7
74718,7
74719,0
74719,8
74719,3
74720,4
74720,6
74720,7
74720,2
74721,5
74724,3
74725,7
74727,6
74728,5
74729,2
74729,0
74730,10
74731,9
74731,7
74732,10
74732,1
74733,9
74733,1
74735,4
74735,1
74737,4
74737,9
74738,10
74738,3
74739,0
74743,7
74743,2
74745,3
74745,8
74747,0
74749,6
74750,7
74753,7
74754,10
74754,2
74756,4
74758,10
74759,9
74761,0
74761,8
74762,1
74762,8
74764,10
74764,6
74765,8
74767,8
74768,7
74768,6
74768,2
74769,6
74769,0
74771,0
74772,10
74772,4
74773,5
74776,4
74777,1
74778,9
74781,1
74782,1
74784,3
74785,7
74785,8
74786,7
74786,0
74786,1
74786,8
74787,8
74787,1
74787,10
74787,7
74789,2
74790,1
74791,9
74791,3
74792,0
74793,1
74794,3
74796,8
74798,1
74798,5
74800,3
74801,8
74801,9
74801,10
74802,9
74803,9
74804,7
74805,5
74805,7
74805,6
74805,10
74809,7
74810,8
74810,6
74811,1
74812,8
74812,7
74813,4
74814,5
74814,0
74815,3
74816,7
74817,8
74819,8
74822,0
74822,1
74823,5
74824,5
74825,1
74825,4
74826,4
74826,0
74826,8
74827,9
74828,5
74828,2
74831,5
74832,10
74834,4
74835,10
74837,4
74837,2
74837,3
74839,5
74840,2
74840,1
74841,10
74842,10
74842,2
74843,2
74843,5
74844,9
74844,1
74847,3
74848,9
74850,9
74850,4
74851,2
74856,7
74856,2
74856,4
74857,5
74858,1
74859,8
74860,8
74860,2
74861,5
74862,7
74863,8
74864,6
74864,8
74864,7
74865,0
74868,4
74869,6
74871,7
74871,6
74872,5
74874,3
74876,0
74877,1
74877,10
74877,0
74880,4
74882,5
74883,2
74884,3
74885,4
74885,9
74885,8
74888,1
74889,1
74889,2
74890,5
74890,1
74891,3
74896,0
74896,2
74899,2
74899,10
74900,3
74901,10
74902,10
74904,7
74904,5
74907,5
74908,3
74908,8
74909,3
74911,1
74914,5
74914,4
74915,2
74916,6
74918,1
74919,4
74919,6
74920,2
74920,6
74921,0
74921,9
74922,1
74923,4
74924,7
74926,5
74926,8
74927,6
74932,0
74932,4
74933,3
74934,3
74934,6
74936,9
74937,9
74937,2
74938,3
74939,4
74939,7
74939,1
74940,6
74940,10
74942,3
74945,0
74946,0
74949,2
74950,4
74950,0
74950,2
74951,7
74951,1
74952,10
74953,10
74956,4
74956,10
74957,5
74957,7
74957,8
74958,6
74958,9
74960,8
74962,3
74963,8
74964,6
74964,5
74965,5
74966,4
74966,8
74967,7
74967,6
74967,9
74968,7
74968,5
74968,0
74968,2
74969,4
74969,6
74970,10
74973,9
74974,1
74974,3
74975,0
74981,10
74983,0
74984,1
74984,3
74985,3
74987,3
74988,6
74989,8
74989,2
74992,9
74992,4
74992,1
74994,0
74995,4
74997,6
74998,9
74998,10
74998,1
75000,8
75001,1
75001,3
75004,7
75004,8
75004,6
75007,7
75007,1
75008,1
75011,2
75012,8
75013,10
75016,4
75016,6
75017,10
75017,1
75017,7
75018,8
75018,6
75019,6
75020,0
75022,6
75023,1
75024,10
75025,8
75025,4
75026,8
75026,1
75027,7
75029,0
75029,10
75029,6
75030,8
75031,6
75031,4
75031,3
75032,7
75033,7
75033,1
75033,8
75034,4
75034,1
75036,10
75036,4
75038,0
75039,1
75042,5
75042,7
75042,3
75043,0
75045,9
75046,1
75049,10
75049,9
75050,10
75052,0
75053,1
75054,6
75054,10
75055,3
75055,4
75055,10
75055,8
75057,3
75057,1
75058,2
75059,3
75059,1
75060,5
75062,7
75062,4
75063,6
75063,7
75064,6
75065,9
75065,5
75066,4
75066,1
75067,2
75068,9
75069,3
75069,5
75071,0
75072,5
75073,9
75074,6
75074,3
75075,5
75079,6
75079,4
75079,3
75080,1
75080,7
75080,0
75082,2
75082,1
75082,4
75082,7
75082,0
75084,2
75085,8
75087,3
75087,4
75088,4
75089,5
75095,4
75097,4
75099,6
75099,7
75100,4
75100,10
75100,8
75101,7
75101,0
75102,3
75102,10
75107,10
75107,3
75111,4
75112,2
75112,9
75112,10
75113,5
75115,2
75115,5
75115,6
75115,8
75116,2
75117,0
75117,10
75118,8
75118,9
75119,8
75119,4
75120,1
75121,4
75121,5
75123,0
75123,7
75124,2
75125,3
75126,5
75128,5
75129,3
75129,2
75133,4
75135,4
75137,10
75137,9
75137,4
75139,5
75140,4
75140,8
75141,9
75142,1
75143,9
75144,0
75144,5
75144,7
75144,6
75146,3
75150,10
75151,4
75152,4
75153,7
75153,4
75157,7
75157,2
75160,0
75161,4
75162,2
75162,4
75162,1
75162,0
75163,10
75163,1
75166,10
75166,8
75169,2
75169,6
75170,2
75170,5
75171,2
75174,10
75174,1
75175,8
75176,5
75176,3
75176,7
75177,1
75177,4
75178,3
75179,0
75182,10
75182,2
75182,4
75182,3
75183,0
75185,2
75185,8
75187,5
75190,5
75192,0
75192,4
75193,0
75193,5
75195,3
75196,7
75198,4
75198,9
75199,6
75200,7
75201,3
75202,2
75202,9
75203,2
75203,1
75204,1
75205,0
75207,3
75208,6
75209,10
75209,5
75211,1
75212,6
75213,1
75213,4
75214,5
75214,1
75216,4
75216,0
75217,0
75218,7
75221,9
75221,5
75222,4
75223,4
75224,8
75225,2
75226,7
75226,3
75226,8
75227,1
75228,1
75230,1
75230,10
75231,3
75232,9
75232,2
75233,6
75234,8
75235,8
75236,4
75239,8
75239,10
75239,1
75240,10
75241,10
75243,3
75244,1
75245,10
75245,1
75245,0
75246,5
75247,1
75248,2
75249,10
75251,6
75251,3
75252,0
75253,4
75253,6
75254,4
75254,7
75255,5
75255,10
75255,8
75256,8
75256,9
75257,2
75258,7
75258,6
75260,8
75260,6
75261,2
75261,7
75261,3
75262,8
75263,7
75265,0
75265,6
75265,5
75265,10
75266,4
75266,2
75267,2
75267,3
75267,7
75269,8
75270,4
75270,10
75271,2
75273,0
75275,2
75276,9
75277,8
75278,1
75279,9
75279,8
75281,0
75286,6
75286,0
75287,0
75287,4
75288,1
75290,5
75293,9
75293,10
75294,1
75297,6
75298,9
75298,2
75299,10
75299,6
75299,7
75300,10
75303,5
75304,9
75306,7
75307,9
75307,10
75308,7
75309,5
75310,3
75310,6
75311,4
75311,7
75314,8
75314,6
75316,10
75317,7
75320,5
75320,1
75321,10
75321,0
75324,0
75324,3
75325,7
75326,8
75327,9
75328,5
75329,0
75329,4
75331,3
75332,5
75334,10
75335,7
75335,9
75335,4
75335,10
75336,7
75336,10
75337,6
75338,0
75339,4
75339,2
75340,2
75342,7
75342,4
75343,10
75343,5
75345,10
75347,0
75348,7
75348,6
75351,1
75352,0
75354,10
75356,6
75357,5
75357,8
75357,9
75359,7
75359,8
75360,1
75361,4
75362,9
75362,0
75363,0
75364,7
75365,10
75366,6
75370,5
75370,4
75370,6
75371,2
75372,6
75373,6
75375,10
75375,1
75376,10
75377,6
75378,8
75380,3
75380,0
75382,8
75383,1
75385,9
75385,0
75386,7
75387,10
75388,1
75388,2
75389,3
75391,10
75392,6
75392,7
75396,6
75396,3
75397,8
75398,9
75398,7
75398,1
75399,5
75399,4
75399,3
75400,2
75400,8
75400,9
75402,4
75402,8
75402,3
75402,5
75404,3
75406,5
75407,1
75409,0
75409,9
75410,1
75411,6
75411,9
75411,5
75414,5
75414,1
75416,5
75417,0
75417,7
75418,2
75418,9
75419,0
75420,1
75422,10
75424,3
75424,2
75426,5
75427,2
75428,5
75430,2
75431,0
75431,4
75432,2
75432,4
75433,1
75433,0
75433,7
75435,0
75435,10
75435,2
75437,7
75437,10
75438,8
75438,10
75438,6
75438,2
75439,7
75441,6
75442,5
75443,3
75443,7
75444,0
75446,6
75446,0
75446,8
75447,9
75447,1
75447,3
75447,8
75449,7
75450,1
75451,5
75452,9
75453,2
75453,9
75454,5
75455,4
75455,6
75456,4
75456,0
75458,6
75459,0
75459,4
75459,1
75460,9
75460,10
75461,3
75462,0
75463,6
75463,4
75465,2
75466,4
75466,5
75467,5
75467,3
75469,6
75472,1
75475,2
75476,1
75476,0
75479,5
75480,7
75481,4
75481,6
75482,7
75483,3
75484,10
75485,7
75486,9
75487,10
75487,7
75488,3
75488,4
75489,2
75490,7
75491,10
75491,9
75492,4
75493,9
75493,7
75494,6
75494,1
75494,0
75495,1
75496,7
75496,4
75497,6
75497,2
75499,5
75499,10
75500,1
75501,6
75501,5
75502,3
75502,1
75503,3
75504,8
75504,3
75504,10
75504,0
75507,4
75507,5
75508,9
75508,6
75509,6
75510,8
75511,10
75512,1
75514,0
75516,4
75517,5
75518,4
75520,1
75522,0
75522,1
75522,9
75522,2
75523,4
75524,4
75525,6
75526,8
75527,0
75529,3
75530,4
75530,3
75531,1
75531,5
75532,6
75534,0
75534,9
75535,6
75536,3
75537,3
75537,0
75538,5
75540,8
75540,1
75540,9
75542,10
75542,5
75544,5
75546,1
75548,6
75549,5
75549,2
75549,7
75550,6
75551,4
75552,9
75554,10
75554,0
75555,7
75555,9
75559,5
75561,4
75562,10
75564,1
75565,5
75565,8
75566,0
75569,1
75571,2
75572,5
75573,8
75573,10
75576,7
75576,8
75576,3
75579,9
75580,3
75581,5
75581,10
75583,8
75584,10
75584,9
75586,8
75588,1
75588,4
75589,10
75590,9
75590,3
75590,0
75591,9
75592,1
75592,6
75593,3
75595,7
75596,2
75599,3
75600,1
75601,6
75602,2
75602,10
75603,9
75603,2
75603,6
75604,9
75605,6
75606,2
75606,6
75608,9
75609,7
75609,5
75610,9
75610,3
75610,6
75611,10
75612,10
75613,9
75613,6
75615,5
75615,7
75616,6
75616,10
75618,4
75619,1
75620,10
75621,10
75622,5
75622,4
75623,9
75627,10
75627,3
75630,10
75631,1
75632,8
75633,7
75634,9
75634,5
75636,7
75640,0
75641,0
75642,6
75643,5
75643,1
75643,3
75644,0
75644,9
75645,9
75645,3
75646,4
75646,2
75647,1
75648,9
75648,7
75648,10
75650,3
75651,8
75651,0
75653,4
75654,0
75656,7
75657,8
75658,6
75659,10
75660,0
75661,4
75661,10
75661,6
75663,6
75663,8
75667,3
75668,1
75669,3
75669,0
75669,6
75670,6
75671,8
75673,2
75673,10
75673,1
75676,8
75676,4
75677,10
75678,4
75679,10
75679,7
75679,6
75680,10
75681,3
75685,4
75686,7
75688,0
75688,3
75689,8
75689,2
75689,5
75690,7
75690,0
75691,7
75694,10
75695,6
75696,10
75698,9
75698,3
75698,6
75699,1
75700,9
75701,6
75702,1
75702,7
75706,9
75706,10
75707,6
75709,4
75710,6
75711,8
75712,1
75713,9
75714,6
75716,5
75718,5
75719,6
75720,3
75724,7
75724,3
75725,1
75725,8
75725,0
75726,3
75727,9
75727,2
75729,9
75731,9
75733,2
75734,1
75734,10
75735,5
75739,8
75739,2
75742,0
75743,8
75744,6
75744,0
75744,9
75746,7
75748,7
75748,5
75749,4
75750,10
75750,9
75750,7
75751,10
75753,4
75754,4
75754,0
75756,9
75758,4
75758,2
75760,0
75760,9
75762,3
75762,1
75763,7
75765,9
75765,2
75766,7
75766,8
75768,5
75771,7
75772,7
75772,1
75772,9
75775,8
75775,9
75777,3
75778,5
75779,3
75779,5
75779,4
75780,1
75781,3
75781,2
75785,4
75787,3
75788,10
75788,7
75788,6
75789,0
75793,10
75794,3
75797,6
75797,4
75798,8
75798,4
75799,6
75800,10
75802,4
75802,1
75803,7
75803,2
75809,2
75810,5
75813,0
75814,1
75815,0
75817,3
75817,1
75818,8
75818,10
75819,2
75819,9
75821,0
75821,5
75822,1
75822,6
75822,5
75823,1
75824,10
75825,4
75826,6
75826,9
75827,3
75827,1
75828,5
75829,8
75830,3
75831,7
75831,3
75832,7
75832,8
75833,10
75834,0
75836,7
75836,1
75837,4
75840,9
75840,4
75840,8
75840,3
75840,2
75840,1
75841,9
75842,5
75845,1
75845,2
75848,10
75848,0
75848,8
75849,1
75849,0
75849,8
75850,6
75851,7
75851,6
75851,10
75855,8
75855,5
75855,9
75855,2
75856,1
75857,8
75857,6
75857,0
75861,6
75861,9
75861,4
75862,9
75863,9
75863,3
75864,3
75866,8
75868,9
75869,3
75870,9
75871,10
75873,4
75875,6
75876,0
75877,2
75878,3
75879,5
75880,5
75880,10
75881,4
75881,3
75882,2
75883,10
75883,4
75883,7
75884,3
75885,5
75888,1
75890,9
75893,6
75895,3
75895,2
75896,10
75897,5
75898,2
75898,4
75899,1
75900,7
75901,1
75902,0
75904,10
75904,8
75906,9
75907,5
75911,0
75912,0
75913,2
75914,0
75915,8
75916,6
75916,0
75916,1
75916,5
75916,10
75917,6
75917,4
75917,7
75920,6
75920,9
75921,5
75923,10
75926,1
75928,3
75928,4
75929,3
75933,8
75933,6
75933,1
75937,1
75938,5
75939,1
75939,4
75940,3
75940,8
75942,10
75943,2
75945,8
75947,7
75947,10
75950,10
75950,0
75952,6
75954,0
75954,1
75955,6
75956,10
75956,4
75959,2
75960,6
75962,10
75962,5
75963,4
75963,9
75967,7
75968,7
75968,5
75974,1
75975,7
75975,8
75976,2
75979,10
75980,4
75980,2
75982,5
75985,6
75985,7
75987,2
75988,5
75989,5
75990,5
75990,6
75991,4
75992,2
75992,1
75993,10
75996,5
75997,0
75997,9
75998,9
75998,0
76002,4
76002,3
76003,8
76004,3
76006,4
76007,7
76008,2
76008,10
76008,4
76010,6
76011,6
76012,1
76013,6
76013,2
76014,7
76014,2
76014,8
76014,6
76015,5
76015,2
76015,7
76016,5
76016,9
76016,6
76017,9
76018,7
76018,9
76019,7
76020,5
76021,9
76021,3
76022,8
76022,2
76023,7
76023,8
76024,5
76025,8
76028,0
76028,6
76029,10
76030,9
76031,8
76032,5
76034,5
76037,5
76037,2
76040,4
76040,1
76041,10
76042,2
76043,10
76043,3
76044,7
76048,9
76048,4
76050,5
76051,10
76052,10
76055,3
76057,1
76058,6
76060,7
76063,0
76064,8
76064,0
76066,5
76066,0
76067,8
76068,9
76068,8
76069,6
76069,3
76070,3
76071,10
76072,6
76076,7
76081,3
76082,2
76084,5
76085,9
76086,4
76086,10
76087,10
76088,5
76088,2
76089,10
76090,7
76092,3
76094,0
76094,4
76095,1
76096,5
76097,7
76098,0
76100,3
76100,5
76101,9
76101,6
76101,2
76104,1
76104,0
76108,6
76109,9
76110,8
76111,6
76112,3
76113,5
76113,1
76113,9
76115,3
76117,3
76117,8
76117,0
76117,4
76118,5
76120,5
76121,0
76123,4
76124,4
76124,6
76124,9
76124,7
76125,7
76125,8
76126,3
76128,9
76128,7
76130,5
76131,5
76132,3
76132,6
76133,7
76133,4
76134,0
76136,10
76139,5
76141,4
76142,4
76143,5
76144,4
76146,9
76146,3
76149,6
76149,5
76150,3
76150,1
76151,9
76152,6
76152,4
76154,7
76155,5
76157,3
76157,8
76158,0
76159,4
76160,1
76160,8
76161,1
76162,7
76163,10
76164,10
76164,5
76164,1
76164,4
76165,10
76166,7
76168,2
76168,8
76170,2
76177,10
76178,1
76180,5
76181,9
76185,8
76185,10
76185,9
76186,6
76187,10
76187,6
76188,4
76188,8
76189,8
76190,5
76192,9
76193,5
76197,6
76198,10
76199,6
76199,3
76202,1
76204,5
76206,7
76206,1
76208,0
76208,10
76208,2
76209,6
76209,7
76212,8
76212,5
76214,4
76215,2
76215,0
76218,10
76218,8
76219,10
76219,0
76221,2
76223,1
76224,5
76225,9
76225,0
76227,7
76227,9
76228,0
76228,9
76229,7
76230,3
76230,6
76230,4
76231,6
76232,8
76232,2
76233,0
76235,7
76235,1
76236,9
76237,1
76238,0
76240,3
76240,8
76242,7
76245,10
76245,7
76245,2
76248,6
76249,0
76251,1
76251,0
76255,10
76257,4
76258,2
76258,8
76258,10
76259,9
76260,1
76260,6
76260,8
76262,6
76265,3
76267,5
76268,7
76270,1
76271,5
76272,0
76273,7
76273,8
76274,5
76275,8
76275,4
76275,2
76276,9
76277,5
76278,6
76280,6
76280,2
76281,5
76281,9
76284,7
76285,0
76285,6
76286,7
76289,2
76290,8
76290,5
76292,1
76294,2
76294,4
76295,10
76295,5
76297,10
76297,7
76297,5
76298,9
76300,9
76301,1
76301,5
76301,3
76303,8
76306,2
76307,1
76308,7
76308,6
76310,5
76313,3
76314,10
76314,4
76314,9
76315,2
76317,2
76318,9
76319,9
76323,1
76323,3
76324,0
76325,7
76325,3
76326,9
76326,0
76329,8
76329,10
76330,5
76330,10
76333,8
76333,3
76333,6
76334,5
76334,2
76337,4
76338,8
76338,10
76339,3
76340,2
76341,2
76343,3
76345,10
76346,7
76349,1
76349,2
76350,2
76350,7
76351,2
76351,9
76352,2
76353,4
76353,9
76354,4
76357,6
76359,7
76359,2
76360,1
76360,8
76364,2
76365,0
76367,7
76367,5
76369,7
76369,5
76370,8
76370,2
76371,6
76372,9
76372,10
76373,0
76374,0
76376,2
76377,2
76377,8
76377,0
76378,6
76378,5
76380,1
76382,5
76384,7
76385,1
76386,10
76387,3
76387,5
76387,7
76388,9
76388,10
76392,3
76393,7
76394,10
76394,4
76396,5
76397,3
76397,9
76401,2
76402,5
76402,8
76402,1
76403,6
76403,0
76404,10
76404,1
76407,6
76407,9
76407,7
76408,10
76409,8
76410,7
76410,4
76412,0
76413,6
76414,5
76415,2
76415,0
76415,7
76415,10
76416,6
76416,0
76419,5
76420,0
76421,2
76422,8
76422,7
76423,4
76426,4
76427,10
76428,8
76428,4
76428,10
76428,6
76429,2
76432,10
76433,8
76433,5
76435,4
76435,2
76436,3
76436,10
76437,7
76438,6
76439,1
76440,8
76441,3
76441,1
76443,4
76443,1
76443,0
76445,9
76446,3
76446,7
76447,3
76451,3
76452,3
76453,9
76453,8
76454,6
76454,10
76454,9
76455,9
76457,3
76457,7
76460,6
76461,0
76466,2
76468,5
76470,9
76470,4
76471,4
76471,5
76472,10
76473,1
76474,7
76474,0
76475,5
76476,4
76477,9
76478,6
76478,4
76479,8
76480,4
76481,6
76482,10
76483,9
76484,6
76484,3
76489,5
76490,10
76490,1
76490,8
76491,2
76492,6
76492,5
76493,2
76493,0
76495,8
76495,2
76497,5
76499,8
76500,8
76501,0
76505,3
76506,6
76507,5
76508,10
76508,0
76508,8
76509,6
76511,8
76512,6
76513,1
76516,9
76519,9
76519,2
76522,5
76524,8
76524,0
76524,7
76524,6
76525,0
76527,1
76532,10
76534,9
76536,3
76536,1
76537,8
76540,6
76541,10
76541,6
76542,8
76544,4
76546,7
76546,9
76546,0
76546,2
76547,4
76550,10
76550,6
76551,10
76552,3
76555,1
76555,10
76556,9
76557,4
76559,2
76560,8
76560,1
76561,1
76561,10
76561,5
76562,1
76566,2
76566,9
76566,6
76568,9
76569,9
76570,2
76570,6
76572,5
76573,1
76574,4
76575,3
76576,2
76580,3
76581,8
76583,7
76584,9
76585,9
76585,6
76586,3
76586,8
76587,3
76588,9
76591,2
76593,2
76593,3
76594,4
76594,7
76598,2
76599,2
76599,7
76599,9
76600,4
76600,5
76601,9
76602,8
76603,5
76604,4
76604,3
76604,7
76604,6
76605,5
76610,7
76611,3
76611,4
76613,2
76613,10
76614,2
76618,8
76618,0
76620,6
76624,5
76627,7
76627,5
76629,3
76631,7
76632,3
76633,5
76633,6
76635,9
76637,2
76639,0
76639,10
76639,7
76642,4
76643,3
76644,3
76645,9
76646,3
76647,4
76648,3
76651,0
76651,9
76651,6
76651,5
76652,7
76652,6
76652,1
76652,5
76653,1
76655,0
76656,7
76661,6
76662,9
76665,6
76667,5
76667,2
76670,4
76671,8
76671,5
76671,10
76672,7
76672,8
76672,4
76673,6
76673,3
76674,4
76676,10
76677,1
76679,7
76679,5
76680,0
76680,2
76681,6
76681,4
76682,3
76682,9
76683,4
76684,6
76685,4
76686,10
76687,7
76688,9
76689,5
76689,4
76690,9
76690,0
76692,7
76695,6
76695,3
76695,4
76697,6
76698,6
76698,5
76699,7
76699,6
76701,1
76701,4
76702,6
76704,0
76704,9
76705,6
76705,10
76706,7
76706,10
76709,1
76711,2
76711,4
76715,5
76715,2
76715,1
76718,2
76720,10
76721,0
76721,4
76721,3
76724,8
76724,3
76725,4
76726,2
76726,7
76728,4
76734,3
76735,3
76735,10
76735,7
76735,1
76737,6
76738,10
76740,5
76740,4
76741,4
76741,2
76741,7
76743,8
76746,10
76746,9
76747,7
76748,7
76751,10
76751,7
76751,2
76752,7
76753,9
76754,8
76754,1
76755,9
76755,3
76756,5
76757,2
76757,3
76758,0
76762,2
76763,10
76763,9
76765,3
76766,10
76767,4
76767,6
76767,2
76767,8
76768,2
76770,5
76770,0
76771,9
76772,1
76777,6
76780,0
76782,7
76782,6
76782,1
76783,1
76783,2
76785,2
76785,8
76787,2
76788,0
76788,6
76789,4
76789,3
76789,6
76790,0
76791,0
76791,4
76793,3
76793,6
76794,6
76795,1
76796,8
76797,5
76797,6
76797,0
76799,7
76800,1
76801,1
76801,9
76803,4
76804,0
76805,7
76807,3
76808,2
76809,3
76809,1
76809,10
76810,6
76811,0
76811,3
76811,6
76812,10
76813,7
76813,5
76814,9
76817,6
76817,9
76819,9
76821,7
76821,3
76823,1
76825,2
76827,2
76827,0
76829,3
76830,5
76830,9
76832,4
76832,3
76834,10
76834,1
76834,3
76836,9
76837,7
76837,9
76838,9
76839,10
76840,9
76841,2
76841,9
76843,4
76843,10
76845,10
76846,4
76846,10
76846,7
76846,5
76848,5
76848,4
76848,10
76850,7
76850,0
76851,0
76851,1
76851,6
76853,7
76854,4
76855,1
76856,1
76857,1
76859,1
76860,3
76861,0
76864,3
76866,2
76867,6
76868,4
76869,7
76869,0
76869,6
76870,6
76870,4
76871,10
76871,7
76872,3
76872,4
76873,10
76874,1
76874,4
76875,10
76875,2
76876,9
76876,2
76878,5
76880,10
76880,1
76883,3
76884,7
76885,0
76886,7
76886,4
76888,6
76888,8
76891,8
76891,9
76892,7
76893,8
76893,10
76896,1
76897,2
76898,2
76898,7
76900,4
76901,4
76902,6
76905,1
76906,2
76906,7
76906,5
76907,6
76908,0
76910,8
76910,2
76911,8
76912,2
76915,10
76915,2
76917,5
76917,1
76919,7
76921,1
76921,0
76921,9
76922,6
76922,4
76923,9
76927,6
76929,6
76929,4
76930,8
76930,1
76931,4
76932,10
76934,10
76936,7
76936,8
76938,6
76942,10
76943,4
76943,7
76944,7
76946,0
76948,7
76948,8
76948,6
76949,4
76950,3
76950,5
76952,1
76952,2
76952,0
76956,4
76957,3
76957,2
76957,5
76959,4
76961,7
76961,10
76961,2
76962,4
76962,3
76965,0
76965,2
76965,3
76966,2
76967,7
76968,7
76969,6
76970,2
76970,4
76972,4
76973,4
76974,10
76974,6
76975,6
76976,6
76977,2
76978,1
76978,7
76978,8
76982,9
76983,5
76984,3
76986,7
76987,5
76988,3
76988,5
76988,9
76991,8
76992,2
76992,10
76993,9
76996,9
76997,1
76998,2
76999,9
76999,3
77004,4
77008,5
77009,3
77010,0
77010,5
77011,0
77012,0
77013,0
77014,10
77015,9
77016,3
77016,4
77016,9
77017,7
77018,7
77019,7
77023,9
77023,10
77025,10
77027,9
77028,7
77029,0
77030,0
77031,1
77031,10
77031,4
77032,8
77033,2
77034,9
77035,4
77036,5
77038,7
77038,0
77038,2
77039,1
77043,1
77043,9
77044,3
77044,5
77045,5
77045,1
77046,5
77048,10
77049,6
77051,0
77052,0
77053,3
77053,8
77053,9
77053,4
77054,4
77054,10
77055,1
77056,5
77056,1
77056,2
77057,7
77057,9
77058,2
77060,7
77062,7
77063,10
77063,1
77064,7
77066,1
77067,7
77067,3
77067,5
77068,7
77068,4
77069,1
77070,2
77070,8
77071,3
77071,2
77072,4
77073,7
77073,10
77074,8
77074,4
77076,1
77076,4
77077,4
77077,10
77078,8
77079,3
77080,8
77081,3
77082,7
77084,6
77087,8
77088,4
77088,6
77089,5
77089,8
77089,2
77089,7
77091,3
77093,0
77095,3
77097,2
77097,10
77098,4
77100,5
77100,10
77100,2
77100,9
77100,3
77101,2
77102,10
77103,6
77104,7
77105,9
77105,2
77107,0
77107,3
77108,7
77108,2
77108,6
77108,8
77109,6
77109,9
77110,6
77111,8
77111,1
77111,6
77112,3
77112,1
77115,4
77115,1
77115,7
77115,0
77116,3
77117,2
77118,6
77118,3
77119,2
77120,4
77120,2
77121,6
77121,10
77123,3
77123,8
77124,3
77126,8
77126,5
77129,2
77130,3
77130,6
77130,0
77135,8
77135,1
77135,10
77136,3
77137,3
77139,5
77139,9
77139,8
77140,1
77140,10
77140,2
77140,3
77141,6
77141,7
77142,3
77144,9
77146,9
77146,7
77147,1
77149,8
77149,9
77149,10
77150,3
77151,6
77151,3
77151,0
77155,4
77156,5
77156,10
77158,6
77160,0
77161,9
77161,8
77161,1
77162,1
77164,1
77165,0
77166,5
77166,3
77167,1
77168,2
77172,3
77172,5
77172,8
77173,0
77174,4
77174,2
77176,3
77176,4
77177,0
77178,5
77178,9
77179,3
77179,10
77181,3
77182,4
77183,1
77186,9
77186,6
77187,5
77188,10
77190,2
77191,8
77191,10
77192,1
77194,1
77195,7
77196,4
77197,4
77198,8
77199,9
77201,1
77202,3
77202,9
77203,3
77204,2
77204,10
77206,1
77207,3
77208,4
77211,0
77211,5
77212,6
77213,2
77214,9
77216,7
77217,2
77217,1
77219,7
77219,1
77221,2
77221,6
77222,8
77223,3
77223,10
77224,9
77224,0
77225,2
77226,3
77227,8
77228,3
77230,8
77231,10
77231,7
77232,4
77232,3
77232,7
77234,9
77238,2
77238,9
77239,6
77239,2
77239,3
77240,10
77240,6
77241,3
77243,0
77244,5
77244,7
77250,3
77254,10
77254,0
77255,6
77255,2
77257,5
77258,6
77259,4
77260,10
77260,5
77261,1
77263,10
77264,10
77267,1
77267,0
77268,0
77269,1
77270,4
77270,1
77270,10
77271,3
77273,2
77273,5
77274,5
77274,8
77275,4
77275,7
77276,5
77276,0
77276,7
77279,2
77281,0
77281,9
77282,5
77282,6
77284,6
77284,5
77286,2
77288,0
77288,4
77290,6
77290,10
77290,5
77290,4
77290,8
77293,7
77293,4
77295,1
77295,2
77295,7
77295,6
77296,5
77296,8
77298,7
77298,10
77299,9
77300,2
77302,1
77302,10
77304,8
77304,7
77305,6
77306,0
77307,9
77307,4
77308,10
77308,8
77308,0
77310,4
77312,7
77312,2
77313,10
77315,0
77316,10
77316,4
77316,0
77318,6
77319,5
77319,9
77321,5
77322,8
77323,2
77327,7
77328,4
77328,0
77328,3
77328,8
77329,8
77331,3
77332,10
77333,3
77334,6
77334,5
77335,8
77339,4
77341,0
77342,0
77344,8
77344,9
77344,5
77346,9
77347,5
77348,4
77349,1
77351,1
77352,4
77353,8
77354,0
77354,8
77355,1
77356,1
77360,8
77360,0
77361,1
77361,4
77361,5
77363,5
77363,7
77364,1
77364,6
77365,10
77366,7
77366,5
77367,5
77367,1
77369,1
77370,5
77374,6
77375,2
77375,4
77377,0
77378,8
77379,7
77380,7
77381,1
77382,8
77383,3
77383,9
77383,4
77385,2
77387,5
77388,3
77390,7
77390,4
77390,1
77391,3
77391,9
77393,3
77394,10
77397,10
77398,8
77398,2
77399,0
77399,5
77400,0
77400,7
77401,1
77403,6
77403,10
77404,7
77404,8
77406,4
77406,1
77407,5
77407,2
77408,6
77410,9
77412,1
77413,0
77414,5
77414,2
77415,6
77417,0
77418,10
77418,4
77418,5
77418,1
77419,7
77421,10
77422,3
77424,3
77428,2
77429,0
77432,9
77433,0
77434,7
77435,3
77435,7
77438,7
77438,4
77439,7
77439,10
77440,2
77441,5
77441,2
77442,10
77444,10
77444,6
77444,9
77445,2
77446,8
77447,2
77448,0
77448,10
77450,8
77451,6
77453,1
77453,2
77455,10
77455,5
77455,2
77457,6
77457,0
77457,4
77458,2
77458,4
77459,6
77459,7
77459,1
77460,3
77461,8
77465,10
77466,9
77468,0
77468,1
77468,5
77469,9
77469,6
77472,3
77473,3
77476,0
77476,8
77476,2
77479,7
77479,5
77481,5
77483,6
77483,7
77483,1
77484,4
77485,9
77486,9
77488,9
77488,6
77488,7
77491,7
77492,8
77492,10
77495,0
77496,3
77497,2
77498,5
77498,1
77499,4
77500,0
77502,0
77503,2
77503,10
77504,6
77504,5
77504,1
77505,3
77506,6
77507,0
77507,9
77510,9
77512,4
77514,9
77514,5
77517,2
77517,1
77518,3
77520,6
77523,0
77524,1
77524,8
77525,0
77525,6
77525,5
77525,7
77526,3
77526,0
77530,6
77530,4
77530,2
77531,5
77532,7
77534,7
77535,10
77536,5
77537,2
77538,1
77539,9
77539,0
77540,3
77541,1
77541,8
77542,10
77543,4
77543,10
77543,3
77544,6
77544,10
77546,7
77547,10
77549,7
77549,1
77550,8
77550,9
77550,5
77551,6
77551,2
77552,0
77552,2
77553,3
77557,6
77557,9
77559,4
77560,1
77560,0
77560,3
77561,8
77564,3
77565,10
77566,8
77568,9
77571,5
77572,9
77573,8
77574,9
77574,10
77574,2
77574,0
77576,7
77576,5
77576,3
77577,6
77577,1
77578,4
77579,0
77580,5
77582,4
77582,9
77584,2
77585,0
77585,7
77586,0
77586,6
77587,4
77588,4
77590,8
77590,10
77590,6
77597,9
77601,5
77601,3
77601,0
77602,3
77604,9
77604,5
77605,9
77608,3
77609,6
77611,8
77612,3
77612,5
77615,4
77617,8
77618,2
77618,0
77619,9
77619,4
77620,0
77621,10
77625,2
77626,6
77626,5
77628,6
77632,10
77633,1
77635,8
77637,0
77639,2
77640,1
77640,6
77641,2
77642,4
77643,0
77643,1
77644,4
77647,3
77648,1
77649,3
77652,3
77652,9
77653,1
77653,2
77654,10
77655,7
77656,3
77657,2
77657,0
77658,1
77659,5
77660,1
77662,9
77663,10
77664,10
77666,5
77666,3
77667,0
77668,5
77668,7
77669,8
77669,4
77670,3
77671,0
77671,4
77672,6
77672,1
77672,3
77673,2
77673,4
77673,1
77674,7
77675,7
77675,3
77676,10
77677,7
77679,3
77679,6
77681,0
77682,7
77682,0
77682,2
77683,8
77684,5
77685,7
77685,5
77686,5
77686,9
77687,1
77687,10
77688,0
77689,6
77690,8
77690,4
77691,10
77692,10
77692,5
77693,2
77693,9
77694,10
77694,2
77694,5
77695,1
77695,6
77695,7
77696,5
77697,10
77698,0
77699,2
77700,8
77700,4
77700,3
77700,0
77701,10
77702,6
77704,9
77704,6
77705,0
77705,7
77705,4
77709,5
77709,7
77710,2
77714,5
77714,2
77715,3
77715,6
77718,10
77719,1
77719,9
77720,3
77724,9
77724,2
77725,8
77726,3
77726,6
77728,1
77728,10
77729,3
77730,3
77732,5
77733,0
77734,6
77734,4
77735,4
77735,7
77737,7
77738,2
77739,6
77739,8
77739,10
77739,3
77741,4
77741,2
77742,1
77743,5
77744,1
77744,10
77744,3
77744,7
77746,9
77747,2
77748,6
77748,9
77749,10
77754,2
77755,1
77756,4
77757,1
77761,0
77761,3
77762,8
77762,3
77763,7
77763,5
77764,3
77764,1
77766,4
77767,5
77767,3
77768,0
77769,2
77769,9
77771,4
77773,10
77774,6
77775,2
77776,0
77776,4
77777,6
77777,7
77778,3
77779,4
77779,8
77779,7
77780,10
77781,8
77782,5
77783,10
77784,9
77785,9
77787,2
77788,10
77789,9
77789,7
77792,4
77793,10
77794,2
77794,4
77797,2
77801,4
77802,9
77802,4
77803,10
77806,9
77807,0
77808,1
77809,4
77809,8
77809,5
77809,6
77810,0
77810,3
77811,0
77811,9
77818,9
77819,1
77820,9
77823,7
77824,7
77825,4
77827,7
77828,6
77829,9
77830,0
77831,3
77832,3
77834,9
77835,8
77837,2
77838,8
77838,10
77838,3
77841,1
77841,6
77842,6
77842,1
77843,8
77843,6
77844,3
77849,4
77850,1
77851,3
77852,6
77852,4
77853,10
77853,1
77853,8
77855,4
77856,4
77857,2
77857,0
77858,10
77858,6
77859,4
77861,9
77862,4
77864,7
77864,2
77864,6
77865,4
77866,0
77866,8
77866,7
77867,10
77868,2
77869,1
77870,7
77870,5
77871,10
77871,3
77872,1
77874,7
77877,6
77877,8
77877,1
77879,0
77881,10
77881,8
77881,5
77884,5
77885,8
77886,6
77886,10
77886,1
77888,8
77889,7
77890,9
77892,1
77894,0
77894,9
77894,7
77896,6
77896,3
77897,1
77898,9
77898,5
77898,6
77899,4
77902,6
77905,10
77905,2
77906,7
77907,0
77907,7
77908,10
77910,10
77910,1
77912,4
77913,2
77914,5
77914,1
77916,6
77916,8
77918,0
77918,2
77918,9
77921,4
77922,10
77924,3
77924,4
77925,7
77926,8
77928,7
77931,0
77933,6
77934,3
77934,0
77934,9
77934,7
77940,4
77942,4
77942,0
77943,6
77943,8
77944,8
77945,4
77945,0
77946,8
77946,10
77947,8
77951,7
77955,4
77957,2
77957,3
77958,2
77964,10
77965,6
77966,2
77967,5
77967,2
77968,1
77970,6
77974,4
77974,0
77976,2
77978,9
77978,0
77979,7
77980,7
77980,2
77981,9
77982,7
77982,4
77983,8
77984,7
77984,4
77987,9
77987,10
77988,3
77990,6
77992,3
77992,10
77992,8
77993,4
77994,7
77994,6
77995,7
77997,5
77997,3
77998,10
78000,8
78003,4
78003,6
78004,4
78004,5
78005,1
78005,0
78006,9
78008,3
78010,2
78011,10
78013,4
78013,8
78013,6
78015,3
78016,2
78016,1
78017,0
78018,8
78020,0
78020,6
78020,10
78025,10
78026,8
78027,9
78027,0
78028,7
78030,8
78031,10
78032,5
78032,6
78033,3
78035,3
78036,0
78037,5
78037,3
78037,9
78038,10
78041,0
78041,5
78042,9
78042,8
78046,4
78047,1
78048,7
78049,8
78049,0
78050,3
78050,1
78051,2
78051,4
78051,6
78052,5
78052,0
78053,0
78053,10
78054,6
78056,6
78056,3
78058,4
78059,8
78060,1
78060,4
78060,3
78061,3
78062,8
78062,3
78063,1
78063,6
78064,1
78066,3
78067,7
78068,4
78069,9
78072,6
78072,4
78074,3
78074,7
78076,3
78077,1
78077,5
78078,1
78078,7
78078,4
78079,7
78079,6
78079,5
78080,0
78080,6
78081,10
78081,5
78084,8
78085,2
78086,7
78088,5
78088,6
78092,4
78092,2
78093,8
78093,4
78093,3
78094,0
78096,8
78096,1
78097,3
78098,3
78099,6
78099,3
78099,0
78100,3
78101,9
78102,9
78103,10
78105,4
78105,8
78106,1
78107,7
78108,7
78109,1
78109,2
78109,7
78110,2
78111,7
78112,9
78112,8
78112,3
78113,2
78114,5
78114,1
78115,4
78119,4
78123,0
78127,9
78128,0
78129,4
78129,2
78130,8
78133,9
78133,10
78133,5
78134,7
78135,10
78136,6
78136,7
78137,9
78140,9
78141,1
78145,9
78147,5
78147,2
78147,1
78148,7
78148,10
78149,9
78150,1
78150,6
78150,8
78151,2
78154,2
78155,4
78155,2
78155,7
78155,9
78156,6
78156,2
78156,5
78157,10
78158,7
78159,0
78159,9
78160,8
78161,2
78161,6
78163,1
78164,10
78164,9
78165,10
78166,1
78167,2
78167,7
78169,7
78171,7
78171,5
78171,10
78172,10
78172,2
78172,8
78174,0
78175,7
78176,2
78176,8
78177,7
78179,4
78181,10
78183,10
78184,5
78184,9
78185,10
78186,10
78187,8
78189,1
78190,3
78192,5
78192,6
78194,9
78194,6
78194,0
78197,3
78198,10
78199,9
78200,7
78200,10
78201,0
78202,9
78203,2
78205,7
78206,8
78208,8
78208,6
78209,10
78212,4
78212,10
78213,9
78213,2
78214,5
78217,7
78218,4
78220,2
78221,1
78221,6
78224,0
78225,9
78225,4
78226,5
78226,7
78227,6
78227,10
78228,4
78229,8
78230,8
78230,10
78231,9
78231,1
78232,7
78233,2
78233,10
78234,9
78235,8
78237,2
78238,4
78239,10
78240,4
78240,6
78241,2
78242,9
78244,8
78244,4
78245,3
78245,5
78245,10
78245,1
78247,1
78247,7
78249,9
78250,1
78254,6
78255,4
78256,8
78256,4
78257,1
78257,10
78260,3
78261,5
78262,9
78263,5
78264,3
78266,8
78268,0
78268,8
78268,6
78269,9
78270,8
78270,6
78271,0
78273,7
78273,2
78276,6
78284,5
78285,4
78285,10
78286,9
78287,9
78289,2
78290,8
78290,0
78291,6
78291,4
78292,6
78295,3
78296,1
78296,6
78298,5
78298,6
78298,0
78299,5
78301,7
78303,0
78306,7
78307,5
78307,0
78307,7
78308,3
78308,5
78310,3
78312,3
78312,0
78313,4
78313,7
78315,8
78316,0
78317,2
78318,6
78321,9
78321,7
78322,6
78323,3
78324,7
78324,6
78326,10
78329,7
78329,10
78331,1
78331,9
78332,1
78333,8
78333,1
78334,2
78335,1
78336,9
78336,10
78337,7
78337,5
78337,8
78337,4
78338,9
78338,0
78339,5
78340,0
78340,10
78341,0
78342,1
78343,9
78343,6
78345,10
78345,4
78346,10
78347,0
78347,2
78347,9
78347,3
78350,3
78351,0
78351,2
78353,2
78357,0
78357,4
78359,2
78361,7
78362,1
78362,10
78364,8
78365,4
78365,7
78366,9
78366,7
78366,8
78368,9
78368,10
78370,0
78370,10
78371,8
78372,7
78373,7
78373,9
78374,10
78375,2
78375,10
78376,6
78376,0
78377,0
78378,0
78378,3
78378,7
78379,6
78380,1
78382,10
78382,8
78383,3
78383,7
78383,8
78385,4
78387,6
78387,8
78388,3
78389,4
78389,8
78391,0
78392,6
78392,9
78394,6
78395,3
78395,2
78397,9
78398,4
78399,5
78399,3
78400,6
78400,7
78401,6
78401,7
78402,10
78403,0
78403,6
78403,5
78404,1
78404,4
78408,10
78409,3
78410,3
78410,9
78414,2
78417,0
78417,2
78417,1
78421,9
78422,1
78422,2
78422,6
78422,7
78423,3
78424,6
78424,0
78425,8
78427,1
78427,6
78427,0
78427,8
78428,10
78429,6
78432,7
78432,0
78433,5
78434,7
78437,7
78437,9
78438,6
78438,7
78438,10
78440,10
78441,2
78442,6
78442,2
78443,0
78444,6
78444,7
78446,7
78446,5
78448,3
78449,6
78451,3
78452,10
78454,6
78454,9
78456,8
78457,10
78457,3
78457,6
78458,2
78458,1
78460,4
78462,1
78462,2
78462,0
78464,2
78464,10
78464,5
78465,6
78465,3
78467,7
78468,10
78468,6
78469,2
78470,0
78472,3
78474,8
78474,9
78474,2
78475,2
78479,10
78479,2
78479,5
78481,7
78482,4
78482,7
78485,4
78486,4
78486,7
78487,2
78488,7
78489,5
78489,9
78493,4
78493,7
78493,10
78495,0
78496,1
78496,6
78498,1
78499,10
78500,5
78501,4
78503,10
78505,1
78506,7
78508,8
78508,4
78509,3
78510,1
78510,8
78510,0
78511,2
78513,9
78514,10
78516,7
78516,4
78520,9
78522,8
78523,2
78523,9
78523,3
78525,4
78526,0
78530,2
78531,5
78533,0
78533,8
78534,9
78535,8
78536,7
78540,5
78541,10
78542,6
78543,5
78544,2
78544,7
78545,2
78547,10
78547,4
78548,0
78548,7
78551,1
78551,0
78554,6
78554,2
78555,1
78556,2
78557,10
78557,9
78559,0
78560,6
78562,6
78562,9
78563,2
78564,6
78565,5
78565,8
78566,9
78566,1
78571,7
78572,9
78573,2
78574,9
78576,2
78578,0
78579,0
78581,1
78582,5
78582,1
78583,5
78583,8
78584,3
78586,4
78586,7
78586,1
78588,6
78591,10
78591,0
78592,0
78592,1
78593,1
78595,8
78595,3
78596,5
78596,7
78596,10
78597,3
78597,7
78598,3
78598,7
78599,2
78601,7
78603,3
78603,4
78603,6
78604,5
78605,7
78605,5
78605,4
78606,10
78609,9
78609,4
78609,10
78610,2
78610,5
78611,10
78611,0
78611,2
78612,6
78612,0
78614,5
78616,2
78617,10
78617,2
78618,8
78619,6
78620,9
78621,5
78621,6
78623,0
78624,3
78624,7
78624,9
78624,10
78626,9
78627,10
78628,2
78628,7
78628,4
78629,3
78629,8
78631,9
78632,10
78635,7
78635,0
78635,2
78636,7
78639,4
78640,8
78641,7
78642,0
78642,6
78643,6
78643,3
78643,9
78643,5
78644,2
78648,1
78650,6
78651,3
78656,3
78657,0
78659,8
78659,4
78660,2
78661,3
78662,8
78663,1
78663,7
78663,2
78664,7
78664,3
78664,9
78667,8
78668,4
78670,8
78671,3
78673,6
78673,5
78675,3
78675,4
78676,9
78676,10
78677,4
78677,3
78677,2
78678,2
78679,9
78680,10
78682,1
78682,2
78683,3
78683,8
78686,9
78687,7
78688,0
78689,1
78691,8
78692,7
78694,2
78694,5
78695,6
78695,5
78697,2
78698,0
78698,5
78699,8
78700,4
78700,6
78700,0
78702,3
78703,8
78704,0
78705,4
78705,0
78705,2
78706,0
78706,9
78707,1
78709,9
78710,2
78710,4
78710,8
78712,9
78714,3
78714,1
78715,7
78715,1
78716,3
78716,5
78716,6
78718,9
78719,2
78722,9
78722,10
78725,2
78726,7
78726,10
78727,1
78727,9
78731,8
78732,0
78734,8
78735,2
78736,3
78738,1
78739,8
78742,2
78743,8
78745,8
78746,2
78747,5
78749,9
78749,1
78750,6
78750,7
78751,9
78752,0
78753,9
78754,2
78755,3
78755,4
78756,5
78757,4
78757,10
78758,1
78758,2
78758,8
78760,10
78761,10
78761,9
78761,4
78762,4
78763,8
78764,2
78765,8
78765,5
78766,9
78768,8
78768,4
78769,10
78770,10
78770,4
78773,4
78775,2
78776,4
78778,4
78778,1
78779,6
78779,10
78779,9
78780,3
78781,4
78782,1
78782,8
78783,8
78784,8
78785,5
78785,6
78786,6
78787,3
78787,7
78789,3
78790,6
78791,9
78792,2
78795,3
78796,10
78796,4
78797,6
78797,7
78799,0
78800,10
78801,8
78801,3
78801,2
78801,1
78802,10
78802,1
78803,2
78804,2
78805,7
78805,0
78807,9
78808,6
78809,8
78810,2
78811,0
78812,2
78812,9
78813,9
78814,8
78818,1
78818,0
78818,8
78822,0
78822,5
78822,9
78823,3
78823,6
78828,0
78828,1
78829,4
78829,6
78830,7
78831,2
78831,5
78831,1
78831,10
78832,8
78832,6
78833,3
78837,9
78838,10
78838,1
78843,8
78844,5
78844,10
78845,2
78845,1
78846,6
78846,8
78847,5
78849,8
78849,6
78849,0
78850,5
78850,0
78852,9
78853,4
78854,7
78855,10
78856,0
78859,8
78861,7
78863,7
78864,1
78865,3
78865,2
78865,5
78866,9
78867,5
78867,6
78869,4
78872,10
78873,8
78874,4
78879,4
78881,0
78881,3
78882,6
78884,1
78886,4
78887,7
78892,2
78893,1
78893,2
78894,10
78896,2
78898,2
78898,0
78901,2
78902,0
78903,4
78903,2
78904,6
78907,7
78909,7
78910,3
78911,10
78913,3
78914,9
78914,5
78915,6
78915,4
78916,4
78917,2
78918,9
78919,4
78920,8
78921,6
78921,7
78922,8
78922,5
78924,3
78925,5
78925,0
78925,8
78926,7
78927,1
78927,0
78928,8
78929,0
78929,6
78931,0
78932,7
78932,0
78934,3
78934,1
78935,6
78935,9
78937,8
78940,9
78940,7
78940,8
78943,1
78944,6
78945,5
78947,6
78949,5
78950,2
78951,5
78952,3
78952,5
78952,6
78952,4
78955,2
78955,6
78956,4
78956,2
78956,1
78957,1
78957,9
78957,3
78958,9
78959,9
78959,8
78960,10
78962,3
78962,8
78963,9
78963,3
78966,5
78969,2
78971,4
78972,7
78973,5
78974,1
78975,4
78977,7
78977,8
78979,9
78979,3
78980,4
78981,2
78982,2
78982,6
78983,6
78984,0
78986,3
78986,2
78986,9
78988,1
78988,4
78997,9
78997,1
78997,7
79000,9
79003,4
79003,5
79003,6
79006,9
79007,10
79007,9
79008,1
79011,2
79012,9
79012,2
79013,2
79014,3
79016,2
79016,9
79017,4
79018,2
79018,3
79019,7
79020,8
79021,5
79023,2
79023,3
79025,5
79027,0
79028,1
79028,6
79031,0
79032,10
79032,9
79035,5
79037,7
79038,7
79039,0
79040,5
79040,10
79040,9
79041,10
79043,3
79044,5
79044,6
79044,8
79044,7
79045,10
79047,5
79049,0
79049,7
79051,8
79051,1
79051,10
79053,1
79053,7
79055,3
79056,7
79057,4
79057,0
79057,9
79059,8
79059,9
79060,10
79062,4
79063,0
79063,4
79064,2
79064,5
79065,9
79067,1
79068,4
79070,8
79071,5
79071,4
79071,2
79074,10
79074,9
79075,1
79076,5
79076,8
79076,6
79077,0
79077,7
79077,10
79078,1
79081,5
79082,5
79083,2
79084,7
79089,5
79090,7
79092,10
79092,8
79093,9
79094,0
79095,4
79096,4
79096,8
79096,10
79099,6
79099,7
79100,3
79106,10
79107,5
79108,6
79108,9
79109,8
79109,3
79110,9
79112,8
79112,1
79113,5
79114,7
79114,8
79117,6
79118,9
79120,6
79122,8
79123,4
79123,9
79123,6
79125,7
79128,4
79129,2
79131,7
79132,5
79132,10
79133,10
79133,9
79134,9
79134,7
79135,1
79136,8
79140,0
79140,1
79140,2
79141,10
79142,9
79144,7
79144,2
79147,7
79148,2
79149,4
79150,1
79150,3
79152,10
79153,1
79156,8
79157,6
79158,1
79158,9
79158,7
79159,2
79160,0
79161,1
79161,3
79161,0
79162,9
79163,6
79163,5
79163,1
79166,2
79168,5
79168,4
79170,6
79171,9
79171,4
79171,3
79175,4
79175,10
79176,9
79176,4
79176,1
79177,4
79178,6
79179,2
79180,10
79181,0
79183,5
79184,5
79184,10
79185,7
79187,6
79189,9
79191,3
79191,9
79192,6
79193,9
79194,7
79195,10
79195,8
79195,0
79195,2
79197,1
79198,6
79199,0
79199,9
79199,8
79201,3
79201,5
79202,2
79203,3
79204,10
79205,4
79205,0
79207,8
79207,2
79209,9
79212,3
79213,9
79213,10
79213,1
79215,3
79215,0
79217,3
79217,0
79218,3
79218,2
79219,10
79219,2
79221,9
79221,7
79221,2
79222,8
79224,2
79224,1
79225,7
79226,1
79228,6
79230,8
79233,6
79233,4
79235,8
79235,3
79235,7
79235,4
79236,5
79236,3
79239,4
79239,6
79239,9
79240,10
79243,9
79243,7
79243,4
79244,7
79244,1
79245,5
79247,3
79248,0
79249,9
79249,4
79249,2
79250,10
79250,0
79251,8
79251,2
79252,1
79254,2
79254,7
79255,7
79256,6
79257,9
79257,3
79259,8
79259,2
79260,10
79262,4
79262,2
79267,9
79267,2
79267,3
79268,2
79269,7
79269,6
79269,9
79269,10
79270,6
79270,2
79271,0
79271,5
79273,6
79273,9
79274,0
79274,10
79274,1
79275,2
79277,4
79277,2
79280,4
79284,8
79287,2
79288,6
79291,6
79292,5
79293,1
79294,9
79295,10
79295,7
79297,0
79297,1
79297,3
79298,6
79298,3
79299,8
79299,0
79299,9
79299,10
79304,0
79305,7
79305,8
79308,2
79309,6
79310,8
79311,3
79312,2
79313,3
79313,10
79314,0
79314,10
79314,1
79315,1
79317,8
79318,4
79320,9
79320,0
79321,6
79322,7
79323,7
79324,0
79327,1
79327,3
79327,8
79328,5
79328,2
79331,8
79332,4
79333,2
79335,6
79336,8
79338,4
79340,3
79340,0
79340,10
79343,10
79343,0
79344,3
79344,10
79345,1
79345,3
79346,0
79347,5
79347,10
79348,0
79348,5
79349,0
79351,1
79353,0
79355,0
79355,7
79356,8
79358,10
79361,0
79364,3
79366,8
79367,1
79367,9
79369,5
79369,3
79369,7
79370,8
79370,7
79370,2
79372,2
79373,8
79374,1
79375,4
79377,1
79377,5
79378,5
79378,0
79380,0
79380,6
79380,5
79381,1
79382,9
79382,2
79383,8
79383,10
79384,9
79386,6
79387,9
79388,1
79388,4
79389,7
79389,3
79390,4
79392,1
79392,8
79395,7
79396,8
79396,7
79397,4
79397,0
79399,0
79400,1
79401,9
79401,3
79402,7
79403,9
79403,2
79404,4
79404,3
79404,10
79405,9
79405,8
79406,6
79406,1
79407,6
79408,2
79408,1
79409,0
79410,5
79410,1
79410,3
79411,0
79411,5
79412,10
79412,8
79414,8
79414,4
79419,6
79420,7
79421,5
79423,0
79423,7
79424,1
79425,7
79428,4
79429,0
79429,4
79429,7
79430,4
79430,8
79431,2
79432,0
79436,0
79437,7
79438,5
79439,9
79439,8
79443,9
79445,1
79446,5
79446,1
79447,2
79448,6
79448,7
79449,8
79449,9
79451,6
79452,1
79452,4
79453,1
79454,8
79455,4
79455,5
79456,5
79457,2
79457,6
79457,4
79458,2
79459,10
79459,4
79460,8
79462,5
79462,2
79463,5
79463,7
79466,3
79468,8
79470,9
79470,4
79471,3
79473,4
79473,8
79474,10
79475,0
79477,6
79478,8
79481,3
79481,2
79483,7
79484,10
79487,4
79488,8
79488,6
79488,3
79490,10
79490,5
79491,9
79491,4
79493,4
79495,6
79497,0
79499,2
79499,9
79499,3
79502,8
79502,2
79505,0
79505,2
79507,3
79507,0
79508,1
79509,9
79510,10
79510,4
79510,7
79514,2
79514,1
79514,0
79517,2
79518,4
79520,5
79521,8
79522,8
79522,2
79523,9
79523,5
79523,10
79523,1
79524,1
79527,7
79529,4
79529,2
79534,0
79534,6
79535,9
79535,0
79537,3
79537,8
79538,7
79538,3
79539,5
79539,9
79539,0
79541,0
79542,10
79544,4
79545,4
79546,5
79547,8
79547,6
79548,3
79549,4
79551,2
79551,1
79552,6
79553,10
79553,0
79553,3
79553,4
79557,9
79559,2
79559,6
79559,9
79561,4
79561,2
79561,9
79561,8
79562,9
79563,0
79563,4
79565,8
79566,10
79568,8
79568,9
79569,3
79569,6
79569,10
79572,2
79572,5
79572,9
79574,4
79574,7
79576,6
79576,7
79577,0
79577,9
79580,10
79580,4
79585,3
79585,5
79586,5
79586,3
79586,0
79587,8
79587,6
79588,7
79588,6
79591,6
79591,4
79593,2
79594,5
79595,5
79597,5
79597,6
79598,6
79600,2
79600,7
79603,5
79603,10
79603,8
79604,6
79605,1
79605,2
79606,8
79607,7
79607,4
79608,8
79609,8
79609,2
79611,3
79611,1
79611,10
79612,2
79612,7
79613,0
79614,6
79614,9
79615,8
79615,4
79615,1
79617,4
79618,3
79619,4
79619,9
79620,2
79620,1
79621,4
79622,9
79622,1
79624,7
79624,10
79625,8
79625,10
79625,4
79630,10
79631,7
79631,10
79631,4
79632,9
79632,10
79633,4
79634,3
79637,10
79638,5
79638,9
79640,2
79641,0
79641,9
79642,6
79642,4
79646,7
79647,0
79648,1
79648,0
79648,8
79649,10
79649,1
79649,0
79650,4
79650,8
79651,1
79651,2
79652,3
79655,10
79656,9
79656,10
79658,3
79658,5
79660,9
79660,7
79660,8
79661,10
79662,9
79663,0
79664,1
79665,8
79666,7
79666,5
79668,2
79669,2
79669,8
79669,0
79670,3
79671,10
79671,2
79671,7
79673,5
79674,4
79675,6
79676,8
79681,1
79685,2
79688,0
79689,7
79689,8
79690,6
79691,8
79692,3
79693,8
79695,10
79695,8
79696,0
79697,2
79697,7
79700,1
79701,0
79702,0
79702,9
79704,2
79705,3
79707,6
79708,7
79708,9
79709,9
79710,9
79712,10
79712,6
79712,8
79714,9
79715,4
79716,9
79716,10
79718,4
79718,10
79719,0
79720,6
79720,5
79720,7
79721,9
79721,1
79722,1
79722,8
79723,9
79725,7
79726,2
79726,9
79726,1
79727,2
79728,9
79729,10
79729,7
79730,1
79731,10
79732,0
79734,7
79735,10
79735,6
79735,7
79738,5
79738,10
79739,6
79739,1
79739,9
79741,0
79742,1
79743,0
79745,10
79746,6
79746,0
79747,9
79747,6
79748,6
79749,0
79750,10
79750,6
79752,5
79753,7
79753,0
79756,0
79758,5
79760,2
79760,0
79760,8
79762,5
79762,2
79762,8
79764,1
79764,0
79765,0
79765,4
79766,4
79767,2
79768,2
79769,5
79773,4
79774,7
79775,1
79775,4
79777,9
79777,1
79778,5
79780,7
79782,3
79783,4
79783,3
79783,1
79784,7
79786,7
79787,4
79788,0
79789,3
79789,6
79790,5
79791,5
79792,6
79794,9
79794,6
79794,7
79794,2
79795,8
79798,9
79798,3
79800,10
79802,8
79802,10
79803,10
79805,1
79806,2
79806,4
79807,5
79808,10
79809,10
79809,8
79814,9
79815,3
79816,8
79819,5
79819,1
79820,8
79820,6
79820,3
79821,0
79821,6
79822,10
79822,1
79824,10
79825,6
79825,4
79825,2
79826,2
79827,5
79828,1
79829,8
79830,2
79830,6
79831,0
79832,10
79832,5
79832,9
79833,9
79834,0
79835,2
79836,6
79837,9
79838,7
79840,2
79841,4
79842,5
79844,9
79844,1
79845,8
79847,8
79847,3
79848,4
79849,1
79849,2
79850,7
79850,5
79851,10
79851,4
79851,6
79854,1
79857,5
79857,1
79859,7
79861,5
79861,8
79863,4
79863,3
79864,7
79865,3
79865,5
79866,0
79867,1
79867,4
79868,3
79868,1
79870,10
79871,9
79871,6
79872,9
79873,5
79873,1
79874,1
79876,5
79876,1
79879,9
79879,8
79880,10
79881,4
79882,6
79885,0
79885,10
79885,6
79886,6
79887,9
79888,4
79891,0
79895,3
79896,9
79896,10
79897,0
79897,7
79897,1
79897,4
79897,9
79898,2
79898,7
79898,1
79899,8
79899,10
79900,0
79901,1
79902,7
79902,2
79903,1
79903,0
79903,6
79905,3
79907,2
79907,3
79907,7
79908,0
79908,5
79909,8
79910,4
79911,1
79911,0
79912,6
79912,9
79913,0
79915,1
79918,3
79920,3
79922,8
79924,6
79924,1
79925,5
79925,1
79927,5
79927,3
79927,1
79928,10
79930,5
79932,6
79933,7
79935,0
79941,5
79945,3
79945,10
79945,8
79946,10
79946,9
79947,8
79948,4
79949,0
79949,4
79950,1
79950,7
79950,0
79951,4
79952,1
79952,9
79953,6
79953,3
79954,8
79954,0
79956,9
79959,9
79959,7
79960,0
79960,1
79961,9
79964,0
79964,5
79965,8
79965,7
79966,7
79966,2
79967,4
79968,5
79968,7
79969,9
79970,10
79972,10
79973,3
79974,6
79975,0
79977,6
79978,6
79979,4
79979,8
79980,6
79981,0
79981,9
79984,6
79987,8
79988,10
79988,5
79989,10
79989,6
79990,8
79990,5
79991,5
79995,4
79995,8
79995,1
79995,7
79997,2
79999,8
79999,4
80000,5
80001,6
80002,9
80002,8
80003,3
80004,1
80005,4
80007,5
80007,2
80011,7
80012,3
80012,1
80014,8
80014,10
80015,2
80015,0
80017,4
80019,2
80020,4
80020,5
80021,4
80021,10
80021,0
80022,1
80022,4
80022,8
80023,8
80025,3
80028,1
80028,4
80029,4
80029,7
80030,8
80033,6
80035,7
80035,2
80036,0
80036,10
80037,10
80037,1
80037,8
80037,3
80038,1
80040,4
80040,7
80041,9
80042,0
80042,10
80045,7
80047,10
80049,7
80049,5
80049,1
80053,1
80054,6
80055,9
80056,6
80056,0
80057,4
80058,1
80059,10
80060,6
80062,6
80063,10
80064,9
80067,4
80070,2
80073,7
80074,0
80078,10
80080,5
80081,10
80082,8
80082,0
80082,5
80083,5
80084,0
80085,8
80086,3
80086,1
80086,6
80088,6
80088,1
80089,3
80090,9
80093,2
80093,6
80093,8
80096,2
80096,6
80097,3
80097,0
80097,7
80097,6
80098,9
80098,6
80100,3
80101,7
80102,2
80103,4
80104,4
80105,5
80107,3
80107,0
80109,7
80109,4
80110,5
80111,0
80112,1
80113,3
80113,2
80113,7
80114,2
80115,7
80115,5
80116,9
80117,0
80117,9
80118,1
80118,4
80119,7
80123,6
80123,3
80124,8
80124,7
80127,7
80129,8
80129,0
80130,0
80131,3
80131,9
80131,4
80132,3
80133,0
80133,10
80134,1
80135,2
80135,9
80137,6
80138,5
80138,6
80140,2
80140,6
80140,1
80141,6
80143,9
80144,0
80145,1
80146,2
80148,2
80149,7
80151,2
80153,1
80154,4
80154,10
80156,9
80157,9
80157,7
80159,4
80159,1
80159,2
80160,10
80164,1
80164,5
80167,5
80169,10
80171,4
80172,1
80172,4
80173,0
80174,9
80175,3
80176,10
80177,10
80178,9
80179,5
80182,4
80182,2
80183,6
80183,10
80186,6
80187,0
80188,8
80189,10
80192,9
80192,7
80193,4
80194,2
80195,9
80195,4
80196,5
80199,3
80199,5
80200,2
80201,10
80204,8
80204,4
80205,8
80206,8
80207,2
80207,1
80208,4
80208,6
80210,4
80213,2
80214,5
80214,0
80215,6
80217,1
80218,3
80220,5
80220,7
80222,2
80227,3
80227,5
80228,4
80228,5
80229,7
80229,3
80230,2
80230,10
80231,10
80233,0
80233,8
80235,8
80235,9
80235,6
80236,9
80236,5
80237,4
80237,3
80237,6
80238,9
80239,3
80240,4
80241,0
80243,4
80243,6
80246,9
80247,8
80247,4
80250,10
80254,4
80254,10
80255,0
80255,7
80255,8
80257,5
80257,10
80257,3
80258,4
80261,4
80261,9
80262,10
80262,3
80266,4
80266,6
80267,4
80267,6
80269,4
80269,0
80270,0
80272,3
80273,1
80273,8
80274,7
80278,5
80278,7
80280,5
80282,2
80283,9
80283,5
80284,4
80286,1
80287,3
80288,1
80288,8
80289,2
80292,0
80293,1
80293,8
80293,5
80294,4
80294,9
80295,7
80295,8
80297,3
80298,4
80299,7
80300,3
80301,0
80303,5
80304,8
80305,1
80306,0
80307,4
80307,3
80308,1
80308,4
80308,8
80308,10
80310,9
80310,7
80311,4
80311,5
80311,2
80312,5
80313,4
80316,8
80318,7
80318,0
80323,10
80323,1
80324,2
80324,7
80326,7
80327,2
80327,9
80328,2
80330,5
80330,9
80331,5
80331,1
80333,5
80333,6
80335,1
80335,5
80337,7
80338,2
80339,7
80339,3
80340,6
80340,4
80340,3
80341,9
80343,3
80344,10
80344,5
80345,0
80346,9
80346,10
80347,0
80347,3
80348,1
80348,4
80348,8
80349,8
80349,4
80350,10
80350,5
80352,7
80352,4
80352,1
80353,3
80354,3
80354,5
80354,4
80355,0
80355,9
80356,1
80358,9
80358,4
80359,0
80360,5
80361,8
80362,2
80363,1
80364,10
80365,6
80365,9
80366,2
80368,5
80368,4
80369,0
80369,2
80369,6
80370,5
80371,6
80371,8
80371,7
80372,8
80372,5
80372,7
80373,6
80374,8
80374,9
80376,7
80376,10
80378,5
80378,8
80380,6
80381,3
80382,7
80383,3
80384,0
80384,2
80385,8
80385,10
80385,0
80385,2
80385,3
80387,0
80388,7
80388,9
80389,8
80393,4
80396,10
80397,6
80399,10
80400,10
80401,6
80402,7
80404,0
80405,0
80406,8
80407,10
80407,2
80408,5
80408,4
80409,2
80409,5
80410,5
80410,1
80410,7
80410,8
80411,3
80412,3
80413,4
80414,7
80416,1
80416,10
80417,0
80417,7
80417,3
80419,8
80419,2
80421,10
80421,8
80422,6
80424,10
80427,0
80428,0
80432,0
80433,5
80434,1
80434,4
80434,5
80434,6
80435,1
80437,9
80439,3
80440,6
80440,4
80441,8
80442,9
80442,8
80444,6
80447,1
80447,9
80448,7
80449,4
80449,9
80450,7
80450,10
80451,4
80451,8
80452,10
80453,10
80454,4
80455,7
80457,8
80457,7
80458,9
80458,6
80461,9
80461,3
80463,7
80463,4
80463,6
80464,6
80464,10
80464,1
80466,7
80467,0
80468,9
80468,5
80470,1
80471,6
80475,10
80477,2
80478,6
80479,2
80481,3
80481,5
80481,0
80481,10
80481,2
80482,4
80483,10
80485,0
80486,6
80487,4
80487,2
80488,4
80488,10
80490,2
80491,6
80493,4
80494,2
80494,9
80495,9
80495,10
80496,2
80496,7
80497,4
80499,8
80501,1
80502,0
80502,8
80507,6
80508,2
80510,7
80510,2
80511,5
80512,2
80512,7
80513,4
80513,2
80514,10
80514,5
80514,9
80515,4
80515,2
80515,10
80515,5
80516,4
80517,9
80518,8
80518,6
80519,4
80520,6
80520,7
80522,3
80522,5
80522,0
80523,0
80524,9
80524,4
80524,0
80524,10
80526,2
80527,10
80527,8
80528,5
80528,9
80528,8
80530,8
80530,10
80530,3
80530,5
80531,1
80531,2
80533,2
80533,9
80534,2
80535,8
80538,0
80538,6
80538,5
80541,1
80541,8
80543,8
80543,1
80544,1
80545,5
80545,10
80545,6
80549,6
80550,1
80551,7
80552,4
80552,1
80556,4
80557,4
80557,7
80558,4
80558,1
80561,5
80561,1
80563,1
80564,2
80566,0
80567,10
80567,6
80569,3
80569,7
80570,0
80570,8
80571,8
80573,3
80573,10
80574,2
80575,3
80575,1
80575,6
80577,0
80577,8
80578,0
80578,10
80579,4
80580,0
80582,6
80583,3
80589,5
80590,9
80591,6
80592,3
80592,9
80592,5
80593,5
80593,7
80593,6
80594,4
80594,10
80595,8
80596,5
80598,2
80598,9
80600,1
80600,2
80602,3
80602,6
80602,9
80604,8
80607,3
80608,5
80608,1
80610,7
80611,6
80614,0
80615,2
80616,9
80616,7
80616,5
80617,8
80619,6
80621,8
80621,0
80621,1
80622,9
80623,6
80623,9
80623,0
80624,10
80625,5
80626,4
80630,2
80630,6
80633,2
80635,6
80636,9
80638,0
80638,10
80638,8
80639,4
80639,9
80640,2
80640,4
80641,8
80641,6
80641,2
80644,8
80645,10
80645,0
80645,6
80646,2
80647,10
80649,8
80651,10
80652,4
80653,3
80654,0
80655,2
80656,7
80656,8
80657,0
80658,9
80659,6
80659,10
80660,4
80662,9
80663,4
80665,2
80665,3
80666,5
80667,9
80668,5
80669,9
80671,9
80671,10
80672,8
80673,0
80675,5
80675,3
80677,6
80677,8
80678,7
80679,6
80683,2
80683,9
80684,1
80684,2
80684,10
80686,8
80688,7
80689,2
80690,1
80690,6
80694,7
80695,9
80695,4
80696,4
80696,5
80697,10
80699,4
80702,1
80702,0
80704,6
80704,7
80705,8
80705,9
80706,4
80707,3
80707,10
80707,1
80708,6
80708,4
80708,8
80710,9
80710,8
80711,10
80712,7
80714,5
80715,0
80715,8
80715,9
80715,5
80716,8
80716,0
80717,4
80718,0
80721,9
80721,7
80721,0
80721,10
80724,0
80725,9
80725,6
80728,9
80729,6
80729,7
80729,3
80730,2
80731,3
80732,4
80733,4
80734,4
80734,9
80735,1
80736,3
80739,9
80741,9
80742,2
80744,2
80746,8
80746,0
80747,7
80750,2
80754,1
80759,10
80759,7
80761,6
80762,5
80764,4
80764,2
80764,8
80765,5
80765,10
80767,4
80769,8
80769,6
80769,4
80770,3
80771,3
80771,8
80771,7
80774,10
80774,4
80774,0
80775,5
80776,9
80776,10
80778,6
80781,8
80781,5
80783,6
80783,5
80784,1
80786,1
80787,8
80788,6
80788,10
80789,0
80789,9
80790,9
80790,10
80791,3
80791,9
80792,10
80795,2
80795,9
80795,4
80797,10
80798,5
80798,2
80799,1
80799,7
80800,6
80801,4
80803,3
80803,5
80805,10
80807,10
80809,0
80809,7
80809,5
80810,9
80810,0
80810,3
80811,7
80815,8
80815,1
80815,3
80815,6
80816,2
80816,9
80817,0
80818,7
80818,5
80819,10
80819,3
80824,1
80824,4
80824,6
80826,8
80826,5
80828,1
80829,6
80831,9
80832,9
80832,2
80832,5
80834,8
80834,3
80834,9
80835,8
80836,0
80836,5
80838,6
80838,1
80842,3
80844,6
80844,5
80846,2
80847,2
80847,7
80848,9
80848,0
80849,6
80850,9
80850,3
80851,0
80851,9
80852,7
80852,0
80853,4
80853,9
80855,8
80856,4
80856,2
80856,6
80856,10
80859,0
80860,6
80861,3
80863,7
80864,7
80864,2
80864,0
80866,6
80868,10
80869,1
80869,0
80870,1
80871,0
80873,6
80873,0
80874,1
80874,10
80875,9
80877,0
80878,1
80878,6
80879,0
80882,1
80883,2
80883,1
80884,5
80887,4
80887,1
80888,9
80889,7
80890,4
80891,2
80891,3
80891,6
80892,4
80894,2
80895,9
80896,7
80898,7
80898,4
80900,4
80905,6
80905,10
80907,9
80908,3
80909,4
80910,3
80911,3
80912,6
80913,9
80913,0
80915,5
80915,10
80918,1
80918,4
80918,9
80920,7
80920,10
80921,1
80921,8
80921,4
80922,4
80922,1
80923,3
80924,10
80927,4
80928,8
80932,4
80934,7
80935,8
80935,0
80937,2
80937,10
80938,1
80938,10
80938,7
80939,2
80940,5
80941,5
80942,1
80943,6
80945,1
80945,7
80945,10
80945,8
80946,8
80946,1
80947,5
80947,2
80947,3
80948,10
80948,0
80948,6
80949,0
80950,8
80951,9
80951,1
80952,0
80953,8
80953,2
80954,4
80954,3
80956,6
80957,8
80958,2
80959,2
80959,10
80960,9
80961,10
80963,4
80964,0
80964,8
80964,10
80965,6
80967,6
80971,8
80972,2
80972,3
80973,1
80973,7
80973,4
80973,2
80974,3
80976,6
80976,4
80977,7
80977,9
80980,7
80981,8
80982,6
80982,5
80982,3
80984,7
80985,1
80987,5
80987,6
80988,9
80989,8
80990,1
80990,0
80991,3
80994,5
80994,6
80994,2
80996,7
80997,1
80998,9
80999,8
81000,6
81001,2
81002,5
81002,3
81004,9
81005,4
81007,6
81007,1
81008,0
81008,7
81009,6
81009,4
81010,2
81010,1
81012,7
81013,0
81013,8
81014,8
81015,8
81016,8
81016,7
81019,10
81020,1
81020,8
81022,9
81023,8
81024,6
81026,7
81027,7
81027,3
81028,6
81028,9
81028,3
81029,0
81031,3
81031,1
81033,8
81033,2
81034,6
81037,7
81039,7
81039,5
81040,0
81042,3
81042,9
81043,8
81044,3
81047,7
81047,3
81047,1
81051,2
81052,1
81053,3
81054,10
81055,4
81055,2
81056,8
81056,4
81057,5
81058,0
81058,8
81058,2
81059,8
81062,1
81063,7
81066,9
81068,0
81069,0
81070,4
81070,2
81071,1
81072,7
81073,6
81074,2
81075,2
81076,8
81077,1
81079,9
81080,1
81081,10
81082,2
81084,8
81084,7
81085,5
81086,8
81087,4
81087,10
81088,10
81089,6
81092,8
81093,5
81094,0
81095,6
81097,8
81097,1
81098,4
81099,1
81100,8
81100,5
81100,3
81100,2
81101,4
81102,7
81105,1
81105,4
81109,0
81109,1
81110,7
81110,0
81111,2
81111,6
81111,1
81115,10
81116,6
81121,6
81121,0
81122,9
81122,8
81123,0
81123,6
81124,2
81125,9
81126,1
81126,2
81126,7
81129,4
81130,0
81130,2
81130,8
81131,6
81131,3
81131,0
81132,2
81136,9
81137,5
81137,4
81137,7
81137,6
81139,7
81139,5
81139,2
81140,2
81140,6
81140,4
81141,10
81142,9
81143,4
81144,8
81145,3
81147,2
81148,10
81148,9
81149,9
81151,8
81152,1
81152,4
81153,3
81154,1
81156,1
81156,7
81156,6
81157,6
81158,10
81159,10
81160,4
81160,7
81161,9
81162,2
81166,7
81167,5
81171,5
81171,0
81172,3
81174,7
81174,3
81176,2
81177,6
81180,1
81180,7
81182,4
81183,8
81184,6
81184,9
81184,10
81185,8
81186,9
81186,7
81188,9
81189,0
81190,1
81191,5
81194,6
81195,2
81196,1
81196,7
81197,2
81197,10
81197,8
81198,6
81199,4
81199,5
81200,2
81200,0
81201,7
81202,0
81203,0
81204,9
81205,5
81206,2
81207,5
81209,7
81209,4
81210,4
81211,0
81211,2
81212,4
81213,3
81214,7
81216,0
81220,10
81221,8
81221,10
81222,1
81222,10
81225,7
81225,9
81226,1
81227,2
81227,3
81229,3
81229,9
81232,8
81233,10
81234,1
81235,6
81235,4
81235,5
81237,6
81238,9
81239,3
81241,2
81243,6
81243,0
81243,4
81244,5
81245,2
81247,0
81248,1
81248,5
81249,9
81251,9
81253,10
81254,5
81255,7
81256,4
81256,2
81257,6
81258,10
81258,8
81259,1
81261,0
81262,8
81262,1
81265,0
81266,7
81266,4
81267,2
81267,5
81269,2
81271,8
81271,1
81271,10
81272,5
81272,4
81273,2
81273,8
81274,2
81275,2
81277,9
81277,2
81278,8
81282,0
81282,1
81285,1
81286,8
81286,9
81286,3
81286,2
81287,6
81287,5
81289,8
81291,2
81294,4
81295,2
81297,9
81297,3
81298,0
81299,1
81300,10
81300,8
81301,4
81302,2
81304,8
81304,5
81305,2
81306,6
81310,9
81310,10
81313,3
81314,10
81314,5
81314,7
81315,5
81316,10
81318,6
81319,8
81320,9
81322,10
81322,1
81324,0
81324,4
81325,6
81325,4
81326,1
81328,7
81329,10
81331,2
81331,4
81331,6
81332,1
81332,9
81333,2
81335,2
81337,6
81338,5
81339,0
81339,3
81345,3
81346,2
81347,0
81348,5
81348,0
81349,8
81349,2
81352,8
81352,0
81353,4
81353,1
81355,7
81355,8
81355,10
81358,2
81358,1
81360,4
81362,5
81363,2
81363,1
81363,9
81365,2
81366,8
81366,7
81366,5
81367,5
81367,7
81368,5
81368,1
81368,3
81372,1
81372,0
81372,6
81372,5
81372,7
81373,7
81373,3
81374,1
81375,2
81375,10
81377,10
81377,9
81378,10
81381,4
81381,1
81382,1
81382,9
81382,5
81383,3
81384,6
81384,2
81385,2
81385,10
81386,4
81389,6
81389,7
81390,9
81390,2
81390,1
81391,0
81392,1
81393,8
81394,6
81394,2
81394,9
81395,7
81395,9
81397,10
81398,7
81401,0
81402,5
81403,0
81405,1
81405,0
81405,5
81406,0
81407,2
81408,9
81409,2
81409,1
81410,0
81410,2
81411,7
81411,1
81412,1
81413,2
81417,1
81419,1
81419,4
81420,8
81421,0
81424,7
81424,2
81424,10
81426,0
81427,1
81428,2
81429,8
81429,9
81430,1
81433,3
81433,6
81435,1
81437,7
81438,10
81438,8
81439,6
81439,5
81440,10
81440,2
81441,9
81441,4
81441,10
81443,6
81445,0
81449,10
81449,9
81450,8
81452,0
81452,6
81452,10
81454,5
81454,7
81457,6
81459,2
81459,5
81459,6
81460,10
81461,2
81462,0
81463,7
81464,4
81465,6
81465,2
81466,6
81469,2
81472,4
81472,2
81472,8
81473,7
81473,3
81475,10
81476,5
81477,2
81479,7
81484,0
81484,9
81487,8
81488,4
81489,1
81490,7
81491,2
81491,3
81491,10
81494,7
81494,8
81495,6
81496,2
81497,4
81499,5
81500,7
81502,5
81502,7
81502,4
81502,0
81505,4
81506,7
81507,0
81508,4
81509,10
81511,6
81513,9
81514,3
81515,0
81516,10
81516,0
81517,0
81518,0
81519,3
81520,9
81523,2
81525,3
81526,8
81526,2
81526,4
81526,3
81527,4
81528,4
81528,5
81529,10
81529,3
81530,5
81530,1
81530,10
81530,7
81533,6
81535,6
81536,8
81536,5
81539,1
81539,8
81540,5
81540,4
81543,0
81546,7
81548,5
81548,3
81553,7
81553,0
81554,7
81555,7
81555,2
81557,9
81558,10
81559,9
81560,0
81562,4
81562,2
81563,7
81565,7
81566,6
81566,8
81566,1
81571,9
81572,4
81572,6
81573,7
81574,2
81574,7
81576,4
81577,8
81578,5
81578,1
81578,9
81579,3
81580,9
81581,9
81581,2
81583,0
81585,0
81585,1
81586,9
81586,7
81587,2
81588,1
81589,3
81589,1
81591,4
81591,7
81591,10
81592,1
81593,2
81593,7
81594,9
81595,7
81598,10
81600,3
81600,8
81602,0
81602,10
81603,2
81604,7
81605,2
81605,7
81608,9
81609,1
81610,10
81611,2
81613,3
81613,4
81613,10
81614,0
81615,5
81616,10
81616,3
81617,9
81619,10
81619,4
81620,9
81622,3
81623,2
81625,8
81626,3
81627,3
81630,10
81630,8
81632,3
81635,5
81636,9
81636,10
81637,0
81639,1
81640,3
81641,5
81643,9
81643,0
81644,5
81644,8
81645,8
81647,6
81647,0
81648,1
81648,3
81651,7
81652,0
81653,1
81653,2
81654,3
81655,8
81656,2
81658,6
81658,7
81659,2
81659,6
81660,3
81660,6
81661,2
81661,8
81662,7
81663,6
81666,0
81666,8
81667,9
81668,0
81668,9
81669,8
81670,4
81670,2
81670,9
81671,2
81672,5
81672,10
81673,0
81673,10
81674,10
81675,4
81676,9
81677,8
81679,8
81679,2
81680,2
81681,1
81682,4
81684,5
81685,0
81687,2
81689,1
81690,8
81690,9
81691,0
81691,4
81694,2
81694,9
81695,3
81695,8
81695,4
81696,5
81696,7
81698,10
81699,6
81700,3
81703,7
81703,2
81705,0
81706,6
81707,1
81708,7
81710,3
81712,10
81713,2
81713,10
81713,0
81714,10
81716,9
81716,3
81717,9
81718,6
81719,7
81721,9
81722,3
81722,4
81725,3
81726,3
81727,5
81728,5
81728,2
81729,1
81729,6
81731,0
81734,2
81734,6
81736,2
81737,6
81738,4
81741,4
81742,9
81743,0
81744,3
81744,9
81745,1
81745,5
81746,4
81746,7
81746,3
81747,4
81747,10
81749,9
81749,10
81750,8
81751,8
81752,5
81754,8
81754,7
81755,1
81755,4
81756,4
81757,0
81758,10
81758,8
81760,4
81760,5
81761,10
81762,8
81763,0
81764,8
81764,2
81765,9
81766,10
81769,5
81771,9
81771,6
81771,7
81772,2
81773,10
81773,2
81773,9
81774,5
81774,9
81777,10
81778,2
81778,4
81778,10
81779,3
81779,6
81781,5
81783,10
81784,6
81784,10
81785,4
81785,8
81786,2
81786,6
81787,2
81787,0
81788,2
81788,3
81789,7
81791,3
81791,2
81792,7
81793,4
81794,2
81794,5
81794,1
81795,4
81795,3
81795,10
81796,10
81796,4
81799,4
81799,7
81801,2
81803,7
81803,10
81804,1
81804,0
81805,4
81806,1
81807,10
81809,7
81809,10
81810,2
81814,3
81815,1
81816,9
81818,7
81818,10
81819,4
81820,1
81822,6
81825,0
81826,1
81827,6
81829,5
81829,0
81830,4
81830,7
81830,3
81831,1
81834,6
81834,8
81835,9
81837,2
81838,7
81839,1
81841,8
81841,10
81843,7
81843,5
81844,5
81845,7
81845,10
81846,10
81849,6
81849,10
81849,1
81852,3
81852,7
81852,1
81853,3
81853,8
81854,4
81855,1
81856,9
81856,8
81857,2
81858,4
81858,10
81860,8
81860,6
81860,7
81861,10
81862,6
81864,4
81865,3
81865,6
81865,5
81867,2
81869,10
81871,9
81872,8
81872,1
81873,4
81874,9
81875,4
81875,1
81875,2
81876,8
81878,0
81878,3
81879,3
81880,4
81880,7
81886,0
81886,4
81886,1
81887,8
81888,3
81888,2
81889,5
81890,9
81890,7
81891,0
81891,1
81891,6
81892,3
81894,9
81894,10
81894,2
81895,4
81896,2
81899,0
81899,8
81900,5
81903,9
81904,1
81904,9
81907,6
81907,5
81908,2
81911,4
81912,2
81913,10
81916,4
81916,3
81917,4
81917,8
81917,2
81920,8
81923,9
81925,10
81927,9
81927,0
81928,4
81929,2
81929,5
81932,3
81933,5
81934,0
81942,2
81943,10
81943,4
81944,6
81946,9
81946,5
81947,1
81947,5
81949,8
81953,4
81953,5
81954,1
81955,1
81955,8
81956,5
81956,10
81957,9
81958,6
81958,4
81959,2
81959,4
81960,7
81961,4
81962,4
81964,2
81965,5
81965,10
81966,7
81966,9
81967,2
81967,8
81970,0
81971,5
81972,7
81973,8
81974,0
81974,3
81974,5
81975,5
81976,1
81977,5
81977,4
81977,1
81978,3
81978,10
81979,8
81980,10
81981,1
81982,5
81983,5
81983,10
81984,2
81985,6
81985,4
81986,6
81986,10
81988,8
81989,9
81990,1
81992,1
81993,8
81993,3
81994,2
81996,10
81997,10
81997,3
81997,4
82000,9
82001,4
82002,3
82002,8
82003,8
82003,7
82004,3
82004,0
82005,3
82005,6
82007,10
82008,0
82009,2
82009,6
82009,9
82012,0
82013,2
82014,2
82015,10
82015,0
82016,2
82016,4
82019,5
82021,2
82023,2
82025,0
82026,4
82027,0
82028,4
82029,8
82030,9
82031,3
82031,0
82032,0
82032,7
82033,5
82034,8
82035,9
82035,8
82036,5
82036,10
82037,2
82037,3
82039,9
82040,8
82040,9
82042,5
82042,7
82042,8
82043,4
82044,7
82045,9
82046,1
82047,0
82048,6
82048,7
82049,10
82050,0
82050,5
82051,6
82051,10
82053,9
82053,4
82054,9
82055,8
82056,6
82056,9
82058,7
82058,10
82059,8
82059,10
82060,0
82060,10
82061,3
82062,2
82062,0
82063,3
82063,1
82065,4
82065,3
82066,2
82069,8
82070,7
82070,5
82071,10
82071,0
82072,1
82073,1
82074,0
82075,4
82075,0
82079,6
82081,7
82081,3
82082,2
82082,4
82082,9
82083,8
82086,6
82086,3
82088,5
82089,5
82090,6
82090,9
82090,4
82091,1
82092,5
82093,2
82093,9
82095,6
82096,3
82096,9
82097,0
82098,3
82098,1
82100,7
82104,5
82105,3
82107,6
82108,8
82110,4
82112,6
82112,8
82112,4
82113,3
82115,2
82116,1
82116,10
82116,6
82118,6
82119,2
82119,4
82119,0
82120,7
82120,5
82121,6
82121,0
82122,8
82123,3
82125,2
82125,1
82126,2
82126,4
82129,3
82131,6
82131,4
82133,5
82134,7
82135,2
82136,4
82136,1
82136,0
82137,7
82137,8
82139,5
82139,0
82140,0
82140,7
82141,8
82142,7
82142,5
82142,10
82143,1
82145,7
82145,1
82146,6
82149,8
82151,5
82153,2
82153,9
82154,0
82154,10
82155,4
82155,7
82155,10
82157,5
82157,8
82158,3
82158,1
82159,6
82159,5
82160,9
82160,3
82161,7
82161,4
82162,10
82163,8
82164,5
82165,3
82165,4
82166,5
82167,5
82168,8
82169,1
82172,10
82174,4
82174,8
82174,0
82175,6
82176,6
82177,4
82178,2
82178,5
82179,10
82179,7
82180,10
82183,1
82184,0
82184,6
82188,2
82188,7
82189,10
82189,5
82190,8
82195,1
82196,6
82197,2
82197,9
82198,9
82201,8
82202,2
82202,5
82206,6
82208,7
82210,4
82210,0
82212,9
82214,2
82214,9
82214,3
82218,5
82220,2
82220,8
82223,8
82224,8
82225,3
82226,3
82228,4
82228,2
82230,7
82231,4
82232,9
82233,5
82233,6
82234,10
82236,2
82236,10
82236,9
82239,0
82240,2
82242,0
82244,1
82244,3
82245,2
82246,5
82247,0
82250,9
82250,1
82251,10
82252,8
82254,2
82254,5
82254,1
82255,1
82255,6
82256,7
82256,1
82260,5
82260,8
82260,1
82261,5
82262,5
82265,10
82265,2
82265,7
82268,8
82270,5
82273,3
82273,8
82274,5
82275,2
82275,6
82276,7
82278,2
82278,3
82279,7
82279,8
82280,5
82281,2
82281,8
82282,0
82285,3
82286,1
82286,7
82289,6
82289,5
82290,5
82291,10
82292,10
82293,5
82293,1
82294,3
82295,1
82296,9
82297,9
82302,8
82303,0
82304,3
82304,8
82304,7
82306,7
82307,2
82309,10
82309,3
82310,4
82310,3
82311,1
82312,1
82312,9
82313,3
82313,10
82315,5
82315,7
82317,9
82317,3
82317,10
82321,0
82322,8
82322,3
82323,4
82323,10
82324,10
82325,6
82325,9
82325,3
82326,1
82327,9
82327,0
82330,4
82331,8
82332,1
82332,10
82334,10
82334,7
82336,8
82336,6
82337,9
82340,7
82342,3
82342,6
82343,8
82344,5
82346,8
82347,4
82347,7
82347,0
82350,9
82350,1
82350,5
82351,7
82351,10
82351,9
82351,6
82353,3
82358,7
82359,6
82360,9
82361,0
82363,10
82363,3
82364,6
82365,0
82366,2
82366,6
82368,0
82369,5
82369,4
82370,3
82371,6
82371,10
82373,10
82373,6
82375,3
82376,1
82377,3
82378,4
82380,9
82381,10
82381,8
82381,2
82381,9
82382,7
82382,4
82382,9
82383,4
82383,7
82383,2
82384,9
82384,1
82384,6
82386,1
82387,10
82389,9
82390,7
82390,0
82391,0
82392,1
82394,1
82395,6
82396,0
82396,8
82397,9
82399,8
82399,1
82400,8
82401,6
82401,3
82402,1
82403,7
82404,1
82404,2
82404,4
82404,10
82405,1
82407,5
82408,3
82408,6
82409,0
82410,4
82411,7
82411,0
82412,3
82414,4
82415,3
82415,8
82416,0
82416,8
82416,4
82417,9
82417,10
82418,7
82419,1
82421,4
82421,3
82423,6
82425,5
82425,0
82426,10
82427,8
82431,10
82432,10
82432,5
82433,5
82434,1
82437,8
82439,1
82439,7
82439,6
82439,10
82441,3
82441,7
82447,4
82447,5
82447,3
82449,10
82450,9
82450,10
82450,3
82451,2
82451,10
82455,4
82457,1
82459,1
82459,6
82459,9
82459,4
82460,0
82462,6
82463,3
82463,0
82463,2
82465,5
82465,9
82469,9
82469,8
82469,6
82472,4
82473,9
82473,2
82473,6
82474,6
82474,3
82474,7
82475,1
82475,3
82476,0
82478,8
82478,10
82478,6
82479,7
82479,2
82480,0
82481,3
82482,0
82482,8
82483,2
82487,7
82487,0
82490,5
82490,2
82490,4
82491,0
82492,4
82492,1
82494,10
82494,2
82496,8
82497,8
82497,1
82498,7
82499,3
82500,3
82501,0
82502,4
82505,9
82509,9
82509,0
82509,5
82509,4
82511,1
82513,1
82513,3
82516,1
82517,5
82518,7
82518,10
82520,5
82521,5
82522,1
82523,3
82524,0
82525,4
82526,9
82526,0
82529,4
82530,9
82531,6
82531,10
82531,2
82534,7
82536,4
82536,2
82537,1
82539,0
82539,4
82542,6
82544,1
82545,1
82546,9
82546,2
82547,1
82547,9
82548,1
82548,4
82549,10
82550,6
82550,7
82555,8
82556,8
82557,1
82557,4
82558,2
82558,8
82561,7
82563,10
82563,2
82565,8
82566,8
82566,3
82569,2
82569,9
82571,0
82571,3
82571,4
82572,8
82573,6
82575,3
82576,0
82577,0
82577,5
82577,10
82578,2
82578,6
82579,6
82580,10
82582,1
82583,10
82583,0
82583,8
82584,0
82587,8
82587,6
82588,0
82588,4
82589,6
82590,0
82591,4
82591,1
82592,6
82592,4
82593,3
82594,8
82594,2
82594,10
82599,9
82599,0
82601,7
82601,9
82603,5
82603,1
82603,3
82604,8
82606,5
82608,2
82609,5
82609,9
82609,8
82610,1
82612,6
82613,5
82614,9
82616,5
82620,3
82621,9
82622,6
82622,0
82624,9
82624,2
82625,3
82625,0
82625,10
82626,0
82626,7
82627,10
82628,5
82628,1
82630,9
82630,0
82631,8
82631,10
82632,5
82632,7
82633,2
82633,5
82634,2
82636,2
82637,1
82637,9
82638,5
82639,0
82639,2
82640,2
82640,0
82643,4
82644,10
82648,9
82649,7
82652,9
82654,0
82655,10
82655,0
82655,1
82657,1
82657,7
82659,3
82660,5
82660,4
82662,9
82662,3
82662,2
82666,9
82668,3
82669,7
82670,2
82672,2
82673,1
82674,4
82675,2
82677,9
82678,7
82679,0
82679,4
82680,10
82680,4
82683,6
82684,6
82689,3
82690,9
82691,7
82693,5
82693,7
82694,4
82694,3
82696,2
82696,3
82697,2
82697,5
82698,8
82698,0
82699,7
82701,2
82703,2
82703,0
82705,2
82706,7
82707,8
82708,4
82709,3
82710,6
82710,5
82711,8
82713,7
82715,7
82716,5
82716,1
82716,9
82717,0
82718,5
82718,6
82723,0
82723,5
82723,4
82730,7
82730,4
82730,6
82731,9
82731,1
82731,3
82731,6
82732,2
82733,10
82734,10
82735,3
82735,6
82736,8
82736,5
82737,7
82738,7
82738,0
82738,5
82739,1
82740,3
82742,9
82742,8
82742,2
82744,7
82744,0
82744,4
82745,4
82749,8
82749,6
82751,4
82754,8
82754,0
82754,3
82755,7
82755,5
82755,6
82756,0
82757,9
82758,8
82758,5
82759,9
82759,5
82761,0
82761,2
82763,6
82764,8
82764,10
82766,7
82767,2
82768,1
82769,2
82770,0
82770,2
82772,5
82773,1
82774,3
82774,1
82774,10
82775,3
82775,5
82775,7
82777,2
82777,4
82778,3
82779,6
82779,2
82782,2
82783,1
82783,4
82784,1
82784,10
82784,9
82785,2
82786,8
82787,7
82787,5
82787,8
82788,3
82788,7
82789,2
82791,1
82791,4
82791,3
82791,2
82792,2
82794,8
82794,1
82796,0
82797,2
82797,3
82801,5
82801,7
82802,9
82802,8
82803,7
82803,5
82804,5
82805,3
82805,10
82806,0
82806,4
82807,2
82809,3
82809,0
82809,7
82809,5
82810,4
82811,7
82812,5
82813,3
82815,3
82816,1
82817,10
82818,2
82819,10
82821,2
82822,8
82823,2
82824,6
82827,9
82828,1
82829,4
82830,9
82830,2
82831,0
82832,3
82833,5
82833,7
82833,2
82834,6
82834,4
82834,7
82835,7
82835,5
82836,3
82837,2
82837,5
82838,4
82840,8
82841,7
82841,0
82848,7
82849,5
82849,1
82850,0
82852,2
82854,7
82854,5
82855,0
82857,9
82857,6
82858,1
82859,3
82860,4
82860,6
82861,10
82861,3
82862,1
82863,5
82864,6
82864,3
82865,2
82865,7
82867,10
82867,8
82868,3
82869,9
82869,6
82870,1
82877,6
82879,4
82880,7
82883,9
82884,2
82885,8
82886,4
82887,1
82887,9
82888,8
82889,6
82889,2
82889,9
82890,3
82891,9
82894,6
82895,3
82895,2
82896,4
82896,7
82896,1
82897,5
82898,4
82899,4
82900,4
82900,10
82900,7
82902,5
82903,0
82903,6
82904,4
82905,1
82906,10
82906,1
82906,9
82907,4
82908,3
82910,5
82911,10
82911,6
82912,7
82913,1
82918,8
82919,4
82920,6
82920,2
82920,8
82923,6
82923,8
82923,10
82924,1
82926,8
82926,5
82927,4
82927,3
82928,5
82928,7
82931,2
82932,5
82932,7
82933,7
82933,1
82938,0
82938,4
82940,6
82940,3
82942,6
82943,5
82943,1
82943,10
82943,2
82944,4
82945,3
82945,5
82947,9
82947,1
82948,5
82949,7
82950,6
82951,4
82951,7
82951,9
82953,9
82955,0
82959,2
82959,4
82960,8
82962,0
82963,9
82964,6
82964,9
82966,6
82967,7
82967,5
82969,6
82969,10
82970,2
82970,1
82971,6
82971,1
82972,7
82972,3
82974,3
82974,1
82974,4
82974,9
82975,2
82975,4
82976,4
82977,7
82978,10
82978,0
82979,9
82980,10
82981,4
82981,5
82982,3
82983,6
82985,10
82985,6
82986,4
82986,7
82989,0
82990,4
82990,2
82991,4
82991,5
82991,2
82992,0
82993,8
82993,7
82994,6
82995,0
82997,2
82997,3
82998,4
82999,7
83000,1
83000,3
83001,5
83005,1
83005,2
83006,7
83007,6
83007,2
83008,4
83008,0
83009,3
83010,9
83011,10
83012,4
83012,6
83013,8
83013,6
83017,6
83017,1
83018,0
83019,2
83019,0
83019,3
83021,4
83022,8
83023,4
83023,1
83026,8
83031,4
83031,2
83032,2
83034,0
83035,10
83036,1
83037,7
83038,6
83038,3
83039,8
83040,6
83040,0
83040,8
83041,4
83043,4
83044,5
83045,3
83046,7
83049,10
83053,8
83055,9
83056,0
83056,6
83057,8
83058,3
83060,2
83060,7
83061,4
83062,6
83062,8
83063,4
83064,6
83064,2
83065,5
83067,5
83067,4
83067,6
83069,1
83069,5
83070,5
83071,1
83072,7
83073,6
83074,3
83075,8
83077,8
83078,8
83080,9
83082,1
83083,4
83084,2
83087,5
83087,0
83087,9
83088,9
83088,6
83089,8
83090,3
83090,5
83090,8
83090,6
83091,10
83091,8
83092,2
83092,7
83093,10
83094,3
83095,5
83097,0
83097,5
83097,2
83099,4
83099,5
83100,8
83101,6
83101,8
83102,7
83102,4
83103,3
83104,10
83104,9
83104,4
83105,10
83105,1
83106,6
83106,3
83107,8
83108,10
83108,4
83109,1
83113,7
83116,9
83118,9
83118,3
83118,0
83119,10
83119,7
83120,5
83121,0
83121,1
83121,8
83122,5
83122,7
83123,1
83124,10
83124,1
83125,5
83126,7
83127,10
83127,4
83128,2
83129,2
83130,2
83130,9
83130,1
83131,10
83133,4
83133,2
83134,7
83135,6
83137,9
83138,2
83138,1
83139,5
83139,7
83140,7
83140,6
83141,3
83144,4
83146,10
83146,3
83150,1
83150,2
83151,10
83151,3
83152,10
83153,8
83153,6
83154,2
83155,0
83156,0
83157,10
83159,7
83163,9
83164,1
83164,3
83165,3
83165,8
83165,6
83166,0
83168,3
83168,7
83170,9
83170,4
83171,8
83172,0
83173,10
83178,10
83179,0
83179,8
83179,6
83180,5
83180,0
83182,5
83185,1
83185,3
83186,10
83188,0
83188,9
83189,7
83190,0
83191,8
83192,5
83193,5
83194,10
83194,9
83195,8
83195,0
83196,7
83197,2
83197,0
83198,7
83198,2
83200,0
83201,0
83202,3
83203,1
83204,6
83204,0
83205,6
83210,4
83210,0
83211,3
83212,1
83212,0
83213,9
83214,2
83217,10
83219,3
83220,3
83222,0
83222,5
83223,9
83223,3
83223,1
83223,0
83225,5
83226,2
83227,0
83228,7
83228,4
83229,2
83231,3
83232,3
83233,10
83233,0
83234,2
83234,3
83234,7
83234,10
83235,4
83235,3
83236,8
83237,4
83237,10
83237,2
83237,5
83238,1
83238,9
83239,1
83239,2
83240,0
83242,9
83242,2
83243,1
83243,10
83243,0
83245,8
83245,4
83245,1
83246,7
83246,9
83248,4
83248,9
83251,2
83251,4
83252,5
83254,8
83255,5
83255,2
83256,0
83257,10
83257,9
83258,8
83259,8
83260,10
83261,6
83262,7
83262,9
83263,2
83263,7
83264,2
83270,7
83270,5
83270,4
83271,7
83271,2
83272,10
83272,5
83273,0
83274,2
83274,7
83274,1
83276,2
83276,0
83277,5
83277,10
83278,4
83279,7
83281,4
83281,5
83282,6
83282,2
83284,7
83284,10
83285,4
83289,4
83290,10
83290,2
83292,6
83295,0
83297,6
83299,5
83300,8
83301,5
83301,3
83302,2
83302,3
83303,10
83304,9
83304,10
83305,0
83305,1
83305,5
83308,4
83308,7
83309,6
83314,8
83315,0
83315,2
83319,6
83319,8
83320,5
83320,4
83320,0
83322,3
83327,0
83328,4
83328,5
83328,0
83331,7
83331,2
83331,1
83332,6
83332,2
83334,8
83334,1
83336,9
83340,0
83343,7
83343,6
83343,1
83346,9
83348,5
83349,2
83351,8
83351,9
83352,6
83353,2
83355,1
83356,6
83356,10
83356,5
83357,8
83357,2
83357,5
83359,5
83359,3
83360,6
83361,4
83363,9
83363,8
83363,1
83365,5
83366,4
83367,6
83368,2
83370,2
83370,6
83371,0
83371,10
83373,5
83374,4
83375,7
83376,6
83377,6
83377,4
83377,1
83379,2
83382,2
83383,6
83384,9
83386,5
83386,6
83390,9
83390,1
83392,9
83392,0
83393,2
83394,9
83394,8
83395,2
83395,8
83396,8
83397,6
83397,10
83398,7
83398,6
83398,10
83405,4
83406,8
83406,3
83408,6
83409,3
83409,9
83410,9
83411,10
83412,5
83412,2
83415,1
83417,2
83418,5
83420,1
83420,0
83420,8
83423,10
83424,4
83425,5
83425,3
83426,8
83426,10
83427,10
83427,2
83427,5
83428,5
83428,2
83429,9
83430,10
83431,6
83431,10
83431,3
83431,9
83432,2
83432,0
83432,8
83433,3
83435,7
83435,5
83436,2
83436,0
83437,4
83437,8
83439,10
83440,0
83441,10
83442,9
83442,8
83443,4
83443,3
83444,5
83445,2
83446,6
83446,2
83447,5
83448,7
83448,6
83449,0
83450,3
83451,6
83451,0
83453,8
83454,4
83454,2
83456,6
83457,6
83457,2
83457,7
83457,10
83458,4
83458,5
83458,1
83458,10
83459,2
83460,4
83460,3
83461,2
83461,5
83462,10
83464,4
83466,8
83466,7
83466,4
83467,2
83468,6
83469,9
83469,6
83469,8
83472,7
83474,1
83476,9
83477,4
83478,1
83480,1
83481,0
83481,7
83482,1
83482,0
83482,7
83483,9
83484,1
83484,10
83485,4
83486,2
83486,4
83487,5
83487,10
83488,9
83489,10
83490,4
83491,1
83494,7
83495,8
83495,4
83496,2
83496,3
83499,5
83499,6
83501,9
83503,6
83503,5
83503,4
83504,1
83505,9
83506,1
83506,4
83509,2
83510,7
83511,10
83512,7
83512,0
83514,9
83516,8
83516,2
83517,9
83518,4
83518,2
83519,3
83520,4
83521,9
83521,8
83523,10
83523,8
83523,6
83524,3
83524,7
83524,5
83524,8
83524,2
83524,10
83525,7
83526,4
83527,5
83528,8
83528,5
83528,0
83530,0
83530,5
83532,10
83532,6
83536,3
83536,2
83536,5
83537,9
83537,3
83538,7
83538,4
83540,4
83541,10
83541,0
83542,6
83543,7
83544,9
83546,1
83548,4
83548,6
83549,10
83551,10
83552,7
83553,3
83554,8
83555,10
83555,6
83556,3
83557,3
83558,8
83560,7
83560,1
83560,10
83561,3
83562,0
83563,9
83565,5
83566,7
83568,5
83568,6
83569,8
83569,0
83571,3
83571,8
83573,6
83574,8
83574,4
83574,5
83576,2
83580,3
83580,9
83581,8
83583,0
83587,6
83587,9
83587,7
83588,4
83588,9
83588,6
83589,9
83590,8
83590,5
83591,5
83591,10
83591,1
83592,10
83594,10
83594,5
83595,9
83596,4
83597,7
83598,5
83599,10
83600,1
83601,8
83601,5
83601,6
83601,0
83602,9
83604,7
83606,0
83608,1
83611,3
83611,1
83611,0
83612,10
83612,1
83613,6
83614,5
83618,2
83619,0
83620,6
83620,2
83621,1
83621,0
83622,2
83622,3
83625,8
83626,0
83628,1
83628,8
83628,10
83630,3
83631,9
83633,6
83633,9
83634,1
83634,0
83638,7
83638,5
83640,9
83642,8
83645,2
83648,1
83650,9
83651,4
83652,7
83652,4
83654,5
83655,4
83656,2
83657,7
83659,10
83659,8
83659,9
83659,2
83660,7
83660,6
83660,10
83660,0
83660,2
83661,6
83662,4
83662,3
83665,3
83665,7
83666,8
83667,0
83667,3
83667,8
83668,1
83668,6
83668,5
83670,2
83670,0
83670,1
83672,10
83673,8
83673,7
83675,5
83675,7
83675,10
83675,1
83676,4
83677,3
83677,5
83679,4
83683,6
83684,1
83685,8
83686,8
83687,3
83687,1
83687,6
83688,5
83689,9
83689,3
83690,10
83691,1
83692,5
83692,2
83692,7
83694,0
83695,10
83696,9
83696,5
83697,8
83700,6
83701,3
83701,1
83701,10
83703,1
83704,6
83704,7
83705,10
83706,9
83708,9
83708,8
83708,7
83709,1
83711,8
83712,7
83712,4
83713,10
83713,7
83714,0
83714,8
83715,6
83716,3
83717,2
83717,6
83718,3
83719,7
83721,1
83723,8
83724,4
83724,7
83725,4
83726,8
83726,2
83727,4
83727,5
83729,5
83730,6
83731,0
83732,4
83734,5
83734,9
83734,4
83736,9
83736,0
83737,1
83737,0
83737,9
83739,10
83740,3
83740,8
83741,2
83741,6
83742,2
83742,3
83743,10
83744,5
83745,7
83748,3
83749,5
83750,2
83750,3
83750,4
83750,9
83752,4
83752,3
83752,10
83754,5
83755,2
83756,9
83757,5
83760,0
83760,6
83761,6
83761,10
83762,2
83765,1
83765,9
83766,4
83768,3
83768,9
83768,2
83769,1
83771,8
83772,8
83773,4
83773,8
83773,6
83774,2
83774,8
83776,9
83778,4
83778,10
83779,10
83779,6
83780,8
83780,1
83783,9
83785,7
83785,2
83787,5
83788,4
83789,10
83789,0
83789,5
83789,8
83791,2
83792,3
83793,3
83793,5
83794,8
83794,4
83796,6
83799,8
83800,4
83801,1
83804,2
83805,9
83805,3
83807,7
83808,4
83809,5
83812,9
83814,10
83814,8
83815,3
83816,1
83816,0
83824,0
83828,8
83829,10
83830,10
83830,3
83833,1
83834,5
83834,0
83836,6
83836,3
83837,0
83837,7
83840,1
83840,0
83841,0
83842,10
83842,5
83843,6
83845,4
83845,0
83846,2
83846,3
83848,2
83849,4
83851,3
83852,0
83852,1
83853,0
83853,4
83854,9
83854,3
83855,0
83856,0
83856,2
83857,6
83857,0
83857,10
83860,5
83860,7
83862,5
83864,9
83864,1
83866,7
83866,1
83871,2
83871,10
83871,4
83872,10
83873,1
83874,3
83878,8
83878,2
83879,4
83880,10
83881,2
83883,9
83883,7
83885,8
83886,5
83887,10
83888,1
83888,0
83888,6
83893,10
83894,3
83896,8
83896,0
83897,2
83898,7
83898,3
83899,6
83900,8
83900,10
83900,6
83901,7
83902,4
83902,8
83903,2
83903,1
83904,5
83904,9
83904,3
83908,0
83908,9
83909,8
83909,6
83910,4
83912,10
83913,3
83914,0
83914,7
83915,4
83916,10
83916,4
83919,10
83921,1
83921,9
83926,9
83926,4
83926,1
83927,2
83928,0
83928,7
83929,2
83931,5
83931,9
83932,10
83934,3
83935,6
83939,4
83939,8
83940,6
83941,5
83941,9
83941,6
83943,4
83945,0
83948,10
83949,1
83950,5
83950,7
83952,9
83953,7
83954,0
83954,4
83957,0
83958,0
83959,0
83960,3
83961,0
83963,0
83964,0
83964,4
83964,10
83966,0
83966,6
83967,4
83967,7
83968,8
83971,8
83972,10
83972,0
83973,2
83974,6
83974,5
83976,9
83976,0
83976,4
83979,7
83979,2
83980,9
83980,2
83981,5
83982,4
83983,0
83983,8
83984,10
83987,0
83987,5
83988,5
83988,3
83989,1
83990,10
83990,8
83991,10
83992,6
83996,4
83996,1
83997,7
83999,4
84000,0
84001,4
84002,7
84004,9
84004,7
84005,10
84006,10
84006,2
84007,10
84008,3
84008,0
84010,6
84011,3
84012,0
84017,1
84018,1
84020,8
84020,3
84021,10
84021,3
84022,0
84028,4
84028,5
84028,0
84029,2
84029,3
84032,9
84032,10
84034,1
84034,3
84034,9
84034,8
84035,0
84037,6
84038,0
84039,7
84040,7
84045,2
84046,1
84046,4
84046,0
84047,10
84047,4
84047,2
84048,0
84048,6
84048,7
84052,3
84055,3
84057,0
84058,8
84058,9
84059,9
84061,3
84061,7
84061,5
84063,2
84064,0
84065,9
84066,0
84068,9
84068,4
84070,9
84071,8
84072,3
84073,8
84075,3
84075,9
84077,9
84077,4
84079,5
84079,9
84083,9
84083,8
84083,0
84084,7
84085,8
84085,0
84085,7
84086,7
84087,8
84087,9
84089,9
84089,0
84089,4
84090,2
84091,6
84094,3
84094,4
84095,2
84096,1
84096,8
84097,7
84097,2
84097,0
84101,6
84104,0
84105,7
84106,7
84106,3
84108,3
84109,1
84110,5
84110,9
84111,0
84111,2
84112,7
84112,1
84115,1
84116,0
84121,2
84121,3
84121,6
84122,6
84123,4
84125,0
84126,10
84127,6
84127,9
84128,6
84129,6
84129,5
84129,10
84129,4
84130,9
84130,8
84131,3
84133,5
84134,10
84137,3
84138,8
84140,0
84140,3
84141,10
84142,7
84143,2
84144,1
84145,2
84145,3
84146,0
84146,10
84147,1
84148,9
84148,4
84149,6
84149,4
84149,3
84149,9
84150,1
84150,0
84150,3
84150,7
84151,7
84151,6
84152,9
84152,2
84152,5
84153,9
84154,4
84155,4
84155,8
84158,3
84160,3
84162,6
84163,1
84163,0
84163,8
84163,7
84164,9
84165,7
84167,9
84168,0
84170,3
84170,4
84171,10
84173,1
84173,10
84173,7
84174,7
84174,0
84176,1
84177,0
84178,1
84180,5
84181,5
84181,4
84182,10
84183,9
84184,6
84185,9
84185,8
84186,8
84186,7
84188,2
84188,3
84191,3
84192,10
84192,4
84192,6
84195,5
84195,9
84197,10
84198,3
84198,2
84199,10
84199,1
84201,1
84202,1
84202,6
84202,5
84203,8
84203,3
84204,4
84205,4
84206,10
84206,4
84207,3
84209,0
84211,3
84211,6
84212,8
84214,3
84216,0
84216,2
84220,6
84222,4
84223,1
84223,0
84224,4
84226,4
84227,10
84227,9
84228,8
84230,2
84230,3
84231,0
84232,5
84233,5
84234,5
84236,0
84237,3
84237,8
84238,0
84238,6
84238,4
84239,7
84241,1
84242,4
84243,9
84243,2
84243,6
84244,1
84244,5
84245,7
84246,9
84246,6
84246,5
84246,8
84247,9
84247,3
84248,8
84248,0
84253,4
84254,3
84255,5
84255,4
84255,8
84255,10
84256,3
84256,0
84257,4
84257,6
84258,7
84260,7
84260,6
84261,2
84263,8
84266,4
84266,10
84267,9
84267,2
84269,9
84269,0
84270,6
84271,8
84271,10
84272,8
84273,6
84273,1
84275,4
84276,7
84277,8
84277,5
84278,1
84280,8
84281,6
84282,8
84282,4
84283,7
84285,0
84285,7
84285,9
84286,0
84288,4
84288,2
84291,9
84292,10
84292,9
84293,4
84294,9
84296,9
84296,1
84298,4
84299,8
84299,5
84299,1
84302,5
84302,9
84303,3
84303,10
84304,2
84306,3
84307,9
84308,2
84309,10
84309,3
84310,4
84310,6
84311,1
84312,4
84312,6
84314,7
84314,5
84315,8
84315,2
84316,3
84316,4
84318,8
84318,4
84318,3
84319,0
84320,0
84320,8
84322,2
84322,7
84323,5
84323,3
84326,0
84327,6
84327,10
84328,5
84328,3
84329,10
84330,8
84331,0
84333,2
84334,0
84336,3
84337,8
84338,1
84339,6
84340,6
84340,10
84341,0
84341,6
84342,4
84343,7
84343,1
84346,7
84346,1
84347,0
84351,10
84357,0
84357,9
84358,5
84358,1
84359,8
84359,2
84360,2
84361,4
84363,0
84365,1
84366,9
84366,5
84367,9
84368,3
84370,9
84370,2
84370,4
84371,9
84372,5
84373,8
84374,10
84375,3
84375,1
84376,4
84376,0
84379,4
84379,5
84379,8
84383,3
84383,8
84385,5
84386,1
84387,1
84390,7
84390,10
84391,9
84391,7
84391,4
84392,1
84393,5
84394,10
84395,8
84397,2
84398,10
84401,5
84403,5
84403,10
84403,9
84403,7
84404,7
84405,2
84406,5
84408,0
84408,2
84409,3
84409,9
84410,7
84412,2
84412,0
84415,3
84415,1
84415,5
84420,5
84421,5
84422,2
84422,0
84423,2
84424,6
84425,3
84425,0
84426,2
84427,10
84429,5
84429,0
84429,3
84432,10
84432,0
84433,8
84433,5
84434,8
84435,3
84437,9
84437,0
84439,9
84439,8
84440,10
84440,7
84440,8
84441,1
84442,5
84446,2
84447,6
84448,10
84449,1
84450,3
84453,1
84454,10
84456,6
84458,10
84458,8
84461,0
84463,8
84466,6
84466,10
84466,5
84468,7
84470,3
84471,2
84472,4
84473,2
84474,10
84474,9
84474,0
84475,10
84476,3
84476,4
84477,10
84479,9
84480,2
84480,7
84480,3
84482,0
84483,6
84484,4
84485,9
84486,0
84486,9
84487,4
84488,9
84490,10
84491,10
84491,7
84492,7
84493,5
84494,4
84494,1
84495,8
84496,8
84497,4
84498,1
84498,9
84501,2
84502,1
84504,10
84504,4
84506,4
84506,10
84507,4
84508,3
84509,6
84510,2
84512,0
84512,1
84515,1
84515,3
84515,4
84516,10
84516,7
84516,6
84517,8
84517,0
84518,6
84520,7
84521,0
84524,5
84525,10
84527,4
84528,4
84528,1
84528,9
84529,4
84530,0
84532,7
84536,8
84536,9
84536,2
84538,2
84538,10
84540,3
84541,5
84542,4
84543,8
84543,2
84544,8
84546,4
84549,0
84550,10
84550,4
84551,6
84551,10
84553,0
84553,4
84554,10
84555,0
84555,8
84556,3
84556,9
84557,1
84557,8
84559,3
84560,1
84564,0
84564,8
84564,7
84566,2
84566,0
84567,7
84568,0
84569,5
84569,6
84570,7
84571,10
84571,1
84572,4
84574,6
84574,2
84576,2
84577,5
84580,4
84581,4
84581,9
84582,6
84586,7
84587,2
84588,1
84591,0
84593,4
84594,5
84594,8
84595,6
84596,0
84597,5
84597,4
84599,1
84600,0
84600,6
84601,10
84601,3
84602,3
84603,3
84605,9
84607,4
84607,10
84608,6
84608,7
84608,8
84608,9
84609,0
84611,1
84612,6
84613,6
84616,7
84617,2
84618,5
84619,2
84620,0
84621,9
84622,1
84623,9
84623,10
84625,8
84626,8
84629,2
84631,6
84632,10
84633,5
84633,7
84633,2
84634,5
84635,8
84635,3
84636,0
84638,2
84639,2
84639,4
84639,6
84640,7
84640,2
84641,5
84641,1
84641,7
84642,2
84642,6
84647,9
84648,8
84648,1
84648,10
84649,1
84650,0
84650,10
84650,4
84652,5
84652,7
84652,10
84653,1
84653,10
84654,7
84656,0
84658,0
84658,8
84658,5
84659,7
84659,6
84660,2
84660,10
84660,6
84661,9
84664,0
84666,1
84666,9
84666,3
84669,6
84672,1
84673,0
84673,2
84676,10
84676,0
84677,9
84677,1
84679,8
84681,1
84681,7
84681,4
84682,9
84683,4
84683,1
84685,0
84685,6
84686,10
84686,2
84686,0
84687,9
84687,1
84687,7
84688,6
84689,7
84690,0
84693,6
84695,1
84700,2
84700,6
84706,6
84707,8
84708,2
84708,1
84708,9
84709,6
84709,2
84710,5
84711,1
84712,8
84713,7
84714,4
84714,3
84714,9
84716,7
84716,10
84717,2
84719,0
84721,5
84722,6
84723,9
84723,8
84727,9
84727,7
84731,10
84734,2
84741,4
84742,3
84742,5
84742,8
84743,1
84743,7
84743,2
84744,4
84747,2
84747,1
84748,2
84753,2
84754,7
84755,9
84756,3
84756,0
84757,5
84757,6
84758,2
84759,3
84759,10
84759,0
84760,8
84765,3
84766,10
84767,5
84769,5
84771,2
84771,1
84772,3
84772,5
84773,5
84773,10
84774,8
84776,6
84776,5
84776,2
84777,9
84777,3
84777,2
84778,6
84778,1
84778,3
84780,4
84780,9
84780,8
84781,9
84782,10
84783,9
84783,5
84785,10
84785,2
84786,8
84787,2
84787,1
84787,9
84788,4
84788,9
84789,2
84789,4
84789,0
84790,5
84791,3
84791,7
84792,0
84792,4
84794,0
84795,8
84796,3
84797,0
84797,10
84798,2
84800,4
84801,3
84801,8
84802,5
84802,9
84803,4
84803,8
84803,1
84804,7
84805,10
84806,9
84807,5
84807,6
84809,9
84809,2
84811,8
84811,1
84812,9
84812,8
84812,10
84813,3
84813,2
84814,3
84814,6
84815,3
84818,0
84819,3
84819,10
84820,9
84822,3
84823,0
84823,8
84824,1
84825,7
84825,3
84827,3
84827,6
84829,9
84830,7
84830,9
84831,6
84832,4
84832,8
84833,2
84835,4
84835,7
84836,9
84838,0
84840,0
84845,4
84848,8
84850,2
84851,2
84851,5
84853,1
84855,3
84859,6
84860,1
84860,3
84861,6
84862,0
84865,1
84866,8
84867,3
84867,5
84868,9
84872,8
84873,10
84875,8
84875,0
84876,2
84877,8
84877,0
84877,10
84878,0
84881,6
84882,0
84882,9
84882,2
84884,9
84887,10
84887,7
84888,3
84889,9
84889,8
84890,0
84894,6
84894,5
84896,4
84898,10
84898,8
84899,9
84899,6
84899,8
84902,7
84903,4
84903,7
84904,4
84904,3
84905,7
84906,3
84908,8
84908,7
84908,9
84909,4
84910,8
84910,7
84911,5
84911,4
84913,0
84913,2
84914,7
84914,6
84915,6
84915,3
84917,0
84918,0
84921,2
84923,1
84923,0
84923,9
84923,7
84926,3
84926,8
84927,9
84928,6
84929,0
84931,9
84931,4
84932,8
84932,4
84932,10
84935,7
84935,3
84935,9
84936,3
84938,3
84940,7
84944,0
84944,2
84945,4
84945,3
84946,3
84947,4
84947,2
84947,1
84950,7
84950,1
84953,5
84955,9
84958,10
84959,5
84960,3
84961,10
84961,5
84961,8
84962,4
84963,3
84964,0
84965,1
84965,9
84965,4
84965,8
84966,0
84968,5
84968,9
84968,1
84969,2
84969,9
84970,7
84970,10
84971,7
84974,7
84976,7
84978,3
84982,8
84982,6
84984,0
84984,4
84985,4
84986,3
84988,4
84988,8
84988,2
84989,3
84990,1
84990,3
84992,10
84994,3
84995,8
84996,7
84997,4
85000,1
85000,5
85001,1
85003,4
85005,10
85006,1
85006,7
85006,2
85007,4
85007,7
85008,8
85009,6
85010,0
85010,5
85011,3
85011,8
85011,2
85013,2
85014,4
85018,3
85019,2
85020,4
85022,3
85022,4
85023,8
85024,10
85027,4
85028,7
85029,6
85031,1
85032,10
85033,1
85033,7
85035,2
85036,0
85036,10
85039,5
85040,1
85041,10
85044,2
85044,8
85046,0
85046,4
85047,4
85048,9
85048,1
85051,8
85052,4
85054,3
85056,5
85057,7
85058,4
85061,9
85062,9
85062,10
85063,10
85064,2
85065,4
85066,9
85067,8
85067,0
85069,8
85069,0
85070,7
85070,5
85071,3
85072,4
85075,6
85076,0
85076,10
85078,0
85078,2
85079,0
85079,7
85080,9
85080,1
85081,5
85082,6
85084,2
85084,8
85084,3
85085,2
85089,9
85089,1
85089,0
85090,0
85090,5
85091,1
85092,6
85093,10
85093,3
85094,3
85095,8
85095,4
85096,3
85098,10
85099,1
85100,5
85101,3
85101,10
85102,3
85104,6
85105,10
85105,4
85106,0
85106,10
85106,4
85107,2
85110,7
85110,6
85111,9
85112,3
85115,6
85116,10
85116,2
85117,10
85118,5
85119,3
85122,5
85122,10
85123,8
85124,7
85126,1
85127,1
85127,2
85128,2
85128,0
85129,4
85130,8
85130,0
85135,7
85137,1
85137,4
85138,9
85138,6
85139,4
85139,1
85141,1
85142,4
85142,6
85144,7
85144,2
85144,9
85146,3
85146,2
85146,10
85149,3
85149,4
85151,0
85151,4
85152,10
85152,0
85153,10
85155,9
85155,6
85155,2
85156,8
85156,0
85157,7
85158,9
85159,0
85160,1
85161,1
85162,8
85163,7
85163,8
85164,10
85164,4
85168,5
85168,0
85170,0
85170,5
85170,6
85172,6
85173,5
85175,2
85175,8
85176,0
85177,8
85178,2
85179,6
85180,0
85183,1
85184,5
85184,9
85186,4
85190,3
85190,8
85190,1
85191,3
85191,4
85194,7
85194,2
85195,10
85196,8
85197,4
85200,4
85201,2
85201,8
85201,7
85202,1
85204,8
85205,2
85206,4
85206,0
85207,3
85209,1
85210,3
85210,2
85211,10
85211,9
85211,0
85212,8
85212,10
85213,10
85214,1
85214,0
85217,8
85218,0
85218,10
85219,4
85220,5
85221,7
85223,5
85223,1
85225,8
85225,1
85227,0
85228,0
85229,6
85230,10
85231,2
85235,2
85236,4
85236,2
85237,6
85237,10
85239,5
85239,10
85240,4
85240,7
85241,8
85241,0
85242,3
85242,2
85243,10
85245,10
85246,7
85247,6
85247,5
85247,0
85247,2
85247,7
85248,2
85249,3
85250,8
85250,9
85251,4
85252,6
85252,5
85252,3
85254,1
85254,5
85255,8
85256,0
85256,1
85257,9
85257,2
85258,1
85258,7
85261,10
85262,8
85262,10
85262,6
85264,5
85264,3
85264,8
85265,6
85265,2
85266,6
85267,3
85268,7
85269,3
85273,2
85273,1
85273,3
85274,6
85276,8
85276,1
85277,0
85278,6
85278,4
85279,5
85279,9
85279,2
85280,1
85280,8
85280,5
85281,6
85282,6
85283,2
85287,1
85287,10
85287,6
85288,8
85289,7
85289,3
85290,2
85291,6
85291,2
85293,4
85294,0
85295,9
85295,5
85299,5
85300,9
85301,5
85302,8
85303,9
85305,7
85308,6
85308,0
85309,7
85309,10
85310,2
85310,8
85310,10
85310,3
85313,10
85313,1
85314,0
85317,9
85318,4
85318,1
85320,10
85321,8
85322,6
85323,3
85323,8
85324,10
85326,4
85327,10
85327,9
85327,7
85329,0
85329,2
85330,7
85331,10
85337,9
85337,3
85337,6
85338,1
85340,2
85346,5
85346,1
85348,3
85348,7
85349,2
85352,0
85352,8
85352,10
85353,8
85353,3
85353,5
85355,1
85355,5
85358,0
85359,8
85361,6
85361,4
85362,0
85363,3
85364,5
85365,1
85365,9
85365,6
85367,5
85368,1
85369,5
85370,10
85370,2
85370,1
85371,10
85372,4
85373,4
85373,7
85373,3
85373,10
85376,2
85378,5
85379,8
85380,9
85380,5
85381,1
85381,9
85382,8
85383,4
85383,6
85385,3
85386,5
85387,5
85389,9
85390,0
85391,7
85392,2
85392,9
85393,1
85393,9
85394,10
85394,1
85395,3
85396,3
85397,5
85399,3
85399,4
85399,7
85402,10
85406,1
85406,5
85406,0
85408,0
85408,2
85411,0
85413,1
85414,9
85414,10
85415,0
85417,8
85418,3
85418,6
85419,2
85419,8
85419,10
85421,4
85421,1
85422,2
85422,5
85423,10
85427,7
85427,2
85429,3
85430,4
85431,3
85432,6
85433,9
85434,2
85436,3
85436,8
85437,4
85437,9
85438,5
85440,2
85441,0
85441,5
85442,1
85442,5
85443,4
85445,2
85446,8
85446,1
85447,5
85448,4
85450,5
85450,1
85450,2
85450,4
85451,6
85451,9
85452,1
85453,5
85453,10
85454,1
85457,5
85457,1
85458,4
85458,5
85459,7
85459,5
85460,7
85461,0
85461,1
85462,10
85462,7
85462,4
85463,8
85463,3
85464,2
85464,6
85465,8
85466,6
85468,0
85468,4
85468,6
85470,9
85471,0
85471,6
85473,4
85474,3
85474,2
85476,4
85477,0
85479,4
85481,0
85481,9
85481,1
85482,2
85483,5
85484,4
85486,7
85487,7
85487,5
85488,6
85488,4
85490,8
85494,0
85495,2
85496,10
85497,7
85498,0
85499,8
85499,0
85500,4
85501,0
85502,6
85504,5
85505,2
85507,5
85507,4
85507,3
85508,4
85509,0
85509,6
85509,10
85510,9
85511,7
85511,10
85511,5
85512,0
85512,3
85515,4
85515,9
85516,2
85517,8
85519,6
85519,9
85521,3
85521,5
85522,9
85523,8
85523,9
85524,6
85526,8
85528,3
85530,3
85531,10
85532,4
85533,3
85534,5
85535,10
85536,6
85538,10
85538,8
85540,1
85540,5
85540,2
85542,6
85544,10
85545,9
85546,0
85546,5
85546,3
85547,9
85547,7
85549,9
85551,2
85552,0
85553,7
85554,7
85555,6
85556,8
85556,10
85556,3
85558,3
85558,5
85560,9
85560,0
85560,4
85561,4
85562,4
85562,10
85563,6
85563,10
85563,3
85565,8
85565,1
85565,10
85566,2
85566,10
85567,2
85567,7
85569,2
85570,5
85571,9
85573,1
85573,8
85574,10
85574,6
85575,8
85575,2
85576,0
85576,7
85577,8
85578,0
85578,8
85579,7
85582,9
85584,6
85584,0
85586,2
85588,6
85589,2
85589,8
85589,0
85590,6
85590,1
85591,1
85592,10
85593,4
85594,9
85594,8
85594,6
85595,8
85596,4
85597,0
85598,7
85598,1
85599,4
85601,4
85602,10
85604,7
85604,4
85605,9
85606,6
85606,0
85606,8
85610,6
85610,7
85610,3
85612,10
85612,2
85613,2
85613,7
85615,1
85615,7
85615,0
85617,3
85619,5
85619,2
85619,0
85620,1
85621,7
85621,1
85621,3
85622,2
85622,0
85622,6
85623,10
85623,8
85623,3
85623,9
85625,6
85625,8
85625,5
85626,2
85627,6
85632,5
85633,4
85633,2
85635,2
85635,1
85636,7
85638,5
85638,2
85639,6
85639,1
85639,8
85640,7
85640,10
85641,5
85641,3
85642,7
85642,6
85643,0
85644,7
85645,0
85645,7
85646,8
85646,0
85646,5
85647,7
85647,1
85648,10
85649,7
85653,9
85656,10
85656,0
85657,7
85658,5
85658,1
85662,10
85663,3
85663,8
85664,4
85665,6
85666,1
85668,4
85669,1
85670,9
85670,10
85671,1
85672,0
85673,1
85674,8
85675,5
85676,8
85676,5
85680,1
85680,2
85681,8
85682,0
85682,7
85682,5
85684,3
85684,8
85684,7
85685,10
85686,1
85687,7
85688,0
85689,10
85689,5
85689,0
85690,4
85691,6
85691,9
85692,5
85693,2
85693,4
85694,2
85694,3
85695,1
85698,1
85699,2
85699,3
85699,8
85700,9
85700,1
85700,5
85700,4
85703,1
85703,7
85704,4
85705,4
85706,3
85707,0
85707,7
85707,6
85708,5
85708,8
85708,6
85711,5
85714,4
85716,10
85719,1
85719,0
85720,8
85721,7
85721,3
85722,5
85723,1
85725,0
85725,3
85727,10
85728,8
85729,9
85730,10
85731,2
85732,8
85733,0
85734,5
85734,10
85734,6
85734,2
85735,3
85735,1
85738,10
85740,7
85741,5
85741,8
85743,3
85743,0
85744,6
85745,9
85748,1
85749,6
85750,5
85750,9
85751,7
85751,9
85752,8
85752,9
85753,9
85753,10
85753,4
85754,7
85755,7
85756,9
85762,9
85763,4
85763,10
85766,6
85769,5
85771,10
85772,3
85774,6
85774,8
85774,4
85775,8
85776,4
85778,3
85779,5
85780,10
85784,5
85784,1
85787,8
85787,4
85788,6
85789,1
85789,8
85790,0
85791,0
85791,2
85791,9
85792,0
85793,1
85793,4
85793,9
85793,6
85794,10
85795,3
85796,6
85797,3
85798,7
85799,9
85801,9
85801,7
85803,0
85803,2
85803,9
85804,0
85805,1
85806,8
85810,6
85810,0
85813,1
85814,3
85815,6
85817,8
85817,3
85818,8
85820,6
85821,5
85823,7
85825,8
85826,10
85827,9
85828,7
85830,0
85831,3
85834,5
85835,2
85835,3
85835,7
85836,5
85837,4
85838,4
85839,6
85840,1
85840,8
85841,3
85843,5
85843,7
85843,2
85844,2
85844,7
85846,4
85846,8
85848,0
85851,10
85852,8
85856,0
85857,7
85857,2
85862,8
85863,9
85865,1
85865,4
85865,7
85867,10
85868,4
85871,1
85871,2
85872,0
85872,10
85873,6
85873,10
85873,3
85874,3
85875,2
85876,10
85878,3
85878,9
85879,4
85879,8
85881,1
85882,5
85882,0
85883,10
85884,5
85884,9
85888,3
85888,9
85888,7
85890,9
85891,6
85892,2
85893,7
85894,7
85894,0
85894,8
85895,7
85895,3
85896,10
85900,6
85901,9
85902,7
85902,6
85904,1
85907,7
85909,5
85911,10
85913,0
85914,4
85914,10
85916,8
85917,3
85919,7
85921,10
85922,10
85922,3
85922,1
85922,0
85923,9
85923,6
85923,2
85924,9
85925,1
85926,0
85926,7
85927,2
85929,10
85929,1
85929,4
85930,3
85931,3
85932,7
85934,9
85935,3
85937,9
85937,3
85938,1
85939,9
85939,1
85941,2
85941,6
85942,3
85943,7
85944,7
85944,8
85945,3
85945,8
85946,3
85947,4
85948,7
85950,1
85951,2
85954,6
85955,3
85955,4
85956,6
85956,5
85957,5
85958,4
85958,9
85960,0
85960,4
85961,5
85962,8
85963,2
85964,9
85964,6
85965,8
85966,8
85966,9
85967,6
85968,10
85968,2
85969,9
85971,7
85972,1
85972,3
85973,0
85973,4
85974,8
85975,1
85976,5
85977,8
85977,0
85978,7
85978,8
85978,0
85980,10
85981,4
85982,6
85983,10
85983,2
85984,1
85984,5
85985,0
85985,6
85985,8
85986,5
85987,2
85988,4
85989,4
85989,10
85989,1
85990,6
85992,6
85994,0
85995,10
85996,5
85996,9
85998,5
85999,2
86001,1
86001,5
86002,5
86002,7
86002,1
86003,2
86003,8
86008,6
86008,4
86011,1
86012,6
86015,7
86015,0
86016,9
86017,6
86017,10
86017,1
86020,5
86020,6
86022,3
86026,2
86030,2
86031,5
86033,5
86033,8
86034,2
86034,7
86035,3
86035,1
86036,2
86037,1
86038,10
86044,8
86045,7
86048,4
86050,7
86050,10
86051,5
86052,7
86052,2
86053,1
86054,7
86054,10
86055,4
86057,2
86057,7
86058,8
86061,3
86061,6
86062,9
86062,8
86063,8
86064,8
86064,10
86064,6
86065,10
86066,4
86066,2
86067,9
86067,1
86068,8
86070,5
86070,0
86070,6
86070,1
86072,9
86073,6
86074,4
86077,7
86078,8
86081,2
86081,9
86082,1
86083,6
86083,0
86083,2
86084,4
86084,8
86085,3
86086,4
86086,3
86087,0
86087,7
86088,3
86089,8
86090,6
86092,10
86094,0
86094,8
86094,2
86096,1
86097,10
86097,6
86098,4
86098,9
86100,2
86100,7
86101,5
86104,8
86104,2
86104,6
86104,0
86105,0
86105,9
86106,5
86106,4
86111,5
86112,5
86113,5
86114,10
86115,9
86117,10
86118,1
86120,9
86120,0
86121,6
86123,5
86123,3
86123,2
86124,5
86126,0
86126,8
86126,4
86127,0
86128,2
86128,3
86131,2
86132,9
86133,2
86133,10
86133,5
86135,10
86135,7
86141,10
86141,5
86141,4
86141,3
86142,7
86142,6
86143,8
86144,2
86145,4
86145,2
86146,3
86147,2
86148,3
86149,1
86149,5
86151,5
86151,10
86151,7
86153,1
86154,6
86155,3
86155,4
86156,9
86157,2
86157,5
86158,6
86158,4
86160,9
86160,7
86161,4
86161,1
86162,0
86163,3
86163,7
86164,4
86167,5
86168,0
86168,10
86169,0
86170,0
86171,4
86173,0
86173,8
86174,7
86176,3
86179,0
86179,1
86179,4
86180,2
86182,1
86183,4
86184,3
86185,3
86186,6
86186,5
86187,2
86188,5
86191,10
86192,0
86193,3
86194,4
86195,0
86196,7
86196,6
86197,10
86197,6
86198,0
86198,8
86199,3
86200,4
86202,6
86202,9
86202,8
86203,5
86206,3
86207,10
86207,5
86208,4
86210,8
86210,10
86211,3
86211,9
86212,2
86214,6
86214,1
86216,3
86217,7
86217,10
86218,4
86219,7
86220,1
86221,5
86221,4
86222,1
86222,7
86223,4
86225,9
86230,2
86231,4
86231,6
86232,9
86233,1
86234,7
86235,9
86236,7
86239,3
86240,2
86242,10
86242,4
86244,7
86245,0
86245,3
86248,7
86250,0
86251,1
86252,1
86252,2
86255,4
86256,0
86256,1
86256,8
86259,10
86261,10
86261,5
86261,1
86264,1
86270,6
86271,9
86272,4
86272,2
86273,4
86275,4
86276,4
86277,3
86278,10
86278,4
86278,8
86278,2
86280,5
86280,10
86281,8
86281,1
86281,10
86283,8
86284,2
86285,0
86287,8
86288,1
86290,2
86291,4
86291,0
86295,6
86296,9
86296,10
86297,0
86299,5
86300,0
86301,5
86301,8
86302,5
86303,9
86303,4
86305,1
86309,8
86309,3
86310,1
86311,2
86315,1
86317,3
86317,10
86317,9
86318,3
86318,4
86318,6
86319,7
86319,5
86320,6
86322,0
86323,5
86325,4
86325,10
86327,2
86327,0
86329,7
86330,7
86330,4
86331,1
86335,3
86335,1
86336,1
86338,7
86339,6
86340,6
86344,7
86344,8
86344,9
86344,10
86346,4
86347,4
86347,2
86349,5
86350,5
86350,2
86354,10
86354,6
86354,2
86357,6
86357,3
86360,6
86361,6
86363,0
86365,3
86365,7
86366,9
86367,8
86368,6
86369,1
86369,7
86370,5
86370,1
86371,3
86371,0
86371,9
86373,9
86374,9
86375,2
86375,1
86376,2
86379,1
86381,0
86381,9
86383,4
86384,1
86384,8
86384,0
86386,6
86387,9
86387,3
86387,8
86387,7
86389,4
86390,0
86391,4
86392,9
86393,10
86394,2
86396,3
86396,8
86397,8
86398,9
86399,0
86400,1
86400,3
86402,4
86402,9
86403,4
86404,3
86405,6
86406,0
86407,7
86408,5
86409,10
86409,3
86410,7
86411,6
86413,7
86413,1
86415,1
86417,8
86418,8
86418,5
86421,8
86422,0
86424,9
86425,7
86425,6
86426,1
86427,6
86428,10
86429,2
86429,9
86430,9
86430,4
86432,5
86432,1
86433,0
86433,1
86434,0
86435,0
86436,7
86438,9
86439,9
86441,1
86442,4
86444,7
86445,9
86446,2
86446,0
86447,1
86448,1
86450,1
86450,6
86451,3
86452,6
86453,10
86453,3
86454,1
86455,10
86456,6
86456,4
86456,7
86457,10
86459,0
86460,0
86462,3
86463,5
86463,6
86464,5
86465,3
86466,2
86467,7
86468,4
86468,9
86469,1
86471,0
86472,5
86473,4
86473,6
86474,6
86474,1
86474,10
86475,9
86476,4
86477,10
86478,0
86479,3
86480,6
86485,0
86486,4
86486,9
86488,8
86488,4
86490,4
86491,7
86492,4
86493,0
86494,1
86495,9
86497,9
86498,1
86500,4
86501,2
86501,5
86503,6
86505,4
86505,10
86506,10
86507,2
86511,6
86514,6
86515,1
86515,8
86517,1
86519,6
86519,2
86520,6
86521,1
86522,7
86522,6
86523,2
86524,5
86524,9
86524,7
86526,4
86526,2
86526,1
86527,9
86528,10
86530,8
86530,3
86533,7
86535,4
86536,1
86537,7
86537,3
86537,0
86537,9
86539,1
86540,5
86540,8
86541,6
86542,6
86542,5
86544,6
86545,9
86545,2
86546,10
86546,6
86547,6
86548,4
86551,9
86551,10
86552,0
86553,1
86554,1
86555,1
86555,9
86556,5
86557,2
86558,3
86559,3
86559,9
86560,10
86561,0
86562,6
86562,4
86564,8
86565,8
86567,6
86567,7
86569,2
86569,3
86571,5
86572,1
86572,9
86573,6
86574,1
86575,5
86575,3
86577,4
86577,0
86577,6
86578,3
86579,6
86580,7
86580,3
86583,6
86585,9
86585,2
86586,7
86588,2
86588,3
86589,10
86589,8
86590,9
86592,9
86592,7
86593,3
86593,7
86594,0
86594,8
86596,8
86596,2
86596,3
86596,0
86597,9
86598,10
86600,0
86600,6
86601,1
86603,0
86604,1
86605,1
86606,1
86607,0
86608,8
86609,10
86611,5
86612,5
86614,4
86614,5
86616,0
86617,1
86618,2
86622,3
86624,1
86624,8
86625,2
86626,9
86627,1
86627,4
86627,9
86629,7
86630,9
86631,3
86632,1
86633,2
86635,9
86635,3
86639,1
86639,3
86642,4
86646,5
86646,7
86648,4
86648,0
86649,9
86651,0
86652,7
86654,5
86654,6
86655,1
86655,5
86657,3
86657,8
86660,1
86661,8
86661,0
86661,9
86662,3
86665,7
86665,2
86667,8
86667,0
86668,6
86669,4
86671,8
86674,6
86675,8
86675,6
86676,6
86676,4
86677,1
86677,7
86679,3
86679,0
86680,5
86682,6
86682,9
86682,4
86683,6
86683,7
86683,8
86685,4
86687,4
86690,6
86692,5
86692,0
86692,6
86694,10
86697,4
86697,9
86698,1
86698,3
86698,4
86698,8
86699,6
86700,6
86701,2
86703,6
86704,4
86704,10
86705,6
86705,0
86705,7
86706,8
86707,6
86708,0
86708,9
86708,7
86710,0
86711,5
86711,6
86713,10
86713,7
86714,10
86715,7
86715,6
86716,4
86717,1
86719,3
86719,2
86719,10
86720,4
86721,1
86721,2
86723,3
86723,5
86723,10
86725,5
86726,6
86727,1
86727,9
86727,6
86728,3
86730,10
86731,5
86732,3
86732,0
86732,5
86732,8
86733,4
86734,9
86734,0
86734,7
86736,9
86737,4
86738,2
86738,0
86738,10
86739,8
86741,0
86742,4
86745,1
86745,3
86746,1
86746,8
86746,5
86747,6
86751,7
86753,8
86756,6
86759,5
86759,6
86761,10
86762,7
86763,4
86764,8
86764,6
86766,3
86769,3
86769,6
86770,0
86771,1
86772,2
86772,6
86773,2
86774,1
86777,3
86777,5
86778,9
86778,3
86779,2
86781,4
86782,9
86783,7
86785,0
86785,4
86785,2
86786,8
86786,7
86786,4
86788,1
86789,8
86790,3
86790,7
86792,6
86793,1
86793,8
86793,5
86794,2
86795,1
86796,4
86796,6
86797,0
86797,7
86798,9
86800,6
86800,5
86800,8
86800,3
86803,7
86806,3
86806,7
86807,2
86808,0
86808,6
86810,4
86811,10
86812,0
86812,7
86813,3
86814,5
86815,5
86816,1
86816,3
86818,2
86819,8
86820,8
86820,6
86821,8
86822,9
86822,8
86822,3
86822,2
86823,5
86824,3
86824,2
86825,2
86827,9
86829,10
86831,9
86831,6
86834,5
86835,1
86835,9
86836,7
86837,5
86837,4
86838,10
86838,1
86839,6
86839,2
86840,0
86842,1
86843,7
86844,2
86844,8
86844,6
86845,6
86846,10
86846,8
86847,3
86852,8
86854,7
86857,10
86857,8
86857,3
86858,2
86860,10
86861,3
86861,2
86861,1
86863,8
86863,0
86864,2
86865,0
86868,10
86868,1
86870,8
86872,0
86874,0
86874,4
86874,1
86875,10
86876,0
86877,10
86878,4
86880,10
86881,1
86881,10
86882,0
86883,1
86885,4
86886,0
86886,10
86887,6
86887,1
86888,0
86889,7
86890,8
86890,9
86891,7
86892,10
86892,4
86894,1
86896,2
86896,3
86897,10
86898,2
86898,8
86899,1
86900,8
86900,3
86900,10
86901,8
86902,6
86903,1
86904,2
86904,0
86904,4
86906,1
86907,9
86908,10
86908,9
86909,4
86909,8
86910,5
86912,1
86917,10
86919,0
86920,8
86921,9
86923,3
86923,2
86924,3
86925,1
86925,4
86927,0
86928,10
86929,4
86929,5
86930,9
86930,6
86931,8
86933,2
86935,4
86937,5
86939,8
86940,6
86941,10
86941,3
86942,6
86942,9
86942,4
86945,2
86946,3
86947,1
86948,2
86949,5
86950,3
86950,10
86954,5
86955,2
86955,10
86955,8
86956,1
86957,10
86958,1
86960,10
86962,0
86963,5
86963,9
86964,5
86965,7
86965,9
86966,10
86966,1
86966,4
86966,6
86967,3
86967,8
86968,7
86969,0
86969,6
86969,1
86971,10
86971,8
86971,6
86972,9
86972,3
86973,2
86973,10
86974,10
86974,5
86975,0
86976,10
86976,8
86976,7
86979,3
86979,10
86979,5
86979,0
86979,2
86981,4
86982,7
86982,4
86986,6
86986,1
86987,5
86988,6
86989,3
86991,8
86991,2
86993,0
86994,3
86996,9
86996,3
87000,0
87000,5
87002,7
87004,1
87005,6
87005,1
87006,10
87006,2
87007,2
87008,3
87009,4
87010,9
87012,6
87012,10
87013,10
87014,0
87014,10
87015,4
87015,8
87017,1
87017,6
87017,10
87018,2
87023,5
87024,0
87027,6
87028,10
87029,0
87029,10
87032,5
87033,8
87033,3
87034,4
87035,10
87036,6
87036,5
87038,1
87038,7
87039,2
87039,0
87040,6
87040,2
87040,5
87041,7
87041,3
87041,4
87042,8
87043,7
87044,5
87047,7
87048,9
87049,9
87050,5
87051,3
87051,9
87054,4
87058,7
87060,4
87060,0
87062,5
87062,6
87063,3
87065,4
87066,7
87068,4
87069,1
87069,2
87070,8
87071,0
87073,5
87073,3
87074,7
87076,0
87076,7
87076,8
87079,8
87080,9
87081,10
87081,2
87082,1
87084,7
87084,3
87085,2
87086,9
87087,2
87088,6
87090,1
87094,5
87094,6
87096,3
87097,7
87098,6
87102,3
87104,2
87105,6
87105,3
87105,7
87107,7
87107,3
87107,0
87108,6
87110,0
87110,5
87110,7
87110,8
87112,5
87112,6
87113,9
87114,1
87114,0
87115,2
87116,6
87118,7
87118,1
87119,1
87119,9
87119,5
87120,1
87121,10
87122,8
87124,5
87124,8
87125,3
87125,2
87127,0
87129,0
87130,8
87131,6
87132,10
87134,2
87137,7
87138,1
87138,5
87141,3
87141,4
87142,5
87143,0
87144,4
87152,1
87154,0
87155,0
87155,4
87156,10
87156,1
87157,10
87158,10
87162,0
87164,8
87164,10
87165,3
87166,5
87167,7
87167,4
87170,8
87171,1
87172,3
87173,3
87173,8
87173,0
87174,8
87174,5
87174,4
87175,5
87177,2
87179,10
87181,10
87185,10
87186,3
87188,6
87188,7
87189,0
87190,8
87191,1
87192,6
87193,10
87194,2
87194,1
87194,3
87194,10
87195,3
87196,5
87196,1
87200,8
87201,4
87201,8
87202,0
87203,6
87204,6
87204,3
87204,10
87205,9
87207,6
87208,10
87208,9
87208,4
87209,5
87209,0
87210,0
87213,7
87217,8
87217,10
87220,3
87223,8
87223,10
87225,5
87225,7
87226,0
87229,2
87230,0
87230,10
87230,9
87231,8
87231,4
87232,3
87232,7
87232,6
87235,10
87236,4
87238,8
87239,4
87239,5
87240,1
87241,9
87241,0
87241,5
87243,8
87245,4
87246,4
87246,7
87248,6
87249,0
87252,6
87253,7
87254,1
87256,9
87257,8
87258,9
87258,6
87259,8
87259,10
87260,8
87260,2
87262,10
87263,6
87265,3
87267,3
87267,8
87270,0
87271,8
87272,6
87272,4
87272,10
87274,10
87275,9
87277,9
87280,3
87281,8
87282,1
87283,9
87285,7
87287,3
87288,5
87289,7
87290,2
87290,10
87292,4
87292,5
87293,7
87293,5
87295,0
87295,4
87297,9
87299,5
87300,8
87301,2
87302,7
87304,3
87304,9
87306,4
87306,1
87307,4
87308,5
87310,6
87310,0
87311,4
87311,3
87312,9
87312,7
87312,2
87314,1
87314,8
87317,0
87318,10
87318,5
87319,9
87321,0
87321,9
87322,10
87323,6
87323,2
87324,9
87326,8
87326,6
87328,1
87330,3
87330,5
87331,8
87332,6
87333,8
87336,3
87336,8
87338,10
87340,5
87340,0
87340,8
87341,5
87341,9
87341,10
87341,6
87343,0
87345,4
87345,3
87347,5
87348,1
87348,5
87349,3
87349,5
87349,9
87350,4
87350,5
87352,0
87353,10
87353,9
87354,3
87355,2
87355,4
87357,9
87358,9
87359,1
87359,9
87359,4
87360,9
87360,4
87363,2
87363,9
87363,5
87364,8
87365,10
87366,6
87367,7
87367,5
87368,8
87368,5
87370,7
87371,9
87371,8
87371,10
87372,4
87373,6
87373,10
87373,1
87373,3
87373,0
87374,7
87376,6
87376,1
87376,4
87378,0
87379,9
87380,7
87381,5
87383,1
87383,7
87383,5
87385,6
87387,8
87388,9
87390,0
87390,9
87391,3
87391,6
87392,5
87394,8
87397,1
87397,8
87400,5
87400,6
87403,8
87404,1
87404,3
87404,4
87406,0
87410,4
87410,3
87410,2
87411,4
87412,4
87412,5
87413,4
87413,1
87414,6
87414,9
87416,7
87417,7
87417,10
87420,8
87421,2
87421,4
87421,3
87422,2
87426,9
87427,5
87428,10
87428,2
87428,8
87430,10
87431,9
87434,5
87435,6
87435,10
87437,1
87437,5
87437,4
87437,7
87438,6
87439,9
87440,10
87441,6
87441,2
87442,7
87442,8
87442,3
87444,1
87446,1
87448,6
87448,8
87449,4
87449,6
87451,8
87451,1
87452,10
87453,5
87454,8
87454,5
87455,10
87456,6
87458,8
87459,9
87460,6
87460,5
87461,5
87464,10
87467,3
87468,0
87469,1
87470,4
87471,1
87471,9
87472,0
87474,5
87475,1
87478,1
87479,3
87481,0
87483,8
87483,2
87484,4
87485,6
87487,3
87488,5
87488,9
87490,5
87491,9
87491,5
87491,7
87491,2
87492,6
87494,1
87495,4
87495,10
87495,7
87495,0
87495,5
87496,5
87497,1
87502,9
87506,5
87509,1
87510,5
87510,10
87511,10
87512,0
87513,10
87515,6
87519,2
87519,10
87519,4
87521,1
87521,8
87523,2
87523,8
87524,1
87525,6
87526,2
87526,9
87527,9
87527,7
87527,0
87528,10
87528,1
87529,9
87530,0
87531,1
87532,6
87533,2
87533,1
87536,5
87536,7
87537,6
87538,9
87540,8
87541,1
87543,3
87543,6
87544,7
87544,10
87546,7
87547,9
87547,4
87548,3
87549,1
87549,8
87551,10
87551,0
87552,3
87554,10
87554,6
87555,2
87556,5
87557,9
87557,7
87558,0
87558,3
87558,1
87560,4
87561,9
87562,6
87563,4
87563,3
87564,9
87565,0
87568,7
87569,10
87570,2
87571,2
87572,7
87573,9
87578,1
87579,9
87580,3
87580,6
87581,8
87581,2
87583,5
87584,2
87585,5
87586,8
87587,6
87591,0
87593,10
87593,8
87593,2
87594,0
87594,8
87594,3
87594,6
87596,8
87596,4
87599,6
87600,1
87600,5
87601,4
87601,8
87601,9
87602,4
87604,0
87606,0
87606,5
87607,5
87607,3
87609,6
87610,6
87610,10
87611,2
87612,3
87612,2
87612,0
87613,3
87615,3
87616,5
87617,3
87617,4
87618,1
87619,5
87620,7
87624,7
87624,0
87626,0
87626,9
87627,1
87630,9
87631,1
87632,6
87632,1
87632,9
87638,1
87639,3
87640,0
87642,3
87646,8
87647,0
87647,7
87647,9
87648,2
87649,10
87650,4
87650,3
87651,5
87652,4
87653,0
87653,8
87654,5
87655,8
87655,0
87655,2
87655,5
87656,2
87657,9
87658,2
87660,9
87661,0
87662,7
87665,2
87669,4
87670,10
87671,6
87673,10
87676,5
87677,10
87678,3
87679,0
87679,10
87682,5
87683,3
87683,0
87684,4
87686,6
87686,10
87687,8
87687,6
87688,7
87689,3
87690,7
87690,2
87691,4
87692,5
87692,10
87692,4
87693,5
87695,2
87695,0
87697,1
87699,5
87699,8
87700,0
87700,1
87701,9
87701,6
87702,3
87702,9
87703,6
87704,9
87705,1
87705,2
87707,4
87708,0
87709,8
87710,10
87712,4
87714,3
87714,6
87714,8
87718,4
87718,10
87718,8
87719,4
87720,6
87721,7
87721,6
87722,7
87723,2
87728,7
87728,5
87729,5
87731,2
87731,3
87732,4
87733,9
87733,8
87736,6
87737,10
87737,8
87740,3
87742,4
87742,7
87743,6
87743,4
87745,7
87745,2
87746,5
87747,10
87748,6
87748,4
87749,10
87749,9
87749,3
87750,5
87752,2
87753,3
87753,5
87753,9
87754,2
87755,5
87755,4
87756,10
87757,4
87758,4
87758,1
87759,1
87759,9
87759,7
87761,7
87761,3
87761,4
87762,6
87764,4
87765,4
87766,2
87766,1
87768,9
87769,7
87769,9
87769,10
87771,9
87771,6
87772,5
87773,5
87773,8
87774,2
87776,4
87777,8
87778,3
87778,4
87779,0
87779,9
87779,5
87779,2
87780,5
87780,0
87781,5
87782,5
87783,2
87783,6
87789,5
87792,0
87792,1
87794,7
87795,10
87795,9
87796,5
87797,8
87798,7
87799,5
87800,4
87801,7
87802,4
87802,2
87802,5
87805,10
87806,2
87807,10
87808,10
87809,1
87812,5
87813,9
87814,6
87814,8
87814,9
87814,10
87815,10
87816,2
87817,2
87818,9
87818,0
87819,7
87820,4
87821,9
87824,4
87824,7
87826,10
87826,2
87827,0
87828,5
87828,8
87829,7
87830,10
87832,7
87832,3
87832,1
87833,0
87834,6
87834,8
87835,10
87837,9
87839,6
87841,5
87841,4
87842,5
87842,10
87843,8
87844,7
87845,0
87845,1
87846,6
87846,1
87847,9
87847,3
87848,6
87848,3
87853,8
87853,10
87853,1
87855,0
87856,10
87857,3
87857,6
87858,8
87859,1
87859,6
87861,5
87862,7
87863,8
87863,7
87864,5
87865,0
87866,2
87866,1
87867,8
87867,3
87868,3
87868,1
87870,0
87871,1
87872,1
87873,0
87874,4
87874,6
87877,7
87877,8
87877,5
87878,1
87879,7
87881,10
87881,3
87882,3
87882,10
87884,3
87885,3
87885,2
87886,10
87889,7
87889,5
87889,1
87890,8
87891,1
87891,3
87891,7
87891,0
87892,7
87892,1
87892,3
87895,6
87896,8
87897,0
87897,3
87898,10
87898,9
87899,7
87899,6
87900,2
87903,2
87904,7
87906,9
87907,3
87911,6
87911,2
87911,5
87913,7
87913,4
87914,5
87914,4
87916,2
87919,10
87920,1
87921,1
87924,6
87925,4
87926,7
87926,3
87926,8
87927,3
87928,0
87929,9
87929,10
87930,2
87930,4
87931,4
87932,7
87933,0
87933,10
87935,3
87936,8
87937,1
87938,1
87938,7
87940,5
87942,10
87942,7
87942,0
87943,3
87943,8
87943,5
87944,10
87945,1
87945,3
87946,1
87948,1
87949,3
87950,1
87951,4
87952,4
87953,6
87955,8
87955,5
87956,3
87957,3
87959,8
87960,4
87961,2
87962,3
87962,10
87962,8
87962,2
87963,6
87964,6
87965,10
87966,6
87966,0
87967,7
87967,2
87967,6
87968,8
87969,2
87970,4
87971,1
87972,0
87972,10
87973,8
87973,1
87975,3
87976,0
87977,0
87980,2
87980,10
87980,6
87981,1
87982,1
87982,4
87982,7
87984,1
87984,8
87985,3
87985,0
87986,7
87986,1
87987,5
87987,8
87987,1
87988,2
87989,4
87990,3
87990,1
87991,7
87991,1
87993,3
87995,0
87995,7
87996,9
87996,10
87996,2
87997,1
87997,5
88000,9
88001,4
88002,0
88002,2
88006,7
88007,2
88008,9
88010,4
88012,1
88012,9
88013,3
88013,6
88014,1
88018,10
88018,0
88018,5
88022,8
88023,3
88023,4
88024,2
88026,10
88026,8
88027,9
88029,3
88031,0
88032,0
88033,10
88034,1
88035,3
88035,4
88036,3
88037,5
88038,9
88043,8
88043,2
88044,1
88045,5
88047,4
88047,2
88048,2
88049,3
88049,10
88050,10
88051,4
88053,10
88054,8
88056,6
88056,4
88057,9
88057,6
88058,7
88059,0
88061,3
88061,10
88062,7
88062,5
88063,8
88063,0
88063,4
88063,5
88065,9
88065,10
88065,8
88066,3
88066,10
88067,9
88068,10
88069,0
88070,9
88071,9
88072,6
88073,2
88074,7
88075,9
88076,1
88077,5
88078,10
88079,5
88079,3
88080,10
88080,3
88081,3
88081,10
88081,4
88083,10
88083,9
88083,4
88083,6
88083,1
88088,0
88088,1
88088,9
88088,5
88090,7
88094,10
88094,7
88096,4
88096,2
88097,3
88098,2
88099,6
88103,5
88104,4
88104,2
88105,10
88108,2
88109,0
88110,4
88110,3
88111,8
88111,4
88111,7
88111,3
88112,6
88112,9
88113,10
88115,8
88116,4
88116,5
88116,10
88117,2
88119,4
88119,0
88119,6
88121,2
88122,4
88126,1
88126,9
88131,10
88131,9
88131,6
88132,7
88132,8
88132,4
88134,7
88135,10
88136,6
88137,8
88138,2
88138,5
88139,8
88139,5
88141,0
88141,4
88143,8
88144,2
88145,6
88145,5
88146,5
88146,3
88147,8
88147,0
88148,8
88149,5
88151,2
88152,2
88152,10
88154,6
88155,5
88157,0
88158,3
88160,7
88160,5
88161,4
88162,7
88162,2
88162,9
88164,4
88164,10
88165,3
88166,4
88170,9
88170,5
88172,7
88172,2
88172,4
88172,5
88173,10
88173,7
88175,1
88175,7
88177,3
88177,9
88178,2
88178,0
88178,10
88180,0
88180,6
88182,1
88182,4
88184,9
88185,7
88186,4
88186,9
88187,3
88189,10
88193,9
88199,10
88200,1
88200,2
88200,6
88201,9
88201,4
88204,5
88204,3
88205,5
88205,8
88207,3
88207,7
88208,1
88210,6
88211,0
88211,5
88211,1
88212,8
88213,10
88215,9
88215,4
88216,1
88218,2
88218,10
88218,8
88219,9
88219,5
88219,0
88220,0
88222,2
88222,5
88222,8
88225,3
88225,1
88225,4
88226,10
88227,9
88229,6
88231,1
88231,7
88231,10
88232,6
88234,7
88235,9
88236,6
88238,8
88239,2
88239,9
88240,5
88240,0
88244,6
88245,9
88246,2
88247,10
88247,9
88249,7
88251,10
88253,6
88253,2
88253,0
88254,9
88254,5
88255,1
88255,4
88256,4
88256,2
88256,7
88258,8
88259,0
88259,8
88260,9
88260,7
88261,0
88262,1
88265,1
88265,8
88267,2
88268,6
88270,0
88270,10
88272,7
88274,10
88275,0
88276,4
88276,5
88277,0
88278,10
88279,4
88281,7
88283,5
88284,6
88285,6
88285,1
88286,7
88286,4
88288,6
88290,4
88290,7
88291,7
88294,8
88294,10
88295,6
88296,9
88298,4
88298,3
88298,0
88299,5
88300,6
88300,10
88301,1
88301,2
88301,6
88302,2
88303,1
88303,2
88303,6
88306,0
88307,3
88307,10
88310,5
88310,7
88311,4
88311,5
88312,3
88312,5
88314,10
88314,7
88317,0
88317,4
88319,6
88321,1
88323,0
88323,7
88324,7
88326,8
88327,4
88329,6
88330,5
88330,8
88333,10
88333,7
88334,0
88336,5
88336,10
88336,3
88337,6
88340,7
88340,8
88342,7
88343,4
88343,3
88343,7
88343,9
88344,6
88344,0
88345,10
88348,2
88348,0
88349,10
88353,0
88354,1
88355,10
88360,7
88361,4
88363,10
88363,4
88364,6
88364,7
88366,10
88366,2
88367,5
88367,1
88367,9
88369,5
88370,5
88371,10
88371,2
88373,3
88374,8
88377,6
88378,4
88381,6
88387,7
88387,4
88389,3
88389,0
88391,9
88392,9
88393,8
88394,1
88395,7
88396,9
88396,5
88397,4
88399,8
88399,4
88401,4
88401,1
88402,1
88406,9
88406,3
88406,7
88408,4
88409,6
88410,2
88413,5
88413,7
88414,7
88415,6
88416,5
88418,3
88419,3
88419,10
88420,3
88420,8
88421,1
88422,10
88423,0
88423,5
88424,6
88425,2
88426,7
88426,9
88427,4
88427,7
88427,6
88427,1
88429,3
88430,10
88431,6
88433,9
88433,8
88435,7
88436,0
88437,3
88438,5
88438,1
88439,5
88440,5
88440,1
88443,7
88443,8
88444,7
88445,10
88445,8
88446,4
88447,2
88448,4
88451,8
88452,4
88453,10
88453,5
88454,0
88454,2
88454,4
88456,5
88457,4
88460,2
88462,5
88463,6
88463,1
88466,9
88468,6
88469,4
88470,0
88473,0
88474,5
88476,6
88477,8
88481,3
88483,7
88484,5
88486,4
88487,0
88487,7
88488,10
88488,0
88488,1
88491,7
88491,1
88492,9
88492,1
88494,9
88494,6
88496,0
88497,9
88497,5
88498,9
88499,1
88499,6
88501,0
88502,3
88502,6
88505,5
88506,1
88507,1
88507,4
88508,6
88509,4
88511,7
88511,8
88511,2
88513,2
88513,3
88513,10
88516,9
88516,2
88517,10
88517,5
88517,6
88518,1
88518,4
88520,4
88520,2
88522,8
88527,9
88528,1
88529,4
88529,6
88535,0
88536,7
88536,6
88537,2
88539,4
88540,0
88541,7
88542,6
88542,1
88542,8
88544,7
88544,5
88545,9
88545,0
88545,2
88546,2
88548,10
88551,2
88552,9
88552,2
88553,8
88553,1
88553,3
88554,8
88554,2
88558,9
88560,2
88561,6
88562,4
88564,1
88565,0
88565,9
88567,8
88569,10
88570,10
88571,4
88572,3
88572,5
88572,4
88573,9
88574,1
88574,5
88575,10
88576,4
88576,6
88577,6
88578,4
88582,1
88582,10
88582,0
88583,6
88584,2
88585,6
88585,0
88585,9
88586,3
88586,4
88587,3
88587,5
88587,2
88587,10
88589,3
88589,0
88589,4
88590,2
88591,6
88593,5
88594,3
88596,3
88596,10
88600,3
88600,9
88601,8
88601,1
88603,7
88604,8
88605,4
88606,2
88606,1
88606,8
88607,3
88610,4
88611,6
88611,5
88613,7
88614,2
88615,1
88618,2
88619,5
88621,1
88622,3
88623,1
88623,7
88624,9
88624,5
88624,7
88626,1
88627,8
88627,10
88630,8
88632,6
88633,10
88633,4
88635,0
88637,7
88637,9
88637,10
88638,2
88642,3
88642,0
88642,4
88643,6
88645,1
88648,9
88648,7
88648,1
88650,5
88650,10
88653,9
88653,1
88654,7
88654,0
88655,1
88656,6
88656,1
88658,3
88659,4
88660,1
88660,6
88661,2
88666,6
88667,10
88669,0
88669,6
88669,4
88670,6
88671,7
88671,5
88671,8
88672,0
88673,1
88674,7
88675,8
88675,9
88677,1
88682,1
88682,6
88682,4
88683,3
88684,9
88684,7
88685,3
88686,0
88688,3
88689,7
88690,0
88690,6
88691,4
88692,5
88693,9
88694,10
88695,0
88695,2
88697,4
88699,10
88700,7
88701,1
88701,8
88702,5
88702,8
88703,7
88703,5
88704,6
88704,1
88707,5
88707,7
88710,0
88713,0
88714,10
88715,3
88715,1
88716,8
88716,2
88717,6
88718,6
88719,0
88719,5
88720,8
88720,3
88720,9
88721,10
88721,3
88722,6
88722,9
88723,3
88726,2
88728,3
88728,7
88730,5
88730,2
88731,3
88735,10
88736,6
88738,5
88739,6
88739,7
88740,10
88741,8
88745,4
88745,5
88747,3
88748,4
88748,1
88750,5
88751,8
88752,1
88752,0
88753,5
88754,6
88755,2
88755,3
88756,0
88757,4
88760,10
88761,3
88762,9
88763,10
88763,6
88763,8
88763,9
88764,9
88765,5
88767,2
88767,8
88768,8
88769,7
88771,7
88772,5
88774,0
88776,4
88777,2
88777,1
88777,10
88777,9
88779,3
88779,0
88780,9
88780,4
88781,5
88782,3
88783,0
88784,10
88784,7
88785,9
88785,2
88786,3
88788,2
88789,4
88790,4
88791,8
88792,1
88794,10
88794,6
88794,4
88795,2
88795,7
88795,9
88795,10
88796,6
88797,2
88798,7
88800,1
88801,0
88802,9
88802,0
88803,8
88803,9
88804,6
88804,1
88804,10
88807,7
88808,2
88808,9
88809,7
88809,10
88810,3
88810,0
88810,2
88810,1
88810,6
88811,2
88812,4
88812,1
88814,10
88816,6
88817,6
88817,4
88818,0
88818,10
88822,0
88823,7
88825,4
88826,4
88827,0
88828,3
88828,9
88830,3
88831,7
88832,1
88832,4
88834,10
88835,0
88835,1
88836,9
88836,5
88836,6
88836,7
88837,1
88837,6
88840,4
88841,2
88842,4
88842,1
88843,4
88844,9
88844,0
88844,10
88846,7
88847,2
88848,10
88849,1
88850,5
88850,2
88851,2
88857,6
88857,1
88861,0
88862,5
88862,3
88864,5
88865,6
88867,2
88867,8
88867,4
88868,3
88868,6
88869,7
88870,8
88872,2
88873,6
88875,10
88877,2
88878,4
88878,2
88879,5
88879,0
88881,5
88882,8
88884,4
88885,6
88885,0
88885,9
88886,6
88887,6
88887,9
88888,2
88889,10
88889,6
88891,4
88892,10
88894,7
88895,2
88895,7
88896,3
88897,9
88898,0
88898,6
88899,8
88899,7
88900,9
88901,3
88902,8
88902,6
88902,10
88903,2
88903,5
88903,0
88904,6
88907,8
88908,8
88908,7
88909,9
88911,9
88913,7
88913,3
88915,9
88916,0
88918,10
88918,5
88919,2
88920,4
88921,3
88921,7
88922,8
88922,2
88923,1
88923,10
88924,7
88924,8
88925,4
88925,10
88927,5
88928,4
88931,6
88931,9
88932,0
88932,5
88932,1
88933,5
88933,4
88934,0
88934,10
88934,2
88935,9
88936,2
88936,3
88936,1
88936,9
88937,9
88937,8
88939,7
88940,10
88942,2
88944,4
88944,0
88945,1
88945,0
88947,6
88948,7
88948,4
88949,4
88949,1
88949,7
88951,6
88951,8
88952,8
88953,6
88953,0
88955,9
88955,7
88955,1
88956,5
88956,9
88957,7
88958,0
88959,2
88959,6
88960,9
88961,8
88962,10
88962,0
88962,2
88962,9
88964,3
88966,7
88966,1
88967,10
88968,9
88969,0
88969,4
88970,3
88970,2
88971,4
88972,2
88973,3
88976,10
88976,0
88977,8
88978,5
88978,7
88979,4
88979,3
88982,4
88982,1
88982,0
88983,3
88983,1
88983,9
88985,8
88986,8
88987,3
88988,0
88988,5
88990,4
88990,3
88992,7
88996,5
88997,3
88997,4
88998,8
89001,8
89001,0
89001,2
89002,5
89002,8
89003,2
89003,7
89006,2
89006,6
89007,0
89007,7
89008,3
89009,4
89010,8
89011,5
89011,3
89014,5
89016,3
89017,2
89018,5
89019,8
89020,9
89022,3
89022,7
89024,5
89024,6
89025,2
89028,5
89028,10
89029,1
89030,6
89031,4
89031,1
89031,7
89032,1
89034,4
89036,9
89037,5
89038,8
89038,3
89039,6
89039,4
89040,5
89041,0
89043,4
89043,9
89044,6
89045,5
89046,4
89046,2
89048,2
89048,7
89049,4
89050,1
89050,0
89052,1
89053,3
89053,8
89054,8
89056,8
89057,2
89058,3
89061,7
89061,5
89061,2
89062,8
89062,9
89062,2
89063,1
89064,3
89065,8
89065,10
89065,6
89066,5
89068,10
89068,5
89068,2
89069,6
89069,1
89070,8
89071,0
89072,0
89073,9
89074,5
89074,0
89074,9
89074,6
89077,7
89079,10
89080,1
89081,7
89081,4
89081,5
89081,10
89083,7
89084,1
89085,5
89089,1
89089,7
89089,8
89089,6
89091,6
89094,6
89095,2
89096,5
89098,3
89098,4
89099,4
89100,7
89102,4
89102,9
89105,1
89106,8
89107,1
89107,7
89109,1
89110,9
89111,8
89111,3
89112,5
89113,10
89114,0
89116,3
89117,7
89117,0
89118,1
89118,10
89119,6
89119,9
89120,3
89120,10
89121,4
89121,8
89122,0
89123,3
89123,9
89125,0
89125,4
89126,6
89127,6
89127,3
89129,3
89130,5
89130,0
89131,1
89132,7
89133,6
89134,4
89136,5
89137,10
89137,5
89138,8
89138,6
89141,5
89141,4
89143,7
89143,9
89144,10
89146,9
89147,5
89150,7
89151,7
89151,1
89152,6
89154,3
89156,3
89156,4
89157,2
89158,0
89159,2
89160,2
89162,4
89163,2
89165,9
89167,4
89169,2
89171,1
89172,5
89173,7
89174,2
89175,0
89175,4
89177,5
89181,8
89181,3
89181,6
89183,1
89184,6
89184,0
89184,5
89185,6
89186,5
89187,7
89188,0
89188,6
89190,6
89191,3
89192,10
89192,8
89193,2
89193,8
89194,0
89195,0
89195,8
89197,0
89197,10
89197,8
89198,6
89199,0
89200,10
89203,9
89203,7
89203,2
89203,6
89203,0
89204,6
89205,6
89206,6
89206,8
89208,3
89210,0
89211,8
89213,7
89213,4
89213,6
89215,6
89215,8
89215,2
89216,3
89218,1
89219,2
89221,0
89224,8
89224,5
89226,0
89226,9
89226,10
89227,0
89228,1
89229,1
89230,9
89231,4
89232,10
89233,7
89235,8
89239,0
89239,9
89240,3
89241,7
89244,2
89245,3
89246,6
89247,1
89247,4
89248,6
89248,10
89249,7
89249,2
89250,3
89254,9
89256,1
89256,8
89258,0
89259,5
89259,4
89261,10
89261,5
89262,5
89262,3
89262,8
89263,7
89265,1
89267,7
89268,8
89269,2
89269,4
89269,10
89270,10
89270,2
89271,6
89272,6
89272,8
89273,3
89274,4
89274,3
89274,8
89277,0
89278,4
89279,4
89280,2
89283,3
89283,1
89284,7
89285,6
89286,1
89288,2
89288,7
89289,5
89291,2
89291,5
89293,2
89294,3
89294,7
89295,8
89296,0
89296,2
89297,1
89298,6
89299,4
89299,7
89300,8
89300,2
89301,4
89301,2
89304,3
89304,8
89305,10
89306,10
89306,6
89306,7
89307,2
89308,7
89308,10
89308,0
89309,5
89310,9
89313,4
89314,8
89314,3
89314,0
89315,10
89315,7
89316,0
89317,8
89319,10
89319,7
89320,10
89320,5
89321,4
89322,4
89323,10
89323,5
89324,2
89325,1
89325,5
89325,8
89329,10
89331,3
89331,4
89332,4
89333,2
89334,1
89334,3
89335,9
89337,9
89338,8
89338,0
89339,7
89339,5
89340,5
89340,1
89342,2
89343,10
89344,7
89344,5
89345,9
89345,4
89345,8
89347,3
89349,10
89350,7
89351,7
89352,1
89352,0
89352,10
89354,7
89355,9
89355,3
89355,5
89356,10
89356,4
89357,1
89357,5
89358,8
89358,7
89358,10
89358,9
89361,1
89363,7
89364,5
89365,7
89366,10
89368,9
89368,3
89368,0
89369,0
89370,2
89371,7
89373,0
89373,4
89374,2
89375,10
89376,9
89376,8
89377,5
89379,0
89380,3
89381,9
89381,8
89381,4
89382,10
89383,8
89384,2
89385,0
89385,1
89386,5
89386,8
89387,7
89388,1
89389,7
89390,1
89390,5
89392,0
89394,10
89394,0
89396,5
89396,0
89398,3
89400,8
89400,1
89401,1
89403,9
89404,2
89405,7
89405,5
89405,2
89407,7
89407,8
89410,2
89414,6
89414,5
89415,4
89415,5
89415,0
89416,10
89417,0
89418,9
89418,2
89419,4
89420,8
89421,5
89422,0
89422,1
89423,6
89424,7
89424,6
89426,1
89426,5
89427,0
89428,0
89428,2
89429,1
89429,8
89430,6
89431,3
89432,7
89432,8
89435,2
89436,7
89436,6
89438,5
89439,9
89439,3
89440,4
89440,0
89441,3
89442,2
89442,0
89443,10
89447,10
89447,8
89447,2
89447,7
89448,6
89448,2
89449,4
89450,2
89452,1
89454,10
89456,9
89457,0
89457,3
89458,7
89459,10
89459,3
89460,4
89460,6
89460,0
89461,5
89461,4
89462,2
89464,4
89465,3
89465,1
89467,8
89467,7
89468,5
89472,0
89472,5
89475,1
89475,2
89475,9
89476,2
89476,6
89477,4
89479,10
89480,3
89480,5
89481,3
89481,1
89483,9
89486,2
89487,3
89487,6
89487,1
89488,10
89489,8
89489,1
89491,8
89492,9
89492,6
89494,9
89494,6
89494,1
89495,1
89495,6
89495,5
89498,10
89500,0
89501,3
89502,6
89503,2
89503,1
89506,4
89507,5
89507,1
89509,9
89510,1
89511,10
89512,9
89515,1
89515,5
89517,8
89518,10
89518,4
89518,0
89519,10
89519,1
89519,4
89519,2
89520,6
89521,4
89521,9
89521,6
89522,6
89522,8
89523,5
89524,2
89524,9
89525,3
89525,0
89526,8
89528,7
89528,10
89532,5
89533,7
89533,5
89536,9
89538,8
89541,6
89542,4
89543,2
89543,8
89544,9
89545,7
89545,1
89545,0
89545,9
89545,5
89546,8
89546,7
89546,9
89546,2
89547,3
89547,9
89547,2
89549,8
89551,4
89553,10
89556,3
89556,8
89556,0
89558,2
89560,7
89561,4
89563,9
89563,4
89564,10
89564,2
89565,1
89566,1
89567,7
89569,6
89569,10
89573,10
89574,9
89575,10
89575,9
89577,1
89578,8
89578,1
89579,6
89580,2
89581,2
89582,2
89582,3
89583,6
89584,8
89584,0
89586,9
89587,7
89589,7
89589,10
89590,6
89591,2
89591,8
89591,7
89592,4
89594,8
89595,7
89595,6
89596,9
89598,2
89599,0
89600,8
89600,7
89601,9
89601,3
89602,3
89603,7
89605,2
89606,8
89606,7
89606,5
89606,6
89607,6
89607,0
89608,5
89608,4
89608,3
89608,8
89609,0
89609,7
89610,3
89610,2
89612,5
89613,10
89614,8
89614,10
89615,1
89615,9
89616,8
89617,0
89617,8
89617,9
89619,9
89619,5
89620,9
89621,7
89621,10
89624,4
89625,8
89626,4
89626,5
89628,3
89629,1
89629,0
89629,2
89630,8
89631,0
89632,9
89634,5
89635,4
89635,6
89636,7
89638,0
89642,5
89643,5
89644,9
89645,10
89646,10
89646,9
89647,5
89649,6
89649,10
89649,9
89651,2
89652,7
89653,10
89653,5
89656,2
89659,7
89660,8
89660,3
89661,4
89662,10
89662,4
89664,9
89666,10
89667,6
89667,4
89668,6
89670,0
89670,3
89674,3
89677,7
89677,6
89678,5
89679,2
89679,4
89680,10
89680,5
89682,6
89682,7
89684,3
89686,2
89687,5
89687,3
89688,10
89689,6
89692,5
89692,7
89692,1
89693,9
89695,9
89696,3
89696,6
89697,3
89698,7
89699,0
89700,4
89700,10
89700,8
89701,0
89701,1
89702,8
89703,0
89705,10
89705,0
89708,4
89708,5
89708,1
89708,0
89708,2
89708,6
89708,3
89709,4
89710,10
89710,1
89711,8
89711,2
89711,5
89712,8
89713,6
89713,3
89714,0
89715,5
89719,5
89721,4
89721,1
89722,2
89722,5
89723,3
89724,9
89725,6
89726,3
89726,5
89728,9
89730,2
89734,10
89735,1
89738,8
89740,10
89740,5
89742,3
89744,4
89745,3
89746,10
89748,0
89749,7
89751,4
89752,3
89753,6
89755,9
89763,5
89765,10
89766,7
89766,8
89767,5
89768,7
89769,10
89773,2
89773,7
89775,3
89775,0
89777,5
89780,10
89782,1
89783,7
89786,7
89786,10
89786,3
89789,4
89790,0
89791,5
89793,5
89795,6
89795,3
89796,0
89796,6
89797,7
89798,0
89798,9
89800,1
89800,0
89801,1
89801,5
89802,4
89802,0
89804,7
89805,8
89806,9
89808,2
89808,1
89809,6
89809,0
89811,4
89813,3
89815,10
89816,6
89816,4
89818,6
89818,10
89818,1
89819,1
89823,4
89824,4
89825,10
89826,8
89826,0
89826,2
89826,5
89830,8
89831,6
89832,9
89833,3
89833,8
89836,10
89838,4
89841,0
89841,7
89841,1
89843,5
89843,7
89845,6
89846,7
89847,6
89847,5
89848,7
89849,5
89851,5
89853,7
89853,5
89854,9
89856,8
89857,0
89858,9
89858,7
89860,5
89860,7
89861,0
89861,8
89862,2
89862,3
89865,6
89867,0
89867,9
89869,7
89869,4
89870,8
89870,9
89873,7
89873,3
89874,0
89875,5
89875,8
89878,3
89878,2
89879,10
89880,5
89880,3
89880,4
89881,5
89882,4
89886,5
89887,0
89888,5
89888,1
89891,4
89891,5
89892,1
89893,9
89894,3
89894,4
89895,4
89895,6
89897,1
89898,7
89899,0
89901,3
89902,4
89903,4
89903,9
89904,3
89905,2
89905,4
89907,4
89911,1
89911,4
89913,6
89913,7
89914,10
89915,6
89915,1
89918,0
89918,9
89919,7
89920,4
89920,6
89921,0
89921,3
89921,4
89922,10
89923,2
89923,3
89923,9
89928,3
89928,2
89929,10
89929,2
89931,1
89932,4
89933,4
89934,6
89934,4
89935,3
89936,7
89937,10
89937,1
89937,4
89938,0
89939,10
89940,7
89940,2
89941,5
89941,10
89944,8
89945,7
89946,3
89947,3
89948,5
89949,0
89949,8
89949,3
89949,2
89950,10
89951,2
89951,1
89951,5
89952,5
89952,3
89953,5
89954,1
89954,3
89955,5
89956,1
89959,1
89960,9
89961,6
89962,5
89962,4
89963,10
89963,7
89964,3
89964,2
89965,8
89965,2
89966,1
89967,8
89968,5
89968,3
89969,5
89970,9
89970,6
89971,3
89971,9
89971,8
89972,0
89972,3
89973,10
89976,2
89976,4
89977,0
89977,10
89979,9
89980,6
89981,8
89981,1
89982,8
89983,9
89983,8
89984,3
89984,2
89985,9
89986,4
89986,10
89986,6
89988,5
89989,5
89991,7
89991,8
89992,4
89992,0
89993,5
89995,10
89995,4
89996,6
89996,10
89996,9
89997,0
89998,8
90002,8
90003,0
90004,8
90005,7
90006,4
90007,9
90008,9
90009,1
90009,0
90010,9
90010,3
90011,4
90012,10
90013,0
90013,2
90015,6
90015,9
90015,5
90015,2
90016,2
90016,7
90016,1
90017,0
90017,5
90018,3
90018,6
90018,10
90019,4
90019,0
90021,9
90023,7
90024,1
90024,3
90026,10
90027,9
90027,3
90029,2
90030,2
90032,4
90033,8
90033,4
90035,2
90037,2
90038,9
90039,10
90039,0
90040,3
90041,8
90041,2
90042,7
90042,3
90043,1
90043,6
90043,8
90046,9
90052,8
90057,4
90057,7
90058,3
90058,6
90058,8
90059,5
90061,3
90061,1
90062,6
90062,4
90064,3
90065,3
90067,1
90067,7
90068,5
90069,7
90071,3
90071,4
90072,7
90074,6
90074,4
90076,2
90076,4
90078,1
90079,4
90079,0
90080,0
90081,0
90084,2
90086,1
90087,5
90087,3
90087,1
90088,10
90089,1
90090,9
90091,6
90091,1
90091,7
90092,4
90093,9
90094,5
90094,7
90097,1
90099,3
90099,7
90099,4
90101,6
90102,3
90104,10
90106,3
90107,0
90110,4
90111,5
90112,9
90112,7
90114,5
90115,3
90115,6
90115,5
90117,5
90118,2
90118,1
90119,8
90119,9
90120,7
90122,6
90122,1
90122,7
90124,0
90124,4
90124,3
90125,7
90128,9
90128,3
90129,6
90129,3
90131,10
90132,4
90137,2
90138,5
90138,1
90139,7
90140,1
90141,8
90144,2
90144,7
90144,0
90145,9
90147,9
90147,3
90148,5
90149,2
90149,10
90149,6
90149,0
90150,4
90150,5
90151,7
90153,4
90153,3
90153,7
90154,1
90154,9
90155,4
90155,9
90157,3
90158,4
90159,0
90159,5
90161,4
90162,2
90163,1
90163,2
90164,6
90165,5
90166,9
90166,5
90166,2
90169,6
90170,4
90170,5
90172,3
90173,4
90173,9
90174,1
90175,10
90176,8
90176,9
90179,0
90179,5
90180,5
90181,0
90186,6
90188,1
90189,6
90190,9
90191,8
90191,7
90193,2
90193,6
90194,3
90194,10
90194,1
90194,2
90195,5
90196,8
90197,5
90199,4
90199,8
90200,0
90201,1
90202,2
90203,8
90205,3
90206,10
90207,1
90208,6
90209,4
90209,2
90211,7
90212,6
90213,10
90214,6
90215,8
90215,1
90216,1
90217,9
90220,4
90222,5
90222,9
90222,3
90223,6
90224,8
90226,5
90227,3
90228,4
90230,9
90230,1
90232,1
90232,10
90233,1
90234,9
90235,10
90235,4
90237,4
90237,5
90238,1
90238,0
90238,5
90240,4
90241,8
90241,6
90241,5
90241,7
90243,3
90244,8
90245,3
90247,7
90247,8
90249,6
90249,9
90249,0
90251,4
90251,10
90251,3
90252,4
90252,6
90253,5
90256,9
90256,5
90258,5
90259,3
90260,5
90260,10
90261,6
90261,2
90262,4
90262,9
90264,5
90265,6
90265,7
90267,0
90268,10
90269,4
90270,7
90271,10
90272,1
90274,8
90276,4
90276,8
90278,7
90279,9
90280,1
90281,8
90282,8
90283,1
90283,3
90284,7
90284,4
90286,10
90287,1
90291,7
90292,5
90298,2
90298,0
90301,4
90301,3
90302,6
90304,6
90304,7
90305,0
90307,2
90309,6
90310,6
90312,1
90313,9
90316,7
90316,4
90316,6
90316,1
90316,3
90318,7
90318,6
90319,6
90320,9
90321,3
90321,0
90322,6
90324,8
90324,7
90324,3
90325,5
90328,4
90328,1
90330,8
90334,1
90335,6
90336,1
90337,6
90338,9
90338,2
90338,10
90339,5
90339,7
90340,9
90341,1
90342,7
90344,0
90344,9
90345,3
90345,1
90345,9
90346,7
90347,1
90348,3
90349,5
90354,4
90357,4
90358,10
90361,1
90363,7
90364,3
90364,2
90366,7
90372,5
90374,7
90375,2
90377,8
90377,0
90377,5
90378,4
90378,10
90379,2
90380,9
90380,2
90382,4
90383,7
90384,7
90384,5
90385,8
90386,2
90387,5
90387,9
90387,2
90389,2
90389,4
90389,0
90390,10
90390,7
90391,5
90391,6
90392,7
90393,5
90393,3
90394,8
90395,8
90396,5
90396,1
90396,0
90396,8
90397,0
90398,7
90399,4
90399,7
90399,0
90400,10
90401,5
90401,10
90402,9
90403,2
90403,8
90403,5
90404,2
90404,4
90407,8
90408,8
90410,5
90411,3
90413,8
90413,4
90417,0
90417,6
90419,10
90420,9
90420,1
90421,0
90424,2
90425,4
90426,2
90426,6
90427,7
90427,2
90428,9
90428,0
90428,5
90430,4
90430,9
90431,1
90431,4
90432,6
90432,5
90433,6
90433,9
90434,9
90435,9
90435,8
90435,4
90437,2
90438,10
90438,5
90439,10
90439,4
90439,8
90440,3
90441,8
90442,1
90444,7
90445,4
90445,5
90446,0
90446,10
90447,7
90448,1
90449,4
90449,7
90451,7
90452,3
90453,5
90453,0
90453,1
90454,10
90455,7
90456,1
90457,7
90458,3
90458,10
90460,9
90461,2
90463,0
90465,5
90466,1
90468,1
90468,5
90468,3
90469,3
90470,8
90471,6
90474,5
90474,9
90475,9
90476,9
90477,2
90477,1
90477,4
90478,6
90479,7
90479,8
90480,1
90480,8
90481,8
90481,1
90481,7
90482,8
90483,7
90484,1
90487,9
90487,2
90488,1
90488,6
90490,0
90490,2
90491,8
90493,9
90495,2
90495,3
90497,6
90498,7
90498,10
90498,3
90501,10
90501,9
90503,5
90504,5
90507,4
90508,3
90509,2
90510,8
90510,10
90510,3
90511,6
90513,10
90514,4
90514,10
90515,3
90518,0
90519,4
90519,8
90520,4
90521,6
90521,1
90524,4
90527,4
90527,5
90528,10
90528,5
90530,7
90531,4
90532,0
90532,1
90533,3
90534,4
90534,5
90535,5
90535,3
90535,7
90535,0
90535,6
90537,0
90538,8
90538,4
90539,9
90539,3
90539,6
90540,5
90540,2
90542,4
90542,1
90543,9
90544,10
90544,6
90545,4
90545,3
90546,2
90547,10
90547,5
90548,5
90548,1
90549,1
90550,0
90550,4
90552,7
90552,3
90552,8
90553,8
90553,2
90553,9
90554,1
90555,8
90556,4
90556,3
90559,3
90559,0
90560,2
90561,0
90561,10
90562,1
90562,7
90563,1
90564,8
90565,3
90567,9
90569,9
90569,6
90569,7
90570,0
90571,6
90573,2
90573,0
90573,9
90574,8
90575,0
90575,2
90576,7
90576,4
90576,2
90576,6
90577,3
90578,6
90579,2
90579,8
90580,6
90581,9
90581,0
90582,0
90583,0
90588,3
90588,1
90589,3
90589,6
90593,6
90594,8
90595,6
90595,7
90596,2
90598,4
90599,10
90599,1
90600,4
90600,6
90602,8
90603,2
90604,8
90604,6
90604,10
90606,10
90607,2
90607,9
90608,2
90609,2
90609,0
90610,7
90610,5
90610,8
90614,5
90616,8
90617,6
90618,0
90619,0
90620,9
90622,4
90622,10
90625,8
90626,4
90629,2
90630,4
90631,5
90631,9
90633,4
90633,3
90633,5
90633,6
90636,10
90637,5
90638,8
90639,10
90641,5
90641,8
90641,4
90643,7
90643,1
90644,6
90645,7
90647,3
90647,10
90647,9
90648,10
90648,6
90648,1
90649,5
90649,4
90650,5
90652,9
90654,9
90654,0
90654,2
90655,1
90656,5
90656,10
90658,10
90658,9
90661,0
90661,3
90662,6
90662,0
90663,3
90664,4
90665,10
90666,9
90667,6
90668,3
90668,2
90669,6
90669,1
90669,0
90670,1
90671,5
90671,4
90672,1
90672,3
90673,6
90674,7
90677,1
90677,10
90678,10
90679,4
90680,1
90680,4
90682,3
90683,10
90683,7
90684,3
90688,0
90689,10
90689,5
90690,9
90692,1
90692,9
90693,8
90694,4
90695,2
90697,0
90697,10
90697,8
90699,3
90700,1
90703,8
90704,5
90704,0
90705,8
90705,2
90707,1
90707,4
90710,4
90710,3
90712,7
90712,3
90719,0
90723,6
90727,6
90728,7
90730,3
90731,6
90732,0
90732,8
90732,2
90732,5
90733,0
90733,6
90733,9
90734,10
90735,5
90736,3
90736,8
90736,1
90737,9
90738,10
90739,2
90740,6
90742,2
90743,8
90744,6
90745,10
90747,1
90748,1
90748,6
90748,8
90749,8
90750,5
90752,0
90753,8
90754,2
90754,1
90755,6
90757,6
90758,8
90760,9
90760,1
90761,5
90761,0
90763,3
90766,8
90767,2
90768,0
90769,9
90769,6
90773,4
90774,4
90775,6
90776,6
90776,0
90777,7
90777,10
90779,2
90779,9
90780,7
90781,9
90781,10
90781,5
90782,9
90783,8
90785,3
90785,6
90786,1
90787,6
90787,4
90788,5
90788,10
90788,4
90791,9
90792,3
90798,3
90800,7
90801,4
90802,2
90802,0
90803,1
90804,10
90805,8
90811,3
90811,7
90812,10
90814,6
90815,7
90815,5
90816,5
90816,7
90816,6
90821,4
90821,2
90822,5
90824,4
90825,7
90825,10
90828,9
90831,3
90839,6
90839,9
90841,4
90843,8
90844,2
90845,8
90845,6
90848,6
90849,1
90853,7
90853,3
90853,5
90854,5
90854,3
90856,0
90857,1
90857,0
90857,9
90858,5
90858,8
90858,7
90859,4
90860,7
90861,8
90861,7
90861,9
90861,10
90863,8
90864,8
90865,1
90867,4
90868,6
90868,5
90868,8
90869,3
90870,2
90870,4
90870,10
90871,8
90872,5
90873,3
90874,0
90875,0
90876,10
90877,10
90878,0
90878,6
90881,0
90882,6
90882,0
90884,0
90884,1
90885,10
90887,0
90889,6
90889,7
90889,4
90890,5
90890,10
90890,6
90892,2
90892,1
90892,0
90896,9
90899,2
90900,3
90900,2
90900,5
90901,3
90902,0
90903,6
90904,5
90905,1
90905,2
90906,7
90906,6
90907,3
90907,4
90908,1
90910,7
90912,5
90915,4
90917,3
90918,6
90923,10
90923,4
90924,3
90926,4
90927,1
90927,7
90928,6
90928,10
90928,8
90929,6
90932,10
90933,4
90934,0
90935,3
90936,5
90936,8
90937,10
90937,7
90937,5
90938,3
90939,3
90939,4
90940,5
90940,8
90940,7
90943,10
90943,3
90946,8
90947,7
90948,4
90948,3
90948,9
90949,8
90949,10
90950,4
90951,1
90951,5
90953,3
90954,1
90954,8
90955,7
90955,5
90956,2
90956,3
90957,5
90958,2
90959,2
90959,8
90960,8
90961,9
90961,4
90962,6
90962,4
90963,9
90964,9
90966,7
90967,2
90968,0
90968,5
90969,10
90969,7
90969,6
90970,2
90974,0
90976,4
90976,9
90976,1
90976,8
90977,3
90977,9
90978,3
90979,6
90980,4
90980,10
90984,7
90986,3
90986,2
90986,10
90987,10
90987,0
90987,1
90989,1
90991,7
90992,9
90993,1
90994,3
90995,5
90997,2
90998,3
90999,0
91001,10
91002,0
91003,1
91004,2
91005,2
91005,0
91005,1
91007,10
91008,1
91009,4
91009,2
91009,6
91012,8
91013,9
91013,1
91013,2
91015,1
91016,7
91017,6
91019,6
91020,0
91020,5
91023,9
91023,3
91023,5
91024,9
91025,0
91026,10
91027,3
91027,9
91029,3
91031,7
91031,0
91032,6
91033,10
91033,3
91036,2
91037,9
91039,2
91041,7
91041,2
91041,10
91043,5
91043,0
91043,1
91043,3
91046,1
91046,9
91047,4
91047,5
91047,9
91047,2
91048,9
91048,7
91049,8
91050,10
91052,2
91052,4
91053,5
91053,4
91054,6
91055,2
91055,6
91056,9
91057,6
91057,7
91057,0
91058,5
91060,3
91060,4
91060,8
91062,10
91065,5
91065,6
91066,9
91067,9
91067,2
91067,8
91067,0
91068,3
91071,0
91071,9
91071,4
91072,8
91074,4
91074,8
91075,6
91076,9
91076,6
91076,5
91078,1
91079,6
91079,9
91080,4
91082,8
91082,1
91082,7
91083,5
91083,7
91085,4
91085,7
91088,3
91088,4
91089,8
91092,6
91094,6
91095,0
91096,3
91097,4
91100,10
91100,6
91101,7
91102,9
91102,3
91104,4
91104,0
91104,3
91104,9
91105,0
91106,2
91107,3
91108,7
91108,4
91108,10
91109,1
91109,6
91111,8
91112,4
91112,6
91112,0
91115,10
91115,1
91116,7
91116,3
91117,5
91118,6
91118,9
91119,1
91120,9
91121,10
91122,0
91122,6
91122,9
91123,4
91123,7
91125,1
91125,10
91126,3
91126,9
91127,7
91127,9
91130,0
91131,2
91131,3
91133,2
91134,0
91136,4
91137,2
91139,8
91139,6
91139,4
91139,7
91140,1
91144,5
91144,4
91145,3
91151,4
91152,4
91152,3
91153,0
91155,10
91155,8
91156,8
91157,2
91158,3
91158,4
91160,4
91163,7
91165,2
91169,0
91170,1
91170,0
91172,9
91174,1
91174,0
91174,6
91175,6
91176,7
91176,4
91177,6
91178,7
91179,1
91180,4
91181,5
91182,8
91183,9
91184,6
91184,2
91184,7
91186,1
91186,8
91188,2
91188,5
91188,9
91190,5
91191,7
91191,1
91193,5
91194,9
91194,10
91195,0
91196,3
91200,10
91201,1
91201,0
91202,4
91203,2
91203,5
91203,1
91204,6
91205,6
91206,9
91207,4
91207,0
91207,3
91209,0
91209,10
91210,3
91211,10
91212,8
91212,9
91215,2
91215,5
91216,5
91216,6
91217,4
91220,3
91220,8
91221,4
91228,0
91229,4
91233,5
91234,2
91238,5
91238,7
91239,3
91239,5
91240,10
91240,2
91240,1
91243,0
91243,4
91245,5
91245,4
91246,9
91246,6
91247,3
91247,2
91248,6
91248,9
91250,9
91251,9
91251,7
91252,9
91256,8
91257,4
91259,8
91262,7
91263,10
91265,9
91267,8
91268,1
91268,6
91268,9
91269,5
91270,9
91270,3
91271,10
91275,0
91275,4
91275,1
91276,8
91277,6
91277,7
91278,10
91280,8
91281,7
91281,2
91282,6
91284,4
91286,6
91287,9
91287,2
91287,3
91287,10
91289,8
91290,9
91290,2
91292,9
91292,2
91292,5
91293,8
91293,0
91297,2
91299,10
91301,0
91301,6
91302,9
91303,4
91304,10
91306,5
91306,6
91306,8
91308,9
91308,10
91309,9
91312,5
91312,8
91313,6
91313,3
91314,3
91314,9
91315,8
91316,10
91316,2
91316,8
91316,7
91316,3
91318,6
91318,5
91319,2
91319,9
91320,0
91321,1
91323,1
91323,2
91326,7
91326,10
91327,1
91327,5
91328,10
91329,5
91329,0
91330,10
91331,6
91332,4
91332,0
91334,6
91334,10
91335,7
91337,6
91338,2
91338,7
91341,1
91341,3
91342,2
91344,1
91345,1
91345,6
91346,2
91348,7
91348,3
91349,5
91349,0
91350,10
91351,0
91353,3
91353,9
91354,8
91358,9
91358,3
91363,10
91364,10
91365,6
91366,8
91367,0
91368,3
91369,9
91370,4
91370,8
91375,8
91377,1
91379,0
91379,3
91379,2
91380,2
91381,7
91381,9
91382,0
91383,10
91386,1
91387,2
91388,2
91389,0
91391,0
91391,4
91392,7
91392,5
91393,7
91396,3
91397,7
91398,3
91398,2
91402,8
91403,9
91404,9
91404,4
91405,1
91406,8
91410,9
91411,9
91411,2
91413,7
91414,4
91414,6
91416,0
91417,9
91417,7
91417,5
91419,1
91419,5
91420,2
91420,8
91421,10
91422,4
91422,10
91423,7
91424,7
91426,9
91429,0
91429,2
91429,6
91429,9
91430,1
91430,2
91430,5
91430,8
91431,8
91433,0
91433,8
91434,4
91435,8
91435,0
91436,5
91437,4
91438,2
91438,10
91441,9
91442,0
91443,5
91443,7
91445,8
91446,4
91446,9
91447,8
91447,6
91448,2
91450,6
91451,0
91453,10
91453,4
91455,10
91455,4
91456,1
91456,0
91457,8
91457,7
91459,10
91459,7
91459,4
91459,9
91460,0
91461,2
91461,6
91462,8
91464,9
91464,7
91467,7
91468,0
91468,6
91468,8
91469,6
91469,7
91470,2
91470,4
91470,10
91470,6
91470,7
91471,10
91472,2
91472,8
91473,10
91473,1
91474,4
91474,7
91474,3
91475,0
91476,5
91477,7
91478,2
91480,0
91480,5
91480,6
91480,9
91481,8
91483,0
91483,10
91484,7
91484,2
91485,8
91485,0
91487,10
91490,7
91492,9
91492,7
91492,6
91495,4
91496,3
91496,1
91497,0
91500,4
91501,3
91503,1
91504,8
91504,1
91504,2
91505,8
91507,3
91507,0
91507,8
91509,10
91510,4
91512,6
91513,8
91516,4
91517,3
91517,8
91519,7
91519,1
91521,1
91524,4
91525,1
91525,3
91526,7
91526,9
91527,6
91528,3
91530,6
91532,5
91533,9
91534,9
91534,5
91535,5
91536,9
91537,4
91538,6
91539,3
91539,5
91539,7
91540,3
91540,7
91541,1
91541,5
91542,7
91543,7
91545,1
91545,7
91545,4
91546,8
91547,1
91547,4
91548,6
91549,5
91549,2
91550,6
91551,9
91551,8
91552,4
91553,7
91554,6
91555,8
91557,1
91557,3
91559,7
91560,5
91562,0
91564,2
91565,1
91565,4
91566,8
91567,7
91568,4
91569,9
91569,4
91572,0
91572,6
91573,8
91574,10
91575,8
91576,10
91577,3
91577,2
91580,10
91582,3
91582,9
91582,6
91583,9
91583,4
91584,5
91585,1
91585,7
91586,4
91587,1
91589,10
91591,4
91591,7
91593,4
91593,9
91594,5
91595,9
91599,8
91602,7
91605,1
91606,3
91606,6
91608,2
91610,4
91610,9
91612,5
91614,5
91615,6
91617,8
91618,10
91619,3
91619,6
91620,6
91621,4
91621,1
91622,2
91625,8
91625,6
91628,4
91630,8
91630,2
91631,2
91633,9
91635,9
91636,6
91637,10
91641,10
91642,10
91643,6
91644,8
91644,7
91644,0
91645,10
91646,4
91648,8
91648,7
91649,5
91651,4
91652,0
91652,10
91652,4
91653,10
91655,7
91655,2
91656,0
91657,0
91657,7
91657,6
91658,10
91658,2
91659,3
91660,10
91661,2
91665,9
91667,7
91669,7
91670,2
91671,0
91671,9
91673,9
91673,0
91673,7
91674,9
91675,0
91675,8
91676,5
91676,4
91678,10
91678,8
91679,4
91683,2
91683,10
91685,2
91685,4
91687,3
91687,2
91688,9
91688,4
91689,10
91690,7
91690,0
91692,4
91693,1
91693,0
91693,5
91694,2
91694,10
91694,7
91695,1
91696,10
91698,6
91698,3
91700,8
91702,5
91703,4
91704,9
91705,6
91707,2
91708,8
91708,4
91711,10
91711,3
91714,8
91715,8
91716,10
91716,3
91717,8
91720,8
91720,9
91722,10
91724,0
91724,2
91724,10
91725,9
91725,8
91726,9
91727,1
91727,5
91728,10
91728,1
91733,10
91733,1
91737,4
91737,1
91738,1
91740,5
91741,1
91742,4
91743,6
91744,3
91744,8
91745,10
91746,5
91746,1
91746,7
91748,5
91749,5
91750,2
91750,8
91751,4
91756,5
91757,5
91758,5
91760,10
91760,1
91761,4
91762,10
91762,4
91762,5
91764,9
91765,0
91767,2
91768,1
91768,7
91769,9
91770,3
91771,3
91771,8
91771,7
91772,1
91773,2
91775,7
91776,1
91776,4
91776,9
91777,6
91778,5
91778,2
91779,0
91780,1
91781,7
91781,4
91784,8
91785,4
91785,10
91787,0
91789,5
91790,1
91793,7
91794,2
91795,9
91795,4
91796,8
91799,3
91800,5
91800,8
91800,10
91801,6
91801,7
91803,9
91803,1
91804,5
91804,7
91805,3
91805,0
91805,4
91806,9
91809,7
91810,4
91812,7
91812,5
91812,6
91812,0
91813,0
91813,4
91814,1
91814,10
91815,7
91815,8
91815,10
91816,10
91819,9
91820,9
91820,2
91822,9
91823,6
91824,1
91825,4
91827,8
91827,6
91828,3
91830,3
91832,1
91832,0
91833,7
91833,3
91834,3
91838,3
91840,4
91841,2
91842,10
91842,5
91842,8
91843,4
91844,8
91844,6
91845,6
91845,2
91847,10
91847,8
91847,5
91850,0
91851,6
91851,9
91852,7
91853,1
91853,5
91853,2
91853,10
91854,7
91855,7
91855,9
91855,4
91856,7
91857,1
91857,8
91858,1
91858,4
91858,0
91858,3
91859,6
91859,3
91860,5
91861,8
91862,0
91863,3
91868,4
91868,2
91868,8
91870,7
91870,2
91871,1
91872,10
91872,9
91872,4
91874,5
91875,3
91875,10
91880,2
91882,0
91882,8
91883,6
91884,1
91885,5
91885,9
91887,10
91889,6
91892,8
91892,0
91895,8
91896,1
91897,5
91897,2
91898,4
91899,0
91901,0
91901,4
91902,9
91903,6
91903,8
91905,6
91906,6
91907,7
91909,1
91910,2
91910,7
91910,8
91911,1
91914,0
91915,5
91917,4
91919,8
91919,9
91921,3
91922,3
91924,1
91927,9
91928,10
91928,2
91929,3
91929,1
91930,2
91930,5
91935,2
91935,1
91936,1
91936,7
91937,4
91937,1
91938,2
91940,10
91941,10
91941,5
91944,8
91945,7
91945,6
91946,1
91948,9
91949,7
91950,5
91950,3
91951,10
91951,3
91952,6
91953,1
91953,4
91953,7
91955,9
91956,3
91957,9
91962,1
91965,8
91966,3
91966,4
91967,2
91968,1
91969,2
91970,5
91971,8
91972,10
91972,8
91973,6
91975,9
91976,10
91977,6
91977,1
91977,8
91978,5
91979,9
91979,5
91980,10
91981,8
91981,2
91982,10
91983,8
91984,1
91985,0
91986,4
91986,3
91987,6
91988,6
91989,2
91989,10
91991,10
91992,0
91994,0
91995,5
91997,1
91998,7
92001,1
92001,3
92002,4
92003,5
92003,8
92005,0
92006,0
92006,4
92007,7
92007,9
92007,4
92010,10
92010,4
92011,3
92012,2
92012,9
92012,5
92013,7
92017,2
92018,5
92019,5
92019,8
92019,2
92019,6
92020,6
92020,2
92021,6
92021,7
92024,6
92025,3
92025,8
92025,2
92026,8
92029,0
92030,0
92030,10
92030,8
92031,7
92033,4
92034,4
92035,2
92036,9
92036,0
92038,6
92038,0
92040,2
92042,10
92042,6
92043,9
92045,9
92046,7
92048,8
92049,4
92049,6
92049,3
92051,8
92053,2
92053,8
92055,1
92057,8
92058,3
92059,8
92059,10
92060,8
92060,10
92061,3
92063,5
92063,3
92063,9
92063,4
92065,5
92067,3
92070,2
92070,3
92071,4
92071,1
92073,10
92073,6
92074,10
92078,8
92078,1
92081,6
92081,4
92082,7
92084,1
92084,9
92085,4
92086,6
92087,2
92087,3
92087,0
92087,6
92088,5
92092,3
92093,2
92095,6
92096,8
92097,1
92100,3
92101,1
92101,7
92104,9
92104,6
92106,8
92106,1
92106,7
92109,3
92111,0
92112,4
92112,1
92113,8
92116,6
92119,7
92119,10
92119,8
92120,6
92121,10
92122,10
92123,8
92124,2
92129,8
92131,2
92131,0
92132,1
92134,0
92134,10
92135,4
92136,4
92137,8
92138,6
92139,1
92139,4
92140,1
92141,10
92142,5
92144,3
92145,8
92146,1
92147,2
92148,9
92148,2
92148,8
92148,4
92150,9
92151,3
92151,10
92153,1
92153,2
92154,9
92154,7
92154,0
92155,9
92156,7
92156,10
92156,6
92157,9
92157,4
92157,10
92157,6
92158,8
92160,7
92160,0
92162,1
92163,7
92163,1
92164,10
92164,1
92167,5
92169,2
92169,4
92170,4
92170,9
92171,1
92173,9
92175,4
92176,4
92178,7
92180,4
92180,0
92180,9
92182,10
92183,7
92184,8
92186,10
92187,0
92190,1
92190,7
92192,8
92192,4
92192,9
92195,7
92196,4
92196,7
92196,1
92198,9
92199,3
92199,4
92203,6
92204,4
92204,10
92204,6
92205,8
92207,10
92208,4
92214,0
92215,2
92215,5
92215,4
92217,5
92217,7
92218,1
92219,4
92220,8
92220,5
92224,9
92225,5
92227,3
92228,10
92228,8
92234,0
92234,3
92235,2
92236,9
92239,10
92241,7
92242,1
92245,2
92246,1
92246,9
92247,2
92248,6
92250,5
92250,4
92252,2
92253,4
92254,5
92259,10
92259,7
92260,6
92261,0
92261,1
92262,7
92263,8
92265,1
92266,7
92267,9
92267,8
92267,6
92268,6
92268,1
92268,9
92269,7
92269,6
92270,8
92273,5
92273,7
92273,6
92275,7
92276,6
92277,0
92279,8
92279,9
92280,10
92284,6
92286,5
92286,10
92289,10
92290,10
92290,1
92291,0
92291,9
92292,2
92293,8
92293,2
92296,1
92299,8
92302,6
92303,1
92304,0
92304,10
92304,7
92304,9
92305,9
92306,8
92307,3
92308,1
92308,6
92309,2
92311,0
92312,3
92312,5
92313,2
92314,7
92315,10
92318,8
92319,7
92319,2
92320,8
92320,2
92321,8
92323,1
92323,7
92324,0
92325,0
92326,9
92328,8
92329,6
92331,9
92332,9
92332,5
92335,3
92336,7
92337,10
92339,8
92339,9
92342,8
92342,6
92344,5
92344,0
92345,9
92345,8
92345,7
92345,5
92347,1
92348,7
92349,7
92351,10
92354,1
92354,8
92354,2
92355,4
92355,9
92356,9
92356,1
92357,2
92357,1
92358,5
92358,1
92359,2
92360,7
92362,9
92362,0
92363,10
92364,9
92365,9
92366,9
92366,3
92367,9
92369,10
92370,9
92370,7
92371,1
92373,7
92374,9
92375,6
92375,3
92376,9
92377,1
92378,0
92379,2
92379,1
92382,5
92385,0
92386,0
92387,5
92387,3
92389,4
92391,6
92392,10
92392,2
92393,2
92393,9
92395,10
92396,5
92397,2
92398,10
92398,8
92400,1
92401,10
92403,3
92404,4
92407,2
92407,3
92408,8
92409,9
92412,0
92412,7
92412,6
92415,8
92418,5
92418,2
92419,6
92420,6
92421,5
92421,0
92423,7
92423,8
92424,7
92425,5
92425,1
92426,3
92427,5
92427,10
92427,4
92428,9
92431,2
92431,4
92431,1
92433,2
92434,7
92434,9
92435,0
92435,2
92435,7
92436,2
92436,8
92437,3
92437,8
92438,2
92438,8
92438,5
92439,10
92440,8
92440,3
92441,8
92441,10
92442,2
92444,8
92444,6
92444,7
92445,5
92447,4
92447,3
92448,2
92452,7
92453,1
92455,10
92458,8
92458,0
92459,9
92459,5
92460,3
92461,9
92462,1
92463,7
92465,2
92465,0
92465,4
92465,1
92466,3
92466,2
92467,5
92468,3
92469,4
92469,1
92471,2
92471,6
92472,1
92472,8
92474,10
92474,5
92475,0
92476,7
92476,10
92477,2
92478,8
92479,8
92481,9
92486,9
92488,6
92489,0
92489,5
92489,2
92490,7
92491,2
92492,2
92493,1
92493,4
92493,3
92494,10
92495,8
92496,5
92496,1
92496,4
92496,9
92496,2
92497,7
92498,0
92499,4
92500,0
92500,10
92501,7
92501,0
92504,2
92506,2
92508,6
92509,4
92511,2
92514,8
92515,10
92515,2
92516,10
92516,2
92517,0
92517,4
92518,3
92519,3
92521,8
92522,2
92522,3
92523,6
92523,5
92526,4
92526,5
92526,7
92528,5
92531,2
92531,10
92532,1
92534,2
92534,0
92536,9
92538,2
92538,5
92538,6
92540,6
92542,1
92544,9
92544,0
92545,9
92547,8
92547,9
92547,4
92549,4
92549,0
92552,2
92552,7
92553,3
92553,5
92553,9
92554,10
92554,8
92554,7
92556,9
92556,6
92562,3
92562,2
92564,0
92565,9
92566,0
92566,7
92567,10
92571,9
92573,2
92574,4
92576,1
92577,6
92577,9
92578,4
92578,0
92579,6
92579,4
92580,8
92580,3
92581,1
92581,3
92581,2
92582,4
92584,1
92586,10
92586,1
92587,9
92590,6
92591,3
92591,8
92592,9
92594,6
92595,1
92595,4
92599,6
92601,1
92602,9
92605,2
92606,3
92606,0
92607,9
92609,9
92610,1
92614,4
92614,6
92615,3
92616,5
92616,3
92617,1
92618,9
92618,10
92618,8
92622,1
92622,8
92623,10
92624,9
92625,3
92625,8
92626,6
92627,8
92629,1
92629,6
92631,6
92633,10
92634,6
92635,8
92635,3
92635,0
92636,0
92636,5
92637,8
92638,0
92639,0
92640,6
92642,1
92642,8
92642,2
92643,0
92643,4
92643,3
92643,7
92643,1
92644,5
92644,7
92646,1
92648,9
92648,5
92650,1
92651,9
92652,0
92653,8
92657,8
92657,1
92659,3
92664,2
92664,9
92667,9
92668,7
92668,9
92670,4
92670,7
92671,4
92674,10
92675,9
92676,4
92677,7
92678,8
92678,9
92679,0
92679,8
92679,7
92682,5
92683,2
92685,9
92686,5
92686,4
92686,8
92689,1
92690,2
92690,0
92692,9
92694,1
92696,8
92698,8
92699,0
92700,10
92702,5
92702,10
92702,6
92702,4
92703,5
92705,6
92705,2
92706,2
92706,4
92707,0
92709,0
92709,1
92710,6
92710,3
92711,0
92712,4
92712,0
92713,0
92715,9
92715,6
92715,2
92716,2
92716,5
92717,8
92719,3
92719,0
92720,1
92721,2
92721,4
92722,1
92722,9
92724,8
92724,4
92725,8
92729,8
92729,6
92730,0
92730,1
92732,1
92733,10
92733,0
92736,8
92737,7
92738,10
92739,1
92739,10
92740,1
92740,2
92741,2
92745,7
92745,4
92746,0
92746,6
92747,1
92748,7
92748,4
92750,1
92750,10
92750,3
92752,6
92754,1
92755,5
92755,0
92756,10
92757,3
92757,6
92757,8
92758,5
92758,7
92759,3
92760,4
92761,6
92762,5
92763,7
92764,2
92765,4
92766,3
92768,1
92768,7
92768,5
92770,1
92771,5
92772,8
92773,3
92773,0
92774,1
92775,0
92775,1
92778,7
92779,10
92779,9
92781,6
92782,9
92785,2
92786,3
92786,6
92787,6
92787,1
92788,8
92788,10
92789,6
92791,3
92793,2
92793,1
92795,0
92798,10
92798,3
92799,4
92800,3
92801,10
92802,6
92803,6
92804,0
92805,4
92805,10
92806,5
92806,7
92806,10
92807,3
92809,4
92811,9
92812,1
92812,7
92815,0
92815,6
92817,1
92820,8
92820,2
92820,3
92821,7
92821,6
92821,8
92821,9
92822,3
92822,10
92823,7
92824,6
92826,4
92826,9
92827,8
92834,9
92835,7
92835,8
92838,8
92840,7
92841,8
92841,9
92842,2
92842,7
92846,3
92848,10
92848,6
92848,2
92848,5
92849,6
92849,3
92850,6
92850,1
92850,3
92851,10
92851,9
92852,5
92853,8
92853,2
92854,6
92855,8
92856,7
92857,10
92857,3
92863,5
92863,4
92864,10
92864,8
92865,0
92865,1
92866,5
92866,2
92868,7
92868,9
92869,9
92872,0
92875,8
92879,6
92880,6
92880,4
92880,10
92881,4
92883,8
92883,6
92884,6
92887,9
92889,1
92889,2
92889,8
92891,0
92891,9
92892,10
92892,8
92893,3
92893,7
92894,3
92897,10
92898,1
92899,10
92899,4
92900,0
92901,7
92901,8
92901,5
92902,5
92903,10
92904,2
92905,4
92908,1
92910,0
92912,2
92912,3
92913,10
92914,1
92916,9
92917,4
92918,0
92918,9
92918,2
92918,4
92920,8
92921,0
92922,3
92923,4
92926,2
92926,4
92927,7
92927,9
92928,0
92928,10
92929,10
92929,2
92930,5
92932,5
92932,8
92932,0
92933,10
92934,0
92935,8
92935,6
92936,0
92936,9
92938,7
92938,0
92941,6
92942,10
92942,9
92943,6
92943,3
92944,7
92945,6
92945,4
92945,7
92947,3
92948,4
92949,1
92949,5
92952,0
92953,10
92954,10
92956,5
92957,1
92958,4
92959,10
92959,0
92959,5
92960,10
92963,2
92963,0
92964,5
92964,1
92965,7
92967,4
92967,3
92968,1
92969,1
92970,9
92970,0
92971,3
92973,9
92973,8
92974,4
92975,10
92978,9
92978,1
92979,6
92982,9
92983,6
92984,1
92984,10
92984,8
92985,5
92986,9
92987,1
92987,7
92987,5
92988,8
92988,5
92988,3
92988,10
92989,5
92990,7
92992,9
92993,6
92994,7
92994,1
92997,4
92999,9
92999,4
92999,3
92999,6
93001,5
93002,10
93004,6
93004,4
93004,10
93005,0
93005,1
93006,8
93006,6
93007,9
93007,7
93008,1
93009,4
93010,1
93010,6
93011,0
93011,9
93012,8
93012,10
93013,9
93014,8
93015,8
93016,3
93017,9
93018,5
93019,0
93019,1
93020,4
93020,10
93021,0
93021,5
93022,4
93023,7
93025,7
93025,0
93026,1
93026,2
93028,9
93029,6
93029,9
93029,7
93030,9
93030,0
93031,6
93032,7
93032,5
93034,7
93036,4
93036,2
93036,7
93037,2
93038,10
93039,10
93040,3
93040,4
93041,2
93042,7
93043,2
93045,6
93046,8
93047,2
93048,10
93050,8
93050,3
93051,2
93053,9
93053,8
93053,0
93055,4
93057,10
93058,8
93058,0
93058,5
93058,3
93060,9
93062,10
93062,7
93062,5
93065,8
93065,0
93066,6
93067,9
93067,4
93068,6
93068,7
93071,3
93071,6
93074,3
93076,4
93076,7
93077,0
93080,0
93081,2
93081,4
93084,6
93084,7
93084,3
93084,9
93084,0
93085,3
93085,7
93086,10
93088,8
93089,1
93089,3
93090,1
93090,3
93095,9
93096,5
93096,7
93097,9
93097,7
93098,8
93098,7
93099,6
93099,1
93099,8
93101,2
93101,3
93103,2
93104,4
93106,4
93106,2
93106,6
93107,6
93109,7
93111,7
93111,9
93112,1
93113,6
93114,2
93115,3
93116,1
93117,5
93118,2
93120,2
93121,8
93124,3
93125,5
93125,3
93126,7
93128,2
93129,0
93129,4
93130,2
93130,5
93130,4
93131,10
93134,3
93135,8
93136,1
93137,3
93137,10
93138,2
93139,7
93139,2
93139,3
93140,8
93140,3
93142,0
93143,10
93143,7
93144,7
93144,5
93147,4
93150,2
93154,8
93156,8
93156,1
93156,2
93157,10
93158,8
93159,7
93161,0
93161,2
93164,5
93167,10
93167,6
93168,6
93168,7
93168,3
93168,10
93168,4
93169,6
93169,2
93169,3
93170,8
93175,1
93175,4
93176,10
93176,9
93177,6
93177,4
93178,3
93178,9
93180,3
93180,6
93181,5
93181,6
93184,1
93186,2
93187,10
93189,7
93189,5
93192,5
93193,7
93193,5
93194,3
93194,4
93196,3
93199,0
93201,6
93202,4
93204,1
93204,4
93206,6
93207,10
93207,1
93208,9
93208,2
93211,1
93212,1
93212,2
93213,4
93214,7
93217,8
93219,8
93221,9
93222,0
93222,7
93223,9
93223,2
93224,6
93227,6
93227,1
93231,8
93232,5
93233,9
93233,8
93234,0
93234,4
93234,3
93235,5
93236,2
93236,5
93236,8
93237,8
93238,8
93239,2
93239,0
93239,6
93241,6
93241,0
93241,8
93242,4
93243,3
93244,2
93246,4
93247,1
93247,8
93247,10
93249,7
93250,2
93256,2
93257,6
93257,3
93258,4
93258,5
93260,2
93260,3
93261,6
93261,8
93262,8
93262,9
93264,0
93264,4
93265,9
93267,2
93268,7
93269,9
93270,3
93270,0
93272,2
93273,9
93273,1
93275,9
93276,7
93276,10
93277,0
93277,7
93278,3
93279,3
93281,4
93281,6
93281,2
93282,9
93283,8
93284,2
93285,9
93286,2
93286,7
93287,8
93287,10
93288,6
93288,7
93290,10
93291,7
93291,0
93292,9
93295,2
93295,10
93297,4
93298,6
93298,4
93298,1
93300,1
93300,2
93301,9
93301,1
93301,6
93302,5
93305,9
93305,10
93306,4
93307,7
93308,2
93308,3
93309,8
93310,0
93310,4
93312,1
93312,10
93312,2
93313,3
93314,4
93314,6
93316,9
93317,2
93317,4
93318,2
93320,4
93320,0
93326,3
93326,1
93328,0
93328,3
93329,0
93330,1
93331,9
93332,8
93332,1
93332,4
93335,10
93336,1
93337,6
93337,5
93339,5
93339,4
93341,9
93342,5
93345,0
93345,5
93345,2
93345,6
93346,1
93346,6
93347,6
93347,10
93347,8
93348,4
93349,1
93349,3
93350,10
93352,5
93352,0
93356,3
93357,5
93358,8
93359,1
93359,4
93360,7
93360,10
93361,10
93361,5
93362,7
93364,7
93364,5
93366,8
93367,9
93370,10
93370,4
93371,1
93373,4
93373,3
93374,8
93375,10
93375,2
93376,9
93377,3
93377,4
93380,0
93381,3
93382,6
93382,3
93384,7
93385,0
93387,2
93388,6
93391,6
93391,0
93396,6
93396,9
93396,3
93396,2
93397,4
93398,0
93400,7
93402,8
93402,3
93403,5
93403,7
93404,7
93406,3
93407,5
93407,0
93407,9
93407,1
93408,3
93410,4
93410,9
93411,2
93411,1
93412,10
93412,3
93413,5
93413,2
93414,1
93416,3
93417,5
93417,10
93418,6
93419,8
93420,9
93420,8
93420,10
93420,3
93420,6
93421,10
93421,7
93424,0
93424,9
93431,8
93431,0
93432,10
93432,1
93432,0
93432,8
93435,6
93436,7
93436,6
93436,0
93438,3
93438,5
93440,0
93440,5
93441,10
93442,4
93445,0
93446,9
93446,10
93446,7
93448,1
93448,6
93449,7
93449,9
93449,5
93451,10
93452,6
93455,1
93456,2
93457,4
93459,9
93459,7
93460,2
93460,7
93460,6
93461,0
93461,8
93461,6
93462,9
93463,8
93463,0
93467,3
93468,4
93468,9
93468,5
93470,0
93471,7
93472,5
93475,5
93476,4
93477,0
93479,5
93479,6
93480,6
93481,1
93482,6
93482,10
93483,7
93483,5
93483,9
93484,10
93485,10
93488,7
93489,10
93490,3
93490,0
93491,6
93491,10
93492,3
93492,2
93493,0
93494,5
93494,10
93496,3
93497,9
93497,5
93500,8
93500,6
93501,9
93502,8
93502,7
93503,8
93504,5
93504,3
93507,5
93507,8
93507,10
93508,8
93510,0
93510,6
93511,8
93513,6
93513,5
93517,5
93518,5
93518,4
93519,8
93520,8
93520,2
93520,7
93521,9
93521,7
93522,6
93523,6
93523,4
93524,1
93526,8
93526,0
93528,7
93529,5
93530,0
93531,8
93532,2
93534,1
93534,5
93537,5
93537,10
93538,7
93538,8
93539,3
93539,2
93541,8
93542,7
93542,0
93542,2
93543,10
93544,5
93544,4
93545,8
93547,1
93547,7
93549,1
93551,5
93554,9
93554,2
93556,3
93556,2
93556,1
93557,10
93557,8
93557,4
93557,9
93558,0
93558,4
93558,5
93559,7
93561,1
93561,6
93562,1
93563,4
93567,3
93568,9
93570,7
93572,9
93572,0
93572,1
93573,5
93574,5
93574,2
93575,10
93577,9
93580,7
93581,4
93583,8
93584,8
93588,2
93591,9
93595,4
93595,0
93596,9
93596,1
93597,10
93597,3
93598,10
93599,10
93599,4
93601,9
93602,5
93606,1
93608,6
93608,4
93609,8
93613,2
93613,6
93613,8
93614,9
93615,10
93617,7
93618,5
93619,9
93619,10
93619,1
93620,5
93620,6
93620,3
93620,2
93621,3
93622,7
93623,3
93623,2
93625,3
93626,5
93628,1
93629,10
93630,7
93633,0
93633,6
93636,10
93636,1
93637,7
93637,5
93640,1
93642,9
93642,7
93643,10
93645,7
93646,4
93646,0
93647,1
93649,5
93650,4
93650,2
93650,7
93653,10
93654,9
93655,2
93656,6
93656,2
93658,10
93658,1
93658,5
93659,7
93660,6
93660,9
93661,9
93662,5
93662,4
93662,9
93663,9
93664,3
93664,2
93668,8
93668,0
93669,7
93670,7
93670,1
93672,4
93672,9
93672,8
93673,8
93674,4
93675,0
93680,9
93682,1
93683,5
93685,6
93686,6
93686,3
93687,0
93688,10
93688,9
93691,3
93693,2
93694,8
93694,3
93695,8
93695,1
93696,2
93696,4
93697,0
93698,0
93699,8
93700,4
93703,7
93703,8
93704,8
93706,10
93711,4
93711,8
93711,2
93713,6
93714,2
93714,6
93714,8
93717,8
93718,5
93718,10
93719,6
93719,9
93721,3
93721,6
93722,1
93723,8
93724,9
93726,0
93727,9
93727,7
93730,0
93731,6
93731,7
93732,2
93732,9
93733,9
93734,1
93734,2
93735,4
93736,5
93737,4
93738,10
93741,6
93743,9
93743,2
93746,2
93748,8
93749,2
93749,9
93749,10
93752,6
93752,1
93753,8
93753,3
93754,5
93754,1
93755,8
93756,4
93756,2
93757,2
93758,5
93758,6
93761,10
93763,8
93764,4
93765,6
93766,4
93768,0
93768,2
93770,8
93771,10
93771,2
93771,4
93772,8
93774,9
93775,3
93775,0
93777,5
93778,0
93778,7
93779,2
93779,3
93780,5
93781,8
93782,3
93783,1
93785,10
93787,2
93787,0
93787,10
93789,3
93789,10
93790,6
93791,4
93793,10
93794,5
93795,8
93796,7
93796,5
93798,1
93798,5
93798,9
93801,5
93801,7
93803,5
93805,10
93806,1
93808,3
93813,4
93814,1
93814,9
93814,2
93814,10
93818,2
93820,9
93820,7
93822,7
93822,2
93825,9
93825,3
93826,0
93826,3
93827,3
93827,2
93828,2
93829,4
93830,4
93832,4
93832,9
93834,8
93836,0
93837,2
93838,1
93839,4
93839,10
93841,4
93843,5
93844,2
93845,10
93847,3
93847,9
93849,6
93850,9
93853,2
93853,10
93854,5
93854,0
93854,3
93856,9
93856,2
93857,10
93857,8
93859,2
93859,3
93860,1
93864,6
93864,8
93864,7
93866,7
93867,7
93867,10
93868,2
93868,4
93869,2
93870,10
93871,2
93871,5
93871,4
93871,6
93871,0
93872,9
93872,2
93873,6
93876,7
93876,1
93878,5
93879,10
93880,7
93882,2
93882,0
93882,3
93883,0
93883,5
93884,7
93884,2
93884,8
93888,10
93888,2
93888,9
93890,1
93891,6
93892,2
93893,8
93893,5
93896,5
93896,6
93897,10
93900,6
93900,4
93901,5
93901,4
93902,7
93902,0
93906,2
93906,4
93907,9
93908,2
93909,8
93910,7
93911,9
93913,9
93913,10
93913,3
93915,10
93916,0
93916,5
93917,4
93917,6
93918,9
93919,0
93919,3
93921,0
93922,8
93922,1
93923,1
93923,0
93925,0
93925,10
93925,2
93926,4
93926,3
93927,10
93928,0
93929,7
93931,9
93932,2
93935,6
93939,9
93940,5
93942,4
93942,2
93943,6
93944,2
93946,0
93948,2
93948,9
93948,10
93950,4
93950,1
93950,9
93951,4
93953,3
93955,2
93956,4
93957,6
93959,10
93959,2
93960,5
93962,9
93962,1
93963,5
93963,2
93963,9
93965,3
93965,9
93965,10
93966,6
93966,4
93968,5
93969,9
93969,6
93970,1
93970,0
93970,2
93971,4
93971,2
93972,0
93974,1
93974,6
93974,7
93975,10
93976,9
93977,0
93978,1
93978,9
93980,9
93980,8
93984,6
93985,8
93985,4
93986,3
93987,5
93988,2
93988,0
93990,7
93992,8
93992,2
93993,7
93993,6
93993,1
93998,6
93999,5
94000,8
94000,3
94001,10
94002,6
94003,2
94003,4
94005,4
94005,6
94006,0
94006,7
94007,8
94007,6
94008,7
94011,1
94011,7
94011,8
94012,9
94012,2
94013,7
94015,0
94015,2
94017,4
94017,0
94018,4
94018,9
94018,5
94020,3
94021,4
94021,0
94022,8
94022,0
94023,4
94023,0
94024,1
94026,5
94028,4
94030,9
94030,0
94031,0
94032,4
94032,1
94033,8
94034,5
94035,1
94036,7
94038,2
94039,7
94039,8
94039,3
94040,1
94040,3
94040,6
94042,6
94042,5
94043,9
94044,7
94044,3
94045,6
94045,3
94045,5
94045,0
94046,0
94047,9
94047,6
94049,5
94050,10
94051,9
94051,10
94054,0
94057,8
94059,7
94059,6
94059,3
94060,2
94061,8
94062,0
94064,5
94064,0
94065,1
94066,8
94067,2
94068,8
94068,6
94069,10
94069,7
94071,10
94072,4
94073,9
94075,2
94075,7
94075,9
94076,10
94077,9
94079,5
94081,5
94084,6
94085,6
94086,9
94087,5
94088,7
94089,10
94089,7
94090,9
94090,5
94092,9
94092,6
94095,2
94096,9
94098,9
94099,3
94100,1
94101,1
94102,3
94103,10
94105,4
94105,2
94107,0
94107,2
94109,10
94109,8
94111,7
94112,5
94113,2
94113,3
94113,8
94113,6
94114,6
94114,9
94116,5
94116,6
94116,1
94117,7
94117,9
94117,5
94117,3
94118,9
94119,8
94121,6
94121,0
94124,7
94124,0
94124,10
94126,8
94128,0
94129,9
94129,8
94130,3
94132,10
94132,5
94133,6
94135,6
94136,7
94137,2
94137,3
94138,10
94139,7
94140,10
94143,3
94144,1
94144,10
94145,0
94146,6
94147,8
94148,6
94149,6
94152,7
94155,8
94156,10
94156,7
94156,0
94157,0
94157,5
94158,3
94158,5
94161,6
94162,6
94163,4
94164,10
94165,7
94166,4
94167,7
94167,3
94168,5
94169,6
94169,8
94169,2
94170,1
94170,9
94171,10
94173,6
94173,0
94174,0
94174,9
94176,2
94177,4
94178,6
94179,3
94179,10
94180,0
94180,7
94184,1
94185,9
94186,5
94186,3
94189,9
94189,1
94189,7
94189,6
94189,5
94190,1
94191,9
94191,1
94195,2
94195,0
94198,4
94199,9
94200,1
94201,3
94202,8
94202,9
94203,10
94204,6
94205,8
94207,5
94209,4
94209,8
94209,2
94210,9
94211,10
94212,3
94213,3
94213,5
94213,8
94214,3
94214,4
94214,1
94215,4
94216,7
94216,9
94216,8
94218,0
94219,7
94219,2
94220,7
94220,10
94221,1
94221,10
94222,7
94224,1
94224,5
94225,4
94226,1
94229,0
94230,1
94231,2
94231,9
94231,5
94232,1
94233,7
94235,0
94235,10
94236,9
94238,4
94242,1
94242,10
94243,5
94246,7
94248,10
94248,2
94250,4
94251,5
94253,8
94253,3
94254,10
94257,8
94257,5
94258,6
94259,10
94261,0
94261,2
94261,4
94262,2
94262,10
94266,7
94266,8
94267,2
94267,6
94268,3
94269,8
94269,3
94269,9
94271,7
94271,6
94274,1
94274,10
94275,10
94275,2
94276,3
94276,2
94277,9
94280,3
94281,0
94283,5
94286,8
94288,0
94288,1
94289,6
94290,2
94291,1
94293,6
94293,1
94293,7
94294,8
94297,1
94299,10
94300,3
94301,1
94301,0
94303,5
94303,3
94303,8
94304,1
94305,3
94306,6
94309,2
94312,1
94313,0
94313,1
94313,8
94313,4
94314,7
94314,4
94315,8
94316,0
94316,7
94319,0
94320,6
94320,0
94321,0
94322,3
94322,6
94323,9
94326,6
94326,7
94327,10
94327,6
94328,9
94328,10
94329,2
94329,4
94334,10
94336,2
94336,0
94337,10
94338,5
94338,10
94339,9
94340,0
94341,8
94343,10
94343,7
94343,1
94343,5
94344,1
94345,4
94345,0
94346,6
94349,0
94350,2
94354,0
94357,9
94357,4
94359,4
94359,0
94361,9
94362,2
94362,7
94363,5
94365,10
94365,1
94366,3
94367,9
94367,5
94367,6
94368,0
94368,10
94370,0
94370,6
94370,4
94371,0
94372,3
94372,9
94372,7
94373,6
94373,2
94375,10
94376,0
94377,5
94378,0
94380,9
94380,1
94381,0
94382,3
94382,0
94382,5
94383,1
94384,6
94386,2
94387,1
94388,5
94390,6
94391,4
94391,6
94393,1
94394,10
94395,0
94397,2
94397,1
94398,0
94398,9
94399,7
94401,2
94402,4
94402,2
94403,6
94403,1
94403,4
94404,10
94404,2
94407,7
94408,10
94410,7
94411,10
94412,10
94414,2
94415,4
94415,1
94415,5
94417,7
94417,10
94418,8
94418,1
94419,5
94420,7
94420,8
94420,1
94420,4
94421,8
94425,1
94425,5
94427,3
94428,1
94428,2
94428,0
94429,7
94429,3
94430,5
94430,3
94432,3
94433,1
94434,4
94435,3
94435,0
94435,10
94435,8
94436,1
94437,6
94437,3
94438,7
94438,1
94438,0
94440,10
94441,8
94443,2
94443,9
94444,7
94449,4
94450,4
94451,2
94451,6
94452,8
94453,3
94454,6
94456,5
94456,3
94457,1
94459,5
94459,10
94460,5
94462,7
94462,4
94463,8
94466,6
94468,5
94469,3
94470,4
94471,5
94471,3
94472,9
94473,4
94474,8
94474,9
94475,1
94476,9
94477,5
94479,7
94479,0
94480,5
94483,5
94483,9
94485,4
94489,2
94489,1
94490,3
94491,2
94491,10
94493,9
94494,8
94495,3
94497,8
94497,7
94500,6
94500,4
94501,7
94502,10
94502,8
94505,6
94506,2
94506,5
94506,1
94507,9
94508,3
94510,3
94510,4
94511,1
94511,6
94513,2
94513,10
94514,5
94514,10
94514,0
94517,6
94518,10
94520,8
94521,8
94521,5
94522,7
94523,3
94523,0
94523,5
94523,2
94525,10
94527,2
94528,6
94529,8
94529,9
94532,2
94532,1
94533,3
94537,8
94538,5
94538,10
94539,4
94540,3
94541,2
94542,4
94544,7
94545,4
94545,1
94546,2
94546,5
94547,2
94550,8
94550,0
94551,0
94551,2
94552,2
94552,4
94554,0
94556,9
94556,5
94557,2
94558,3
94558,6
94558,2
94559,1
94561,10
94562,9
94562,1
94563,7
94563,9
94563,4
94564,6
94564,10
94564,8
94565,5
94566,6
94568,7
94568,2
94571,0
94572,1
94574,1
94575,2
94576,2
94576,6
94576,7
94577,0
94578,8
94581,1
94582,2
94582,3
94582,10
94584,10
94585,3
94585,1
94586,6
94587,7
94589,0
94591,3
94592,1
94593,5
94594,3
94596,2
94597,10
94597,0
94598,1
94598,6
94598,0
94598,3
94599,2
94599,10
94600,8
94601,4
94601,5
94601,1
94602,3
94604,3
94606,10
94606,5
94606,4
94606,6
94607,10
94607,0
94607,8
94608,10
94608,5
94612,6
94612,3
94614,9
94616,3
94616,9
94618,4
94621,9
94622,5
94623,4
94624,7
94625,4
94626,0
94627,4
94628,8
94630,5
94630,1
94633,10
94634,1
94635,10
94635,6
94636,0
94638,2
94638,7
94638,8
94639,6
94640,3
94642,9
94644,5
94644,8
94645,10
94646,10
94646,6
94646,3
94646,9
94647,2
94649,8
94649,10
94651,9
94652,4
94652,7
94654,5
94654,1
94654,8
94655,5
94655,7
94655,2
94657,10
94658,10
94658,5
94658,6
94659,5
94659,6
94662,7
94662,4
94663,10
94665,1
94666,0
94670,9
94670,5
94671,1
94672,3
94672,9
94672,6
94672,4
94672,8
94673,9
94673,0
94673,5
94674,2
94675,10
94675,6
94676,1
94678,8
94681,1
94681,0
94683,9
94685,4
94685,3
94686,10
94686,2
94689,0
94689,8
94689,10
94692,8
94693,10
94693,3
94694,7
94696,7
94697,3
94698,2
94698,1
94699,3
94700,3
94700,4
94700,0
94701,4
94702,3
94702,9
94703,10
94704,3
94704,4
94705,10
94705,6
94706,3
94707,2
94708,6
94709,9
94709,6
94712,6
94713,7
94715,10
94715,5
94716,9
94716,10
94718,7
94718,10
94722,7
94724,7
94726,3
94727,10
94728,0
94731,3
94733,1
94733,5
94734,7
94735,6
94736,8
94737,4
94738,3
94741,0
94745,2
94746,7
94747,8
94747,6
94749,10
94749,9
94750,3
94750,4
94750,0
94751,6
94751,2
94753,3
94754,4
94756,1
94756,2
94757,1
94758,6
94758,5
94758,3
94759,3
94760,3
94761,4
94761,3
94762,9
94763,6
94768,10
94770,1
94771,1
94772,8
94773,7
94774,6
94778,7
94780,5
94780,7
94781,3
94781,5
94782,1
94782,9
94784,2
94785,8
94785,10
94787,9
94787,0
94789,4
94789,10
94792,6
94793,5
94793,9
94795,7
94797,5
94797,8
94799,7
94799,4
94803,3
94803,2
94804,3
94804,5
94804,8
94805,2
94805,3
94806,3
94806,1
94807,3
94808,4
94808,0
94809,10
94810,4
94811,6
94811,9
94811,10
94811,7
94812,4
94812,3
94812,10
94813,2
94813,7
94814,8
94814,0
94816,1
94816,0
94820,5
94822,8
94822,5
94822,3
94823,4
94825,1
94825,0
94826,10
94827,2
94828,5
94830,5
94831,3
94832,0
94834,1
94835,8
94835,4
94836,0
94836,3
94839,9
94840,7
94841,2
94842,0
94842,3
94843,1
94845,4
94846,8
94849,5
94850,7
94850,1
94851,9
94855,8
94856,5
94856,0
94856,6
94856,8
94857,0
94858,6
94859,3
94860,8
94861,4
94862,0
94865,1
94865,4
94867,1
94867,0
94868,5
94869,7
94871,10
94872,10
94873,6
94873,5
94875,1
94875,7
94876,5
94877,0
94878,2
94879,8
94880,6
94881,9
94881,4
94882,0
94882,3
94883,3
94885,2
94887,2
94887,6
94888,6
94889,4
94890,1
94893,10
94893,8
94894,10
94895,5
94897,0
94897,1
94898,2
94898,7
94898,0
94898,9
94899,3
94900,10
94901,3
94901,9
94902,2
94904,4
94904,2
94904,7
94904,0
94905,0
94906,0
94906,4
94907,1
94908,10
94908,4
94909,0
94910,1
94911,4
94911,2
94911,6
94912,8
94913,1
94913,6
94914,4
94915,0
94915,9
94918,8
94919,10
94919,5
94925,0
94926,6
94927,7
94927,3
94929,9
94929,0
94929,6
94931,2
94931,4
94931,0
94932,2
94932,5
94933,3
94933,9
94935,2
94935,1
94935,6
94936,4
94938,2
94938,7
94939,0
94939,1
94941,7
94941,6
94942,3
94942,0
94944,6
94946,1
94946,0
94949,3
94950,4
94950,0
94953,6
94954,0
94955,5
94956,4
94956,9
94957,0
94958,2
94960,6
94960,8
94961,10
94962,4
94963,3
94965,2
94966,9
94966,8
94966,0
94966,3
94966,5
94967,7
94967,9
94970,7
94975,7
94976,9
94979,0
94980,5
94981,3
94983,1
94983,5
94985,8
94986,6
94987,1
94987,8
94988,8
94989,9
94989,7
94990,3
94990,2
94990,8
94991,0
94991,1
94992,3
94992,0
94992,1
94993,10
94993,1
94994,3
94995,9
94997,6
94998,0
94998,1
95000,0
95001,7
95002,7
95002,0
95003,0
95004,4
95004,0
95005,8
95006,4
95006,3
95007,8
95007,10
95007,4
95008,6
95008,4
95010,4
95010,3
95011,5
95012,2
95013,5
95013,4
95017,10
95019,8
95022,7
95024,7
95027,8
95027,7
95029,5
95030,5
95031,1
95032,9
95033,5
95033,3
95034,7
95035,2
95036,4
95037,2
95039,10
95041,9
95041,4
95043,7
95043,9
95043,4
95043,2
95044,4
95046,1
95047,2
95048,4
95049,9
95049,7
95049,1
95049,10
95052,4
95055,7
95057,3
95057,10
95057,4
95058,8
95058,9
95059,10
95061,9
95061,7
95062,4
95064,10
95064,6
95066,10
95067,9
95068,7
95070,8
95070,10
95070,0
95071,8
95071,10
95072,4
95073,6
95073,7
95074,10
95074,8
95075,4
95076,8
95077,7
95077,8
95079,9
95079,8
95080,0
95080,7
95082,9
95082,7
95082,3
95084,8
95085,3
95085,5
95087,3
95087,7
95088,5
95089,0
95089,4
95089,5
95089,10
95089,8
95090,8
95090,7
95091,6
95093,1
95094,2
95099,6
95099,10
95099,9
95103,10
95103,3
95104,8
95106,6
95109,1
95110,10
95111,10
95111,5
95112,10
95113,10
95115,8
95115,9
95115,5
95116,3
95119,1
95120,10
95120,7
95121,10
95121,9
95122,0
95124,3
95125,7
95126,4
95126,3
95127,5
95127,2
95129,0
95131,3
95131,5
95132,1
95133,1
95134,7
95136,9
95136,8
95136,1
95137,0
95137,4
95139,2
95139,4
95140,10
95141,2
95142,0
95143,2
95144,10
95144,6
95145,9
95145,3
95146,8
95146,2
95147,5
95147,2
95148,5
95149,6
95149,7
95150,0
95150,3
95151,7
95151,3
95152,6
95152,3
95154,8
95155,7
95155,1
95156,4
95156,7
95158,1
95160,3
95162,1
95163,9
95164,5
95165,2
95165,7
95165,6
95168,6
95169,7
95170,3
95170,1
95171,4
95172,6
95172,4
95173,9
95173,6
95173,7
95173,3
95174,10
95176,5
95176,0
95176,1
95177,2
95179,1
95180,7
95180,2
95180,9
95181,3
95181,10
95182,6
95183,0
95184,1
95190,1
95190,10
95193,2
95194,5
95195,0
95196,9
95196,6
95197,4
95197,0
95198,5
95199,8
95199,6
95200,6
95200,10
95201,7
95203,6
95203,0
95203,1
95205,9
95206,1
95206,3
95208,0
95208,9
95210,9
95211,1
95215,4
95216,4
95218,5
95220,3
95223,6
95223,1
95223,4
95224,6
95224,8
95225,1
95230,0
95230,6
95230,4
95230,2
95231,9
95231,1
95231,8
95231,3
95232,10
95233,8
95233,7
95234,1
95236,1
95237,7
95237,6
95238,10
95241,2
95241,6
95242,10
95242,8
95244,2
95246,9
95246,8
95246,2
95246,1
95247,4
95249,8
95252,6
95252,3
95255,7
95256,7
95257,9
95257,4
95259,8
95260,8
95261,8
95261,10
95261,4
95261,0
95262,8
95264,2
95264,6
95266,0
95266,2
95267,5
95267,1
95267,9
95267,8
95267,10
95268,0
95270,4
95271,7
95272,9
95272,10
95273,1
95274,6
95274,8
95275,5
95275,9
95276,1
95277,9
95279,3
95279,7
95280,3
95281,4
95282,4
95284,0
95284,9
95287,5
95287,6
95289,1
95290,9
95290,8
95291,8
95291,7
95291,6
95293,7
95293,2
95296,9
95300,3
95300,4
95301,6
95301,7
95302,0
95302,10
95304,8
95304,3
95306,8
95309,0
95309,3
95310,1
95311,5
95312,0
95312,3
95313,7
95313,10
95314,6
95315,4
95315,9
95316,3
95316,5
95317,1
95318,9
95319,4
95320,8
95321,4
95322,3
95322,1
95323,1
95323,7
95324,2
95325,1
95325,10
95327,5
95328,6
95330,7
95330,1
95331,7
95331,3
95332,1
95333,10
95333,4
95334,4
95334,9
95336,1
95337,0
95339,10
95340,2
95340,6
95344,3
95346,1
95347,3
95348,5
95349,1
95353,3
95354,6
95354,7
95355,0
95355,2
95355,10
95355,1
95357,10
95357,3
95358,0
95359,7
95359,2
95361,1
95361,6
95361,10
95364,3
95366,0
95366,2
95367,1
95367,7
95367,5
95368,5
95371,3
95372,10
95372,5
95373,5
95373,2
95377,8
95378,10
95379,8
95380,0
95381,8
95382,1
95383,9
95385,5
95386,5
95390,10
95391,9
95392,5
95393,9
95393,3
95394,7
95395,1
95396,5
95396,6
95398,9
95402,0
95403,0
95405,1
95406,5
95407,4
95407,9
95407,7
95408,8
95409,8
95409,7
95412,5
95412,0
95414,9
95415,1
95416,7
95416,5
95416,6
95416,3
95417,1
95417,10
95420,3
95421,5
95421,1
95422,9
95423,3
95423,10
95424,2
95425,10
95425,2
95428,6
95428,5
95429,9
95429,0
95430,6
95430,1
95430,4
95432,9
95433,6
95434,5
95436,7
95437,4
95437,6
95437,8
95439,3
95439,4
95439,9
95440,3
95442,6
95443,6
95444,1
95450,1
95452,10
95453,1
95454,6
95454,3
95455,4
95455,8
95455,7
95457,5
95457,0
95459,8
95459,6
95460,10
95460,3
95462,9
95463,4
95464,10
95464,7
95465,8
95466,4
95467,8
95468,10
95469,1
95470,9
95470,3
95471,2
95472,9
95473,3
95474,10
95474,2
95475,4
95477,3
95477,6
95478,8
95479,2
95480,10
95481,5
95481,10
95482,9
95483,1
95483,10
95484,4
95484,0
95486,4
95486,9
95487,1
95487,9
95488,10
95489,1
95490,3
95490,6
95491,2
95492,3
95492,8
95494,1
95495,10
95496,3
95496,9
95498,6
95499,6
95501,3
95502,9
95503,7
95503,5
95504,7
95504,0
95506,1
95506,9
95507,9
95509,6
95511,8
95513,7
95517,4
95517,5
95518,10
95518,6
95519,1
95519,3
95521,2
95521,0
95524,9
95525,6
95525,7
95526,10
95530,0
95530,9
95531,8
95533,7
95533,5
95534,2
95534,5
95534,0
95535,3
95536,4
95538,5
95538,7
95540,4
95540,2
95542,2
95543,2
95543,4
95545,7
95545,9
95546,6
95547,4
95548,8
95548,10
95548,6
95548,5
95549,5
95549,9
95550,10
95551,6
95551,10
95551,8
95552,2
95552,1
95553,7
95553,4
95554,2
95554,4
95554,0
95554,7
95556,4
95560,5
95560,9
95561,2
95562,8
95562,1
95565,4
95567,0
95572,0
95572,4
95573,7
95573,8
95575,9
95575,8
95576,6
95579,7
95580,0
95582,1
95587,1
95587,10
95588,0
95591,1
95592,10
95594,8
95595,0
95596,0
95598,0
95599,1
95600,9
95604,3
95605,6
95607,7
95607,5
95611,0
95611,8
95612,7
95613,6
95614,4
95614,2
95614,8
95615,4
95615,3
95621,2
95622,0
95625,8
95626,9
95626,1
95627,9
95628,9
95629,1
95629,9
95632,6
95632,8
95634,5
95635,10
95635,3
95636,5
95636,6
95637,10
95637,3
95637,7
95638,6
95640,3
95642,9
95644,6
95644,7
95645,8
95646,5
95647,8
95647,2
95647,6
95648,8
95649,7
95649,2
95650,1
95650,2
95650,7
95653,7
95653,8
95653,2
95654,2
95655,3
95655,9
95655,7
95656,2
95659,8
95660,1
95660,2
95662,5
95663,8
95664,3
95664,5
95665,2
95667,10
95667,1
95669,0
95669,6
95670,8
95670,2
95670,4
95671,6
95673,4
95673,7
95675,4
95678,1
95679,4
95679,2
95680,9
95681,6
95683,10
95684,6
95685,4
95686,2
95686,6
95687,4
95688,6
95688,2
95688,7
95689,10
95690,10
95691,7
95692,2
95692,3
95692,9
95693,5
95693,3
95693,9
95697,7
95697,9
95698,9
95698,10
95700,10
95700,1
95702,1
95702,5
95702,9
95703,4
95703,0
95704,5
95706,3
95706,6
95708,0
95708,9
95709,5
95713,4
95715,8
95717,1
95718,8
95718,6
95719,8
95719,5
95720,1
95721,2
95724,8
95728,8
95728,4
95728,3
95729,3
95730,9
95730,3
95732,2
95732,1
95734,3
95734,5
95735,5
95736,10
95737,5
95737,3
95738,2
95738,4
95740,9
95741,0
95741,4
95743,2
95744,3
95746,9
95746,5
95748,3
95751,2
95752,1
95752,3
95752,10
95753,0
95753,7
95753,9
95753,8
95754,8
95755,1
95757,1
95757,7
95759,10
95759,7
95762,10
95765,1
95765,10
95766,4
95767,7
95768,1
95768,8
95769,2
95769,0
95771,10
95771,9
95774,4
95776,8
95777,8
95778,0
95779,9
95779,7
95780,0
95781,1
95781,6
95782,5
95782,6
95782,2
95783,4
95784,9
95784,5
95784,8
95786,6
95787,8
95788,5
95788,2
95788,4
95789,5
95789,2
95789,10
95792,9
95793,6
95793,10
95795,2
95795,10
95795,1
95795,0
95800,1
95801,8
95802,8
95803,1
95803,6
95804,7
95804,10
95804,9
95805,2
95806,7
95806,10
95806,2
95807,2
95807,0
95809,2
95814,1
95817,6
95817,3
95818,3
95821,2
95822,7
95823,7
95823,4
95827,5
95827,9
95830,7
95830,9
95832,0
95833,10
95835,1
95836,5
95836,3
95839,10
95840,10
95842,3
95842,7
95842,6
95843,5
95843,4
95843,1
95844,1
95844,4
95845,8
95845,9
95846,9
95846,5
95848,2
95849,0
95849,10
95849,7
95851,10
95852,0
95852,10
95853,3
95854,9
95854,2
95855,0
95856,2
95857,5
95858,7
95858,2
95859,1
95859,2
95860,5
95861,6
95863,8
95864,5
95865,6
95865,10
95867,4
95867,8
95868,9
95868,2
95870,3
95873,0
95874,2
95875,0
95875,9
95877,8
95877,7
95877,1
95878,6
95879,5
95880,7
95881,2
95882,9
95884,7
95885,2
95886,9
95886,4
95888,2
95891,3
95891,8
95892,0
95893,10
95895,4
95896,9
95898,2
95899,4
95900,10
95900,0
95902,7
95902,2
95903,4
95904,2
95905,7
95906,10
95906,8
95906,3
95907,4
95908,10
95911,6
95915,4
95915,3
95916,5
95916,1
95916,4
95916,6
95917,9
95920,8
95920,4
95921,0
95922,4
95922,1
95923,5
95924,0
95924,4
95925,10
95926,10
95927,5
95927,0
95927,1
95930,6
95931,3
95931,4
95932,8
95933,9
95933,8
95934,9
95935,6
95936,0
95936,7
95937,5
95938,0
95938,10
95939,9
95940,10
95941,1
95941,10
95941,4
95942,5
95945,8
95945,5
95946,10
95946,1
95948,4
95949,9
95950,0
95950,7
95950,5
95952,10
95952,3
95954,3
95954,0
95956,5
95956,6
95957,9
95958,2
95959,8
95959,7
95961,2
95961,1
95965,9
95967,7
95968,4
95968,8
95970,7
95971,7
95972,10
95974,1
95974,9
95975,7
95976,1
95976,9
95977,1
95978,9
95984,5
95985,3
95986,0
95987,6
95987,1
95987,9
95989,9
95989,10
95990,10
95991,2
95992,3
95994,6
95995,8
95995,0
95996,5
95998,4
95998,7
95999,6
96000,8
96001,1
96002,7
96002,2
96003,4
96003,9
96004,2
96005,0
96005,3
96006,2
96009,6
96009,4
96010,1
96010,9
96012,10
96013,1
96014,4
96014,8
96015,9
96017,1
96017,2
96019,8
96021,10
96022,9
96024,4
96025,0
96025,3
96027,4
96027,0
96029,1
96029,5
96029,6
96031,9
96032,0
96032,5
96034,1
96034,8
96035,6
96036,3
96036,7
96037,10
96038,9
96039,7
96040,10
96042,1
96043,5
96043,9
96044,6
96045,6
96047,4
96048,0
96051,6
96051,7
96052,2
96053,10
96054,3
96054,0
96055,5
96057,10
96057,2
96058,5
96059,10
96059,5
96060,10
96060,6
96062,2
96062,3
96063,4
96063,5
96067,0
96069,7
96070,3
96071,6
96072,3
96072,6
96072,7
96074,2
96074,10
96076,3
96079,3
96081,5
96083,0
96084,9
96085,0
96086,8
96087,1
96088,4
96090,9
96090,0
96091,0
96092,7
96094,7
96095,1
96096,6
96096,9
96097,9
96098,4
96098,10
96099,9
96099,4
96101,4
96102,4
96102,7
96104,5
96106,9
96107,3
96107,6
96108,1
96108,8
96108,3
96110,2
96113,6
96113,5
96114,6
96114,9
96115,3
96115,6
96116,10
96116,2
96116,4
96117,2
96119,0
96119,2
96120,8
96120,9
96120,7
96120,2
96121,6
96121,7
96122,2
96122,6
96122,0
96123,10
96125,4
96126,8
96127,8
96128,9
96128,1
96131,0
96133,7
96135,1
96136,9
96137,6
96139,6
96140,4
96141,9
96143,5
96144,2
96147,4
96147,9
96147,1
96148,0
96150,9
96151,9
96152,8
96152,1
96153,4
96156,1
96157,6
96157,2
96158,4
96159,7
96160,6
96162,6
96162,9
96164,2
96165,9
96167,8
96167,1
96168,1
96169,3
96169,10
96170,6
96171,6
96172,9
96174,3
96175,8
96176,0
96176,7
96179,1
96179,0
96179,3
96181,8
96181,0
96183,9
96186,9
96186,8
96187,3
96188,3
96189,3
96189,2
96192,0
96192,9
96193,1
96193,8
96194,6
96194,8
96194,0
96195,1
96196,8
96199,0
96199,3
96201,4
96203,8
96203,0
96204,4
96207,2
96207,10
96210,2
96211,5
96215,1
96215,7
96215,6
96217,1
96219,7
96220,6
96222,2
96224,5
96225,8
96226,2
96228,1
96230,1
96230,7
96231,2
96231,8
96232,5
96232,0
96232,6
96232,1
96232,8
96233,3
96234,8
96234,9
96234,0
96235,10
96235,9
96236,8
96237,4
96237,5
96238,5
96239,9
96241,0
96241,4
96242,2
96243,5
96243,2
96244,0
96244,9
96245,3
96249,5
96250,2
96250,7
96251,1
96251,6
96252,3
96253,4
96254,4
96254,0
96256,8
96257,5
96257,10
96258,7
96260,8
96260,0
96261,4
96262,2
96263,7
96263,8
96264,6
96264,7
96267,10
96267,5
96269,3
96275,9
96276,6
96277,10
96280,5
96282,0
96283,10
96284,4
96284,0
96285,4
96285,6
96288,4
96289,7
96290,8
96291,4
96291,7
96293,3
96295,9
96296,3
96298,1
96299,7
96300,4
96300,7
96301,8
96301,5
96302,9
96304,4
96305,0
96305,8
96307,1
96307,4
96308,7
96309,7
96310,5
96311,9
96311,5
96312,0
96314,2
96314,10
96315,5
96316,2
96316,6
96317,8
96317,0
96318,3
96319,3
96319,10
96319,8
96321,8
96322,1
96324,2
96325,4
96325,9
96327,2
96328,2
96329,2
96331,8
96332,8
96332,0
96333,5
96334,0
96336,5
96336,7
96336,10
96337,4
96339,4
96339,6
96341,10
96341,7
96343,2
96343,8
96343,7
96345,3
96345,1
96345,0
96346,8
96346,7
96348,0
96349,0
96349,3
96350,3
96350,5
96351,6
96353,9
96353,6
96353,4
96354,4
96354,7
96354,2
96355,5
96358,2
96359,8
96360,7
96362,10
96363,0
96363,5
96364,4
96366,7
96367,8
96368,1
96368,7
96368,2
96369,5
96371,0
96372,9
96375,5
96377,5
96379,4
96380,0
96380,5
96381,7
96383,7
96384,2
96385,10
96385,0
96385,9
96386,6
96388,7
96389,1
96389,5
96389,7
96390,6
96390,7
96390,3
96391,3
96392,7
96392,6
96395,2
96395,3
96395,4
96395,10
96396,5
96396,2
96399,6
96400,5
96400,0
96401,2
96403,10
96403,3
96403,1
96404,4
96404,7
96405,6
96406,0
96408,3
96408,6
96409,10
96410,9
96410,2
96412,8
96413,10
96413,8
96414,2
96414,5
96414,10
96415,6
96415,7
96415,0
96415,8
96416,5
96416,10
96417,2
96418,8
96419,3
96419,2
96419,1
96420,1
96421,0
96421,1
96422,4
96423,3
96424,5
96425,0
96425,5
96426,0
96427,9
96428,1
96430,9
96431,0
96432,0
96432,9
96433,1
96433,4
96433,6
96435,9
96436,5
96439,2
96440,9
96442,9
96443,6
96446,1
96448,8
96449,4
96449,0
96449,9
96451,3
96451,6
96452,8
96453,8
96453,0
96453,3
96454,3
96454,7
96455,4
96457,5
96458,9
96458,1
96462,9
96464,10
96464,8
96467,3
96467,7
96467,5
96467,8
96467,1
96469,3
96470,9
96472,4
96474,0
96474,5
96475,3
96477,3
96478,10
96479,8
96480,4
96483,7
96485,6
96486,4
96487,0
96488,6
96489,8
96490,1
96491,6
96494,5
96495,10
96495,9
96496,9
96497,8
96497,4
96499,9
96499,2
96500,0
96501,0
96501,1
96502,0
96502,4
96502,10
96504,8
96505,10
96505,3
96505,6
96506,3
96507,2
96508,9
96508,8
96509,10
96509,5
96509,0
96511,5
96515,10
96515,5
96518,9
96518,0
96520,0
96524,0
96524,5
96526,6
96527,9
96527,1
96530,0
96530,9
96535,7
96536,10
96541,7
96542,1
96542,9
96542,0
96544,2
96544,7
96544,0
96547,10
96548,9
96548,6
96550,2
96551,8
96551,1
96552,0
96552,7
96554,9
96555,10
96557,1
96558,8
96559,3
96562,3
96563,1
96563,5
96564,5
96564,1
96564,3
96564,4
96565,1
96566,1
96566,6
96566,3
96567,10
96569,5
96570,7
96573,0
96573,3
96575,5
96576,9
96576,6
96576,3
96579,10
96579,8
96580,0
96581,7
96581,1
96582,2
96583,1
96584,8
96584,7
96587,2
96589,4
96590,1
96590,4
96590,3
96590,0
96591,1
96594,8
96594,7
96595,7
96596,7
96596,1
96598,4
96598,2
96598,8
96599,7
96599,5
96601,1
96601,10
96604,0
96604,8
96605,6
96605,2
96605,3
96606,9
96607,1
96607,6
96607,2
96609,5
96610,6
96611,3
96613,2
96613,8
96620,2
96620,4
96622,7
96623,7
96624,3
96624,4
96624,8
96626,5
96630,9
96630,1
96632,4
96632,1
96633,7
96636,8
96639,10
96640,7
96640,3
96641,1
96641,8
96642,9
96643,2
96643,4
96645,7
96647,7
96647,4
96650,8
96651,8
96651,0
96653,9
96653,4
96654,2
96655,6
96657,8
96657,5
96658,7
96658,9
96658,5
96658,0
96658,10
96659,0
96660,0
96660,4
96660,6
96661,3
96663,0
96663,1
96664,0
96667,1
96668,6
96669,1
96669,8
96669,3
96670,6
96670,8
96671,8
96672,1
96672,5
96672,6
96673,6
96674,4
96674,1
96674,0
96675,5
96675,1
96675,2
96676,10
96676,6
96676,9
96677,1
96678,6
96678,9
96678,1
96679,4
96680,0
96681,8
96681,0
96683,10
96683,3
96683,1
96683,6
96684,6
96685,1
96686,0
96687,6
96688,0
96689,4
96689,1
96690,1
96691,8
96693,1
96693,10
96694,8
96695,4
96695,0
96696,0
96697,9
96697,1
96697,10
96700,0
96700,2
96700,3
96701,2
96704,3
96707,7
96707,6
96708,5
96709,1
96709,0
96711,1
96712,4
96712,7
96713,9
96713,8
96718,10
96719,6
96722,3
96723,0
96723,4
96724,10
96724,4
96725,2
96725,8
96725,9
96725,4
96727,2
96729,2
96730,6
96730,5
96730,4
96731,9
96732,9
96732,7
96732,0
96732,5
96733,8
96733,3
96733,0
96735,2
96737,1
96738,0
96739,3
96740,10
96740,7
96745,0
96745,2
96746,10
96746,7
96747,0
96747,7
96749,8
96750,4
96752,9
96752,8
96753,9
96754,4
96754,10
96754,2
96755,8
96756,6
96757,10
96758,5
96758,8
96758,7
96759,5
96761,9
96763,7
96764,4
96764,7
96764,3
96764,2
96765,10
96766,4
96769,2
96769,7
96769,9
96769,5
96770,6
96771,6
96771,1
96772,4
96774,10
96774,5
96775,9
96775,7
96776,8
96778,2
96780,3
96780,2
96784,6
96787,7
96789,4
96791,7
96792,7
96795,4
96798,2
96798,7
96799,9
96799,1
96801,5
96802,3
96802,7
96805,6
96805,2
96805,5
96806,6
96806,5
96807,7
96807,3
96807,4
96808,8
96809,2
96810,0
96810,6
96812,6
96812,1
96812,2
96813,4
96813,9
96814,4
96814,9
96815,8
96816,6
96816,1
96816,9
96818,2
96819,9
96820,8
96820,1
96821,10
96823,2
96824,8
96825,10
96825,6
96826,6
96827,9
96827,6
96827,7
96829,6
96830,1
96832,2
96832,5
96833,9
96834,8
96834,6
96835,7
96836,9
96836,8
96837,0
96837,2
96838,4
96839,4
96840,9
96840,0
96843,8
96844,9
96844,8
96846,4
96848,6
96849,1
96849,9
96850,4
96852,7
96852,5
96853,10
96854,2
96856,0
96857,9
96857,3
96857,2
96857,5
96858,7
96860,8
96860,2
96864,7
96865,0
96865,4
96867,9
96868,0
96869,2
96870,2
96872,8
96873,7
96873,4
96873,2
96873,6
96874,2
96874,0
96874,3
96875,9
96876,1
96877,4
96878,5
96879,8
96879,4
96880,10
96880,7
96880,8
96881,7
96881,2
96882,10
96882,7
96882,8
96883,3
96883,9
96884,3
96884,2
96884,6
96884,8
96886,2
96886,0
96886,7
96886,3
96887,0
96887,2
96888,2
96889,8
96889,1
96890,9
96892,5
96893,1
96898,8
96900,10
96900,7
96901,1
96902,9
96903,10
96903,0
96904,9
96905,9
96908,6
96909,6
96910,9
96910,10
96911,8
96912,8
96912,0
96913,0
96913,4
96914,10
96915,6
96916,2
96917,0
96917,5
96918,8
96919,1
96920,3
96922,4
96924,10
96926,6
96926,5
96926,9
96927,1
96928,5
96930,4
96931,0
96939,5
96940,3
96940,0
96941,9
96943,6
96944,7
96945,0
96945,9
96946,10
96947,7
96948,1
96948,4
96950,4
96950,9
96950,5
96951,6
96951,1
96957,0
96959,10
96961,10
96965,0
96967,1
96968,1
96969,1
96971,8
96971,10
96971,4
96975,2
96976,10
96977,3
96977,0
96977,5
96977,6
96977,2
96978,8
96979,8
96980,2
96983,2
96985,3
96985,9
96987,10
96987,5
96988,8
96988,2
96991,8
96992,0
96993,6
96995,9
96995,5
96996,2
96996,0
97001,3
97001,5
97001,6
97003,10
97005,5
97006,3
97007,4
97008,5
97008,9
97008,0
97009,10
97010,10
97010,5
97010,2
97010,3
97011,4
97011,0
97013,3
97015,5
97017,9
97020,8
97020,9
97020,0
97022,10
97023,1
97023,10
97025,4
97026,6
97027,1
97029,3
97030,7
97030,3
97030,9
97031,8
97031,6
97032,10
97033,4
97034,7
97035,7
97036,1
97037,4
97037,2
97037,1
97037,9
97040,0
97040,6
97041,0
97041,3
97043,0
97044,8
97045,0
97047,0
97047,6
97048,1
97049,7
97049,8
97050,8
97053,7
97054,2
97055,5
97055,6
97055,3
97055,7
97057,1
97058,1
97060,3
97062,9
97064,6
97064,2
97066,4
97066,1
97069,8
97069,1
97070,0
97073,6
97073,5
97074,4
97074,8
97075,3
97076,6
97077,7
97077,1
97079,3
97080,0
97080,8
97081,10
97082,7
97087,8
97088,0
97088,1
97089,10
97090,10
97091,5
97091,6
97092,1
97092,10
97093,8
97094,4
97095,2
97097,9
97098,7
97099,5
97100,8
97100,6
97102,0
97102,1
97103,10
97105,9
97107,5
97108,6
97110,8
97111,3
97113,0
97114,3
97115,0
97118,10
97118,9
97119,1
97120,2
97122,2
97124,3
97126,10
97129,2
97134,5
97136,10
97138,6
97139,2
97139,6
97140,4
97142,9
97143,3
97144,10
97144,5
97144,8
97145,1
97147,7
97148,3
97150,3
97151,1
97152,6
97153,8
97155,0
97156,6
97156,1
97157,0
97158,2
97159,0
97160,10
97161,7
97161,10
97161,0
97162,3
97164,10
97164,6
97167,5
97167,8
97168,0
97168,9
97168,6
97169,2
97170,3
97170,6
97170,10
97171,5
97173,8
97174,10
97175,5
97175,10
97177,1
97177,5
97178,1
97178,10
97180,7
97180,5
97182,8
97183,1
97184,2
97185,3
97185,9
97186,10
97186,5
97186,9
97187,4
97189,6
97189,8
97190,6
97190,9
97191,5
97193,2
97195,7
97197,6
97199,0
97200,7
97201,6
97202,8
97202,7
97204,9
97205,6
97205,8
97206,4
97206,0
97207,8
97208,6
97209,8
97212,4
97213,4
97213,1
97215,9
97217,9
97219,1
97220,7
97221,7
97221,2
97222,6
97222,2
97222,7
97225,9
97226,7
97228,6
97229,4
97229,8
97231,9
97231,3
97233,8
97233,1
97234,5
97237,6
97237,5
97238,0
97239,4
97239,8
97239,9
97241,5
97241,2
97242,9
97243,6
97245,6
97245,9
97245,10
97246,0
97246,9
97247,6
97247,7
97248,0
97248,3
97249,5
97252,5
97253,7
97254,10
97254,7
97255,1
97256,2
97257,10
97258,10
97259,9
97259,2
97260,4
97260,1
97261,4
97261,5
97262,8
97264,8
97264,10
97264,3
97265,4
97265,7
97266,0
97268,8
97268,3
97268,2
97270,9
97270,0
97270,7
97270,2
97271,0
97271,4
97271,5
97271,2
97272,2
97273,2
97274,1
97274,4
97275,5
97276,8
97277,10
97277,0
97277,4
97279,3
97280,6
97281,6
97283,5
97284,4
97286,7
97286,5
97288,4
97289,9
97290,8
97292,4
97293,6
97293,10
97295,5
97296,1
97297,2
97298,10
97298,8
97300,5
97301,4
97301,0
97301,6
97303,6
97304,10
97305,7
97307,9
97308,10
97310,7
97310,5
97311,4
97312,6
97313,8
97313,5
97313,6
97314,2
97314,10
97314,7
97315,7
97315,8
97320,7
97320,0
97320,2
97323,3
97324,1
97324,7
97327,2
97327,5
97328,1
97330,4
97331,3
97331,4
97332,0
97333,4
97336,10
97336,7
97337,7
97338,10
97339,5
97340,8
97340,0
97343,2
97343,9
97344,7
97344,8
97344,10
97345,2
97345,0
97345,6
97347,10
97348,2
97348,4
97348,0
97349,3
97349,0
97349,6
97350,2
97355,4
97355,3
97356,0
97359,7
97361,10
97361,8
97362,3
97362,10
97362,0
97363,6
97363,8
97364,4
97364,3
97365,6
97366,4
97367,2
97367,0
97369,6
97370,1
97370,7
97373,3
97374,7
97374,0
97376,8
97378,5
97378,1
97378,9
97378,8
97379,1
97379,2
97380,10
97380,2
97381,4
97381,10
97381,1
97382,6
97383,5
97386,0
97388,2
97389,4
97390,10
97390,9
97393,2
97393,1
97394,5
97395,3
97396,2
97399,0
97399,1
97399,3
97399,4
97399,5
97399,7
97400,7
97400,2
97401,3
97401,7
97401,0
97402,6
97402,7
97403,0
97403,2
97404,4
97405,1
97405,3
97406,0
97409,2
97410,7
97412,5
97414,3
97415,10
97416,4
97417,2
97417,7
97419,10
97419,7
97421,10
97422,6
97422,8
97423,9
97425,10
97426,7
97426,3
97426,9
97428,6
97429,3
97430,9
97430,6
97431,7
97431,6
97433,8
97434,1
97434,0
97434,7
97436,2
97437,2
97437,1
97439,4
97440,0
97441,6
97443,4
97445,2
97446,6
97446,2
97447,8
97448,10
97448,3
97448,2
97448,8
97449,5
97449,2
97450,8
97450,3
97451,2
97452,0
97452,1
97454,10
97457,3
97458,6
97460,5
97461,6
97461,1
97461,3
97462,8
97462,7
97462,1
97467,5
97467,7
97468,3
97468,0
97469,9
97470,1
97471,5
97472,10
97472,4
97475,7
97475,3
97475,6
97476,0
97478,3
97479,6
97479,4
97480,7
97480,3
97481,9
97481,7
97482,0
97482,5
97483,3
97483,9
97483,8
97484,6
97486,4
97487,3
97489,1
97490,7
97490,6
97491,5
97491,2
97492,0
97493,10
97494,1
97495,3
97496,8
97496,1
97496,10
97499,2
97499,10
97500,0
97502,10
97503,9
97504,5
97508,10
97509,4
97509,0
97510,2
97513,1
97515,1
97516,4
97517,3
97518,3
97519,0
97520,8
97521,3
97522,6
97522,2
97523,3
97523,8
97527,6
97527,1
97527,0
97527,10
97528,9
97528,5
97528,0
97529,9
97533,3
97539,2
97541,10
97542,10
97544,5
97545,6
97547,5
97550,5
97551,8
97553,2
97558,0
97558,1
97559,0
97562,5
97565,4
97566,6
97567,4
97569,4
97569,7
97570,9
97572,1
97573,6
97573,3
97575,8
97576,2
97577,3
97578,10
97580,2
97580,10
97582,4
97583,6
97583,1
97584,5
97585,3
97586,7
97587,3
97590,6
97592,0
97593,10
97593,3
97594,6
97594,7
97594,0
97595,1
97596,2
97596,1
97596,0
97597,8
97598,0
97599,0
97599,5
97599,3
97600,5
97600,3
97601,0
97602,8
97602,2
97603,7
97604,4
97605,5
97605,8
97606,1
97607,1
97608,1
97610,10
97611,3
97612,10
97612,3
97615,6
97617,7
97618,3
97619,7
97619,2
97620,10
97620,2
97621,9
97622,7
97623,2
97624,8
97625,2
97626,6
97629,6
97629,1
97632,3
97632,2
97632,10
97633,8
97634,1
97635,8
97635,0
97638,3
97639,8
97640,9
97641,0
97642,0
97644,9
97644,6
97647,0
97649,4
97651,1
97652,3
97652,6
97652,10
97653,1
97654,5
97655,10
97656,8
97656,9
97657,2
97657,8
97658,6
97659,7
97661,10
97661,5
97661,9
97662,9
97662,10
97664,7
97665,9
97665,4
97667,2
97667,10
97667,6
97668,9
97668,1
97668,0
97668,2
97668,10
97670,10
97673,0
97675,6
97676,0
97678,6
97679,5
97680,1
97685,5
97688,9
97689,6
97689,2
97692,2
97692,10
97693,5
97694,2
97694,9
97696,8
97696,4
97697,3
97697,7
97697,2
97698,3
97700,6
97701,0
97701,3
97703,5
97704,6
97705,1
97706,3
97706,9
97706,8
97708,8
97708,5
97710,7
97711,6
97713,2
97713,7
97714,3
97715,6
97717,2
97717,1
97718,1
97719,10
97719,8
97720,3
97720,5
97722,5
97724,0
97725,0
97725,9
97727,4
97728,1
97731,7
97732,6
97732,1
97733,9
97734,2
97734,4
97734,7
97735,6
97735,0
97735,9
97736,3
97738,3
97738,9
97739,1
97740,0
97745,7
97745,4
97746,3
97746,1
97748,2
97748,4
97748,8
97749,3
97749,7
97749,10
97749,8
97752,9
97753,6
97754,9
97754,3
97755,2
97755,4
97755,5
97756,9
97757,0
97758,7
97760,0
97760,8
97761,6
97763,6
97764,4
97766,8
97766,6
97766,5
97767,4
97768,4
97771,4
97772,7
97772,9
97772,0
97772,8
97773,4
97773,6
97774,0
97774,5
97774,2
97776,7
97776,1
97779,9
97780,1
97781,4
97782,10
97782,8
97783,0
97783,6
97784,9
97785,9
97785,3
97785,7
97787,7
97787,8
97787,0
97788,2
97789,2
97791,1
97791,4
97794,8
97795,8
97795,6
97795,3
97796,6
97796,0
97797,2
97800,8
97801,6
97802,3
97807,9
97807,1
97807,2
97808,3
97808,6
97809,4
97809,10
97810,6
97811,1
97811,5
97815,6
97815,3
97816,0
97817,1
97817,5
97818,7
97818,1
97820,8
97820,1
97822,6
97822,10
97824,9
97824,1
97825,0
97827,7
97827,2
97829,1
97829,7
97830,3
97831,1
97832,7
97832,0
97833,9
97833,8
97835,10
97835,3
97836,9
97837,7
97838,0
97838,6
97840,4
97841,2
97841,3
97842,5
97843,8
97844,1
97845,1
97848,2
97849,9
97850,1
97851,5
97851,0
97852,1
97854,0
97855,0
97855,8
97856,8
97858,0
97858,3
97859,9
97859,6
97859,10
97860,3
97860,0
97861,8
97862,1
97863,8
97864,4
97866,4
97866,6
97868,4
97868,2
97870,4
97871,0
97874,4
97875,4
97877,3
97879,2
97879,4
97881,10
97881,3
97882,7
97882,0
97883,9
97883,2
97883,0
97887,3
97887,0
97887,6
97890,5
97892,0
97893,8
97895,8
97896,8
97896,10
97897,10
97898,7
97898,9
97898,6
97899,5
97901,5
97903,7
97905,6
97907,2
97908,3
97910,10
97910,0
97912,10
97912,3
97913,2
97913,6
97913,0
97916,3
97917,4
97918,2
97920,2
97923,10
97923,0
97923,8
97926,6
97926,8
97927,3
97928,0
97929,5
97930,6
97931,3
97931,0
97931,2
97933,4
97934,7
97935,8
97936,6
97936,1
97937,1
97937,0
97938,7
97938,9
97940,3
97943,5
97943,6
97944,2
97945,7
97945,1
97945,6
97948,8
97948,3
97948,5
97948,0
97950,2
97950,1
97952,2
97952,8
97953,10
97953,9
97954,1
97954,10
97955,6
97955,7
97956,0
97956,3
97957,6
97960,9
97960,10
97961,2
97961,5
97961,0
97962,1
97964,8
97964,1
97964,0
97964,3
97965,0
97965,3
97966,10
97968,1
97970,3
97970,5
97971,5
97972,7
97973,4
97974,5
97975,9
97975,8
97976,7
97976,2
97977,5
97978,10
97978,5
97979,5
97979,7
97980,4
97980,3
97980,8
97982,7
97982,9
97984,6
97984,0
97985,5
97986,8
97987,10
97988,3
97988,10
97988,9
97988,1
97989,5
97991,9
97992,4
97992,7
97994,8
97996,3
97996,6
97997,3
97998,0
98002,0
98002,6
98003,4
98004,5
98006,3
98006,7
98007,2
98009,3
98012,2
98016,10
98017,5
98018,7
98018,2
98021,8
98021,3
98022,3
98023,2
98023,1
98024,7
98025,5
98026,2
98027,8
98029,4
98030,5
98031,8
98031,9
98032,10
98032,5
98032,8
98033,0
98034,0
98034,2
98035,3
98036,1
98036,8
98037,6
98039,9
98042,7
98042,1
98044,2
98045,1
98045,9
98045,7
98047,9
98047,4
98048,5
98050,10
98050,8
98051,3
98052,7
98053,9
98054,7
98056,2
98057,5
98058,1
98058,2
98059,8
98059,10
98060,9
98060,3
98061,10
98061,4
98063,2
98063,1
98064,2
98065,4
98066,6
98066,7
98068,8
98070,7
98072,0
98072,4
98073,4
98077,7
98077,0
98077,8
98079,5
98086,8
98086,3
98087,10
98088,3
98088,8
98089,3
98091,4
98092,8
98092,0
98093,2
98094,0
98095,7
98095,5
98095,8
98097,7
98098,10
98098,7
98098,0
98098,5
98099,1
98099,2
98100,6
98101,2
98102,5
98103,2
98103,6
98104,10
98104,6
98107,0
98108,6
98108,2
98108,1
98108,5
98109,6
98109,5
98112,6
98112,3
98113,2
98114,5
98116,2
98117,4
98117,10
98118,1
98120,4
98121,9
98121,0
98122,1
98123,2
98125,1
98126,7
98126,10
98127,7
98129,2
98133,4
98133,5
98133,9
98134,4
98134,2
98136,9
98137,7
98138,4
98138,6
98138,2
98139,2
98140,5
98141,5
98141,4
98142,9
98142,6
98144,10
98145,6
98147,8
98148,3
98148,10
98148,2
98148,7
98149,4
98150,10
98151,5
98152,2
98153,9
98153,3
98154,0
98155,2
98155,1
98158,5
98158,8
98159,4
98159,6
98160,3
98161,9
98165,0
98165,9
98165,3
98168,6
98169,10
98170,5
98171,10
98171,6
98172,9
98174,7
98174,9
98174,8
98179,8
98179,10
98180,5
98180,4
98182,6
98183,8
98183,6
98184,3
98184,6
98184,2
98185,0
98187,4
98188,1
98189,1
98192,6
98192,9
98193,10
98194,4
98196,0
98197,9
98198,3
98198,7
98201,5
98202,10
98202,0
98202,5
98203,7
98204,8
98204,5
98206,5
98209,1
98209,6
98211,9
98213,0
98216,9
98218,1
98218,9
98219,3
98221,9
98223,6
98223,5
98223,2
98225,0
98225,9
98225,10
98226,3
98227,1
98228,2
98229,8
98230,0
98232,3
98233,6
98233,7
98234,9
98235,9
98236,10
98237,8
98239,10
98242,6
98243,0
98245,6
98247,10
98248,4
98248,0
98250,8
98251,6
98251,7
98253,10
98254,2
98256,8
98257,6
98258,1
98259,4
98260,9
98261,0
98262,4
98262,1
98263,6
98265,3
98265,7
98266,1
98267,10
98267,8
98268,7
98269,9
98270,5
98271,7
98272,3
98272,5
98272,2
98273,7
98273,0
98274,9
98275,3
98276,8
98276,1
98277,5
98280,7
98282,2
98283,9
98286,6
98286,7
98287,3
98288,5
98288,10
98288,3
98289,4
98289,0
98290,8
98290,3
98290,2
98290,4
98291,9
98293,3
98293,7
98293,4
98294,7
98296,9
98297,8
98297,7
98298,8
98298,2
98300,4
98302,7
98302,6
98303,1
98304,2
98304,1
98304,4
98304,0
98305,7
98306,9
98307,5
98308,6
98309,1
98310,6
98315,6
98317,1
98318,5
98319,4
98319,9
98320,0
98322,5
98324,7
98324,0
98324,9
98325,10
98326,3
98327,5
98327,10
98328,6
98329,8
98329,10
98330,10
98331,9
98332,6
98333,3
98333,9
98333,2
98334,10
98336,3
98337,2
98338,0
98339,3
98339,10
98339,9
98339,1
98340,7
98341,6
98341,0
98343,9
98343,6
98343,4
98344,7
98345,0
98345,9
98346,7
98347,10
98348,1
98349,7
98351,1
98351,10
98352,2
98353,0
98353,2
98356,7
98357,7
98357,1
98359,10
98359,5
98360,0
98360,9
98361,2
98361,10
98362,2
98363,1
98364,10
98365,0
98365,5
98366,2
98372,0
98373,9
98373,5
98375,2
98376,10
98377,10
98378,9
98379,7
98380,4
98380,8
98381,0
98382,1
98383,4
98383,3
98385,0
98385,9
98385,5
98385,3
98386,6
98388,7
98388,9
98390,0
98390,4
98390,9
98391,1
98392,6
98393,10
98393,6
98394,1
98395,0
98396,8
98397,10
98397,7
98398,3
98398,5
98399,3
98400,0
98402,5
98402,10
98403,6
98404,5
98404,0
98405,9
98405,10
98406,9
98407,6
98408,2
98409,2
98409,0
98410,2
98411,7
98412,0
98412,3
98412,9
98412,6
98415,0
98416,3
98417,8
98418,2
98418,0
98418,7
98420,1
98421,5
98423,8
98425,10
98425,9
98426,6
98428,3
98429,8
98429,1
98431,3
98435,7
98438,5
98439,1
98440,3
98441,9
98442,2
98444,0
98444,6
98444,3
98444,8
98445,9
98446,4
98446,10
98448,1
98449,3
98451,2
98451,4
98451,5
98452,1
98453,9
98454,8
98454,6
98456,2
98456,8
98457,2
98460,3
98461,9
98464,1
98466,6
98467,4
98470,0
98470,2
98470,6
98473,6
98475,10
98476,7
98476,0
98477,3
98477,10
98478,6
98479,1
98481,6
98484,8
98484,10
98486,4
98486,6
98487,7
98488,7
98489,10
98490,3
98490,1
98491,10
98491,9
98492,9
98492,7
98494,0
98494,9
98495,9
98495,1
98496,6
98497,7
98498,5
98498,2
98499,0
98501,3
98503,6
98505,0
98506,9
98507,8
98508,3
98511,1
98513,10
98513,5
98514,4
98514,9
98514,8
98515,5
98515,7
98516,6
98517,0
98517,9
98518,1
98518,7
98518,2
98518,10
98519,6
98519,3
98520,1
98520,4
98521,3
98522,8
98524,6
98527,3
98529,9
98531,2
98531,3
98532,1
98533,7
98533,6
98533,1
98536,1
98539,1
98540,10
98540,4
98541,3
98541,2
98543,9
98544,2
98544,7
98546,9
98546,6
98546,0
98547,10
98548,9
98549,7
98550,6
98551,0
98552,8
98553,8
98554,6
98555,6
98555,5
98556,4
98560,4
98561,5
98561,9
98562,5
98562,3
98563,9
98564,5
98564,8
98566,7
98566,4
98566,3
98566,5
98568,9
98569,4
98571,6
98573,0
98574,7
98574,3
98574,10
98575,6
98577,9
98577,4
98578,1
98578,8
98578,3
98578,7
98579,5
98580,2
98580,6
98585,4
98586,5
98587,0
98588,0
98588,5
98589,3
98590,6
98590,3
98590,0
98590,8
98591,7
98594,9
98595,2
98597,8
98598,3
98599,0
98599,3
98599,5
98600,5
98601,10
98602,4
98602,2
98603,0
98603,10
98604,0
98607,6
98608,6
98610,0
98610,8
98611,2
98612,10
98613,4
98614,3
98614,8
98614,10
98614,4
98616,9
98616,8
98617,0
98617,9
98617,6
98617,4
98618,4
98619,5
98621,4
98621,0
98622,2
98623,5
98624,0
98625,6
98625,7
98625,3
98626,9
98626,5
98628,5
98628,1
98630,7
98630,9
98631,1
98631,0
98631,7
98631,2
98631,6
98632,8
98633,9
98633,6
98637,1
98637,9
98637,10
98637,4
98638,1
98638,4
98639,0
98639,6
98642,8
98642,9
98643,3
98646,0
98648,10
98648,7
98650,7
98651,5
98652,6
98655,2
98656,5
98656,10
98658,2
98659,1
98660,7
98661,10
98663,7
98663,10
98663,6
98664,9
98665,6
98665,4
98666,7
98666,6
98669,3
98670,5
98672,7
98673,2
98673,10
98674,2
98675,4
98675,3
98675,1
98677,10
98677,2
98678,3
98678,6
98679,4
98679,5
98679,1
98682,8
98685,6
98685,0
98685,9
98686,0
98686,4
98688,1
98691,2
98692,4
98693,2
98694,6
98697,3
98697,9
98698,7
98699,7
98701,4
98703,10
98708,4
98709,3
98709,1
98709,10
98710,5
98711,2
98711,0
98711,8
98711,1
98711,6
98713,6
98714,5
98715,3
98718,4
98718,6
98722,3
98724,2
98727,1
98728,6
98729,2
98730,7
98731,7
98733,5
98734,5
98735,6
98736,1
98737,1
98738,0
98738,3
98738,6
98741,8
98743,0
98743,3
98745,8
98746,2
98746,10
98746,8
98749,0
98750,4
98751,4
98751,2
98752,2
98753,2
98753,7
98754,4
98756,3
98757,0
98758,8
