CustomerID,CategoryID
5,4
7,4
8,0
9,3
11,4
13,10
14,3
15,7
18,7
18,2
18,9
28,10
33,0
39,3
42,9
56,0
84,8
92,2
92,10
97,6
100,7
105,5
105,6
106,3
111,0
111,3
113,7
119,0
119,1
127,3
127,2
133,1
134,6
135,1
136,0
141,9
142,10
144,2
154,5
159,10
170,0
173,0
176,5
182,1
183,8
190,5
192,3
205,6
218,5
219,4
223,3
228,1
228,5
237,7
239,1
245,5
250,3
251,6
261,10
262,2
264,8
269,10
274,2
275,0
279,0
281,5
282,5
291,7
292,0
292,3
295,0
297,4
330,4
331,6
333,9
335,10
338,0
339,6
342,6
346,10
349,10
353,6
357,2
380,6
389,7
390,7
392,3
395,0
397,5
399,6
402,5
402,1
402,6
403,5
403,8
406,7
406,4
407,3
425,4
432,1
434,10
434,1
440,9
444,7
450,5
452,10
453,7
460,2
466,8
475,10
481,4
482,10
483,2
484,6
486,2
487,9
490,7
491,9
496,6
498,0
505,3
516,3
518,10
520,0
521,1
523,3
527,5
527,4
536,2
541,3
543,10
549,1
557,9
564,5
567,5
573,4
576,8
579,2
580,9
582,4
582,0
584,8
599,10
599,7
601,9
606,3
613,7
617,9
629,1
632,1
634,2
636,2
644,8
644,2
647,0
652,10
657,1
658,4
663,10
672,10
673,7
678,4
680,3
686,2
690,1
690,7
693,4
696,4
696,5
698,10
699,10
702,5
705,10
710,4
715,8
719,0
725,8
726,8
728,8
729,0
738,10
741,10
744,2
751,3
753,7
756,1
757,6
757,8
765,9
766,9
771,2
773,0
775,4
781,7
789,8
796,9
797,1
799,9
805,4
812,8
816,2
818,10
820,5
823,2
825,5
837,3
840,9
842,2
850,0
851,8
851,4
852,10
853,1
855,0
863,10
864,10
866,4
870,5
875,7
880,0
884,1
892,6
893,3
901,0
904,10
906,0
907,8
907,7
909,1
910,5
911,10
914,1
918,3
920,6
923,8
932,7
934,8
936,9
937,7
941,7
953,9
963,5
963,1
972,8
975,8
978,3
981,9
986,6
994,8
999,2
1000,6
1006,9
1016,3
1030,0
1040,2
1043,10
1045,3
1054,10
1055,7
1067,1
1068,4
1073,9
1074,0
1077,1
1083,3
1084,5
1085,6
1086,3
1093,8
1099,5
1099,7
1120,4
1120,3
1121,3
1127,1
1128,3
1136,3
1141,6
1148,5
1153,3
1157,4
1157,1
1162,6
1163,2
1163,1
1166,3
1167,5
1171,1
1175,5
1177,0
1178,0
1179,8
1179,4
1182,7
1187,5
1188,3
1192,9
1203,5
1205,5
1206,7
1207,5
1208,2
1213,9
1226,2
1227,4
1228,8
1231,4
1239,7
1243,5
1244,1
1245,8
1246,3
1251,10
1253,0
1267,7
1267,5
1271,2
1280,8
1283,9
1287,3
1295,1
1300,2
1305,3
1307,10
1308,0
1308,1
1315,3
1316,3
1322,0
1323,1
1329,9
1330,9
1330,7
1333,7
1339,2
1340,9
1340,6
1344,6
1347,6
1360,3
1368,3
1371,2
1385,8
1394,9
1397,7
1409,0
1409,1
1415,7
1426,10
1429,9
1430,4
1432,5
1436,3
1436,7
1439,10
1442,5
1446,9
1449,4
1449,10
1453,0
1466,4
1471,9
1474,2
1474,4
1481,1
1486,5
1495,6
1500,4
1501,6
1521,2
1525,0
1526,0
1528,2
1531,5
1532,5
1539,1
1542,1
1551,10
1556,0
1557,0
1558,9
1559,8
1566,1
1570,4
1574,3
1576,6
1579,3
1579,7
1580,10
1582,8
1585,7
1586,5
1586,0
1592,8
1593,10
1605,0
1607,5
1608,0
1612,7
1613,6
1621,5
1624,8
1630,6
1642,6
1652,4
1659,6
1665,4
1670,5
1675,9
1677,10
1682,9
1689,8
1691,5
1694,1
1697,8
1698,4
1700,5
1702,7
1713,3
1715,5
1723,2
1725,7
1727,0
1731,0
1744,5
1753,0
1756,10
1759,2
1762,6
1766,9
1766,8
1771,2
1773,6
1774,10
1778,5
1787,3
1791,3
1795,6
1800,4
1805,8
1810,1
1811,10
1813,2
1814,3
1818,6
1821,9
1827,1
1831,3
1834,9
1835,10
1836,10
1838,6
1843,3
1847,6
1854,5
1856,6
1872,2
1882,0
1887,9
1889,4
1889,7
1892,4
1899,10
1900,6
1905,3
1906,6
1912,1
1914,2
1923,4
1925,8
1931,7
1937,6
1938,8
1941,9
1945,3
1953,2
1953,8
1954,5
1955,10
1959,0
1967,3
1967,10
1971,6
1976,4
1979,2
1986,1
1987,9
1989,7
1994,5
1996,2
1998,9
2001,4
2005,10
2011,8
2013,9
2015,9
2021,4
2023,9
2024,4
2024,9
2025,9
2025,7
2025,6
2026,4
2028,5
2034,1
2038,10
2038,2
2039,8
2046,6
2047,1
2054,6
2056,10
2068,9
2068,2
2071,9
2072,4
2089,7
2091,10
2092,8
2094,2
2097,6
2098,0
2099,10
2106,8
2107,4
2110,2
2115,9
2124,7
2130,4
2133,0
2135,5
2137,3
2141,6
2151,5
2151,0
2155,1
2155,10
2156,4
2156,1
2178,8
2180,0
2183,5
2185,4
2197,10
2198,1
2204,3
2209,4
2210,0
2215,5
2215,6
2220,2
2228,5
2234,0
2242,4
2243,10
2243,0
2249,10
2249,6
2253,10
2257,5
2266,9
2267,3
2268,4
2272,4
2289,3
2301,8
2310,1
2312,1
2314,6
2326,2
2326,5
2327,1
2328,9
2333,2
2335,10
2344,9
2354,7
2361,10
2366,2
2371,1
2372,7
2381,8
2383,10
2384,2
2389,8
2397,1
2398,1
2402,6
2405,10
2407,6
2430,3
2435,3
2437,9
2438,5
2442,9
2452,8
2457,6
2463,6
2465,6
2466,1
2467,6
2468,3
2468,7
2473,3
2474,0
2477,7
2483,9
2484,10
2488,0
2488,4
2490,10
2495,1
2499,5
2507,4
2512,1
2513,1
2519,8
2522,6
2523,3
2532,0
2540,5
2542,4
2543,8
2545,5
2547,5
2552,6
2555,6
2560,8
2565,4
2565,6
2572,7
2573,0
2577,9
2578,0
2587,3
2603,10
2606,2
2614,10
2617,3
2619,7
2620,2
2620,7
2631,8
2631,6
2644,7
2645,0
2651,2
2651,9
2652,0
2665,1
2673,6
2674,5
2678,1
2678,6
2682,7
2690,9
2699,9
2704,1
2706,2
2707,6
2717,4
2718,5
2721,4
2722,3
2726,1
2735,0
2739,6
2743,1
2745,2
2745,0
2750,10
2755,4
2756,4
2762,5
2763,0
2763,9
2767,5
2769,9
2775,10
2778,6
2783,2
2785,1
2792,7
2797,9
2797,3
2807,6
2813,10
2817,6
2834,4
2844,7
2848,6
2850,2
2853,2
2855,10
2857,7
2867,8
2870,6
2870,8
2879,10
2889,8
2892,10
2897,4
2897,7
2898,7
2899,2
2914,1
2916,4
2920,10
2925,6
2926,8
2927,1
2931,2
2934,2
2942,3
2944,4
2944,9
2949,1
2957,4
2963,7
2963,10
2977,10
2986,5
2990,3
2998,3
2998,5
3004,9
3004,0
3007,9
3008,3
3010,5
3013,10
3013,9
3015,0
3018,3
3020,2
3031,3
3033,4
3036,7
3036,5
3039,9
3042,9
3055,3
3057,7
3058,4
3062,4
3063,8
3065,9
3065,0
3065,5
3065,7
3069,6
3075,9
3077,9
3080,8
3102,9
3108,0
3111,0
3114,5
3117,4
3119,3
3123,9
3126,6
3131,3
3134,2
3142,3
3144,2
3146,6
3147,5
3151,8
3153,4
3154,4
3155,2
3162,0
3174,9
3177,9
3178,4
3179,9
3180,9
3186,10
3190,7
3190,5
3195,10
3213,5
3225,3
3232,4
3237,0
3249,3
3260,7
3261,3
3270,9
3271,7
3272,1
3274,8
3277,0
3290,6
3300,2
3300,3
3308,10
3308,8
3310,3
3318,7
3320,3
3325,1
3330,2
3331,5
3337,6
3338,2
3341,7
3354,0
3355,10
3356,9
3358,4
3364,1
3370,0
3372,1
3373,2
3374,7
3376,0
3378,8
3386,3
3389,0
3399,8
3402,9
3402,8
3407,8
3407,2
3411,9
3411,2
3412,6
3415,4
3416,9
3417,1
3417,5
3419,1
3422,7
3424,0
3432,3
3433,8
3437,7
3438,9
3447,6
3456,5
3459,9
3459,10
3463,6
3463,7
3464,6
3465,4
3472,6
3474,4
3477,7
3487,1
3489,10
3499,2
3505,1
3506,1
3513,1
3513,4
3514,8
3515,2
3516,2
3518,2
3523,9
3524,6
3531,8
3531,4
3532,2
3536,7
3538,5
3538,8
3546,10
3549,3
3553,1
3557,8
3558,8
3560,4
3561,0
3563,9
3579,2
3589,6
3589,7
3597,8
3599,1
3607,9
3612,7
3614,6
3614,9
3615,9
3616,6
3637,10
3637,6
3644,1
3647,3
3648,9
3650,4
3657,9
3660,10
3664,5
3666,7
3667,8
3668,6
3674,2
3678,2
3680,0
3680,6
3681,7
3689,3
3690,0
3707,3
3707,1
3710,9
3711,3
3720,8
3725,6
3730,0
3732,6
3737,10
3740,0
3740,9
3741,4
3746,9
3748,7
3749,4
3755,6
3773,3
3774,8
3776,4
3778,8
3780,10
3785,0
3785,8
3795,7
3796,7
3800,1
3805,0
3808,0
3809,4
3813,10
3824,1
3826,6
3827,8
3828,6
3828,4
3829,5
3832,3
3839,3
3840,9
3842,4
3843,2
3847,8
3856,3
3864,0
3864,7
3865,6
3873,6
3875,3
3877,8
3885,7
3887,5
3890,6
3892,8
3894,7
3896,1
3905,10
3907,6
3908,6
3908,4
3916,10
3917,2
3940,2
3940,1
3942,3
3956,10
3961,0
3963,7
3966,6
3975,4
3984,5
3989,5
3996,1
4003,2
4007,7
4010,9
4010,1
4013,9
4015,2
4018,7
4019,4
4024,0
4032,6
4033,1
4034,3
4034,9
4041,10
4050,7
4059,7
4063,6
4064,10
4070,0
4072,4
4081,3
4082,2
4083,2
4085,8
4099,10
4100,10
4101,4
4103,7
4107,0
4117,3
4119,10
4127,3
4134,7
4137,6
4144,1
4148,4
4149,8
4156,7
4159,7
4161,8
4163,4
4165,9
4167,9
4171,3
4172,3
4175,4
4178,10
4193,6
4196,0
4198,9
4198,6
4200,1
4205,3
4205,10
4205,5
4207,1
4207,9
4207,2
4210,3
4218,1
4220,2
4222,7
4226,9
4226,10
4236,6
4241,2
4244,7
4247,5
4254,5
4255,5
4256,9
4258,8
4258,6
4273,10
4274,7
4286,6
4286,2
4293,10
4298,9
4306,4
4307,9
4310,10
4311,10
4313,7
4319,1
4323,1
4323,2
4335,0
4335,10
4335,5
4337,3
4346,5
4348,9
4351,2
4351,7
4351,1
4365,8
4369,4
4369,6
4369,3
4387,5
4387,6
4392,9
4398,10
4415,0
4423,9
4424,7
4428,3
4431,2
4435,6
4436,4
4451,1
4455,3
4457,2
4460,1
4461,5
4463,2
4472,10
4473,6
4476,8
4481,2
4482,9
4484,7
4487,7
4491,7
4498,4
4502,2
4508,4
4526,8
4528,10
4534,3
4540,9
4541,6
4550,0
4564,5
4564,8
4568,5
4569,9
4572,6
4573,8
4575,9
4576,8
4586,4
4589,7
4592,9
4594,6
4594,0
4597,5
4598,5
4606,5
4611,3
4612,9
4618,4
4622,5
4622,8
4625,6
4627,7
4630,9
4635,7
4635,5
4641,4
4643,8
4646,3
4646,1
4652,7
4652,1
4652,8
4667,3
4671,5
4685,4
4687,6
4687,3
4690,6
4691,2
4692,5
4693,8
4694,4
4695,4
4702,10
4713,10
4715,6
4717,5
4720,9
4736,8
4745,9
4750,5
4753,1
4754,6
4756,8
4757,6
4759,10
4761,4
4769,6
4770,7
4772,5
4773,3
4775,10
4776,0
4783,8
4784,3
4785,0
4791,1
4793,1
4799,8
4806,1
4812,0
4813,2
4820,8
4823,1
4830,1
4839,3
4841,6
4847,1
4856,6
4860,5
4882,2
4884,4
4885,2
4889,10
4892,2
4892,6
4892,7
4893,10
4894,6
4897,2
4900,0
4901,10
4902,8
4904,0
4920,6
4924,7
4932,10
4934,9
4937,5
4940,10
4941,7
4941,2
4944,8
4946,2
4954,5
4960,2
4963,9
4984,10
4986,9
4989,5
4992,5
5000,5
5011,0
5013,10
5017,3
5019,5
5019,4
5024,5
5027,0
5031,4
5039,5
5044,1
5048,6
5049,2
5053,5
5057,4
5057,6
5059,2
5065,5
5065,3
5071,1
5080,7
5083,0
5085,8
5090,0
5092,3
5092,9
5095,2
5095,4
5095,3
5099,8
5101,8
5105,3
5106,6
5107,9
5108,10
5108,5
5109,7
5112,1
5112,9
5122,7
5138,9
5142,4
5150,4
5155,4
5163,2
5169,6
5174,8
5175,1
5177,2
5180,8
5185,1
5192,5
5195,0
5196,4
5199,5
5201,4
5208,0
5212,8
5215,5
5216,2
5217,2
5220,10
5220,6
5221,5
5228,4
5231,5
5236,1
5236,3
5243,4
5253,0
5253,5
5260,10
5278,7
5283,5
5287,2
5288,5
5291,4
5292,6
5296,8
5297,9
5297,3
5298,2
5299,8
5299,7
5301,9
5301,8
5305,1
5315,8
5316,4
5316,8
5317,3
5326,3
5331,3
5332,9
5336,5
5344,0
5346,7
5347,6
5348,0
5353,6
5358,3
5361,1
5365,7
5366,0
5369,4
5371,3
5379,1
5381,0
5384,6
5391,8
5397,6
5398,5
5400,10
5405,3
5416,8
5418,7
5420,5
5421,0
5422,5
5428,5
5429,4
5433,7
5453,4
5453,10
5458,7
5459,9
5465,1
5474,9
5487,10
5496,3
5496,6
5506,5
5511,6
5513,7
5522,8
5528,4
5541,5
5546,8
5551,6
5554,5
5555,0
5557,4
5558,10
5559,1
5561,1
5562,0
5563,2
5566,6
5569,8
5572,1
5573,10
5578,3
5579,1
5580,8
5584,0
5595,8
5597,7
5598,10
5602,6
5609,6
5612,6
5612,1
5617,10
5620,8
5621,5
5626,4
5627,9
5634,0
5642,1
5643,10
5646,5
5659,5
5660,6
5660,3
5662,3
5664,4
5669,3
5676,8
5677,4
5677,3
5678,10
5682,9
5686,8
5688,9
5689,0
5690,2
5695,9
5696,6
5700,7
5703,1
5707,2
5709,4
5710,0
5711,6
5717,0
5721,7
5727,1
5729,4
5729,7
5729,1
5729,0
5733,8
5734,10
5736,7
5737,7
5738,9
5740,2
5742,10
5748,7
5755,5
5755,6
5769,0
5769,7
5772,4
5772,9
5773,0
5775,10
5778,5
5779,8
5783,4
5784,9
5790,5
5790,0
5794,3
5795,6
5797,0
5799,10
5805,2
5806,0
5807,4
5814,2
5816,4
5819,7
5821,3
5827,4
5828,1
5830,10
5835,6
5839,8
5841,4
5846,4
5850,1
5850,7
5851,7
5855,5
5859,3
5859,8
5860,7
5870,10
5871,8
5874,0
5879,2
5889,6
5892,10
5893,0
5900,8
5903,1
5905,1
5913,5
5923,1
5924,10
5926,2
5931,10
5936,4
5952,8
5958,9
5958,3
5962,2
5972,5
5974,4
5975,10
5976,9
5980,2
5980,5
5981,7
5984,6
5991,5
5993,5
5994,7
6013,3
6023,0
6027,9
6031,3
6037,8
6037,5
6053,0
6060,8
6063,0
6063,9
6064,2
6073,10
6076,8
6093,2
6113,10
6120,10
6128,10
6131,8
6137,7
6145,0
6145,7
6147,6
6147,0
6147,10
6149,5
6160,2
6162,8
6166,5
6175,1
6175,0
6176,4
6179,0
6181,3
6187,0
6188,6
6189,3
6194,1
6194,7
6195,3
6196,8
6202,8
6206,8
6209,0
6213,2
6213,9
6213,0
6231,4
6235,2
6244,10
6244,9
6250,7
6260,4
6260,1
6261,6
6269,1
6289,9
6294,0
6295,4
6300,0
6302,10
6302,8
6306,0
6318,7
6320,1
6324,2
6330,3
6346,3
6347,7
6348,4
6352,6
6352,9
6354,4
6356,7
6358,5
6359,6
6365,7
6369,6
6375,5
6376,5
6377,5
6377,6
6378,3
6382,5
6394,0
6398,7
6400,4
6402,10
6404,6
6406,8
6409,2
6415,3
6433,5
6434,8
6435,10
6439,8
6439,9
6441,10
6441,8
6442,10
6446,6
6448,1
6458,4
6458,7
6458,3
6464,10
6468,4
6473,2
6476,8
6477,8
6477,4
6489,6
6504,8
6507,0
6508,8
6512,10
6522,2
6533,7
6535,6
6536,10
6539,4
6540,3
6542,7
6544,0
6547,2
6549,10
6551,5
6560,2
6561,0
6564,7
6565,3
6568,4
6573,2
6578,9
6588,0
6592,8
6592,7
6593,1
6593,4
6606,9
6615,1
6624,3
6625,3
6629,9
6630,7
6635,7
6640,6
6645,10
6646,6
6646,8
6648,6
6655,8
6658,3
6661,7
6666,2
6671,10
6678,0
6680,10
6680,1
6685,6
6689,3
6690,4
6697,8
6699,8
6704,8
6721,9
6728,7
6732,10
6733,10
6733,4
6737,9
6740,4
6741,4
6743,2
6761,8
6764,5
6768,5
6769,4
6776,7
6781,7
6787,5
6788,8
6789,8
6793,5
6798,5
6805,2
6810,5
6811,7
6822,4
6825,0
6825,8
6831,8
6836,0
6837,8
6854,1
6855,9
6865,10
6866,5
6870,8
6886,6
6892,8
6894,3
6897,7
6909,4
6914,3
6920,1
6922,6
6923,5
6927,4
6934,9
6936,5
6942,8
6949,10
6951,5
6952,7
6952,9
6957,2
6959,2
6960,10
6963,10
6964,8
6970,7
6982,0
6989,4
6996,2
7006,10
7008,10
7012,7
7015,0
7015,2
7020,2
7021,5
7024,2
7028,4
7047,5
7047,7
7054,2
7056,9
7077,7
7084,7
7086,5
7097,7
7099,5
7105,1
7114,4
7117,9
7117,4
7126,6
7127,8
7134,0
7137,2
7140,10
7145,9
7146,6
7147,4
7158,10
7166,7
7180,5
7183,6
7185,6
7185,2
7186,0
7193,7
7195,2
7195,6
7199,5
7201,0
7201,5
7202,0
7206,5
7220,6
7230,2
7239,2
7242,3
7243,7
7246,6
7258,8
7266,5
7276,5
7281,7
7302,1
7305,7
7305,2
7306,2
7311,8
7316,6
7329,6
7335,7
7340,8
7342,0
7349,7
7360,7
7363,9
7364,4
7364,7
7365,2
7368,4
7370,7
7376,0
7377,7
7383,8
7387,7
7388,10
7395,2
7398,0
7399,1
7400,9
7405,10
7407,7
7407,5
7409,8
7410,2
7414,6
7420,10
7421,4
7431,10
7439,9
7444,7
7446,6
7455,9
7462,0
7463,9
7463,1
7464,10
7465,7
7468,1
7478,9
7478,1
7483,10
7485,5
7501,10
7511,10
7513,0
7515,4
7517,2
7521,10
7522,4
7526,0
7527,3
7528,3
7530,5
7531,0
7533,7
7535,1
7537,2
7539,4
7540,5
7541,0
7543,1
7552,10
7558,8
7560,1
7563,7
7564,8
7566,5
7570,5
7575,4
7580,3
7581,8
7585,8
7589,10
7589,8
7599,8
7606,4
7609,1
7610,7
7613,2
7616,8
7616,4
7620,0
7621,10
7625,9
7625,6
7630,0
7640,2
7648,5
7650,1
7650,10
7655,6
7660,10
7660,3
7663,6
7665,1
7665,7
7672,2
7675,1
7677,9
7680,2
7681,2
7694,8
7695,0
7695,6
7697,6
7698,3
7702,3
7706,10
7707,7
7709,1
7711,5
7712,7
7712,8
7713,1
7714,3
7715,10
7717,3
7717,7
7718,8
7725,8
7730,7
7730,10
7731,6
7733,10
7739,3
7743,0
7749,4
7760,4
7762,4
7766,3
7769,6
7770,10
7770,9
7774,3
7776,2
7776,1
7781,10
7781,6
7783,4
7784,7
7785,3
7788,0
7789,0
7792,3
7796,8
7801,1
7802,8
7803,0
7804,2
7807,10
7807,9
7808,0
7809,1
7810,9
7811,0
7818,3
7819,7
7823,7
7832,3
7832,7
7836,8
7838,4
7844,0
7851,3
7852,9
7852,1
7856,3
7856,6
7865,3
7869,4
7883,0
7885,6
7886,7
7887,10
7903,3
7904,7
7905,7
7916,9
7917,9
7918,8
7921,7
7927,2
7933,1
7937,9
7950,5
7956,4
7957,6
7961,5
7967,6
7967,7
7972,4
7973,4
7975,4
7976,10
7976,0
7979,6
7981,4
7987,3
7989,2
7991,0
8003,7
8006,1
8029,7
8032,10
8032,1
8049,7
8049,4
8058,1
8068,4
8071,10
8075,7
8097,10
8098,8
8102,5
8104,8
8110,3
8111,8
8112,7
8116,7
8117,10
8119,8
8121,10
8123,9
8126,1
8128,2
8130,10
8132,7
8135,0
8138,9
8138,0
8143,2
8152,10
8153,1
8155,3
8158,3
8165,10
8168,1
8172,1
8175,7
8185,4
8188,2
8192,3
8195,3
8197,4
8197,8
8202,5
8205,2
8205,3
8208,2
8209,4
8210,9
8215,10
8216,9
8216,7
8221,7
8221,9
8222,9
8246,8
8260,9
8262,8
8262,5
8265,4
8267,2
8269,6
8281,4
8286,1
8286,9
8288,9
8301,10
8303,0
8305,4
8309,5
8311,7
8311,10
8312,8
8317,3
8319,9
8323,8
8324,0
8328,5
8331,10
8341,8
8344,9
8353,1
8354,5
8359,1
8361,5
8366,0
8370,5
8371,10
8379,3
8379,1
8390,7
8393,7
8394,3
8398,1
8401,8
8418,1
8425,0
8438,5
8439,2
8444,6
8446,9
8450,10
8451,3
8454,7
8458,8
8459,8
8471,2
8471,6
8472,4
8474,2
8475,1
8479,0
8487,9
8487,10
8492,10
8494,2
8497,9
8499,3
8507,10
8511,8
8512,1
8517,5
8525,5
8526,1
8526,3
8529,10
8534,2
8535,7
8536,6
8536,4
8539,5
8540,10
8546,10
8551,6
8552,7
8554,0
8561,2
8563,9
8563,8
8565,9
8569,1
8570,4
8571,8
8580,3
8585,3
8586,3
8587,1
8591,4
8595,5
8604,6
8623,0
8626,10
8634,6
8637,9
8639,5
8640,5
8660,7
8667,2
8669,0
8671,3
8674,9
8676,3
8691,8
8696,4
8701,4
8705,10
8707,9
8709,10
8712,10
8716,5
8718,0
8719,4
8721,0
8722,3
8723,9
8724,4
8729,4
8738,0
8746,0
8791,9
8792,10
8800,9
8804,6
8805,9
8806,2
8809,2
8811,4
8817,0
8817,6
8818,1
8824,6
8824,0
8825,5
8825,3
8839,1
8841,0
8847,5
8856,8
8861,0
8866,7
8868,7
8877,9
8883,8
8890,6
8895,1
8899,6
8900,10
8902,8
8904,4
8904,8
8919,2
8919,3
8923,3
8928,10
8937,4
8943,9
8944,4
8958,5
8959,1
8959,6
8962,10
8962,9
8964,0
8986,3
8991,9
8995,1
9000,1
9010,10
9011,0
9012,6
9013,9
9015,3
9016,2
9024,6
9041,8
9043,7
9047,9
9050,6
9055,5
9061,3
9067,3
9078,10
9080,1
9091,0
9093,10
9093,8
9096,0
9100,8
9107,10
9109,2
9112,4
9117,7
9118,7
9122,3
9122,9
9132,0
9132,5
9134,3
9137,5
9141,0
9143,4
9146,9
9155,7
9157,3
9166,9
9169,3
9177,8
9185,1
9192,5
9193,6
9194,4
9198,10
9207,7
9212,3
9223,7
9226,5
9226,4
9226,1
9230,7
9230,2
9231,6
9233,2
9233,6
9238,5
9238,6
9239,1
9242,0
9245,4
9245,7
9249,2
9252,4
9253,9
9253,8
9254,2
9260,1
9260,10
9261,10
9266,0
9266,9
9266,10
9270,2
9275,4
9277,8
9279,5
9285,3
9286,6
9286,8
9287,4
9287,6
9289,8
9296,7
9299,0
9300,3
9300,4
9304,1
9309,3
9313,1
9316,5
9318,9
9319,3
9320,4
9320,6
9321,5
9324,5
9336,4
9338,0
9338,8
9341,2
9352,9
9353,2
9363,5
9363,0
9371,2
9372,10
9377,10
9382,9
9382,5
9382,1
9385,3
9387,8
9388,8
9391,3
9397,10
9397,4
9399,4
9400,2
9406,9
9425,4
9425,6
9427,10
9432,7
9437,7
9452,2
9462,9
9470,9
9471,9
9473,10
9477,9
9477,3
9478,9
9478,0
9482,3
9490,10
9500,2
9501,8
9504,5
9505,6
9509,8
9516,9
9520,9
9524,1
9527,6
9532,0
9533,8
9533,4
9534,9
9536,9
9536,5
9540,2
9542,7
9550,3
9554,1
9555,9
9563,9
9572,4
9576,0
9581,4
9584,9
9587,1
9600,6
9612,3
9612,1
9615,8
9618,10
9621,1
9627,3
9631,6
9633,3
9633,5
9634,6
9641,1
9646,6
9651,5
9660,7
9660,6
9670,0
9673,3
9688,10
9692,0
9699,1
9700,4
9704,3
9705,6
9708,0
9710,0
9714,5
9725,5
9726,1
9732,5
9732,10
9733,6
9748,10
9750,8
9751,8
9756,10
9757,1
9766,9
9769,8
9772,2
9774,6
9775,9
9775,2
9776,5
9776,4
9779,0
9780,1
9785,3
9795,7
9797,4
9801,0
9817,10
9821,2
9827,6
9829,10
9831,7
9836,5
9847,8
9856,8
9859,5
9886,1
9888,9
9892,7
9894,9
9896,8
9898,0
9899,6
9899,9
9904,2
9910,8
9922,1
9922,10
9925,4
9933,10
9934,10
9940,3
9941,9
9949,3
9950,6
9951,3
9953,1
9961,6
9962,6
9962,3
9968,5
9976,7
9976,1
9977,5
9978,7
9983,3
9989,0
9989,3
9992,7
9996,7
10001,4
10007,9
10012,1
10014,7
10024,5
10031,7
10033,10
10033,1
10040,10
10041,9
10049,8
10051,5
10051,3
10052,5
10053,8
10058,10
10058,6
10066,1
10070,5
10075,6
10081,0
10086,6
10097,6
10101,5
10110,2
10111,2
10111,1
10121,9
10122,8
10123,2
10129,6
10130,3
10130,9
10130,8
10131,10
10133,3
10137,6
10139,8
10140,4
10141,2
10142,5
10146,4
10147,7
10154,4
10155,7
10156,8
10158,1
10159,3
10161,5
10162,7
10166,4
10169,7
10172,4
10175,8
10176,5
10193,1
10198,0
10201,3
10204,8
10224,3
10226,4
10229,7
10234,8
10236,10
10238,7
10245,6
10247,6
10247,1
10250,1
10250,5
10254,9
10268,3
10271,9
10276,4
10281,1
10285,4
10286,2
10287,2
10288,3
10291,8
10304,9
10311,7
10313,3
10313,0
10318,5
10330,3
10332,3
10344,0
10352,6
10357,9
10361,6
10366,8
10372,3
10373,1
10376,10
10378,9
10378,5
10379,1
10380,7
10386,3
10401,2
10405,1
10410,6
10414,7
10417,5
10418,4
10420,7
10422,4
10430,8
10431,10
10438,6
10440,4
10441,4
10444,1
10445,8
10448,4
10454,6
10457,0
10460,4
10464,6
10475,1
10481,0
10487,3
10488,3
10491,5
10493,2
10494,4
10499,0
10504,3
10505,6
10505,3
10508,10
10510,3
10512,4
10513,9
10515,4
10517,8
10519,4
10522,5
10527,10
10528,4
10533,5
10533,9
10539,4
10543,5
10543,6
10543,7
10547,7
10548,3
10556,3
10556,2
10558,1
10568,5
10590,0
10600,6
10601,6
10602,2
10612,10
10613,0
10618,0
10623,10
10627,8
10638,5
10640,9
10645,2
10646,6
10650,8
10651,2
10655,6
10659,0
10672,6
10681,7
10683,3
10687,8
10692,5
10693,9
10696,5
10697,9
10697,10
10698,7
10698,1
10699,8
10702,4
10704,1
10710,5
10710,3
10712,5
10721,6
10738,4
10745,2
10746,4
10747,1
10756,5
10761,9
10761,4
10763,3
10763,9
10766,4
10766,0
10780,10
10781,0
10781,6
10783,2
10789,9
10793,8
10798,8
10800,9
10804,6
10808,9
10808,1
10812,3
10813,2
10817,6
10823,9
10827,3
10829,6
10834,8
10836,1
10837,4
10838,7
10845,6
10845,0
10845,9
10846,2
10849,6
10854,6
10859,7
10860,2
10860,5
10860,10
10864,0
10868,2
10871,5
10873,0
10882,9
10888,5
10895,4
10896,2
10896,3
10899,7
10899,8
10900,6
10901,6
10905,3
10908,5
10909,10
10909,5
10913,10
10928,10
10932,1
10933,3
10934,8
10939,7
10940,0
10947,2
10949,1
10956,5
10957,0
10970,1
10974,10
10984,8
10991,4
10991,9
10992,2
10997,8
10998,10
10999,1
11003,3
11005,4
11007,4
11009,6
11010,3
11016,1
11022,7
11022,1
11046,2
11054,5
11062,6
11069,1
11072,10
11073,7
11073,5
11080,8
11082,1
11082,2
11090,10
11090,8
11098,4
11100,2
11102,10
11104,8
11110,4
11112,7
11116,1
11128,5
11132,10
11145,1
11146,6
11151,9
11152,6
11154,8
11154,5
11160,1
11169,0
11170,8
11172,2
11174,1
11181,9
11183,4
11183,8
11185,9
11194,9
11195,9
11196,10
11202,9
11203,5
11206,8
11212,7
11213,8
11213,4
11215,10
11216,4
11219,7
11219,9
11220,3
11225,7
11225,0
11227,6
11231,2
11232,5
11240,10
11243,1
11244,10
11248,3
11251,9
11251,2
11256,5
11260,8
11262,8
11277,4
11278,4
11279,1
11288,5
11291,7
11292,10
11296,6
11300,5
11301,2
11301,4
11305,10
11307,8
11308,10
11310,10
11312,3
11312,8
11313,9
11314,3
11315,5
11315,7
11316,9
11320,5
11322,2
11323,8
11325,7
11327,0
11332,8
11332,1
11333,10
11335,3
11337,7
11340,7
11341,0
11347,3
11348,1
11349,3
11351,7
11356,3
11362,5
11362,3
11362,4
11371,2
11379,6
11380,1
11385,8
11386,9
11387,10
11387,1
11392,7
11397,3
11405,4
11408,3
11411,4
11411,3
11411,10
11417,2
11420,4
11422,9
11426,5
11431,8
11434,7
11435,2
11442,9
11443,4
11444,8
11446,1
11452,8
11453,4
11454,6
11456,10
11457,2
11473,7
11481,4
11482,6
11484,6
11484,1
11487,6
11494,2
11499,6
11505,4
11506,2
11515,5
11522,8
11529,8
11535,5
11556,2
11556,8
11557,0
11558,8
11560,0
11566,7
11568,8
11569,3
11570,4
11580,3
11591,5
11599,6
11604,8
11604,9
11605,3
11608,8
11612,7
11619,7
11624,2
11624,10
11635,5
11640,9
11640,3
11641,7
11643,3
11646,3
11648,10
11650,8
11652,4
11655,10
11655,9
11656,9
11658,10
11659,8
11673,3
11681,8
11681,10
11686,3
11688,4
11700,3
11702,1
11702,6
11705,8
11707,5
11711,1
11720,3
11725,2
11729,0
11735,9
11736,1
11737,8
11747,5
11750,8
11754,3
11758,8
11759,9
11762,8
11775,6
11780,8
11782,5
11785,3
11788,4
11795,10
11798,4
11799,3
11801,0
11801,10
11808,4
11815,0
11827,5
11828,6
11829,7
11847,3
11850,7
11854,8
11867,0
11872,0
11872,7
11874,9
11890,5
11891,1
11892,6
11896,6
11897,8
11904,9
11909,7
11914,8
11922,3
11923,5
11925,6
11926,1
11927,10
11928,3
11929,7
11935,4
11936,7
11948,9
11953,9
11956,9
11959,7
11967,7
11968,2
11969,1
11972,9
11974,4
11981,2
11986,6
11993,7
12003,7
12014,2
12019,6
12026,3
12028,1
12030,2
12030,7
12033,7
12044,5
12047,8
12049,1
12053,4
12061,9
12063,0
12064,5
12069,0
12074,8
12075,5
12076,3
12079,8
12095,4
12096,4
12100,4
12106,2
12107,1
12112,5
12120,6
12126,8
12131,4
12133,7
12134,4
12136,6
12158,9
12159,8
12159,3
12161,10
12163,1
12170,10
12183,7
12184,10
12188,4
12195,6
12198,9
12198,5
12204,1
12205,8
12212,8
12218,1
12220,6
12221,2
12226,6
12229,9
12233,5
12244,6
12248,6
12253,4
12256,2
12260,8
12275,2
12282,1
12288,7
12291,7
12294,3
12296,9
12299,3
12304,0
12313,10
12315,9
12325,10
12327,9
12328,3
12331,3
12339,4
12345,0
12345,6
12350,10
12352,6
12359,5
12361,4
12364,9
12367,4
12375,9
12375,7
12377,8
12383,8
12385,1
12393,0
12395,7
12396,3
12403,1
12413,2
12423,0
12425,4
12433,7
12445,4
12447,9
12455,10
12461,10
12463,9
12465,9
12466,9
12469,8
12476,9
12480,10
12482,10
12485,2
12485,3
12496,4
12503,1
12508,7
12508,8
12513,4
12514,0
12514,3
12518,1
12519,5
12522,5
12523,8
12526,3
12533,5
12534,6
12534,8
12536,3
12537,0
12543,3
12547,7
12565,0
12577,6
12583,4
12587,6
12589,2
12594,8
12597,5
12598,1
12602,1
12602,0
12606,9
12609,10
12616,9
12616,6
12616,3
12618,0
12618,6
12619,8
12623,9
12624,8
12627,3
12628,3
12628,5
12630,2
12635,7
12635,2
12646,4
12655,6
12666,0
12679,5
12690,0
12696,7
12703,9
12707,10
12707,5
12711,2
12711,5
12716,1
12720,6
12725,8
12732,10
12735,6
12739,10
12742,7
12743,3
12753,3
12761,7
12767,6
12773,8
12781,7
12784,10
12796,2
12800,2
12801,0
12806,2
12806,4
12807,0
12812,1
12821,10
12823,6
12825,0
12833,6
12835,3
12837,6
12850,7
12853,2
12855,4
12856,6
12864,7
12870,3
12885,2
12886,8
12888,7
12893,1
12901,0
12912,8
12913,4
12915,9
12920,9
12922,2
12924,8
12926,9
12927,5
12932,8
12933,9
12940,10
12950,6
12951,8
12957,3
12961,5
12975,9
12989,8
12992,6
12995,4
13002,3
13010,3
13011,10
13015,3
13015,4
13020,1
13020,9
13021,9
13026,1
13028,10
13029,9
13036,7
13041,10
13043,1
13043,3
13044,3
13052,6
13062,2
13062,3
13063,1
13063,6
13080,2
13085,0
13095,9
13098,6
13099,1
13104,3
13107,0
13109,10
13111,5
13112,5
13119,0
13120,6
13121,10
13122,3
13130,0
13131,4
13133,9
13138,8
13143,10
13151,4
13153,7
13156,0
13159,7
13159,6
13164,8
13177,9
13179,8
13183,3
13184,6
13185,10
13203,0
13204,9
13206,2
13206,10
13208,4
13209,2
13210,10
13215,10
13216,6
13217,2
13217,9
13219,9
13228,7
13231,7
13234,0
13241,4
13242,1
13243,6
13247,6
13253,0
13263,9
13269,6
13269,1
13281,4
13281,9
13288,10
13289,6
13291,9
13292,9
13302,6
13305,10
13306,4
13308,3
13309,1
13313,7
13320,1
13321,6
13323,3
13328,1
13340,1
13353,0
13355,5
13359,7
13361,5
13361,7
13364,2
13370,1
13372,0
13377,0
13381,0
13392,10
13396,5
13397,1
13400,1
13401,7
13403,9
13406,4
13406,9
13418,4
13418,0
13421,6
13422,4
13438,1
13441,8
13447,1
13447,2
13448,0
13454,8
13458,8
13462,6
13465,1
13466,1
13473,6
13476,9
13481,6
13486,3
13488,0
13489,8
13494,8
13495,2
13498,1
13503,2
13509,1
13511,2
13512,2
13514,5
13519,3
13519,5
13521,8
13521,1
13522,1
13523,5
13526,3
13532,9
13535,7
13538,0
13539,8
13540,0
13541,2
13543,5
13548,4
13549,8
13552,0
13554,2
13559,5
13564,8
13564,1
13569,3
13570,10
13572,0
13581,7
13589,6
13592,0
13611,9
13612,9
13615,6
13623,6
13625,8
13625,1
13626,4
13631,2
13639,9
13640,9
13640,2
13646,1
13649,8
13652,8
13654,10
13656,8
13657,7
13659,1
13660,8
13663,8
13667,1
13668,8
13671,1
13672,9
13678,7
13680,7
13686,4
13697,7
13699,7
13702,7
13703,0
13705,5
13706,8
13711,2
13724,4
13732,3
13733,3
13738,1
13739,1
13744,1
13747,3
13748,3
13750,10
13754,9
13767,8
13767,4
13775,8
13782,5
13782,6
13785,2
13789,2
13798,6
13802,3
13810,3
13828,6
13829,7
13830,4
13841,8
13842,9
13850,10
13855,0
13855,5
13858,4
13863,0
13865,2
13866,4
13874,9
13876,1
13889,4
13902,4
13905,7
13905,10
13910,1
13911,5
13911,3
13914,5
13916,7
13922,4
13922,9
13923,7
13925,1
13929,2
13930,5
13930,10
13937,9
13938,10
13942,1
13943,2
13945,3
13945,8
13946,4
13946,0
13948,8
13955,0
13963,9
13966,1
13977,5
13980,9
13984,9
13984,10
13996,8
14000,9
14003,10
14004,8
14005,9
14006,3
14014,4
14015,2
14016,7
14018,5
14020,10
14026,10
14032,2
14038,10
14041,2
14049,3
14050,6
14052,4
14055,9
14059,9
14062,2
14065,9
14066,2
14083,9
14084,3
14091,9
14094,8
14102,5
14102,0
14106,4
14111,0
14111,3
14114,8
14123,10
14126,10
14127,5
14129,1
14134,2
14139,9
14144,8
14144,0
14144,2
14146,0
14158,10
14167,1
14172,5
14174,9
14175,8
14175,2
14184,10
14186,2
14188,3
14191,3
14208,2
14211,9
14216,5
14221,9
14222,5
14230,10
14232,4
14233,9
14233,10
14236,1
14236,7
14239,6
14242,7
14243,7
14243,1
14246,9
14246,5
14251,1
14254,0
14255,10
14256,8
14262,4
14263,2
14268,8
14271,2
14280,8
14281,1
14281,10
14286,6
14291,7
14296,7
14303,2
14312,9
14313,0
14316,7
14321,9
14322,6
14323,10
14323,9
14325,6
14334,0
14337,1
14339,1
14347,1
14349,7
14353,6
14353,10
14372,0
14380,9
14381,2
14388,0
14394,7
14394,5
14397,0
14400,10
14404,0
14405,1
14405,9
14406,1
14407,6
14411,1
14415,4
14417,4
14420,3
14421,9
14428,9
14433,6
14434,7
14442,8
14447,1
14452,3
14454,8
14460,5
14461,7
14465,5
14466,0
14472,7
14477,10
14481,8
14483,6
14485,6
14486,3
14487,10
14492,2
14498,7
14503,5
14503,7
14504,6
14519,0
14523,8
14525,9
14527,9
14535,9
14537,6
14538,4
14539,9
14541,7
14543,9
14545,4
14558,9
14563,2
14568,3
14569,6
14572,0
14576,4
14578,6
14590,5
14596,8
14596,4
14598,4
14599,1
14601,5
14604,9
14607,0
14609,8
14617,10
14617,5
14624,1
14644,4
14646,8
14659,9
14661,8
14662,2
14670,0
14673,6
14681,6
14691,0
14694,4
14694,5
14695,4
14700,9
14705,8
14710,6
14720,8
14728,9
14733,9
14740,3
14755,7
14762,7
14764,4
14765,0
14766,1
14766,10
14769,5
14774,6
14775,8
14778,9
14782,7
14784,5
14785,10
14785,6
14787,7
14790,9
14794,0
14795,5
14795,6
14798,5
14800,0
14809,2
14809,0
14822,10
14824,0
14825,10
14828,3
14830,1
14830,4
14831,4
14831,10
14832,10
14838,7
14838,0
14845,7
14846,7
14847,5
14849,10
14853,8
14859,9
14860,0
14863,2
14864,1
14865,1
14866,9
14874,8
14876,1
14880,10
14884,5
14888,8
14889,4
14890,2
14896,4
14911,0
14911,6
14921,3
14923,10
14926,8
14934,1
14934,6
14935,6
14936,0
14937,2
14938,10
14940,9
14944,0
14958,3
14961,0
14964,4
14965,0
14974,7
14975,9
14977,2
14978,6
14979,8
14982,7
14987,1
14989,8
14991,6
14996,5
15004,9
15008,0
15010,5
15011,8
15013,5
15017,10
15018,3
15019,3
15019,9
15020,10
15024,10
15027,8
15027,7
15028,1
15029,7
15032,2
15032,0
15041,3
15047,7
15050,10
15051,0
15054,8
15063,7
15064,5
15064,10
15064,6
15068,10
15069,0
15073,5
15074,10
15077,7
15078,4
15081,6
15082,5
15083,4
15090,7
15090,9
15096,2
15101,7
15102,6
15104,0
15106,0
15109,5
15113,7
15120,4
15125,10
15125,6
15127,9
15128,3
15128,0
15130,9
15132,7
15135,9
15137,6
15140,0
15140,3
15141,6
15142,3
15144,2
15151,0
15152,7
15160,0
15164,9
15164,5
15168,8
15170,9
15174,10
15176,1
15180,10
15180,1
15182,9
15186,8
15188,3
15205,4
15206,3
15208,4
15225,2
15226,8
15226,7
15232,4
15234,7
15237,3
15241,7
15249,10
15249,6
15250,2
15252,2
15256,9
15261,2
15263,8
15279,3
15279,10
15281,4
15286,6
15297,8
15297,1
15306,8
15312,9
15316,1
15318,5
15318,3
15319,1
15330,9
15336,5
15337,3
15338,5
15339,5
15343,3
15346,0
15350,1
15354,9
15356,5
15360,2
15365,2
15367,10
15368,0
15371,8
15372,5
15373,1
15379,2
15384,7
15387,6
15388,5
15389,0
15390,10
15402,7
15402,9
15406,6
15408,8
15408,2
15408,7
15411,1
15425,5
15429,1
15439,10
15439,6
15445,10
15461,5
15463,0
15467,1
15471,7
15473,7
15476,3
15483,1
15488,1
15488,3
15492,8
15495,5
15496,3
15496,4
15498,3
15499,3
15502,3
15503,9
15503,0
15504,4
15507,10
15517,1
15521,0
15523,5
15526,6
15528,5
15532,2
15535,10
15536,0
15536,5
15546,5
15547,3
15547,6
15553,2
15554,6
15571,0
15573,10
15573,0
15580,2
15582,8
15584,4
15589,6
15592,2
15592,4
15602,10
15604,2
15605,0
15606,4
15606,6
15611,0
15611,4
15611,2
15616,4
15623,5
15627,2
15627,3
15628,3
15629,5
15630,2
15635,0
15642,5
15642,3
15649,6
15649,10
15655,5
15664,10
15674,8
15674,5
15676,0
15679,0
15694,4
15694,0
15694,5
15696,2
15701,7
15704,2
15706,4
15716,8
15721,5
15725,5
15726,9
15727,2
15729,4
15730,4
15730,2
15733,9
15735,4
15736,1
15738,0
15738,2
15739,9
15740,10
15746,7
15750,4
15776,7
15789,6
15800,9
15801,1
15801,7
15809,0
15815,1
15816,0
15818,1
15824,9
15827,4
15835,5
15846,9
15849,6
15856,8
15863,8
15863,4
15871,3
15882,6
15885,9
15890,2
15891,7
15893,10
15893,0
15899,10
15900,10
15900,7
15905,2
15910,9
15913,4
15920,10
15922,7
15926,7
15935,2
15937,4
15949,8
15951,6
15951,3
15958,10
15960,6
15962,0
15963,6
15964,8
15970,0
15977,0
15977,8
15981,0
15982,9
15986,3
15991,4
15992,2
15994,3
15996,10
16001,0
16002,9
16005,9
16007,9
16010,2
16015,2
16016,9
16021,3
16024,2
16025,3
16026,9
16034,10
16042,2
16051,5
16054,9
16057,5
16061,9
16061,5
16064,2
16064,7
16065,6
16072,9
16081,7
16087,7
16088,9
16090,10
16094,2
16097,8
16103,3
16103,0
16105,6
16108,10
16122,2
16124,1
16126,3
16129,6
16130,0
16138,3
16139,5
16139,4
16144,3
16146,1
16147,10
16147,6
16148,6
16150,4
16154,3
16156,1
16157,1
16167,5
16167,4
16169,6
16170,2
16171,1
16172,8
16177,9
16179,3
16183,9
16186,7
16189,0
16190,1
16204,3
16205,6
16210,2
16217,6
16224,1
16224,4
16229,5
16239,10
16243,5
16247,5
16250,2
16261,3
16264,2
16265,3
16270,1
16275,0
16275,3
16279,4
16284,5
16286,3
16288,4
16298,7
16299,3
16300,9
16301,2
16304,4
16305,10
16308,5
16312,3
16316,3
16320,5
16325,9
16331,1
16339,2
16340,0
16341,2
16342,3
16347,0
16353,6
16356,6
16364,3
16369,4
16374,8
16377,10
16383,4
16384,2
16387,6
16391,7
16402,1
16404,7
16407,5
16417,2
16420,9
16428,10
16429,10
16434,4
16443,5
16446,10
16450,3
16451,4
16455,6
16456,8
16456,7
16466,7
16469,5
16478,5
16480,3
16493,9
16493,10
16496,4
16501,4
16517,0
16518,10
16518,7
16522,8
16525,6
16529,8
16529,3
16533,10
16534,1
16539,7
16541,5
16542,9
16543,6
16556,7
16556,6
16556,5
16562,0
16567,6
16568,2
16579,10
16580,8
16581,8
16583,5
16587,8
16590,8
16590,4
16613,0
16616,7
16627,10
16630,10
16644,5
16644,4
16647,7
16650,1
16652,1
16655,7
16660,7
16661,2
16662,8
16669,5
16671,5
16675,2
16678,1
16685,6
16688,2
16689,5
16692,3
16696,9
16697,1
16697,3
16699,4
16705,2
16708,2
16711,5
16713,6
16714,0
16722,1
16727,3
16736,0
16737,6
16742,8
16743,7
16757,5
16758,6
16761,8
16763,7
16765,3
16771,4
16776,10
16776,3
16777,1
16782,8
16783,8
16787,0
16796,1
16800,0
16801,7
16807,0
16810,4
16815,9
16824,5
16844,7
16847,6
16852,8
16854,2
16866,2
16868,2
16871,4
16873,4
16873,10
16873,8
16874,4
16880,10
16881,7
16884,4
16887,10
16891,6
16894,9
16894,0
16899,9
16905,0
16906,1
16906,2
16908,0
16924,0
16927,3
16931,7
16936,6
16941,7
16945,2
16946,2
16947,6
16948,5
16956,1
16966,6
16972,8
16976,3
16978,3
16982,9
16984,6
16985,6
16987,3
17001,2
17011,10
17011,8
17030,8
17031,1
17033,7
17035,10
17037,1
17037,2
17047,5
17050,6
17053,1
17065,3
17071,7
17083,3
17090,9
17092,0
17098,0
17102,7
17105,8
17106,4
17107,1
17109,5
17110,3
17111,3
17119,4
17130,3
17132,8
17135,4
17143,5
17162,4
17169,5
17179,9
17182,0
17184,2
17187,0
17189,4
17191,6
17199,1
17212,5
17218,0
17220,1
17221,7
17224,6
17225,4
17226,0
17235,2
17238,9
17241,3
17242,10
17243,4
17244,9
17248,10
17254,10
17257,8
17257,7
17260,4
17262,2
17264,2
17267,0
17283,8
17293,7
17303,9
17305,2
17307,6
17317,4
17321,6
17331,2
17336,8
17340,0
17341,3
17355,9
17359,0
17360,5
17371,0
17375,1
17376,9
17378,10
17382,1
17382,8
17394,5
17397,10
17410,3
17413,0
17415,6
17418,8
17420,2
17420,10
17423,10
17431,1
17433,6
17435,5
17438,6
17449,5
17454,6
17457,7
17461,6
17461,7
17461,9
17466,5
17475,7
17476,6
17476,4
17478,4
17486,7
17501,9
17501,8
17502,9
17503,1
17504,3
17508,10
17514,6
17517,2
17517,3
17529,7
17530,1
17531,4
17533,0
17534,9
17540,1
17545,1
17557,10
17558,10
17568,3
17572,9
17588,4
17588,8
17590,1
17597,6
17600,8
17602,4
17605,6
17608,10
17624,5
17625,5
17628,5
17632,5
17633,9
17633,5
17645,7
17646,8
17653,9
17656,0
17661,9
17664,7
17666,2
17669,6
17671,6
17679,2
17680,5
17680,8
17693,7
17698,1
17700,9
17703,4
17705,9
17706,0
17714,2
17715,7
17723,0
17727,3
17729,4
17730,4
17731,0
17731,5
17732,3
17735,10
17742,10
17751,3
17770,6
17770,0
17773,2
17777,4
17779,2
17783,7
17783,5
17803,8
17810,3
17812,2
17817,4
17833,9
17834,1
17837,9
17842,1
17850,9
17860,0
17862,7
17869,2
17870,7
17871,10
17871,8
17880,6
17887,5
17897,2
17899,1
17900,4
17906,3
17909,8
17910,0
17915,9
17925,4
17925,2
17927,9
17930,5
17942,3
17944,1
17948,5
17952,0
17967,1
17969,9
17970,0
17979,10
17983,0
17984,1
17985,6
17988,8
17993,4
17993,0
17997,2
17997,6
18000,7
18003,7
18004,4
18006,2
18011,8
18016,9
18024,10
18026,0
18031,2
18033,0
18034,7
18042,3
18044,1
18050,1
18054,6
18055,4
18058,1
18065,5
18073,4
18083,8
18085,5
18087,1
18089,7
18096,8
18097,0
18103,1
18104,8
18105,3
18113,9
18117,9
18121,3
18128,5
18130,2
18133,4
18143,7
18155,8
18156,10
18164,4
18165,9
18166,4
18169,0
18171,1
18174,0
18175,0
18175,5
18184,10
18185,3
18198,4
18206,6
18207,9
18209,5
18210,0
18221,6
18223,4
18225,8
18228,2
18234,6
18239,2
18239,10
18245,0
18253,1
18254,0
18255,1
18257,1
18258,9
18261,10
18262,7
18270,3
18272,6
18273,5
18275,7
18284,3
18286,6
18288,2
18291,8
18297,6
18310,8
18314,6
18315,8
18318,4
18323,3
18325,6
18329,1
18329,10
18331,2
18334,5
18340,0
18343,7
18344,0
18346,5
18348,8
18353,0
18355,10
18356,2
18362,1
18371,5
18372,5
18376,2
18377,8
18384,0
18394,8
18398,1
18399,9
18402,8
18406,3
18407,9
18421,8
18422,9
18429,0
18434,6
18438,4
18440,3
18441,1
18444,10
18447,9
18448,0
18449,10
18460,8
18464,2
18466,5
18474,8
18475,7
18476,6
18480,9
18492,10
18496,1
18499,8
18501,6
18502,8
18506,10
18528,5
18534,5
18536,6
18542,10
18546,10
18548,1
18556,2
18556,7
18562,7
18567,8
18568,5
18569,0
18570,4
18574,6
18576,2
18578,5
18578,3
18584,7
18608,5
18616,8
18618,0
18622,0
18624,2
18639,10
18642,6
18643,10
18650,6
18651,8
18656,3
18656,6
18657,10
18659,3
18659,2
18662,0
18663,4
18663,10
18667,6
18669,5
18671,6
18673,3
18675,0
18676,0
18682,9
18686,1
18686,4
18695,3
18705,8
18710,8
18713,3
18715,7
18717,10
18718,9
18721,6
18727,10
18730,1
18736,2
18740,10
18742,5
18746,5
18747,4
18748,3
18753,9
18757,8
18758,0
18760,1
18762,6
18772,0
18779,10
18793,8
18797,0
18812,1
18818,5
18825,7
18828,10
18832,7
18832,8
18835,8
18837,7
18842,5
18843,9
18844,0
18851,0
18858,2
18863,3
18864,10
18871,10
18873,0
18873,3
18874,8
18874,6
18881,8
18885,8
18889,7
18894,0
18897,2
18908,3
18910,4
18911,8
18915,2
18918,10
18922,5
18933,1
18937,9
18939,5
18939,4
18942,2
18950,1
18951,10
18952,3
18952,10
18956,6
18958,5
18962,3
18963,7
18967,3
18967,2
18968,6
18971,0
18978,0
18979,7
18983,10
18987,0
18990,0
18994,3
19000,3
19004,7
19005,7
19006,7
19009,2
19011,3
19017,4
19017,2
19021,8
19023,5
19025,4
19028,3
19036,3
19037,9
19038,7
19039,2
19040,8
19044,6
19045,0
19047,9
19057,9
19062,6
19062,5
19063,3
19065,8
19066,1
19069,1
19071,2
19071,7
19075,2
19084,7
19085,8
19086,6
19089,4
19093,3
19103,6
19106,8
19108,10
19112,1
19114,4
19117,0
19117,2
19118,0
19119,5
19130,3
19134,1
19135,6
19144,10
19146,7
19152,0
19159,5
19159,6
19162,5
19166,8
19178,3
19179,10
19188,0
19190,2
19191,8
19195,3
19204,5
19209,7
19213,9
19214,3
19215,3
19223,0
19224,2
19237,0
19238,3
19240,3
19242,3
19245,3
19245,8
19252,4
19258,10
19259,10
19272,3
19275,2
19277,1
19278,3
19280,10
19293,5
19296,7
19299,3
19301,5
19304,3
19308,3
19317,9
19317,10
19320,2
19321,0
19323,5
19323,4
19338,0
19344,2
19352,6
19352,5
19355,10
19356,5
19362,5
19363,8
19364,10
19365,1
19372,2
19372,0
19374,8
19380,5
19383,8
19399,5
19401,6
19412,5
19412,2
19416,3
19418,8
19421,0
19421,6
19426,2
19430,5
19431,10
19433,5
19436,9
19438,1
19439,8
19443,9
19443,7
19451,8
19457,2
19458,2
19466,1
19467,2
19469,4
19477,1
19480,6
19483,7
19487,8
19487,9
19501,8
19501,6
19510,4
19511,0
19511,2
19513,5
19519,0
19519,9
19519,7
19522,0
19527,10
19529,0
19529,1
19530,7
19531,6
19533,8
19536,6
19539,0
19545,2
19546,3
19549,9
19553,0
19554,4
19562,0
19563,10
19567,6
19568,1
19569,9
19573,5
19575,7
19579,0
19581,3
19583,4
19585,9
19587,8
19597,0
19613,2
19616,3
19623,5
19626,6
19629,8
19633,0
19640,2
19641,1
19654,10
19662,2
19662,8
19663,6
19664,1
19677,10
19686,0
19690,3
19692,1
19694,7
19708,7
19708,5
19709,0
19710,0
19712,8
19716,6
19725,8
19727,1
19735,8
19746,5
19752,7
19765,9
19774,3
19778,3
19782,7
19783,10
19785,1
19787,0
19788,9
19790,4
19792,1
19793,6
19794,4
19795,9
19800,8
19802,6
19804,5
19815,2
19822,7
19831,0
19834,1
19835,10
19837,10
19838,3
19845,10
19851,5
19854,8
19856,7
19862,5
19864,3
19867,0
19868,9
19869,7
19885,0
19887,1
19890,4
19897,9
19904,6
19906,4
19909,1
19912,4
19913,4
19913,2
19914,7
19922,10
19923,1
19929,10
19930,2
19932,5
19936,4
19948,10
19952,9
19955,10
19958,4
19962,1
19965,9
19967,9
19969,6
19978,7
19980,10
19984,9
19984,5
19994,2
19996,4
19997,1
19998,8
20001,7
20010,0
20011,1
20012,1
20013,8
20014,9
20017,9
20024,2
20024,10
20026,1
20032,7
20034,1
20038,1
20039,10
20043,6
20044,0
20047,5
20053,6
20054,3
20056,4
20057,5
20062,10
20062,4
20063,10
20067,7
20072,1
20073,3
20084,5
20086,3
20091,0
20092,5
20100,0
20102,9
20104,7
20105,3
20108,8
20110,5
20117,2
20123,8
20124,1
20140,1
20141,9
20144,7
20146,2
20151,10
20152,7
20152,10
20158,9
20160,0
20166,4
20168,7
20175,6
20177,2
20179,10
20179,6
20183,4
20190,9
20195,1
20197,9
20204,2
20206,10
20208,0
20211,2
20213,0
20216,8
20226,2
20230,8
20233,9
20233,2
20237,1
20254,7
20260,9
20262,10
20262,6
20268,1
20270,10
20277,1
20277,6
20277,5
20283,9
20285,7
20286,9
20289,6
20290,5
20292,2
20295,4
20299,0
20305,7
20311,10
20314,1
20318,8
20322,9
20323,10
20325,7
20327,4
20331,3
20331,9
20338,0
20348,0
20355,5
20357,0
20360,4
20362,1
20364,1
20365,7
20368,0
20369,2
20371,3
20373,4
20378,0
20394,0
20396,5
20396,6
20396,2
20404,6
20410,3
20413,8
20421,4
20432,0
20437,9
20439,3
20447,7
20447,0
20464,6
20469,8
20469,10
20480,1
20485,6
20487,5
20488,7
20488,4
20491,5
20497,4
20497,8
20502,7
20504,1
20506,5
20507,2
20509,4
20511,1
20514,9
20516,0
20516,2
20519,6
20520,8
20521,9
20523,2
20526,4
20529,10
20530,7
20532,6
20533,1
20534,3
20535,6
20535,5
20537,0
20542,5
20546,3
20555,5
20560,6
20561,8
20582,4
20583,4
20583,2
20589,7
20590,0
20596,9
20597,10
20607,1
20615,10
20617,2
20617,1
20619,0
20631,6
20645,9
20647,7
20648,6
20650,3
20662,3
20664,2
20680,2
20689,5
20693,8
20696,3
20702,10
20704,9
20708,5
20712,1
20714,3
20715,7
20716,6
20725,3
20727,6
20730,5
20742,0
20743,8
20744,4
20745,9
20745,3
20746,10
20748,6
20751,1
20751,4
20757,7
20757,3
20761,0
20762,8
20765,7
20780,10
20783,0
20784,10
20785,3
20786,1
20792,9
20793,8
20794,3
20798,3
20798,2
20806,3
20812,2
20813,6
20818,6
20821,9
20824,2
20824,5
20827,5
20827,10
20830,6
20833,7
20835,5
20837,0
20838,7
20838,0
20841,10
20842,2
20843,8
20844,4
20850,9
20856,2
20861,8
20862,5
20863,0
20871,2
20873,4
20883,9
20884,1
20897,6
20905,0
20906,10
20912,2
20913,7
20916,3
20922,8
20928,5
20936,0
20936,9
20938,4
20941,10
20943,10
20949,10
20954,7
20954,3
20955,1
20965,10
20968,0
20973,3
20973,0
20974,2
20974,6
20975,3
20981,1
20994,10
20999,0
21003,9
21005,5
21010,2
21011,0
21011,4
21016,10
21023,6
21027,5
21028,4
21038,5
21046,5
21048,1
21051,2
21062,1
21065,10
21074,8
21088,2
21098,3
21102,3
21105,6
21107,4
21113,9
21123,7
21124,3
21134,7
21135,2
21137,9
21152,7
21155,0
21159,9
21163,3
21176,4
21179,3
21182,1
21185,6
21186,9
21191,0
21193,2
21194,0
21203,9
21207,8
21208,6
21209,3
21213,2
21214,5
21216,0
21223,1
21233,9
21233,7
21238,6
21238,1
21239,4
21244,8
21256,3
21263,7
21268,6
21270,0
21270,10
21279,6
21282,8
21290,4
21297,6
21299,5
21303,3
21304,2
21305,7
21305,3
21306,5
21310,1
21310,7
21314,1
21322,2
21327,5
21331,4
21332,0
21334,6
21337,3
21342,8
21346,4
21357,4
21360,9
21361,3
21365,3
21373,8
21374,7
21380,3
21381,8
21388,10
21395,4
21398,9
21400,2
21403,1
21410,9
21421,6
21438,1
21439,0
21441,10
21445,5
21454,5
21459,5
21464,4
21467,4
21468,10
21468,0
21468,1
21472,10
21474,5
21475,9
21476,9
21477,2
21478,4
21479,7
21482,9
21484,5
21486,3
21492,7
21493,6
21497,1
21505,6
21510,6
21511,3
21512,6
21517,2
21525,6
21526,4
21531,0
21533,2
21537,1
21538,0
21542,7
21543,4
21556,3
21578,8
21596,2
21601,6
21604,7
21612,6
21612,4
21619,0
21619,5
21621,2
21624,10
21630,7
21631,1
21636,8
21636,3
21637,1
21638,3
21643,10
21650,1
21650,4
21656,9
21660,4
21664,3
21670,3
21673,4
21674,0
21679,6
21683,8
21685,0
21688,1
21689,2
21697,10
21698,0
21707,4
21714,3
21723,0
21724,7
21726,3
21736,3
21737,2
21739,6
21741,0
21743,5
21745,4
21763,0
21763,5
21766,6
21767,10
21774,8
21775,4
21781,2
21789,4
21790,9
21790,2
21793,9
21803,2
21807,9
21808,0
21809,2
21812,8
21815,9
21819,6
21820,2
21821,0
21838,7
21839,0
21847,4
21848,4
21852,8
21855,3
21858,4
21864,5
21868,7
21868,6
21871,2
21876,3
21880,6
21880,4
21883,9
21884,5
21884,10
21892,7
21895,7
21896,0
21899,0
21902,6
21909,2
21910,8
21923,5
21925,1
21930,6
21931,10
21943,1
21944,3
21947,6
21949,5
21949,0
21951,2
21952,4
21958,7
21962,3
21965,6
21965,9
21966,0
21966,3
21967,0
21969,5
21972,1
21977,9
21983,3
21984,1
21984,8
21998,8
21998,9
22003,1
22006,10
22007,9
22009,3
22018,0
22020,9
22025,0
22026,2
22027,1
22028,2
22030,1
22032,10
22035,4
22035,9
22040,1
22041,0
22041,1
22042,0
22048,0
22067,9
22067,5
22071,5
22078,5
22088,2
22091,2
22093,6
22096,1
22101,2
22110,5
22111,0
22112,4
22118,3
22118,0
22124,9
22126,5
22142,5
22149,6
22151,10
22152,9
22167,1
22171,6
22175,3
22177,5
22181,6
22183,8
22186,3
22191,10
22192,1
22194,7
22196,9
22200,4
22202,4
22204,4
22205,5
22209,8
22210,0
22214,6
22216,8
22218,10
22222,6
22223,10
22224,7
22229,3
22235,9
22235,2
22235,3
22236,1
22237,5
22238,0
22245,5
22247,5
22252,8
22254,6
22258,1
22259,6
22263,5
22263,0
22266,6
22271,1
22272,3
22273,10
22283,4
22283,5
22292,5
22295,8
22295,5
22301,1
22307,9
22312,9
22313,5
22315,8
22315,3
22317,1
22320,4
22321,10
22321,1
22334,2
22342,10
22343,2
22344,6
22356,8
22356,0
22361,3
22370,10
22377,7
22378,9
22378,0
22382,7
22385,5
22390,8
22393,10
22397,7
22399,10
22410,1
22414,8
22416,9
22424,5
22429,9
22435,8
22449,0
22450,4
22451,0
22464,7
22465,5
22471,10
22472,4
22479,9
22480,2
22480,9
22481,1
22483,1
22488,6
22491,9
22492,6
22493,9
22493,0
22493,4
22495,10
22506,5
22512,10
22515,1
22516,4
22517,4
22519,9
22520,9
22530,8
22538,0
22540,8
22540,4
22542,1
22548,2
22556,5
22560,9
22563,3
22569,9
22575,2
22577,0
22588,5
22588,6
22592,5
22599,6
22604,5
22604,2
22606,7
22607,4
22610,0
22614,7
22614,10
22615,0
22622,7
22626,2
22629,7
22634,3
22637,2
22643,4
22645,2
22650,10
22651,4
22666,10
22667,7
22667,3
22679,2
22679,3
22693,4
22698,6
22703,10
22709,9
22710,2
22713,8
22719,9
22720,2
22727,3
22728,0
22732,1
22732,5
22734,5
22742,2
22752,6
22758,6
22763,3
22772,1
22783,2
22783,0
22785,2
22788,6
22791,0
22793,2
22794,9
22798,1
22802,5
22802,0
22808,8
22811,6
22814,6
22815,4
22821,5
22827,8
22831,10
22835,6
22837,3
22842,9
22846,1
22847,0
22849,3
22853,3
22858,9
22860,9
22865,6
22867,10
22879,4
22881,0
22892,10
22893,10
22893,2
22896,3
22906,2
22913,0
22918,9
22921,7
22928,0
22929,7
22933,0
22933,1
22934,6
22940,3
22942,4
22942,0
22945,0
22945,2
22945,7
22947,6
22949,3
22949,9
22966,1
22968,6
22972,9
22978,3
22980,0
22982,8
22992,9
22994,2
22994,10
22997,4
23005,9
23005,10
23006,9
23008,2
23016,6
23016,3
23019,5
23028,10
23040,9
23040,7
23051,8
23052,1
23060,1
23062,5
23066,10
23078,2
23079,3
23082,5
23084,2
23097,2
23106,3
23109,3
23110,9
23116,0
23120,8
23120,7
23122,8
23122,10
23128,1
23129,9
23141,6
23152,3
23153,7
23155,9
23158,4
23165,6
23167,0
23171,6
23173,1
23176,7
23180,7
23181,6
23182,5
23188,3
23189,1
23194,1
23195,3
23196,1
23197,8
23198,9
23199,7
23199,6
23202,0
23204,8
23205,6
23207,0
23224,3
23225,0
23230,1
23231,9
23233,4
23233,10
23248,6
23250,8
23251,6
23253,10
23256,9
23269,3
23269,10
23277,8
23278,3
23281,4
23287,5
23287,4
23288,0
23291,3
23298,2
23316,8
23323,10
23324,3
23324,4
23325,2
23328,8
23335,9
23340,1
23342,3
23342,5
23349,6
23359,4
23360,4
23363,5
23379,6
23381,8
23384,1
23388,3
23389,9
23393,8
23397,0
23397,7
23404,5
23404,10
23411,0
23415,5
23416,3
23423,4
23424,2
23431,5
23432,4
23433,3
23436,9
23439,10
23439,0
23447,3
23454,5
23469,0
23479,7
23480,9
23490,4
23495,4
23499,9
23501,1
23502,7
23504,7
23504,1
23513,6
23514,9
23520,0
23530,5
23541,0
23548,0
23548,7
23549,3
23555,5
23558,5
23558,8
23564,5
23570,6
23572,2
23576,2
23577,7
23578,7
23582,9
23583,9
23584,8
23593,3
23595,9
23596,8
23597,4
23598,1
23605,9
23606,6
23608,9
23612,3
23620,6
23620,7
23621,6
23626,7
23627,10
23628,9
23629,5
23631,5
23633,5
23635,3
23644,8
23647,1
23656,8
23660,4
23661,6
23671,8
23672,10
23673,10
23673,7
23680,1
23682,4
23683,7
23686,1
23688,0
23690,3
23692,9
23695,1
23697,8
23703,2
23706,7
23708,3
23709,5
23725,3
23727,10
23728,1
23729,0
23731,1
23734,5
23743,5
23744,4
23745,6
23750,0
23754,3
23759,1
23767,3
23770,0
23771,5
23775,1
23775,2
23780,7
23786,1
23787,10
23789,10
23790,2
23791,0
23799,10
23799,0
23801,0
23803,4
23803,9
23803,5
23806,7
23807,9
23809,1
23811,2
23812,1
23814,5
23814,10
23815,0
23817,3
23830,9
23834,10
23836,0
23850,3
23856,8
23858,5
23864,5
23874,4
23874,5
23878,3
23893,7
23894,10
23894,5
23895,3
23899,9
23901,0
23903,0
23908,6
23915,10
23916,6
23920,5
23923,1
23938,0
23938,1
23942,8
23945,1
23948,9
23948,8
23949,2
23949,0
23951,0
23952,10
23956,1
23957,9
23962,10
23965,3
23977,10
23983,6
23985,6
23986,10
23990,1
23990,3
23992,3
23994,4
24005,5
24007,0
24016,3
24034,8
24036,1
24037,4
24040,6
24041,1
24048,3
24049,0
24053,4
24061,5
24063,10
24066,8
24068,7
24078,10
24080,10
24081,9
24084,2
24089,8
24091,7
24092,5
24095,10
24108,4
24108,8
24116,9
24124,3
24124,8
24126,1
24134,4
24136,1
24144,3
24145,5
24146,2
24158,0
24161,0
24166,9
24173,4
24173,9
24174,1
24188,4
24190,8
24195,8
24198,4
24212,3
24213,1
24225,3
24226,7
24232,8
24234,2
24237,4
24238,7
24238,6
24241,0
24251,3
24269,3
24277,7
24281,5
24281,1
24281,2
24285,10
24288,1
24290,0
24297,3
24297,1
24299,8
24303,9
24310,8
24310,6
24318,3
24319,7
24332,3
24335,9
24336,9
24337,9
24337,2
24338,8
24339,7
24340,7
24342,2
24346,9
24347,5
24348,4
24356,1
24359,2
24359,0
24360,0
24361,1
24370,10
24375,6
24377,2
24381,4
24385,10
24387,5
24392,8
24395,3
24398,7
24403,7
24406,0
24407,8
24411,9
24412,4
24416,7
24420,10
24423,1
24434,10
24436,2
24441,7
24448,1
24450,1
24468,2
24473,0
24478,0
24479,10
24481,0
24496,7
24498,8
24499,6
24512,1
24514,7
24516,1
24533,7
24535,3
24538,6
24540,9
24540,8
24543,9
24548,7
24552,9
24560,8
24565,5
24565,4
24566,6
24567,2
24571,10
24571,0
24581,0
24588,4
24590,5
24590,4
24597,9
24602,1
24605,10
24607,0
24609,2
24611,0
24614,7
24627,2
24631,1
24631,4
24634,2
24634,5
24635,4
24638,8
24639,10
24647,8
24661,1
24665,0
24667,8
24670,10
24673,1
24679,5
24682,10
24685,6
24685,7
24692,3
24698,5
24702,9
24703,3
24710,7
24713,9
24715,5
24724,1
24726,7
24729,3
24735,0
24741,3
24743,4
24748,6
24750,2
24752,6
24763,1
24764,10
24765,4
24778,0
24786,5
24786,10
24791,0
24791,2
24803,3
24804,6
24805,8
24807,5
24807,10
24809,4
24813,1
24813,8
24817,5
24818,9
24830,10
24831,7
24832,8
24833,10
24837,7
24839,8
24839,5
24839,9
24840,5
24844,8
24846,5
24848,10
24854,6
24858,4
24865,5
24872,3
24873,6
24874,8
24880,7
24880,2
24889,6
24893,1
24894,7
24895,5
24902,4
24905,4
24907,7
24908,9
24916,3
24917,2
24919,3
24921,9
24939,2
24939,0
24940,8
24942,9
24950,9
24953,10
24954,9
24954,1
24960,5
24961,0
24961,10
24966,10
24968,0
24986,1
24996,7
24997,0
24998,4
24998,0
24998,10
25000,6
25004,0
25008,0
25011,10
25012,10
25015,4
25017,3
25022,6
25023,9
25028,0
25034,4
25035,8
25039,8
25039,1
25040,10
25048,3
25051,6
25053,5
25057,3
25064,6
25065,8
25071,5
25076,8
25078,1
25090,7
25091,4
25093,2
25098,10
25104,3
25108,2
25118,0
25130,4
25130,0
25132,7
25134,4
25136,1
25139,5
25140,4
25150,9
25152,7
25169,9
25173,9
25174,5
25179,8
25186,5
25186,10
25189,5
25193,8
25195,6
25199,9
25209,7
25225,6
25226,0
25228,9
25230,7
25230,3
25235,0
25235,2
25237,1
25239,8
25242,1
25247,7
25248,2
25253,8
25256,8
25257,5
25262,2
25263,2
25264,8
25267,1
25279,9
25283,8
25285,4
25286,8
25304,4
25308,3
25313,7
25317,10
25318,5
25319,9
25320,3
25325,1
25334,1
25340,7
25342,4
25344,1
25346,2
25347,2
25349,8
25359,10
25367,0
25368,5
25369,3
25369,1
25372,9
25373,0
25374,5
25376,3
25377,5
25378,0
25378,5
25382,10
25382,8
25388,3
25390,3
25390,1
25392,6
25400,10
25400,0
25401,7
25402,5
25403,8
25405,0
25405,9
25412,2
25418,8
25424,4
25424,8
25425,1
25433,9
25434,9
25440,8
25440,2
25447,0
25447,9
25450,1
25452,0
25457,3
25457,1
25463,0
25464,9
25467,7
25471,1
25473,10
25476,1
25478,7
25481,7
25490,4
25494,5
25496,7
25511,0
25517,8
25520,2
25535,8
25546,3
25548,0
25548,7
25562,2
25565,2
25570,5
25576,2
25581,2
25582,6
25583,10
25583,0
25585,0
25595,5
25596,10
25597,2
25598,3
25601,8
25605,4
25613,10
25614,0
25622,5
25622,10
25624,9
25627,8
25628,3
25636,4
25636,5
25637,10
25638,7
25645,6
25650,1
25651,10
25655,1
25665,0
25667,4
25668,8
25669,9
25673,2
25680,2
25682,4
25685,0
25686,8
25693,2
25693,0
25702,10
25704,4
25706,10
25707,3
25707,8
25709,2
25721,2
25723,6
25726,8
25729,7
25733,6
25737,0
25740,3
25750,7
25763,1
25777,10
25799,8
25801,3
25802,10
25803,9
25803,6
25810,9
25823,2
25833,4
25835,10
25842,3
25844,8
25847,6
25847,0
25849,10
25853,5
25858,5
25859,1
25874,2
25891,8
25892,5
25894,6
25896,0
25902,9
25904,3
25904,9
25905,4
25907,8
25920,2
25923,5
25924,0
25928,10
25931,6
25936,5
25944,7
25946,8
25946,2
25949,0
25949,3
25953,8
25960,8
25971,0
25971,6
25981,4
25984,0
25989,4
26000,3
26007,0
26012,9
26015,6
26025,10
26027,7
26048,10
26058,3
26060,2
26069,2
26069,10
26070,6
26074,8
26079,1
26079,7
26093,5
26095,10
26096,4
26096,6
26101,10
26107,0
26109,6
26110,7
26121,7
26136,0
26136,5
26138,1
26141,10
26143,4
26144,1
26147,8
26152,10
26155,10
26159,1
26160,6
26161,2
26163,7
26174,5
26178,1
26180,10
26190,4
26192,6
26193,3
26200,2
26201,10
26205,8
26208,4
26220,1
26220,10
26231,0
26232,3
26232,1
26233,5
26233,7
26240,0
26246,5
26247,0
26260,1
26261,2
26263,4
26264,0
26266,7
26270,2
26273,8
26278,7
26279,9
26280,0
26288,10
26299,8
26300,9
26308,0
26315,0
26316,7
26318,6
26327,3
26334,4
26337,8
26338,2
26342,7
26346,4
26349,6
26353,2
26355,10
26365,10
26366,0
26369,8
26370,7
26374,0
26380,2
26388,10
26389,0
26389,8
26390,2
26396,10
26399,2
26404,7
26405,2
26408,8
26414,4
26415,0
26416,1
26416,3
26417,8
26421,1
26429,10
26437,1
26438,4
26438,0
26446,5
26450,10
26451,5
26455,8
26459,6
26463,2
26464,3
26484,7
26488,6
26489,5
26489,3
26490,4
26490,5
26490,2
26491,7
26494,1
26497,4
26499,9
26500,2
26507,1
26511,1
26519,2
26519,10
26525,1
26530,4
26530,5
26533,2
26536,3
26544,7
26545,10
26547,1
26554,4
26562,5
26572,7
26585,9
26586,7
26591,6
26591,4
26595,7
26599,8
26603,10
26607,7
26614,2
26616,3
26617,7
26620,10
26622,1
26626,2
26628,4
26631,9
26634,6
26634,1
26644,4
26646,3
26657,4
26661,0
26665,5
26674,2
26675,2
26683,10
26687,0
26695,2
26702,5
26712,9
26715,3
26715,8
26732,2
26734,8
26736,7
26738,9
26752,10
26759,4
26761,2
26765,0
26775,4
26781,2
26784,6
26786,8
26787,4
26793,8
26796,1
26801,2
26802,3
26803,0
26805,9
26807,8
26809,1
26812,6
26816,4
26822,9
26825,6
26827,1
26830,5
26835,8
26838,10
26840,10
26848,5
26865,1
26871,1
26884,5
26884,1
26892,5
26893,3
26897,9
26902,0
26927,0
26930,9
26931,9
26937,7
26938,0
26946,0
26949,3
26949,7
26965,4
26970,7
26971,6
26971,1
26973,2
26976,6
26978,10
26980,10
26990,1
26992,5
26998,10
27003,7
27004,3
27005,5
27007,0
27014,8
27014,9
27016,1
27023,4
27028,7
27028,5
27029,1
27030,5
27031,6
27038,8
27042,4
27045,4
27049,10
27058,0
27059,6
27061,1
27062,10
27063,4
27063,10
27065,5
27066,0
27070,7
27071,0
27076,7
27092,5
27098,7
27100,6
27101,0
27102,9
27104,1
27117,7
27118,2
27124,5
27124,10
27130,8
27134,5
27135,3
27139,5
27140,1
27140,9
27143,10
27146,8
27150,6
27152,2
27157,0
27157,3
27159,8
27159,0
27160,2
27167,5
27169,9
27173,6
27181,7
27182,8
27183,8
27185,5
27190,0
27194,10
27199,1
27212,10
27220,6
27224,9
27227,3
27231,3
27235,5
27236,9
27240,8
27248,2
27249,10
27256,8
27256,0
27262,1
27264,7
27269,2
27269,4
27271,5
27271,7
27279,6
27280,0
27289,9
27291,7
27292,2
27293,2
27294,9
27297,7
27301,8
27302,7
27305,4
27312,5
27316,10
27320,4
27328,7
27330,7
27333,9
27335,10
27336,2
27336,5
27342,8
27342,1
27346,4
27356,5
27358,0
27363,8
27368,6
27375,3
27377,4
27382,8
27383,5
27391,2
27391,0
27391,10
27397,7
27397,6
27410,8
27414,4
27416,5
27421,9
27430,0
27433,10
27434,5
27442,4
27443,6
27444,4
27460,5
27464,6
27467,7
27478,0
27478,3
27479,9
27483,10
27495,9
27506,4
27512,4
27514,10
27521,7
27525,10
27529,5
27535,7
27537,6
27542,3
27567,1
27571,7
27574,8
27579,9
27587,7
27588,0
27597,10
27608,9
27612,2
27616,9
27619,7
27622,10
27626,8
27629,9
27630,8
27633,5
27634,9
27638,7
27643,5
27644,7
27645,4
27649,6
27659,4
27660,3
27661,9
27663,9
27671,0
27676,8
27681,6
27682,6
27682,3
27685,6
27687,4
27693,1
27695,8
27702,7
27703,7
27711,2
27715,5
27726,2
27729,1
27730,6
27741,5
27747,10
27748,6
27751,10
27765,4
27773,9
27785,7
27791,7
27796,2
27797,1
27797,6
27804,4
27806,6
27819,1
27828,2
27829,9
27835,6
27843,2
27844,9
27846,4
27851,10
27853,6
27858,0
27862,8
27866,4
27870,0
27874,0
27875,5
27875,8
27876,10
27876,6
27885,6
27890,2
27895,7
27909,8
27913,2
27920,10
27921,7
27923,1
27924,5
27938,10
27949,2
27951,2
27953,7
27957,5
27957,1
27960,0
27960,6
27965,0
27968,6
27970,0
27973,8
27981,6
27987,7
27988,4
27992,9
27993,4
27996,8
27997,2
27998,4
28000,8
28002,6
28004,1
28007,6
28008,5
28010,0
28012,0
28019,4
28020,7
28022,8
28025,5
28029,5
28038,4
28041,6
28046,8
28059,9
28077,7
28087,9
28091,5
28095,8
28095,7
28096,1
28097,6
28100,1
28109,2
28110,2
28117,1
28117,2
28121,5
28124,7
28124,5
28126,4
28129,9
28133,9
28134,3
28139,3
28140,0
28148,1
28151,1
28152,8
28155,9
28159,0
28159,10
28171,6
28186,2
28192,1
28193,1
28195,1
28200,10
28206,8
28209,2
28211,1
28213,6
28215,5
28215,4
28223,0
28243,3
28244,2
28248,8
28249,7
28254,9
28260,1
28262,5
28272,8
28272,0
28273,6
28279,5
28279,4
28283,4
28290,9
28301,6
28301,5
28302,9
28302,8
28304,6
28305,9
28305,1
28313,2
28325,3
28333,4
28334,8
28340,5
28342,2
28346,5
28352,9
28353,7
28353,6
28363,6
28365,5
28367,4
28370,6
28371,9
28371,6
28372,2
28373,0
28375,9
28376,4
28377,0
28380,1
28381,1
28386,1
28402,1
28403,8
28410,5
28423,2
28424,8
28429,3
28429,5
28433,6
28437,7
28444,0
28449,7
28451,2
28453,2
28457,7
28467,5
28467,9
28470,4
28473,3
28474,7
28476,1
28485,0
28491,3
28492,2
28508,6
28510,7
28511,9
28516,1
28519,5
28521,9
28528,10
28533,10
28542,8
28542,10
28544,2
28559,7
28565,5
28572,1
28577,3
28586,5
28590,1
28597,10
28605,0
28606,10
28607,8
28615,9
28623,9
28624,9
28630,1
28634,4
28639,8
28639,5
28641,10
28641,1
28657,1
28663,0
28664,0
28668,1
28674,8
28678,5
28679,7
28680,8
28683,0
28684,4
28685,3
28689,1
28690,8
28691,8
28697,5
28702,8
28703,1
28705,4
28706,1
28711,1
28719,9
28725,3
28725,7
28727,6
28730,3
28737,6
28747,8
28759,4
28762,2
28767,7
28772,5
28776,0
28780,8
28782,6
28783,5
28784,2
28785,1
28788,1
28794,10
28794,1
28795,10
28795,2
28796,1
28803,2
28804,7
28810,1
28814,10
28814,4
28816,9
28827,7
28831,6
28834,10
28837,3
28851,6
28856,4
28859,4
28871,7
28872,1
28875,3
28878,8
28882,7
28890,7
28894,9
28906,9
28909,2
28910,3
28917,3
28922,9
28923,2
28931,6
28932,0
28933,0
28938,6
28948,6
28951,9
28951,8
28955,0
28957,9
28978,7
28978,9
28978,4
28982,6
28982,8
28984,6
28985,8
29005,2
29006,9
29008,3
29008,0
29016,8
29016,10
29016,3
29022,7
29045,9
29045,7
29048,4
29050,6
29050,2
29051,3
29052,8
29058,8
29064,10
29069,9
29070,2
29072,10
29073,10
29076,9
29077,9
29078,8
29082,7
29084,1
29085,10
29089,6
29099,10
29102,4
29104,4
29109,2
29111,5
29114,5
29114,2
29120,9
29123,1
29123,5
29126,3
29132,9
29141,10
29146,7
29146,10
29147,8
29150,7
29151,0
29153,1
29157,8
29157,3
29161,1
29164,5
29165,7
29165,5
29166,4
29169,5
29170,4
29172,10
29179,4
29180,3
29180,9
29182,10
29182,7
29185,8
29185,4
29189,10
29190,9
29196,8
29203,4
29208,6
29213,9
29220,1
29221,9
29223,1
29228,0
29229,2
29229,0
29245,4
29247,0
29250,2
29254,2
29257,2
29261,3
29261,1
29268,10
29271,1
29274,1
29274,6
29275,5
29277,3
29283,4
29286,6
29290,7
29293,8
29298,1
29298,2
29299,2
29302,6
29307,2
29314,5
29315,0
29320,4
29325,3
29332,9
29336,3
29337,8
29341,2
29342,9
29343,5
29344,9
29345,1
29353,6
29356,1
29363,10
29363,6
29376,1
29379,5
29385,10
29386,10
29395,10
29395,8
29396,3
29400,4
29401,6
29402,0
29413,8
29416,6
29434,6
29436,9
29438,3
29439,1
29443,2
29445,9
29446,10
29449,6
29454,5
29459,7
29461,10
29468,1
29472,9
29479,3
29483,8
29483,1
29493,0
29495,6
29496,6
29499,0
29500,6
29502,4
29503,8
29504,5
29505,0
29512,0
29520,7
29522,6
29526,4
29530,10
29535,2
29541,10
29541,0
29548,3
29548,0
29549,9
29555,7
29566,8
29572,5
29572,7
29576,2
29577,6
29581,5
29584,4
29585,5
29589,8
29591,9
29594,9
29595,1
29595,0
29595,10
29604,9
29608,9
29612,5
29616,7
29616,0
29618,10
29622,6
29622,10
29623,1
29629,9
29629,0
29629,8
29632,1
29638,5
29639,3
29644,10
29650,9
29651,10
29654,4
29655,2
29659,1
29666,6
29667,2
29667,6
29674,0
29674,4
29684,8
29687,6
29688,6
29692,0
29693,10
29695,7
29707,9
29709,0
29709,7
29711,8
29712,0
29718,4
29718,10
29725,7
29728,10
29734,8
29740,10
29741,5
29742,5
29745,1
29746,5
29749,10
29750,10
29751,7
29752,4
29755,1
29755,10
29758,1
29774,0
29777,3
29784,0
29794,8
29805,2
29806,1
29811,6
29814,10
29815,7
29822,0
29824,4
29828,5
29832,0
29833,7
29834,6
29842,2
29842,0
29852,1
29852,6
29860,2
29863,4
29865,9
29865,10
29869,1
29870,6
29880,6
29881,8
29884,5
29886,5
29888,10
29889,10
29901,10
29901,4
29902,1
29904,7
29911,5
29914,2
29932,1
29944,0
29945,10
29957,2
29974,0
29975,2
29981,6
29982,5
29986,9
30002,9
30017,8
30020,2
30027,4
30042,10
30043,8
30045,2
30052,0
30061,0
30064,10
30065,0
30068,1
30070,9
30079,7
30084,7
30085,7
30088,6
30093,10
30095,5
30104,2
30107,4
30109,6
30114,5
30117,7
30126,5
30129,1
30133,1
30140,8
30143,3
30149,8
30155,6
30159,8
30165,1
30169,6
30174,2
30176,7
30179,1
30179,3
30180,3
30189,10
30192,9
30193,5
30200,6
30201,6
30203,1
30205,5
30215,7
30219,5
30230,8
30230,9
30233,1
30251,5
30252,1
30253,4
30255,1
30257,9
30266,0
30269,6
30279,6
30283,6
30292,5
30292,10
30294,4
30294,2
30295,5
30303,1
30307,4
30312,5
30312,2
30315,6
30324,10
30326,10
30330,8
30332,7
30341,2
30346,10
30347,4
30347,2
30351,8
30356,0
30356,1
30359,5
30361,10
30364,8
30364,0
30366,8
30369,2
30376,8
30377,7
30380,0
30383,7
30385,5
30386,3
30388,9
30391,9
30394,9
30399,6
30408,7
30410,9
30415,5
30419,10
30421,3
30425,7
30429,8
30436,2
30436,6
30437,1
30437,8
30439,8
30445,3
30446,8
30448,8
30449,10
30456,4
30457,4
30459,1
30464,1
30472,1
30481,0
30484,0
30485,10
30489,1
30495,7
30497,4
30499,1
30500,2
30500,4
30502,2
30517,0
30518,8
30525,4
30526,7
30526,1
30534,7
30535,6
30538,0
30539,5
30543,7
30545,6
30545,3
30546,5
30549,1
30570,0
30571,5
30578,6
30582,6
30584,8
30598,9
30612,10
30616,4
30616,10
30618,1
30620,3
30623,0
30625,8
30631,0
30640,6
30642,9
30647,6
30648,1
30652,8
30654,7
30663,1
30664,6
30668,8
30668,6
30673,8
30678,10
30679,6
30682,10
30685,10
30688,3
30694,3
30707,1
30707,5
30713,8
30716,5
30721,7
30724,1
30731,10
30733,3
30739,3
30741,8
30743,1
30753,5
30757,8
30757,1
30769,4
30770,2
30773,1
30776,3
30776,9
30782,7
30783,3
30784,6
30788,7
30788,0
30789,3
30790,4
30790,3
30798,2
30810,9
30819,9
30820,6
30821,1
30822,1
30826,3
30829,5
30831,8
30842,3
30846,1
30847,0
30859,1
30867,6
30868,1
30871,4
30875,6
30880,2
30883,9
30888,6
30889,1
30893,9
30898,9
30899,3
30900,6
30904,9
30911,8
30914,5
30916,10
30927,0
30927,5
30934,7
30934,4
30939,1
30943,2
30953,2
30954,8
30957,3
30957,6
30958,10
30962,1
30965,8
30968,5
30978,8
30980,9
30981,2
30981,3
30985,0
30989,9
30992,3
30996,4
31005,4
31005,8
31006,1
31012,0
31014,2
31018,5
31024,6
31025,10
31033,7
31037,7
31039,7
31043,4
31052,4
31052,10
31055,8
31060,2
31065,5
31076,0
31078,8
31080,5
31082,4
31089,1
31091,8
31095,3
31095,0
31096,9
31102,8
31104,2
31105,0
31107,10
31113,3
31118,1
31118,8
31119,4
31122,3
31126,4
31129,8
31135,4
31138,2
31142,10
31148,7
31148,1
31157,10
31160,5
31161,3
31162,0
31165,9
31176,1
31184,9
31184,8
31184,10
31186,0
31189,5
31194,6
31194,5
31195,5
31198,0
31204,6
31206,10
31211,6
31211,2
31213,8
31213,9
31216,4
31220,8
31224,2
31226,8
31231,1
31233,6
31240,5
31244,9
31246,3
31254,4
31255,7
31258,5
31269,4
31270,1
31275,0
31284,3
31284,6
31288,10
31288,4
31289,10
31291,0
31293,0
31293,3
31299,5
31299,3
31299,6
31303,10
31309,1
31317,5
31323,7
31325,0
31341,6
31344,10
31346,1
31346,9
31354,3
31354,2
31355,4
31363,7
31366,5
31371,3
31373,10
31374,7
31375,7
31377,3
31379,6
31382,0
31383,1
31393,8
31408,5
31412,7
31413,0
31417,1
31421,0
31421,9
31424,6
31424,7
31426,9
31426,1
31429,3
31441,5
31454,6
31457,5
31459,5
31460,10
31461,0
31462,6
31462,1
31472,6
31474,3
31478,1
31480,2
31484,3
31484,8
31485,4
31487,1
31489,8
31495,7
31498,10
31518,8
31520,10
31520,2
31523,0
31532,10
31533,5
31535,3
31537,2
31540,7
31541,6
31543,6
31562,5
31564,7
31565,3
31576,8
31583,6
31605,8
31607,10
31608,5
31613,9
31614,10
31616,6
31617,2
31617,6
31623,7
31623,1
31623,8
31629,3
31630,9
31638,4
31639,7
31642,4
31643,3
31644,8
31655,9
31659,9
31661,3
31667,1
31671,6
31672,7
31684,5
31684,3
31685,6
31688,9
31694,9
31704,0
31710,7
31711,2
31712,1
31719,5
31719,10
31725,4
31728,4
31736,3
31741,10
31741,1
31750,4
31751,6
31751,9
31751,3
31753,7
31758,9
31761,0
31761,1
31775,4
31779,5
31781,7
31784,3
31790,8
31790,9
31791,1
31795,1
31796,5
31800,1
31802,6
31806,7
31806,8
31808,5
31811,3
31812,0
31812,1
31818,2
31821,3
31825,4
31825,8
31826,0
31827,4
31829,0
31836,5
31843,4
31843,3
31848,8
31850,2
31852,7
31857,10
31863,7
31873,8
31873,5
31874,0
31875,3
31876,8
31879,8
31879,5
31880,10
31880,0
31883,3
31888,1
31889,3
31892,6
31893,5
31894,5
31898,9
31902,9
31903,5
31908,2
31910,7
31918,1
31926,7
31930,6
31941,7
31948,6
31950,3
31959,3
31963,0
31967,6
31968,0
31970,6
31978,1
31980,2
31980,3
31981,1
31983,8
31985,3
31994,6
31995,4
31998,3
32001,5
32004,3
32011,3
32014,1
32022,4
32027,6
32028,1
32031,2
32033,4
32046,3
32053,3
32056,7
32060,2
32064,8
32065,5
32071,5
32074,3
32077,4
32086,6
32087,9
32088,2
32089,6
32091,6
32095,2
32100,5
32101,2
32102,10
32110,7
32113,5
32116,5
32116,10
32120,8
32124,6
32132,3
32144,5
32147,3
32151,9
32152,8
32160,8
32163,9
32165,9
32170,3
32170,7
32171,7
32173,9
32176,1
32185,5
32185,10
32185,2
32189,0
32189,8
32193,7
32193,5
32202,7
32211,7
32220,9
32227,6
32232,4
32234,4
32236,3
32237,0
32240,4
32241,7
32241,8
32242,4
32245,2
32255,8
32256,4
32261,3
32261,7
32264,8
32273,4
32279,4
32279,3
32281,10
32281,1
32285,1
32286,10
32297,3
32304,3
32305,2
32307,0
32312,4
32312,1
32314,3
32316,8
32317,3
32317,6
32323,0
32333,10
32340,9
32345,7
32348,1
32364,8
32365,6
32368,3
32370,4
32373,4
32374,1
32375,3
32380,3
32386,2
32393,1
32406,10
32408,3
32411,4
32413,7
32414,2
32416,6
32418,4
32424,0
32429,6
32431,2
32441,7
32444,2
32447,10
32452,0
32455,6
32459,1
32459,7
32460,7
32465,10
32468,7
32480,1
32480,9
32482,2
32483,4
32487,6
32489,5
32494,7
32495,0
32503,5
32505,3
32506,1
32507,5
32507,0
32509,5
32513,9
32517,2
32519,4
32519,7
32521,6
32526,0
32527,2
32536,9
32538,9
32539,6
32541,7
32545,10
32546,1
32546,9
32553,6
32556,2
32565,10
32573,4
32575,3
32576,2
32578,9
32579,6
32584,8
32601,1
32602,8
32615,9
32618,3
32618,1
32627,4
32631,6
32634,4
32636,7
32645,8
32648,6
32652,7
32659,1
32665,5
32665,6
32673,8
32679,8
32679,1
32680,3
32692,1
32695,5
32698,8
32701,8
32702,6
32711,7
32714,8
32734,5
32735,6
32740,10
32742,5
32743,5
32749,0
32759,7
32763,3
32764,10
32764,3
32764,7
32766,6
32770,7
32770,0
32772,2
32775,9
32783,5
32788,1
32789,6
32790,9
32795,7
32800,7
32805,1
32805,7
32813,2
32825,9
32827,3
32830,3
32832,1
32834,8
32835,3
32837,9
32839,3
32843,10
32848,3
32853,5
32854,7
32856,5
32859,10
32861,9
32861,8
32864,0
32882,3
32886,3
32891,6
32894,10
32895,7
32897,8
32901,5
32908,5
32912,1
32913,8
32913,3
32913,1
32924,4
32927,0
32929,4
32944,0
32946,1
32946,9
32949,4
32950,5
32951,10
32956,1
32962,7
32966,9
32966,3
32971,1
32971,9
32973,9
32975,9
32978,7
32979,9
32985,3
32990,1
33002,10
33004,0
33006,5
33008,10
33011,0
33014,0
33017,2
33025,6
33039,3
33041,8
33044,6
33045,8
33046,10
33058,0
33062,9
33062,3
33063,10
33064,4
33077,0
33078,1
33078,7
33079,9
33081,7
33087,3
33089,3
33101,0
33107,9
33109,6
33112,2
33113,6
33115,4
33116,8
33118,5
33119,2
33123,2
33126,10
33131,9
33140,10
33147,4
33147,2
33150,6
33152,1
33167,8
33171,2
33174,2
33176,1
33176,0
33177,1
33177,9
33178,5
33184,8
33185,3
33186,10
33190,5
33194,0
33197,10
33202,1
33207,7
33213,0
33214,8
33215,4
33217,4
33224,3
33227,6
33231,6
33234,3
33235,0
33235,3
33242,10
33245,9
33246,6
33250,10
33253,1
33262,7
33269,3
33276,1
33277,7
33287,4
33295,4
33299,1
33304,3
33305,10
33313,7
33319,6
33326,0
33335,10
33338,1
33344,0
33348,6
33352,1
33355,4
33359,6
33360,1
33367,7
33369,3
33369,2
33373,4
33374,4
33376,7
33381,1
33382,3
33383,3
33386,10
33388,0
33392,7
33401,6
33405,8
33421,1
33421,7
33439,6
33439,9
33440,7
33441,8
33445,1
33445,6
33446,2
33449,10
33456,3
33460,4
33463,3
33465,10
33468,10
33469,6
33474,10
33480,0
33482,4
33487,6
33489,6
33493,10
33494,4
33496,8
33496,4
33505,0
33509,8
33511,9
33523,6
33523,2
33526,3
33526,10
33533,5
33535,1
33536,5
33541,0
33541,7
33542,1
33544,2
33545,10
33551,6
33563,4
33564,9
33595,0
33607,9
33619,10
33621,0
33630,9
33630,6
33631,7
33648,2
33648,6
33657,2
33657,3
33662,9
33662,0
33664,10
33672,5
33677,0
33681,7
33684,2
33685,8
33689,4
33695,4
33695,1
33697,2
33699,5
33700,8
33709,4
33709,3
33715,7
33715,9
33717,0
33728,9
33728,8
33729,9
33729,1
33733,2
33734,4
33737,8
33743,5
33743,4
33754,4
33761,5
33763,3
33766,2
33767,6
33772,3
33775,5
33777,3
33782,10
33784,0
33796,4
33799,5
33804,3
33811,7
33812,0
33813,6
33822,7
33834,0
33834,10
33836,9
33839,3
33839,8
33840,6
33841,0
33851,1
33862,7
33864,1
33887,2
33889,3
33889,9
33892,9
33892,1
33894,8
33905,10
33909,3
33939,0
33944,2
33948,3
33949,8
33952,0
33954,0
33959,1
33965,8
33969,9
33977,8
33982,3
33985,7
33990,4
33990,9
33991,0
33993,10
33996,6
34001,10
34002,5
34008,2
34011,10
34025,4
34026,6
34026,5
34028,2
34030,1
34031,6
34041,3
34043,2
34043,8
34044,1
34047,3
34050,5
34055,4
34064,5
34068,4
34073,8
34074,0
34075,9
34079,9
34080,6
34084,8
34086,10
34086,9
34088,4
34093,3
34097,5
34102,0
34103,1
34110,6
34111,4
34111,2
34114,10
34116,4
34117,7
34118,5
34120,6
34120,2
34122,10
34122,4
34124,3
34125,4
34128,4
34130,0
34133,5
34133,3
34138,7
34145,2
34147,0
34153,9
34153,5
34157,9
34171,10
34173,3
34180,2
34184,1
34185,7
34185,9
34190,1
34196,10
34202,4
34205,7
34212,0
34222,3
34224,2
34225,2
34227,0
34235,1
34238,5
34244,4
34249,2
34251,3
34253,7
34254,10
34271,5
34280,0
34280,4
34280,8
34286,9
34289,3
34296,8
34298,5
34300,8
34309,1
34321,6
34322,4
34322,0
34324,1
34326,8
34327,7
34327,10
34329,7
34334,9
34339,6
34345,5
34351,2
34359,9
34367,0
34372,8
34374,1
34378,6
34382,4
34386,9
34389,2
34390,6
34391,6
34392,8
34394,8
34395,9
34395,7
34396,8
34404,0
34404,1
34406,4
34412,0
34416,7
34422,4
34422,3
34431,7
34451,6
34451,10
34453,3
34455,1
34462,0
34463,0
34468,0
34472,5
34473,3
34476,4
34481,9
34481,7
34487,1
34487,5
34495,10
34496,5
34497,1
34503,2
34503,4
34509,10
34511,5
34513,2
34514,6
34516,6
34519,5
34523,8
34538,0
34539,2
34540,0
34542,8
34547,2
34560,6
34562,7
34563,10
34573,8
34574,3
34576,7
34579,1
34581,10
34583,8
34584,6
34593,2
34598,5
34599,1
34603,6
34608,5
34623,8
34625,2
34628,2
34635,0
34636,3
34640,0
34645,10
34648,1
34650,3
34655,5
34666,3
34667,6
34673,6
34676,9
34677,8
34678,5
34679,0
34680,2
34680,9
34682,2
34684,5
34684,6
34686,8
34687,4
34687,3
34690,2
34694,4
34694,7
34699,7
34700,8
34704,8
34706,8
34708,10
34709,2
34709,6
34715,1
34718,2
34720,0
34722,7
34727,4
34730,9
34733,0
34736,3
34740,2
34742,8
34743,5
34743,0
34745,5
34754,8
34755,4
34755,10
34756,7
34757,10
34762,4
34765,1
34767,9
34768,6
34769,6
34769,8
34779,4
34782,1
34788,3
34791,8
34795,5
34795,1
34801,10
34803,7
34805,0
34814,6
34820,5
34821,5
34821,9
34821,7
34825,7
34828,6
34828,4
34840,5
34848,7
34850,0
34853,3
34853,7
34854,10
34862,8
34864,7
34868,0
34869,3
34882,6
34883,10
34889,2
34890,2
34899,3
34901,9
34904,7
34909,1
34910,0
34911,0
34916,6
34943,7
34946,10
34948,1
34950,10
34955,1
34968,9
34983,4
34984,8
34999,8
35008,10
35008,4
35010,6
35012,8
35018,4
35023,1
35027,2
35031,4
35033,2
35034,1
35035,2
35035,5
35036,10
35039,2
35050,9
35054,9
35055,4
35058,1
35064,2
35065,5
35070,0
35075,8
35084,0
35089,7
35092,7
35092,4
35093,3
35098,8
35103,8
35104,5
35104,1
35105,2
35106,9
35108,6
35112,6
35112,4
35115,4
35120,2
35120,4
35127,0
35134,6
35136,2
35138,0
35144,4
35144,7
35144,8
35149,4
35152,0
35152,9
35157,10
35163,10
35168,3
35168,5
35186,5
35187,1
35188,7
35193,0
35194,4
35195,2
35196,3
35199,4
35203,0
35210,4
35212,6
35214,8
35214,10
35220,6
35226,6
35231,6
35237,10
35238,2
35239,8
35242,2
35251,10
35253,0
35259,6
35264,3
35269,4
35276,6
35276,4
35285,1
35297,3
35297,5
35299,5
35305,5
35306,0
35311,10
35316,9
35327,9
35327,4
35329,3
35333,8
35334,5
35335,1
35343,1
35344,9
35347,5
35354,1
35355,0
35357,1
35363,10
35365,10
35368,3
35370,5
35379,10
35380,5
35381,7
35383,9
35391,8
35394,8
35400,4
35401,10
35408,3
35409,1
35410,1
35411,4
35412,2
35414,4
35415,9
35419,1
35421,6
35422,4
35423,4
35423,6
35424,7
35439,4
35442,9
35446,5
35448,10
35450,7
35450,10
35456,8
35457,3
35457,1
35462,5
35463,5
35468,10
35469,9
35474,0
35475,1
35477,4
35481,10
35484,4
35493,6
35499,1
35500,10
35504,7
35513,0
35513,10
35513,7
35520,2
35525,0
35530,4
35536,5
35539,2
35539,6
35541,3
35542,0
35546,1
35548,8
35551,0
35560,7
35560,1
35561,4
35565,0
35566,8
35570,2
35572,3
35585,4
35586,7
35586,10
35591,4
35592,1
35593,1
35604,10
35611,10
35619,8
35624,0
35627,0
35629,3
35629,4
35635,0
35639,10
35641,6
35646,2
35659,4
35668,4
35669,3
35672,5
35676,3
35684,7
35685,7
35688,7
35692,0
35694,9
35714,0
35716,7
35719,0
35724,1
35734,0
35739,7
35752,0
35756,7
35762,1
35768,9
35773,8
35780,2
35785,3
35792,3
35794,1
35802,8
35802,0
35807,7
35811,10
35818,2
35830,1
35836,3
35836,2
35844,1
35849,7
35862,4
35864,8
35866,7
35867,10
35879,8
35881,4
35883,6
35884,3
35891,9
35892,8
35901,7
35905,2
35906,5
35911,2
35913,10
35914,10
35916,2
35916,6
35922,0
35924,7
35945,6
35948,4
35949,3
35952,1
35953,10
35954,2
35957,0
35969,1
35970,0
35973,9
35975,6
35977,4
35979,1
35981,4
35986,2
35987,4
35990,6
35991,1
35993,1
36006,5
36007,10
36012,10
36019,5
36020,6
36022,1
36025,1
36033,9
36034,6
36035,10
36041,2
36041,5
36058,1
36061,10
36063,0
36066,5
36087,0
36099,9
36107,9
36124,10
36128,2
36131,6
36138,9
36138,10
36144,3
36144,9
36153,7
36154,8
36155,9
36156,7
36168,3
36172,1
36174,1
36174,2
36176,1
36177,8
36182,8
36186,4
36192,7
36193,1
36195,1
36198,4
36198,1
36202,9
36206,6
36207,6
36215,2
36220,4
36234,4
36236,7
36236,1
36236,0
36238,10
36243,0
36254,1
36258,8
36261,9
36263,7
36264,10
36265,8
36271,9
36274,9
36275,0
36281,2
36288,7
36289,3
36293,6
36294,4
36298,10
36307,10
36307,7
36310,1
36312,7
36322,5
36329,5
36333,2
36340,8
36346,1
36347,9
36349,7
36351,4
36356,10
36358,1
36360,10
36362,7
36365,4
36365,3
36369,2
36379,6
36379,5
36380,10
36400,1
36402,8
36404,0
36405,6
36406,10
36407,1
36408,1
36409,3
36410,6
36417,1
36434,9
36434,1
36436,2
36439,10
36440,9
36448,1
36453,0
36454,8
36456,5
36463,1
36464,8
36464,4
36469,8
36471,5
36476,8
36480,6
36486,3
36494,10
36504,7
36504,4
36505,1
36508,3
36509,3
36515,8
36525,3
36530,5
36535,2
36536,8
36538,3
36542,7
36542,6
36549,10
36549,4
36560,0
36569,0
36584,0
36588,5
36591,4
36594,0
36595,0
36598,4
36603,0
36608,8
36609,5
36611,1
36611,8
36611,4
36612,8
36613,1
36620,4
36627,5
36628,9
36629,10
36633,1
36633,3
36633,7
36633,5
36634,0
36637,5
36642,3
36642,10
36644,7
36661,8
36663,7
36668,4
36673,4
36674,0
36677,6
36687,7
36688,9
36689,6
36692,3
36703,2
36711,10
36715,8
36718,10
36726,9
36729,7
36730,6
36731,7
36734,8
36739,7
36739,10
36746,6
36748,6
36759,4
36764,8
36769,6
36771,1
36779,5
36780,10
36781,9
36784,5
36785,1
36798,5
36801,8
36804,2
36818,8
36821,9
36836,7
36847,1
36847,9
36849,0
36850,4
36853,8
36854,1
36861,1
36865,5
36870,0
36875,7
36885,8
36886,2
36892,7
36895,3
36900,1
36901,5
36904,1
36906,9
36907,5
36926,4
36927,1
36929,7
36930,2
36944,0
36952,10
36954,8
36954,7
36959,1
36960,8
36961,0
36964,8
36964,9
36966,1
36967,3
36969,6
36975,4
36985,3
36988,7
36994,2
36998,2
36998,4
37001,7
37007,0
37010,5
37011,5
37015,8
37022,9
37033,8
37042,3
37045,10
37045,2
37049,7
37050,4
37055,7
37055,5
37057,4
37066,4
37081,3
37085,9
37090,2
37090,0
37094,7
37095,8
37096,4
37101,9
37104,10
37107,5
37118,8
37119,2
37119,1
37128,6
37137,10
37150,5
37151,10
37154,5
37155,3
37164,5
37176,7
37182,10
37184,3
37186,5
37197,0
37219,2
37220,10
37220,5
37222,5
37229,7
37243,1
37243,2
37249,10
37251,10
37253,1
37255,6
37258,3
37258,2
37272,2
37278,4
37280,6
37282,9
37285,0
37286,7
37292,1
37293,10
37298,5
37299,3
37304,1
37311,5
37314,10
37320,4
37325,10
37332,8
37342,4
37344,4
37346,3
37349,0
37352,8
37354,5
37359,8
37361,7
37364,9
37374,7
37379,2
37380,6
37381,10
37387,6
37392,0
37399,5
37408,8
37409,10
37411,6
37412,7
37427,9
37433,6
37436,2
37440,1
37449,6
37452,5
37453,2
37460,1
37470,7
37471,10
37472,4
37473,10
37483,10
37490,5
37491,6
37492,2
37494,7
37496,9
37497,10
37498,8
37506,7
37522,0
37525,3
37532,2
37535,0
37536,6
37536,1
37537,1
37552,4
37553,8
37553,5
37560,9
37571,8
37574,10
37579,7
37579,6
37588,5
37594,5
37597,0
37599,3
37605,8
37606,7
37608,6
37610,0
37613,3
37617,2
37617,6
37618,2
37635,0
37639,6
37645,5
37646,5
37648,5
37656,7
37658,3
37669,1
37670,7
37679,5
37679,10
37682,5
37683,1
37685,0
37694,1
37699,7
37702,0
37703,10
37707,2
37716,3
37718,7
37722,7
37726,3
37729,6
37731,8
37734,1
37739,4
37743,0
37745,0
37750,2
37751,5
37753,2
37761,7
37770,8
37772,1
37775,7
37778,10
37785,7
37794,5
37802,1
37804,5
37816,10
37817,0
37820,6
37822,9
37824,10
37841,2
37842,8
37847,7
37857,4
37858,6
37860,1
37863,10
37866,8
37870,9
37872,3
37873,6
37874,6
37875,1
37875,4
37876,6
37879,9
37882,6
37882,1
37882,2
37883,3
37886,0
37886,2
37888,2
37890,4
37890,3
37902,0
37904,6
37905,4
37908,3
37914,3
37917,10
37917,2
37920,5
37920,1
37921,8
37924,2
37926,9
37929,1
37931,7
37935,10
37936,9
37942,0
37946,1
37947,8
37951,4
37954,0
37956,5
37956,8
37960,5
37964,8
37966,4
37972,0
37979,7
37983,0
37991,6
37994,9
37994,5
38007,4
38014,0
38018,4
38023,1
38027,0
38030,2
38036,7
38041,10
38046,10
38048,6
38051,1
38053,1
38065,8
38066,8
38071,6
38073,5
38079,4
38080,9
38083,0
38084,8
38084,5
38097,5
38097,8
38105,5
38111,2
38113,10
38114,9
38115,8
38118,10
38119,4
38124,5
38127,2
38128,3
38132,8
38137,7
38139,2
38139,10
38143,10
38150,8
38155,8
38156,3
38160,1
38175,0
38178,10
38183,1
38186,8
38191,5
38199,3
38201,8
38202,8
38210,0
38221,8
38226,4
38229,7
38242,8
38247,10
38248,3
38249,0
38250,2
38255,7
38257,2
38266,7
38270,10
38274,3
38283,7
38283,4
38298,9
38302,9
38305,7
38311,2
38316,4
38318,2
38318,6
38324,2
38334,0
38334,5
38341,0
38343,5
38350,7
38352,3
38364,9
38371,4
38380,5
38382,4
38383,5
38387,9
38392,6
38393,5
38395,5
38397,8
38398,9
38406,5
38407,4
38407,3
38408,2
38409,0
38417,6
38431,1
38433,2
38441,3
38444,0
38445,3
38471,7
38471,9
38474,5
38475,1
38476,4
38479,7
38481,5
38482,3
38484,8
38494,9
38497,6
38503,7
38516,9
38530,2
38530,0
38531,0
38536,1
38538,0
38541,9
38543,1
38545,0
38548,5
38563,3
38563,2
38567,7
38574,1
38576,7
38583,8
38585,10
38592,2
38606,7
38612,9
38615,3
38616,6
38618,7
38627,3
38627,5
38635,9
38640,1
38654,1
38655,5
38656,4
38657,9
38667,4
38669,1
38669,0
38673,7
38681,8
38683,6
38684,4
38690,9
38695,3
38695,2
38695,0
38696,8
38702,3
38705,5
38708,2
38709,2
38710,8
38712,7
38713,1
38716,6
38717,9
38721,7
38724,1
38728,3
38734,6
38737,10
38739,3
38745,7
38750,4
38752,3
38755,8
38757,1
38759,10
38762,6
38766,9
38769,1
38772,7
38773,8
38774,9
38778,3
38780,10
38781,7
38788,9
38789,4
38790,8
38793,1
38798,8
38803,9
38804,1
38806,6
38810,6
38818,8
38822,1
38823,8
38824,9
38829,6
38841,5
38847,4
38847,8
38848,7
38848,2
38850,9
38852,1
38855,7
38861,1
38864,8
38865,3
38869,3
38873,2
38888,10
38889,6
38895,8
38900,8
38902,3
38909,4
38909,6
38920,5
38924,4
38925,8
38926,4
38926,10
38932,6
38934,6
38936,5
38939,0
38943,10
38945,2
38947,5
38952,4
38963,10
38967,1
38969,5
38973,8
38973,4
38976,2
38977,2
38978,8
38983,2
38990,5
38993,4
38996,0
38999,4
39003,8
39004,2
39015,4
39015,5
39018,3
39018,1
39019,2
39023,3
39028,4
39029,8
39029,10
39030,8
39033,2
39038,9
39046,4
39049,10
39051,8
39052,4
39055,3
39072,5
39075,2
39075,6
39076,8
39079,5
39079,0
39081,3
39083,10
39085,1
39085,5
39086,3
39087,8
39088,10
39100,1
39104,6
39106,10
39113,2
39113,1
39114,2
39116,4
39121,5
39128,2
39133,2
39138,10
39139,6
39140,10
39142,1
39145,7
39147,8
39151,6
39152,9
39154,6
39158,3
39160,9
39162,7
39164,5
39175,3
39178,3
39179,8
39182,10
39182,0
39186,7
39186,1
39192,0
39198,7
39201,0
39213,10
39214,1
39215,10
39220,6
39232,7
39233,0
39234,4
39238,5
39239,6
39249,3
39251,3
39252,9
39256,0
39257,4
39262,4
39265,6
39266,7
39268,0
39277,4
39298,10
39302,9
39303,7
39307,9
39311,6
39316,1
39320,0
39320,8
39321,7
39321,6
39323,7
39324,7
39325,4
39326,3
39330,1
39335,0
39340,10
39343,5
39344,3
39355,8
39359,9
39360,9
39360,3
39363,5
39364,4
39371,1
39379,1
39384,3
39394,2
39395,10
39402,7
39402,4
39402,2
39402,3
39404,10
39404,6
39409,6
39412,0
39416,5
39420,5
39422,1
39422,5
39423,1
39431,5
39433,10
39438,9
39443,2
39443,5
39446,1
39450,9
39452,10
39453,3
39454,10
39455,4
39458,5
39459,10
39466,3
39468,7
39482,5
39484,7
39486,8
39487,8
39487,3
39492,0
39504,2
39507,9
39513,5
39516,1
39518,3
39520,3
39528,2
39532,1
39533,8
39544,10
39544,5
39545,3
39547,9
39549,8
39549,2
39555,1
39556,3
39558,6
39560,9
39565,8
39572,4
39572,7
39577,10
39580,1
39585,0
39587,6
39591,10
39592,8
39600,10
39607,4
39612,7
39613,5
39615,3
39620,2
39625,5
39627,1
39628,4
39629,7
39629,10
39630,3
39631,2
39635,9
39648,7
39652,5
39662,10
39662,7
39664,0
39664,5
39664,1
39668,6
39678,8
39681,6
39689,5
39689,3
39702,6
39715,2
39717,1
39719,8
39725,7
39726,7
39727,8
39728,10
39732,9
39737,9
39741,3
39745,3
39745,6
39751,3
39756,7
39757,1
39760,0
39761,4
39765,5
39766,0
39773,10
39773,3
39774,10
39777,1
39783,5
39784,0
39785,7
39791,8
39793,3
39794,10
39797,7
39806,0
39809,8
39812,9
39817,3
39820,10
39825,6
39825,2
39826,10
39826,1
39840,10
39845,8
39850,10
39869,0
39870,9
39876,9
39876,2
39882,5
39883,1
39884,2
39901,6
39904,3
39904,5
39906,2
39906,4
39907,1
39908,10
39909,8
39910,9
39911,4
39917,10
39924,1
39926,9
39929,4
39931,7
39945,8
39951,8
39953,5
39963,1
39975,1
39975,2
39982,1
39988,6
39989,8
39990,4
40000,2
40001,7
40006,2
40006,1
40009,9
40017,1
40020,0
40026,0
40027,10
40036,1
40042,6
40043,4
40044,5
40045,4
40047,2
40050,3
40051,0
40051,5
40053,3
40058,0
40061,0
40063,1
40063,0
40073,1
40075,10
40076,5
40084,1
40085,3
40089,4
40092,3
40096,10
40096,5
40112,2
40116,8
40119,0
40128,3
40134,7
40148,2
40148,5
40151,6
40157,2
40160,8
40162,0
40165,4
40166,2
40171,5
40172,7
40173,2
40173,5
40173,1
40177,8
40180,1
40182,4
40196,5
40199,2
40200,2
40200,1
40202,10
40202,7
40207,9
40212,9
40222,6
40227,10
40227,5
40233,10
40240,3
40240,10
40243,4
40244,2
40247,0
40250,8
40252,8
40259,1
40260,1
40267,4
40274,0
40281,5
40286,1
40308,3
40309,2
40310,0
40315,3
40333,2
40335,6
40342,9
40346,0
40348,9
40348,7
40353,5
40361,2
40365,1
40372,3
40374,0
40381,2
40382,1
40383,6
40383,10
40387,6
40392,0
40397,2
40397,6
40399,0
40412,4
40418,0
40430,7
40450,0
40455,9
40455,7
40456,2
40460,7
40461,3
40462,2
40464,4
40467,10
40479,0
40481,10
40484,7
40484,3
40489,8
40490,5
40491,4
40494,8
40509,2
40517,7
40532,2
40536,5
40537,8
40541,5
40542,10
40543,3
40545,1
40547,10
40547,6
40548,9
40552,6
40557,4
40558,7
40563,3
40569,10
40573,6
40575,0
40577,7
40582,0
40587,6
40588,9
40597,3
40603,0
40610,7
40613,2
40619,1
40621,9
40621,6
40622,2
40623,3
40626,9
40626,8
40629,3
40638,9
40645,6
40651,2
40659,7
40669,9
40671,10
40671,6
40674,10
40679,4
40684,5
40685,5
40686,1
40687,9
40696,3
40702,0
40705,0
40706,6
40708,6
40722,4
40726,4
40726,2
40727,4
40730,5
40732,7
40738,7
40745,0
40757,10
40767,8
40773,1
40776,9
40785,2
40785,10
40791,6
40801,10
40807,1
40810,7
40812,2
40814,7
40821,1
40821,7
40822,0
40830,10
40832,3
40834,5
40839,9
40846,7
40846,2
40853,8
40855,0
40858,2
40858,9
40860,8
40863,0
40865,8
40867,0
40877,6
40878,3
40878,2
40880,10
40885,3
40891,3
40893,8
40911,2
40913,9
40914,1
40915,0
40919,10
40919,0
40928,8
40929,5
40933,4
40936,8
40937,2
40938,3
40941,10
40951,7
40953,2
40954,4
40957,3
40966,7
40977,8
40980,8
40995,10
40997,6
40998,8
41002,1
41002,6
41005,2
41005,10
41006,3
41009,0
41019,5
41022,8
41026,4
41030,10
41033,10
41036,7
41039,1
41051,8
41057,10
41057,6
41059,10
41069,2
41073,2
41074,7
41080,1
41089,4
41092,4
41097,2
41105,1
41106,2
41108,9
41118,8
41121,9
41130,10
41141,2
41142,5
41143,0
41145,6
41152,7
41153,10
41153,0
41154,6
41155,7
41158,6
41165,3
41166,9
41171,9
41174,2
41180,10
41181,1
41185,9
41186,10
41186,1
41188,8
41194,6
41197,7
41199,10
41199,4
41200,10
41200,8
41209,0
41210,2
41213,4
41218,3
41219,6
41220,5
41222,8
41224,3
41227,8
41231,6
41237,5
41240,9
41242,7
41245,10
41245,5
41246,1
41250,9
41259,5
41266,6
41276,5
41277,1
41278,6
41284,0
41284,7
41287,8
41288,9
41292,10
41294,1
41296,5
41296,7
41303,2
41304,1
41309,6
41311,6
41314,9
41314,6
41318,1
41320,7
41326,0
41337,3
41343,1
41345,6
41349,2
41353,1
41359,6
41361,6
41364,10
41366,5
41370,7
41377,6
41385,9
41390,7
41390,2
41392,8
41392,6
41392,4
41393,5
41400,2
41402,2
41408,4
41410,5
41414,5
41415,6
41426,3
41427,9
41428,3
41432,10
41437,3
41438,0
41440,1
41445,7
41445,0
41453,9
41455,3
41461,1
41461,6
41464,4
41466,4
41467,6
41468,2
41470,5
41472,0
41482,3
41486,3
41487,5
41490,6
41492,5
41497,6
41499,7
41500,10
41502,4
41507,8
41509,1
41511,10
41511,9
41516,5
41519,8
41520,10
41524,6
41535,1
41536,5
41537,9
41542,10
41543,5
41544,4
41546,3
41555,1
41565,0
41570,0
41576,3
41583,2
41586,3
41602,2
41604,0
41605,10
41606,8
41608,3
41608,6
41611,3
41616,9
41617,0
41617,3
41620,7
41620,6
41621,1
41626,7
41626,3
41627,9
41630,2
41631,5
41639,2
41641,4
41645,8
41645,7
41648,1
41651,10
41654,1
41660,5
41663,6
41666,4
41669,5
41670,1
41673,1
41673,4
41681,0
41684,8
41694,3
41697,6
41698,8
41702,9
41708,8
41713,10
41737,5
41738,3
41742,7
41749,1
41753,1
41755,0
41760,6
41760,2
41760,10
41760,0
41761,0
41761,2
41762,1
41763,2
41764,9
41764,0
41766,9
41770,8
41778,8
41800,3
41817,1
41819,6
41824,5
41825,10
41829,0
41831,3
41840,10
41857,5
41859,8
41860,4
41861,6
41862,8
41865,7
41872,8
41874,5
41876,4
41882,7
41884,10
41884,9
41886,10
41888,2
41888,7
41894,0
41898,4
41899,2
41900,8
41904,3
41906,9
41910,5
41917,8
41919,0
41922,4
41930,6
41934,3
41935,7
41941,8
41941,0
41955,2
41956,1
41966,0
41968,1
41969,3
41969,2
41972,7
41973,8
41977,1
41981,1
41990,6
41993,2
41998,3
41999,2
42017,6
42017,9
42018,1
42023,0
42025,5
42032,9
42036,4
42041,1
42041,6
42042,1
42049,4
42063,10
42065,6
42069,7
42078,3
42079,7
42080,5
42082,4
42084,0
42084,7
42084,9
42085,2
42095,10
42098,3
42098,8
42119,5
42120,10
42121,4
42129,3
42129,2
42131,1
42133,9
42145,6
42146,10
42158,3
42165,0
42168,5
42173,0
42174,1
42183,9
42193,7
42193,9
42195,2
42195,4
42196,7
42196,2
42197,8
42198,5
42206,2
42208,4
42216,0
42218,10
42226,4
42236,1
42240,3
42247,3
42251,1
42260,1
42268,9
42273,4
42273,1
42282,4
42284,0
42284,9
42285,10
42287,10
42290,3
42291,10
42296,10
42301,8
42301,4
42307,6
42311,1
42319,5
42329,4
42334,7
42346,2
42347,10
42349,8
42351,3
42352,3
42357,3
42357,2
42360,7
42367,0
42369,5
42373,2
42392,6
42395,10
42407,9
42407,5
42407,1
42416,9
42424,4
42425,1
42429,9
42432,1
42444,9
42451,7
42452,9
42456,4
42460,7
42464,1
42466,10
42466,0
42469,6
42471,6
42471,5
42480,6
42487,10
42492,8
42494,8
42495,7
42497,8
42503,4
42508,6
42516,4
42527,3
42528,4
42528,6
42531,1
42532,3
42534,1
42538,0
42563,3
42563,10
42564,9
42566,7
42577,5
42577,8
42577,9
42579,10
42586,10
42591,2
42591,5
42594,9
42595,2
42598,7
42600,1
42602,8
42607,4
42608,3
42609,9
42609,1
42617,0
42625,8
42630,4
42632,2
42637,5
42639,7
42645,8
42645,10
42646,5
42648,2
42658,10
42660,0
42662,7
42662,0
42669,10
42679,9
42684,3
42684,5
42684,10
42691,3
42697,1
42703,2
42710,8
42718,5
42723,6
42724,0
42727,10
42728,9
42735,4
42735,1
42742,5
42746,2
42753,0
42760,1
42763,7
42766,5
42781,5
42796,10
42809,5
42813,9
42815,10
42815,1
42820,8
42826,2
42837,4
42841,8
42842,8
42842,9
42847,5
42850,3
42853,6
42856,4
42858,2
42859,9
42863,2
42865,0
42877,4
42886,7
42887,10
42894,8
42894,7
42895,6
42902,10
42902,3
42909,5
42912,10
42914,7
42915,8
42916,8
42917,10
42921,3
42922,10
42923,10
42929,7
42932,2
42940,8
42944,9
42953,3
42957,2
42958,0
42959,3
42964,4
42968,1
42970,6
42978,9
42986,5
42986,10
42989,7
42991,1
42992,8
42997,4
42998,10
42998,7
42999,8
42999,0
42999,6
43002,1
43016,4
43033,4
43033,7
43034,0
43036,8
43040,10
43042,5
43044,2
43057,6
43058,5
43078,2
43080,2
43083,0
43084,8
43100,1
43104,2
43106,9
43107,8
43110,10
43111,9
43119,2
43119,3
43127,8
43128,6
43133,7
43133,0
43144,8
43146,4
43152,3
43168,4
43169,7
43172,3
43172,8
43174,9
43180,1
43194,5
43197,3
43198,6
43200,6
43211,9
43212,3
43214,1
43219,0
43221,0
43223,4
43224,5
43225,5
43233,6
43234,2
43241,0
43242,10
43252,3
43256,8
43256,9
43259,4
43272,8
43273,6
43280,5
43281,1
43286,4
43293,8
43299,3
43307,8
43308,5
43308,7
43311,1
43316,2
43317,2
43317,5
43318,4
43322,3
43323,10
43325,3
43326,9
43330,3
43332,5
43337,9
43338,6
43340,10
43342,9
43356,6
43358,5
43358,6
43359,1
43363,8
43380,7
43383,9
43385,5
43387,9
43397,2
43397,10
43399,3
43399,10
43412,10
43414,10
43414,6
43415,4
43423,0
43423,6
43424,1
43430,3
43434,10
43435,9
43440,2
43444,7
43447,7
43448,7
43450,4
43452,3
43455,0
43470,9
43471,3
43471,8
43473,9
43474,8
43481,5
43482,2
43490,0
43492,4
43492,1
43496,8
43502,8
43502,5
43505,0
43507,9
43515,10
43519,4
43523,4
43529,5
43529,2
43534,0
43534,5
43534,2
43536,9
43540,5
43547,2
43549,7
43559,5
43565,7
43567,4
43567,0
43567,1
43569,5
43571,3
43578,4
43580,9
43584,8
43592,4
43594,3
43602,4
43603,7
43605,5
43611,3
43623,9
43635,3
43636,1
43637,10
43641,10
43642,0
43648,8
43649,10
43657,8
43661,5
43663,3
43669,5
43669,8
43671,7
43672,6
43672,7
43673,4
43677,1
43679,9
43681,0
43684,3
43685,7
43685,2
43692,9
43699,7
43701,5
43702,6
43702,10
43704,2
43705,3
43714,6
43720,3
43724,1
43726,7
43727,0
43728,3
43729,6
43730,4
43731,5
43737,8
43741,7
43743,2
43750,1
43752,5
43754,2
43759,7
43760,2
43761,2
43771,9
43771,4
43776,10
43781,9
43783,3
43785,3
43789,3
43793,1
43803,7
43805,9
43808,0
43810,2
43810,1
43810,6
43812,7
43821,10
43832,3
43850,4
43856,6
43866,1
43867,7
43867,5
43877,1
43882,3
43886,0
43889,6
43890,8
43897,10
43897,6
43901,5
43902,1
43903,9
43904,5
43904,8
43915,0
43922,6
43931,5
43935,7
43945,9
43945,7
43947,5
43949,3
43954,8
43960,6
43968,10
43969,8
43970,3
43970,6
43980,0
43984,3
43985,6
43990,10
43992,0
43992,5
43993,10
43998,9
44000,7
44012,3
44031,2
44035,2
44037,6
44049,7
44050,8
44051,1
44052,2
44060,9
44065,6
44066,7
44068,2
44080,2
44086,8
44089,3
44090,6
44092,2
44095,1
44107,8
44110,8
44114,4
44116,5
44126,4
44130,6
44135,5
44137,7
44139,4
44143,7
44150,3
44151,2
44152,8
44155,4
44163,1
44170,10
44179,9
44182,5
44186,2
44189,10
44190,7
44191,0
44199,10
44202,10
44204,5
44205,1
44206,4
44207,5
44215,1
44218,8
44218,4
44219,5
44221,3
44224,1
44226,6
44229,10
44234,7
44236,5
44236,3
44237,1
44244,2
44248,1
44251,8
44255,10
44257,10
44269,6
44270,7
44272,1
44277,10
44283,1
44287,9
44288,2
44292,6
44302,0
44302,10
44306,7
44308,10
44311,8
44312,0
44316,8
44323,3
44325,0
44332,9
44348,5
44353,10
44354,6
44355,6
44362,0
44365,8
44367,1
44368,6
44371,0
44373,9
44374,6
44390,2
44391,2
44392,8
44395,4
44401,3
44408,3
44408,0
44409,7
44417,5
44417,1
44421,3
44423,1
44426,0
44442,2
44442,10
44454,6
44458,0
44460,5
44461,2
44464,0
44467,3
44475,3
44484,6
44486,5
44497,10
44500,2
44501,8
44501,9
44512,5
44514,9
44525,1
44528,9
44529,5
44536,5
44543,9
44547,7
44555,8
44564,10
44566,3
44568,5
44586,4
44588,6
44591,8
44592,0
44597,3
44599,8
44603,1
44604,10
44610,7
44612,6
44614,10
44615,4
44618,0
44620,9
44622,9
44626,4
44626,3
44628,10
44637,5
44642,3
44644,1
44648,4
44658,1
44660,8
44662,10
44664,2
44664,6
44664,10
44664,0
44668,8
44668,10
44669,6
44670,5
44676,1
44681,6
44681,2
44681,3
44683,1
44694,4
44698,7
44699,4
44701,4
44708,5
44711,8
44713,6
44728,10
44739,5
44743,9
44743,10
44750,8
44753,4
44755,7
44757,10
44764,8
44767,8
44768,10
44770,3
44782,3
44790,7
44791,1
44794,0
44794,8
44801,1
44805,9
44814,10
44819,2
44820,10
44825,0
44827,1
44828,2
44841,6
44843,9
44845,5
44847,3
44848,5
44850,2
44853,0
44855,5
44869,1
44872,3
44876,4
44878,8
44880,3
44885,10
44893,10
44901,10
44911,8
44914,2
44917,6
44921,4
44922,6
44923,7
44930,6
44935,2
44938,6
44940,6
44952,4
44954,5
44956,9
44962,3
44963,10
44968,5
44970,6
44974,8
44984,4
44989,6
44991,3
44997,3
44998,6
45007,2
45016,1
45022,3
45028,0
45037,10
45037,5
45038,1
45039,2
45046,10
45051,7
45075,0
45086,5
45096,9
45098,4
45104,2
45107,2
45118,10
45119,7
45127,1
45130,1
45139,0
45142,1
45142,8
45144,1
45144,0
45144,3
45148,8
45152,7
45157,3
45157,9
45158,10
45158,9
45165,8
45165,9
45166,7
45178,9
45179,7
45180,3
45181,0
45183,6
45186,8
45190,5
45193,6
45193,0
45194,5
45202,2
45203,7
45209,3
45210,10
45211,0
45215,1
45227,10
45232,7
45235,3
45240,7
45243,7
45245,2
45251,5
45252,3
45254,1
45255,9
45257,8
45260,6
45262,5
45264,10
45269,0
45271,6
45277,1
45279,1
45284,10
45285,5
45294,2
45301,5
45306,9
45307,8
45307,0
45310,1
45313,9
45317,10
45321,3
45330,1
45331,10
45339,4
45354,7
45357,10
45364,6
45369,5
45369,1
45370,6
45372,9
45373,10
45377,0
45390,0
45393,10
45394,0
45394,9
45395,8
45397,10
45397,9
45398,7
45399,4
45400,0
45404,6
45405,6
45411,9
45411,2
45411,5
45420,10
45422,5
45427,9
45433,9
45444,8
45447,7
45452,10
45455,0
45462,10
45463,2
45464,0
45464,1
45477,10
45478,10
45479,10
45488,4
45494,1
45498,9
45499,5
45499,7
45500,7
45502,8
45504,10
45505,7
45513,1
45514,9
45515,7
45517,0
45523,1
45533,10
45543,1
45548,4
45551,0
45552,5
45554,3
45556,9
45556,6
45556,10
45559,10
45569,7
45575,7
45575,6
45576,2
45579,9
45580,6
45584,4
45590,3
45596,1
45602,7
45603,0
45604,5
45605,4
45605,8
45608,3
45624,10
45634,3
45641,8
45642,9
45648,2
45653,7
45664,0
45666,2
45667,0
45672,10
45687,6
45696,4
45700,3
45700,8
45707,5
45710,2
45722,6
45724,9
45726,8
45728,1
45729,2
45737,1
45742,5
45743,10
45747,6
45754,4
45755,7
45755,9
45755,6
45757,3
45769,7
45770,10
45776,4
45787,4
45795,7
45801,9
45804,9
45812,2
45817,1
45819,2
45821,1
45822,6
45829,2
45832,7
45833,10
45837,0
45851,3
45854,9
45854,5
45854,3
45861,0
45862,2
45870,9
45875,5
45879,4
45880,0
45880,4
45882,6
45882,8
45887,7
45889,10
45898,7
45899,5
45903,3
45908,5
45909,8
45911,10
45911,3
45913,1
45913,8
45915,10
45922,8
45931,3
45939,8
45940,3
45940,10
45949,2
45957,10
45957,6
45964,4
45971,10
45976,7
45983,5
45985,3
45986,0
45990,5
45990,10
45994,5
45995,7
46000,1
46001,8
46013,5
46016,7
46022,3
46022,0
46023,10
46025,9
46042,4
46046,5
46050,1
46050,0
46056,1
46061,5
46061,6
46066,9
46071,5
46078,1
46081,3
46089,0
46089,6
46096,10
46101,7
46108,1
46108,2
46110,9
46112,6
46117,5
46117,10
46126,1
46134,10
46142,9
46148,3
46149,6
46154,7
46162,7
46167,1
46176,2
46183,7
46190,10
46199,0
46204,10
46213,3
46214,1
46219,7
46219,8
46224,5
46226,3
46231,0
46240,9
46243,4
46246,1
46247,5
46252,0
46256,0
46258,2
46261,3
46263,1
46264,2
46271,1
46276,7
46278,1
46280,4
46292,0
46293,10
46300,6
46307,3
46310,3
46312,6
46326,8
46327,8
46333,9
46336,5
46338,10
46348,5
46353,5
46353,8
46356,0
46361,3
46366,9
46367,1
46373,9
46375,7
46379,6
46380,5
46381,8
46383,8
46394,9
46397,1
46403,3
46409,7
46410,10
46416,2
46419,0
46420,2
46421,6
46426,10
46428,8
46429,9
46434,0
46434,3
46436,5
46446,8
46446,10
46459,4
46465,8
46466,10
46471,8
46472,5
46483,2
46483,1
46484,8
46486,4
46490,7
46495,6
46499,8
46502,8
46514,7
46517,6
46520,0
46534,10
46536,3
46538,6
46539,6
46543,7
46547,7
46548,2
46553,9
46564,1
46567,10
46569,5
46573,6
46573,10
46580,0
46582,3
46588,2
46599,4
46610,0
46612,0
46626,4
46633,8
46635,0
46637,0
46640,9
46641,8
46645,7
46648,8
46650,8
46653,5
46655,3
46659,2
46662,3
46665,7
46691,9
46696,2
46701,10
46702,0
46708,4
46709,2
46709,0
46710,8
46714,3
46727,8
46728,9
46729,7
46739,8
46742,4
46744,10
46745,4
46745,3
46749,8
46749,3
46750,5
46750,8
46755,3
46755,1
46764,0
46766,1
46773,10
46781,4
46781,8
46782,7
46788,10
46793,6
46795,9
46797,6
46798,4
46800,2
46801,1
46803,7
46807,9
46808,8
46817,5
46822,7
46834,5
46837,10
46837,1
46838,0
46847,2
46851,5
46854,7
46862,1
46863,0
46864,5
46864,2
46865,0
46866,5
46878,1
46880,1
46881,2
46899,4
46906,10
46925,3
46926,10
46929,9
46939,2
46946,1
46947,8
46955,0
46958,1
46962,9
46963,3
46964,10
46967,3
46970,2
46976,6
46977,6
46978,6
46995,7
47000,4
47001,4
47004,10
47014,7
47023,9
47023,3
47037,0
47041,7
47046,6
47051,9
47052,0
47057,10
47062,4
47063,8
47063,5
47065,7
47070,5
47079,5
47083,6
47084,6
47096,8
47102,3
47107,5
47113,7
47113,1
47114,10
47119,2
47123,7
47124,2
47125,2
47127,9
47141,3
47143,5
47146,8
47150,10
47155,7
47167,1
47170,0
47173,6
47174,5
47175,5
47187,0
47188,0
47195,0
47202,4
47203,2
47203,4
47211,7
47221,1
47228,2
47230,9
47237,5
47243,5
47247,5
47250,7
47254,6
47266,9
47275,9
47287,2
47288,3
47291,6
47292,5
47298,10
47304,5
47304,7
47306,10
47306,7
47306,6
47307,2
47313,1
47317,2
47317,6
47318,1
47328,1
47340,6
47340,10
47347,1
47349,4
47353,7
47354,1
47365,6
47366,6
47368,3
47380,9
47385,5
47388,7
47388,6
47391,7
47391,0
47398,8
47399,7
47401,5
47408,5
47410,2
47410,3
47414,4
47414,0
47418,1
47418,2
47420,8
47420,7
47423,0
47429,7
47430,9
47439,7
47440,1
47450,2
47459,8
47460,10
47461,8
47464,1
47466,6
47474,2
47483,6
47487,7
47487,3
47492,0
47492,9
47493,8
47494,3
47499,10
47501,1
47513,8
47516,4
47519,0
47521,1
47524,10
47526,7
47542,2
47543,4
47547,3
47547,5
47549,4
47554,3
47558,5
47559,10
47564,3
47576,7
47583,2
47591,5
47598,8
47598,0
47600,4
47610,4
47613,0
47615,8
47620,2
47624,3
47629,1
47633,9
47634,2
47635,2
47640,1
47640,2
47641,10
47642,3
47643,2
47645,3
47645,10
47650,9
47651,10
47656,1
47660,0
47663,6
47673,3
47674,8
47682,2
47683,3
47687,5
47687,1
47693,5
47693,1
47702,0
47704,6
47704,4
47708,0
47710,0
47717,5
47722,4
47728,7
47732,4
47740,2
47745,7
47752,7
47760,1
47761,6
47766,0
47774,9
47779,5
47783,3
47783,10
47787,9
47798,5
47802,2
47805,8
47807,1
47814,5
47814,10
47815,7
47815,3
47817,9
47820,2
47821,5
47827,7
47831,3
47838,9
47838,3
47849,0
47852,3
47862,3
47862,5
47866,3
47869,6
47874,0
47881,9
47886,8
47892,2
47893,10
47896,4
47899,10
47903,7
47903,8
47905,6
47908,1
47909,0
47913,8
47920,3
47921,10
47931,6
47933,8
47940,7
47941,9
47945,6
47953,4
47953,5
47969,7
47976,7
47986,8
47990,10
47994,6
47994,4
47995,0
48000,2
48006,2
48006,3
48016,4
48019,3
48020,10
48021,9
48022,0
48028,6
48031,3
48034,2
48041,6
48043,9
48053,0
48056,5
48060,3
48062,5
48062,1
48071,6
48075,4
48093,5
48101,8
48108,9
48109,10
48112,8
48115,3
48116,2
48131,7
48131,0
48131,2
48132,1
48132,6
48134,10
48143,7
48143,2
48145,1
48145,2
48150,10
48151,1
48172,0
48173,0
48176,8
48179,1
48184,2
48184,0
48185,7
48186,9
48193,0
48195,8
48196,5
48197,10
48198,10
48201,4
48201,3
48204,2
48213,3
48218,5
48222,10
48224,9
48225,7
48225,3
48225,0
48225,4
48230,9
48232,7
48235,8
48237,0
48245,2
48259,5
48261,6
48262,9
48271,2
48272,4
48279,8
48281,8
48282,0
48288,2
48291,2
48292,9
48292,6
48294,0
48303,2
48305,10
48309,5
48316,7
48316,5
48320,0
48328,1
48335,0
48337,3
48337,5
48340,5
48341,3
48343,10
48344,7
48355,2
48365,9
48369,1
48372,1
48375,5
48378,5
48390,0
48396,4
48400,6
48402,2
48405,10
48414,1
48418,5
48421,0
48421,6
48426,0
48426,5
48429,0
48452,7
48455,7
48457,10
48457,9
48460,1
48461,2
48461,1
48463,8
48465,9
48479,1
48479,5
48486,4
48492,9
48503,3
48509,3
48512,0
48522,6
48524,10
48529,7
48530,2
48531,7
48538,0
48541,1
48545,3
48547,7
48553,8
48553,5
48561,2
48564,8
48566,1
48569,5
48579,2
48581,10
48582,4
48586,7
48586,10
48588,7
48589,7
48590,5
48592,1
48592,8
48595,2
48598,2
48599,5
48600,4
48601,2
48604,3
48606,7
48609,5
48609,10
48613,0
48613,2
48621,0
48622,6
48627,8
48631,4
48633,7
48634,9
48635,4
48636,7
48641,0
48644,1
48646,10
48648,7
48652,1
48654,7
48655,4
48661,2
48662,3
48663,10
48664,8
48668,0
48669,2
48669,9
48670,1
48671,1
48676,2
48680,4
48686,0
48687,1
48690,9
48690,7
48693,4
48697,8
48703,9
48707,1
48712,10
48716,4
48721,2
48733,8
48734,9
48739,10
48744,7
48746,3
48747,8
48748,4
48751,6
48755,3
48758,0
48759,1
48760,9
48761,4
48764,9
48764,5
48765,6
48778,0
48778,6
48787,1
48789,7
48790,3
48797,2
48797,9
48810,10
48810,5
48811,6
48814,7
48840,4
48846,3
48854,8
48856,1
48858,5
48864,0
48865,2
48871,8
48873,9
48881,3
48883,4
48888,6
48894,2
48898,2
48900,6
48905,1
48905,3
48905,5
48907,6
48907,7
48912,2
48919,5
48922,0
48943,1
48953,6
48957,7
48966,4
48974,2
48977,4
48979,7
48980,8
48981,8
48983,1
49006,6
49008,10
49009,8
49010,2
49011,3
49012,8
49012,6
49015,6
49019,1
49024,7
49026,10
49026,7
49030,8
49031,2
49033,2
49034,1
49036,0
49040,4
49042,0
49046,10
49049,4
49054,5
49057,7
49057,2
49061,9
49061,7
49070,9
49070,3
49071,0
49071,6
49083,9
49084,10
49085,10
49089,7
49090,7
49099,10
49100,0
49106,6
49113,0
49118,6
49120,1
49127,1
49131,7
49131,3
49133,0
49133,9
49139,9
49140,8
49141,2
49142,10
49150,1
49152,1
49159,5
49165,7
49166,1
49168,7
49171,0
49180,6
49194,10
49195,10
49195,3
49200,1
49201,4
49204,0
49213,9
49223,7
49227,4
49231,4
49233,4
49233,0
49239,10
49239,7
49246,10
49252,2
49253,6
49259,8
49261,10
49268,1
49270,10
49271,10
49278,6
49280,2
49282,3
49284,5
49285,9
49294,3
49295,3
49302,7
49312,6
49316,0
49317,4
49319,6
49328,9
49331,4
49334,1
49337,1
49338,3
49345,8
49345,10
49352,1
49356,1
49361,8
49362,7
49367,9
49376,5
49377,9
49378,4
49378,0
49388,10
49389,9
49390,8
49392,7
49395,10
49397,3
49399,6
49408,6
49416,6
49416,8
49419,4
49421,1
49424,9
49437,1
49437,5
49441,0
49449,9
49452,1
49455,9
49458,8
49462,4
49465,5
49467,3
49471,8
49474,10
49476,7
49494,9
49496,6
49497,0
49503,0
49527,9
49530,4
49531,3
49532,7
49535,2
49542,1
49554,6
49558,4
49564,9
49570,3
49577,8
49578,5
49584,1
49585,0
49591,7
49593,2
49602,2
49602,9
49611,9
49612,2
49614,10
49625,10
49626,0
49633,4
49642,5
49643,7
49651,0
49653,2
49653,3
49655,10
49657,0
49658,6
49663,4
49667,4
49669,3
49674,0
49674,5
49680,9
49681,10
49682,4
49683,10
49688,2
49691,1
49692,4
49692,8
49693,9
49695,1
49706,10
49706,4
49707,6
49711,1
49711,6
49713,2
49718,10
49721,4
49733,3
49743,4
49745,10
49747,1
49751,8
49751,6
49752,5
49757,0
49762,10
49766,0
49770,1
49777,0
49786,10
49807,4
49812,9
49812,10
49815,2
49820,2
49824,6
49826,0
49839,5
49840,9
49845,3
49847,1
49848,9
49854,0
49854,4
49855,3
49856,0
49863,5
49864,4
49865,7
49867,2
49877,7
49887,5
49888,8
49888,1
49888,4
49889,5
49889,6
49895,1
49896,9
49911,5
49914,2
49922,7
49928,1
49928,10
49930,4
49932,10
49932,0
49945,7
49950,3
49956,1
49969,2
49975,7
49978,5
49983,6
49984,6
49986,2
49993,9
49994,3
49994,5
49995,10
49998,5
50005,6
50008,1
50012,9
50019,1
50021,4
50026,10
50031,8
50031,6
50032,1
50034,10
50037,3
50038,4
50044,6
50045,1
50052,5
50053,1
50055,5
50058,0
50070,1
50072,2
50072,7
50072,0
50072,10
50081,4
50083,2
50090,0
50093,4
50093,6
50102,5
50105,7
50112,5
50116,10
50117,9
50118,3
50130,7
50131,4
50131,2
50132,8
50148,0
50149,8
50150,9
50151,1
50159,1
50169,6
50177,2
50179,8
50183,7
50185,9
50188,1
50193,3
50196,0
50196,6
50199,5
50205,2
50212,2
50217,2
50219,9
50221,9
50221,0
50223,7
50228,7
50231,5
50236,8
50239,1
50240,7
50247,2
50251,0
50263,4
50268,9
50268,4
50268,3
50271,10
50273,6
50275,8
50285,2
50295,8
50297,5
50301,5
50304,10
50312,7
50319,10
50320,5
50322,9
50323,0
50324,8
50324,7
50325,8
50334,9
50341,9
50346,4
50350,4
50359,9
50365,9
50366,2
50369,5
50369,0
50371,6
50374,7
50375,0
50378,10
50383,2
50384,2
50386,10
50386,1
50392,5
50394,9
50395,3
50407,1
50412,4
50416,5
50420,3
50422,3
50428,0
50428,2
50430,3
50437,10
50444,6
50448,1
50451,5
50454,9
50454,8
50455,9
50459,3
50467,4
50470,1
50471,5
50472,6
50472,3
50476,7
50478,5
50483,9
50487,6
50490,2
50490,10
50494,7
50495,3
50502,3
50504,10
50516,1
50527,2
50528,10
50536,5
50540,7
50542,1
50556,5
50557,0
50559,1
50569,10
50569,9
50582,8
50587,8
50597,9
50599,0
50605,5
50608,4
50614,1
50615,6
50618,7
50622,2
50623,7
50629,6
50634,1
50635,3
50638,2
50638,10
50640,4
50644,4
50650,9
50653,2
50656,2
50657,10
50657,5
50659,5
50660,5
50663,9
50678,2
50685,8
50690,4
50693,8
50695,8
50697,10
50698,5
50706,0
50708,2
50709,1
50711,4
50714,8
50719,2
50723,0
50724,9
50724,3
50729,1
50736,10
50738,8
50743,2
50747,1
50751,10
50752,5
50757,9
50764,10
50771,0
50778,1
50786,7
50788,9
50792,8
50796,1
50797,0
50800,8
50801,5
50803,7
50809,1
50820,6
50829,3
50830,7
50833,8
50837,0
50846,4
50853,7
50859,1
50859,6
50862,9
50866,8
50867,10
50870,4
50877,1
50895,1
50895,10
50896,10
50896,8
50909,8
50913,0
50914,1
50915,3
50918,4
50920,1
50925,10
50928,2
50935,7
50944,9
50960,4
50968,2
50971,4
50974,0
50978,5
50986,10
50987,0
50990,3
50998,4
50999,3
50999,5
51003,1
51004,8
51014,1
51016,10
51026,7
51031,9
51047,1
51053,1
51060,2
51060,4
51064,10
51071,1
51075,4
51079,8
51081,10
51082,9
51083,9
51084,5
51088,6
51089,3
51093,10
51094,3
51095,2
51096,10
51096,7
51101,4
51110,8
51114,9
51115,7
51117,6
51120,0
51126,4
51131,3
51135,7
51138,5
51141,0
51146,8
51148,5
51150,10
51161,6
51165,0
51170,5
51174,6
51185,7
51190,0
51197,1
51197,2
51201,9
51201,6
51202,2
51203,4
51207,5
51210,6
51212,1
51213,7
51218,10
51220,6
51235,1
51235,3
51241,10
51241,7
51243,6
51250,9
51250,1
51270,8
51272,8
51280,4
51280,7
51283,3
51284,2
51285,8
51288,4
51293,8
51306,3
51309,0
51310,1
51317,8
51321,3
51325,10
51328,1
51332,6
51341,3
51343,1
51352,4
51352,9
51355,6
51357,4
51360,10
51362,4
51364,1
51364,10
51365,7
51366,4
51371,6
51381,6
51382,10
51386,6
51390,4
51402,1
51404,8
51409,5
51410,0
51417,7
51419,10
51419,0
51420,1
51420,5
51428,8
51431,6
51436,3
51438,1
51438,8
51441,7
51444,1
51455,9
51459,2
51466,5
51470,3
51476,1
51481,0
51485,5
51495,3
51497,8
51507,3
51512,10
51514,8
51514,0
51517,6
51525,4
51527,3
51528,10
51530,8
51533,7
51539,4
51541,8
51542,10
51542,2
51547,5
51548,10
51549,4
51550,4
51555,9
51569,9
51573,5
51575,9
51575,8
51577,0
51579,1
51581,7
51589,5
51597,1
51598,7
51605,5
51613,5
51614,4
51615,1
51615,10
51616,4
51622,5
51624,7
51624,8
51624,9
51628,7
51633,1
51634,5
51634,10
51639,9
51641,5
51665,9
51669,5
51677,7
51678,2
51680,1
51681,6
51695,1
51706,10
51707,7
51712,8
51713,4
51714,5
51722,5
51724,2
51731,6
51736,1
51736,6
51745,3
51747,3
51747,1
51748,6
51748,0
51752,7
51755,6
51757,5
51763,10
51766,2
51767,6
51767,7
51770,2
51771,3
51771,4
51775,1
51776,10
51778,0
51781,3
51786,4
51786,9
51787,10
51789,1
51797,9
51804,10
51807,10
51812,6
51817,3
51817,1
51832,1
51838,4
51840,8
51851,10
51854,7
51857,9
51857,6
51866,0
51867,6
51868,10
51870,0
51871,1
51875,0
51875,2
51879,6
51880,7
51881,1
51883,0
51885,0
51886,6
51886,5
51894,9
51898,8
51898,4
51901,3
51907,0
51907,8
51911,1
51912,9
51914,4
51916,4
51919,10
51920,2
51924,4
51928,6
51935,7
51940,10
51941,6
51944,8
51949,10
51950,3
51953,3
51955,4
51960,5
51960,1
51963,3
51963,6
51965,3
51969,8
51970,0
51971,2
51976,4
51980,3
51982,1
51983,10
51987,8
51990,3
51993,3
51999,3
52003,10
52005,0
52012,1
52016,0
52019,8
52026,5
52026,9
52036,4
52039,7
52042,2
52044,4
52046,9
52046,10
52048,1
52049,0
52051,8
52063,5
52069,6
52072,4
52072,1
52081,6
52081,9
52083,5
52085,5
52090,7
52091,9
52094,9
52094,10
52101,7
52102,1
52104,8
52111,9
52113,1
52114,8
52115,6
52116,4
52120,6
52120,1
52125,8
52128,6
52131,8
52133,8
52136,6
52141,0
52145,8
52149,0
52155,6
52159,2
52163,7
52169,2
52172,9
52178,9
52178,5
52180,8
52182,10
52185,4
52186,0
52187,3
52192,8
52195,8
52199,7
52200,7
52203,10
52209,4
52223,8
52225,3
52228,8
52228,10
52231,3
52236,9
52237,3
52244,5
52251,9
52265,0
52266,3
52276,3
52279,5
52281,6
52283,2
52288,9
52289,4
52294,4
52304,1
52311,1
52315,6
52320,0
52328,3
52334,8
52335,1
52336,8
52336,4
52341,5
52342,6
52344,5
52352,10
52354,1
52358,0
52365,4
52366,8
52366,9
52367,8
52371,10
52376,0
52383,1
52392,7
52412,0
52414,4
52414,0
52416,7
52417,7
52422,8
52429,0
52433,2
52440,2
52444,9
52445,1
52449,3
52449,10
52453,0
52457,7
52458,5
52464,6
52467,10
52467,8
52470,3
52474,4
52475,5
52482,7
52486,9
52486,8
52487,8
52494,3
52495,3
52496,6
52499,6
52520,0
52523,8
52528,8
52532,7
52534,8
52534,7
52538,5
52545,8
52554,3
52573,10
52580,0
52583,2
52585,10
52591,9
52593,8
52597,0
52597,4
52602,5
52607,9
52617,7
52624,0
52628,9
52639,7
52641,7
52642,6
52648,8
52654,9
52659,9
52661,8
52665,9
52668,3
52681,2
52690,9
52695,1
52697,7
52698,5
52713,7
52721,1
52721,10
52725,8
52733,6
52737,6
52739,5
52743,2
52746,7
52746,4
52752,10
52755,0
52763,0
52764,2
52769,4
52773,0
52774,10
52778,9
52787,9
52789,0
52799,5
52803,4
52805,4
52807,5
52807,7
52813,1
52815,0
52817,4
52818,2
52825,10
52826,4
52833,4
52843,10
52852,1
52857,9
52859,3
52860,4
52861,2
52862,10
52863,7
52863,8
52864,9
52865,4
52870,3
52873,4
52879,1
52879,0
52886,6
52889,7
52890,7
52893,0
52903,10
52903,3
52904,8
52918,10
52928,3
52936,6
52939,1
52942,7
52943,9
52944,4
52944,10
52948,10
52955,6
52962,7
52986,1
52989,10
52993,1
52994,2
53002,0
53012,5
53018,0
53025,4
53028,4
53033,9
53035,1
53040,2
53051,9
53054,5
53056,0
53059,0
53059,9
53060,0
53062,10
53066,4
53066,1
53066,0
53067,8
53071,9
53075,4
53080,5
53081,6
53083,4
53091,0
53095,9
53096,3
53097,10
53099,8
53103,9
53104,2
53108,2
53108,8
53110,4
53114,0
53116,3
53117,8
53121,6
53122,7
53124,4
53124,8
53131,2
53133,0
53134,2
53145,8
53152,6
53160,2
53178,6
53185,6
53187,1
53187,10
53188,7
53190,8
53190,0
53194,1
53194,8
53206,1
53208,7
53216,3
53222,0
53227,9
53227,2
53234,7
53234,8
53235,10
53243,7
53246,3
53247,9
53249,2
53251,2
53256,10
53261,7
53273,3
53285,5
53291,9
53292,9
53300,5
53301,10
53312,4
53312,1
53315,0
53317,7
53317,0
53329,5
53330,0
53341,10
53344,7
53347,7
53352,9
53355,9
53361,0
53367,1
53368,10
53373,10
53376,8
53376,3
53379,0
53384,5
53389,2
53391,5
53402,0
53403,7
53403,9
53404,9
53406,10
53411,9
53414,2
53415,5
53422,5
53426,1
53434,9
53451,5
53463,1
53464,2
53469,7
53471,5
53472,9
53475,3
53480,2
53483,4
53488,4
53492,7
53501,6
53505,3
53507,2
53535,1
53536,10
53537,3
53543,8
53555,3
53557,7
53558,9
53558,5
53563,2
53569,4
53572,5
53573,0
53574,5
53575,6
53584,0
53586,6
53589,6
53591,8
53604,4
53611,1
53616,3
53622,0
53623,9
53627,8
53631,7
53636,4
53637,5
53637,8
53641,3
53641,1
53653,10
53653,6
53655,9
53657,2
53658,0
53661,10
53667,2
53678,7
53681,2
53692,6
53696,6
53699,4
53706,0
53707,3
53707,2
53717,6
53718,5
53719,10
53720,5
53721,1
53725,3
53727,2
53730,9
53732,1
53742,4
53746,4
53747,3
53751,8
53752,0
53752,5
53753,3
53754,5
53757,0
53761,4
53774,7
53785,7
53789,1
53792,1
53798,0
53799,4
53800,3
53800,8
53802,10
53804,1
53806,7
53807,9
53808,5
53809,2
53811,4
53812,3
53812,7
53813,10
53824,10
53834,5
53835,0
53838,4
53841,6
53844,1
53845,8
53846,7
53847,5
53847,2
53854,2
53858,5
53861,2
53870,4
53872,0
53877,7
53880,4
53887,0
53891,7
53893,7
53895,9
53900,4
53907,2
53910,7
53927,9
53929,2
53929,3
53931,0
53931,10
53931,1
53934,6
53936,9
53947,5
53949,4
53952,10
53952,8
53954,1
53957,10
53960,10
53960,2
53961,10
53962,7
53966,8
53970,5
53974,0
53983,10
53985,0
53987,4
53989,9
53992,4
53994,7
53995,6
53998,3
54002,9
54005,4
54014,2
54015,7
54018,9
54022,3
54026,6
54027,5
54027,6
54028,5
54032,7
54034,9
54036,1
54040,10
54042,6
54044,6
54048,4
54054,6
54057,0
54059,6
54064,6
54067,5
54068,0
54069,5
54071,2
54071,9
54076,0
54077,5
54077,8
54082,6
54088,0
54091,6
54093,9
54095,7
54095,3
54107,2
54108,6
54113,7
54113,3
54126,2
54127,9
54128,3
54131,8
54133,7
54136,1
54141,5
54151,9
54157,5
54165,4
54183,8
54186,0
54189,7
54191,0
54193,0
54199,9
54201,8
54207,1
54212,6
54213,8
54215,5
54222,3
54223,8
54227,5
54231,0
54233,0
54234,9
54238,1
54242,9
54245,6
54245,3
54247,2
54253,4
54254,1
54261,10
54263,3
54267,8
54271,2
54275,0
54277,8
54277,5
54280,9
54289,6
54292,8
54293,5
54304,6
54312,4
54320,8
54322,1
54322,4
54329,5
54332,6
54334,10
54335,8
54337,10
54340,2
54341,0
54343,0
54343,2
54345,1
54348,6
54350,7
54356,0
54368,7
54371,0
54373,7
54374,9
54382,4
54387,5
54391,2
54395,2
54398,1
54411,7
54411,3
54417,8
54418,8
54421,0
54423,6
54424,8
54426,10
54427,0
54429,10
54436,5
54444,1
54447,0
54448,7
54449,9
54449,5
54450,0
54458,7
54464,9
54465,3
54465,6
54466,3
54468,7
54472,6
54477,1
54479,6
54480,8
54497,8
54499,6
54500,4
54507,7
54508,3
54510,1
54513,2
54514,9
54523,8
54528,8
54528,5
54533,0
54543,7
54545,1
54546,8
54547,9
54547,8
54552,8
54553,0
54555,5
54563,3
54565,9
54575,5
54576,5
54578,5
54581,3
54583,3
54583,8
54589,8
54591,6
54595,5
54605,8
54606,6
54614,0
54618,8
54618,9
54619,6
54620,3
54621,7
54621,5
54626,8
54627,8
54632,10
54645,9
54649,0
54653,6
54653,1
54654,9
54655,9
54657,0
54658,2
54661,1
54662,6
54668,7
54676,3
54683,9
54685,9
54702,6
54704,9
54704,5
54706,3
54707,0
54707,2
54707,10
54710,8
54716,6
54720,5
54723,7
54729,3
54732,2
54735,3
54742,4
54743,6
54745,6
54748,5
54749,0
54761,10
54785,1
54786,7
54796,1
54801,6
54803,6
54808,1
54814,9
54817,2
54819,4
54819,7
54826,8
54828,2
54829,1
54830,9
54831,2
54834,3
54835,7
54838,5
54841,7
54845,8
54856,6
54863,5
54864,1
54867,6
54867,10
54870,6
54871,4
54872,4
54873,9
54886,3
54888,10
54893,9
54894,5
54903,1
54907,2
54911,0
54917,9
54919,10
54922,6
54927,8
54929,1
54930,8
54941,1
54946,1
54946,4
54949,6
54950,0
54959,6
54960,5
54965,9
54966,2
54973,1
54975,3
54978,2
54980,6
54982,7
54987,10
54992,5
54994,7
54999,9
55001,9
55002,4
55005,3
55010,0
55010,3
55014,7
55016,0
55016,10
55016,2
55019,3
55021,10
55022,0
55023,0
55023,6
55029,8
55032,4
55034,1
55035,0
55035,10
55039,5
55041,7
55052,4
55055,10
55055,4
55058,3
55060,1
55068,5
55072,9
55080,1
55099,1
55101,3
55105,1
55120,9
55124,3
55127,0
55130,6
55133,5
55133,0
55135,9
55135,0
55136,3
55139,7
55141,0
55143,5
55147,7
55148,2
55153,10
55158,6
55160,6
55162,8
55163,4
55165,0
55168,6
55171,7
55174,2
55175,9
55176,3
55177,5
55180,4
55181,10
55187,4
55190,2
55209,7
55209,0
55210,9
55213,7
55213,1
55217,2
55226,5
55233,2
55234,6
55239,4
55240,1
55249,3
55254,0
55257,8
55258,5
55264,10
55266,1
55271,3
55272,3
55276,4
55285,9
55288,4
55289,4
55289,0
55290,1
55300,0
55304,6
55311,10
55313,9
55317,3
55320,2
55326,4
55336,6
55339,8
55344,4
55350,6
55351,4
55355,1
55368,9
55376,3
55386,10
55389,3
55394,10
55400,1
55408,10
55408,6
55412,2
55420,6
55424,1
55428,2
55439,7
55440,7
55447,9
55449,2
55459,7
55461,7
55467,0
55471,1
55476,10
55479,8
55481,1
55490,10
55493,8
55501,0
55501,10
55504,1
55508,4
55515,6
55517,6
55518,10
55520,4
55528,6
55529,4
55530,10
55532,8
55539,4
55540,3
55542,7
55547,3
55551,9
55555,10
55567,9
55571,1
55575,4
55579,4
55584,9
55588,3
55591,9
55595,2
55603,7
55616,5
55621,4
55627,2
55629,0
55630,6
55637,4
55640,8
55645,1
55649,5
55650,4
55655,2
55666,5
55669,4
55670,9
55670,8
55681,10
55685,2
55697,3
55702,4
55706,9
55715,1
55718,3
55729,0
55730,0
55735,5
55737,6
55739,2
55744,8
55755,0
55763,1
55769,1
55770,7
55771,2
55773,9
55783,0
55790,5
55802,2
55826,0
55832,1
55848,4
55849,1
55850,2
55852,4
55853,1
55855,1
55857,1
55858,10
55865,8
55868,8
55877,5
55880,5
55882,5
55882,3
55882,1
55883,9
55883,5
55885,7
55888,8
55892,1
55899,5
55906,7
55906,5
55911,6
55921,1
55924,3
55926,10
55927,6
55933,7
55939,5
55944,7
55944,6
55948,5
55949,4
55951,0
55959,1
55961,9
55967,2
55968,0
55970,1
55972,8
55977,4
55979,7
55984,7
55995,8
56016,7
56020,8
56022,1
56022,3
56024,0
56025,5
56028,10
56044,4
56045,10
56047,4
56049,3
56059,7
56061,1
56066,3
56066,6
56066,7
56069,8
56073,8
56074,10
56080,7
56085,6
56087,1
56095,6
56099,3
56101,10
56104,7
56110,7
56110,0
56119,7
56122,4
56125,5
56139,7
56140,7
56141,7
56144,1
56150,1
56150,0
56151,2
56159,0
56167,2
56185,0
56186,4
56189,4
56193,1
56194,1
56204,4
56205,7
56208,10
56214,4
56215,8
56222,2
56227,0
56234,3
56236,10
56239,0
56244,4
56246,7
56249,5
56254,1
56255,10
56257,9
56257,1
56262,9
56265,6
56266,5
56273,1
56274,3
56275,5
56275,9
56275,0
56284,1
56285,3
56285,7
56286,8
56289,8
56298,0
56310,9
56322,6
56328,10
56339,9
56349,1
56350,6
56353,8
56356,8
56356,7
56366,7
56367,0
56369,4
56377,3
56378,2
56379,9
56387,9
56390,1
56392,10
56397,8
56399,6
56405,1
56407,6
56410,9
56412,7
56417,4
56423,6
56428,6
56428,1
56435,8
56435,4
56443,2
56444,0
56447,8
56454,5
56454,6
56454,2
56456,0
56461,7
56467,1
56468,8
56468,4
56468,0
56476,5
56482,10
56483,7
56485,3
56488,2
56489,8
56507,10
56528,6
56537,8
56539,9
56547,1
56554,9
56561,1
56565,3
56566,9
56569,3
56573,4
56577,0
56595,9
56595,4
56597,1
56599,8
56611,5
56612,8
56614,3
56631,8
56632,1
56640,8
56647,1
56651,2
56652,5
56658,1
56658,10
56663,2
56668,6
56669,3
56673,2
56680,5
56681,1
56686,0
56690,10
56690,0
56691,3
56700,4
56703,5
56709,1
56715,10
56716,9
56721,5
56722,9
56732,1
56736,8
56736,5
56740,10
56743,10
56744,9
56745,2
56747,0
56748,0
56757,9
56764,10
56764,8
56769,5
56772,10
56779,7
56780,9
56785,4
56785,7
56786,8
56788,4
56792,4
56800,10
56811,2
56816,6
56820,4
56825,0
56830,4
56839,7
56842,2
56844,8
56845,8
56852,7
56855,5
56857,5
56857,2
56858,10
56868,1
56868,2
56871,5
56872,9
56873,6
56881,8
56886,4
56898,8
56899,2
56901,8
56909,6
56910,5
56911,5
56915,0
56916,7
56918,4
56919,3
56920,0
56924,3
56929,8
56937,4
56942,7
56945,3
56951,10
56956,8
56958,3
56959,3
56964,8
56972,6
56976,3
56980,8
56981,8
56983,7
56986,8
56987,0
56989,1
56990,2
56993,6
56995,0
57000,10
57002,6
57003,4
57012,6
57023,10
57025,9
57027,2
57028,2
57037,9
57040,3
57053,4
57059,7
57062,5
57069,2
57074,5
57074,7
57075,9
57081,5
57085,0
57086,3
57089,10
57091,5
57091,10
57096,6
57099,8
57101,1
57101,3
57101,10
57108,1
57109,10
57114,2
57115,7
57116,0
57118,7
57120,9
57124,8
57126,5
57126,6
57129,5
57129,6
57132,1
57135,1
57136,6
57140,2
57146,8
57146,1
57150,3
57151,2
57151,0
57154,4
57159,9
57165,5
57167,3
57170,4
57173,1
57180,6
57182,2
57182,8
57184,5
57199,3
57206,2
57212,4
57216,2
57218,8
57222,6
57226,1
57227,9
57232,4
57236,10
57237,3
57241,8
57246,1
57253,0
57254,5
57257,9
57258,2
57259,5
57259,0
57260,7
57273,8
57281,10
57291,8
57312,4
57314,7
57323,7
57324,5
57326,5
57329,6
57332,5
57332,9
57336,0
57350,10
57352,4
57352,5
57354,5
57367,10
57370,0
57372,2
57384,5
57387,7
57391,3
57393,5
57399,5
57408,1
57409,5
57410,3
57413,0
57415,7
57420,10
57427,8
57428,9
57433,0
57436,10
57439,5
57439,9
57440,4
57450,8
57455,6
57459,1
57461,7
57466,6
57486,2
57502,8
57504,10
57506,1
57521,3
57524,4
57530,9
57535,7
57536,4
57539,2
57541,1
57548,3
57549,2
57550,3
57551,0
57555,2
57567,4
57569,0
57569,6
57581,8
57599,3
57601,3
57606,5
57607,9
57609,9
57610,5
57616,9
57625,8
57629,5
57630,2
57636,7
57638,8
57641,7
57642,3
57646,5
57648,6
57655,9
57657,1
57667,2
57670,2
57680,6
57680,0
57681,7
57684,2
57686,5
57698,5
57700,8
57712,3
57717,0
57718,0
57722,10
57729,10
57730,8
57744,5
57758,7
57770,8
57778,5
57783,8
57784,9
57785,10
57786,10
57788,5
57795,10
57795,4
57810,4
57816,1
57818,2
57828,4
57837,10
57838,7
57840,5
57843,5
57846,9
57849,4
57855,0
57861,4
57865,0
57865,10
57874,6
57874,7
57881,3
57890,3
57891,9
57897,8
57899,0
57915,4
57917,6
57925,10
57928,10
57929,7
57931,9
57934,10
57938,3
57940,0
57947,3
57952,0
57953,8
57959,6
57959,8
57960,10
57968,4
57969,10
57970,6
57972,2
57973,2
57974,4
57985,5
57986,1
57986,6
57986,8
57986,4
57988,10
57989,7
57994,1
57997,0
58007,5
58013,1
58014,6
58016,8
58017,5
58017,10
58018,4
58021,0
58023,0
58023,4
58026,8
58028,10
58029,6
58033,4
58038,4
58039,6
58049,4
58050,10
58056,2
58058,10
58058,2
58064,0
58067,6
58070,0
58072,10
58073,1
58076,10
58091,9
58093,9
58097,9
58099,0
58101,0
58102,9
58107,0
58109,10
58116,4
58120,3
58123,6
58125,4
58126,3
58126,4
58129,2
58130,7
58147,7
58155,10
58165,8
58167,7
58169,10
58172,9
58178,3
58179,2
58181,4
58184,1
58188,2
58189,6
58189,9
58191,8
58193,8
58193,0
58203,8
58206,7
58207,1
58208,3
58211,0
58212,7
58219,1
58220,1
58233,8
58239,8
58245,6
58254,7
58260,7
58265,7
58266,4
58270,9
58273,7
58278,3
58280,8
58281,1
58288,7
58288,2
58295,3
58299,3
58300,0
58301,3
58303,4
58314,5
58317,1
58318,3
58324,9
58331,2
58340,9
58342,1
58343,3
58344,6
58356,2
58359,3
58361,0
58373,10
58373,1
58374,9
58375,9
58378,2
58384,7
58388,5
58392,10
58398,10
58402,8
58405,4
58433,3
58434,1
58437,4
58445,9
58446,6
58449,8
58450,1
58452,8
58461,0
58467,8
58470,3
58474,6
58475,5
58477,0
58477,7
58480,3
58482,0
58483,0
58501,2
58506,10
58513,10
58513,5
58517,2
58519,7
58520,9
58521,5
58523,5
58531,7
58533,9
58543,6
58552,2
58555,2
58562,3
58565,2
58567,3
58568,5
58570,0
58572,10
58574,10
58576,5
58578,0
58579,1
58588,0
58599,10
58603,2
58615,1
58617,9
58618,10
58618,7
58619,2
58620,3
58621,5
58622,10
58631,0
58636,4
58638,8
58639,1
58641,7
58648,5
58648,9
58649,3
58649,4
58651,1
58652,6
58659,5
58660,0
58667,8
58670,8
58674,10
58676,10
58679,6
58681,4
58684,5
58685,7
58687,2
58690,8
58693,6
58696,7
58705,1
58710,10
58723,1
58723,10
58732,5
58732,0
58736,5
58739,6
58740,5
58742,8
58745,5
58746,10
58751,3
58757,10
58763,0
58764,7
58769,0
58773,9
58774,10
58776,5
58780,6
58791,9
58794,1
58797,8
58802,3
58805,5
58809,5
58812,5
58813,10
58815,4
58818,2
58819,1
58826,6
58826,2
58827,3
58827,1
58834,2
58836,3
58837,1
58838,2
58840,8
58856,4
58858,3
58861,5
58861,10
58862,8
58863,8
58863,9
58865,9
58868,10
58870,7
58871,6
58872,0
58873,9
58878,3
58883,9
58884,9
58885,5
58891,0
58891,3
58891,9
58891,2
58895,1
58896,2
58897,1
58902,7
58907,2
58916,1
58918,4
58919,0
58919,2
58932,5
58933,8
58934,4
58945,1
58954,9
58954,5
58955,1
58955,9
58956,8
58956,4
58957,6
58958,1
58958,2
58960,8
58961,3
58964,7
58966,4
58966,0
58968,10
58969,4
58975,1
58977,0
58977,7
58980,4
58981,7
59001,1
59001,9
59018,10
59020,9
59033,6
59033,7
59036,9
59045,7
59047,5
59048,10
59052,3
59053,1
59071,6
59073,5
59076,9
59080,8
59082,3
59088,4
59092,8
59096,4
59098,4
59102,1
59105,0
59105,4
59110,4
59118,7
59120,7
59128,8
59128,6
59140,1
59140,9
59146,4
59147,6
59147,3
59149,6
59149,5
59151,8
59152,2
59159,10
59162,6
59163,7
59164,8
59167,4
59173,10
59178,0
59187,1
59192,3
59200,10
59202,6
59203,9
59206,3
59213,4
59220,4
59237,6
59239,1
59240,10
59241,2
59249,8
59265,4
59268,1
59279,5
59289,4
59290,6
59292,8
59293,4
59297,1
59298,8
59303,2
59305,5
59309,8
59311,9
59312,7
59327,6
59335,7
59337,3
59339,9
59343,6
59348,4
59354,8
59357,8
59359,10
59360,7
59360,2
59361,9
59365,9
59376,2
59384,3
59385,8
59386,3
59392,4
59396,0
59397,0
59398,3
59398,5
59405,2
59406,10
59406,7
59406,8
59409,5
59414,3
59416,7
59417,4
59424,6
59425,9
59426,9
59429,5
59433,0
59435,9
59438,4
59438,3
59446,6
59447,5
59455,10
59459,0
59462,7
59470,2
59472,9
59474,5
59494,0
59495,6
59502,8
59509,0
59520,8
59522,8
59524,8
59532,8
59536,5
59537,2
59540,6
59541,6
59541,7
59547,2
59548,10
59549,9
59550,4
59556,10
59557,8
59566,7
59570,6
59573,4
59594,4
59610,5
59611,3
59620,7
59623,5
59626,4
59633,2
59635,5
59638,8
59643,3
59646,10
59651,3
59652,1
59653,4
59654,10
59660,6
59668,9
59686,6
59686,7
59687,0
59694,2
59705,1
59709,9
59712,4
59716,1
59716,4
59717,2
59721,7
59727,7
59727,0
59741,10
59754,3
59755,6
59757,10
59758,9
59760,9
59761,3
59765,4
59780,2
59790,8
59795,7
59804,7
59805,3
59808,7
59816,1
59826,8
59827,9
59827,10
59832,4
59833,10
59837,2
59844,6
59846,3
59846,4
59856,8
59872,4
59876,3
59876,8
59877,4
59883,4
59889,1
59891,10
59893,10
59893,0
59896,6
59897,9
59900,8
59900,4
59901,4
59902,0
59905,5
59908,6
59908,4
59909,5
59914,2
59918,0
59921,6
59923,9
59934,3
59938,4
59945,0
59945,5
59946,5
59951,10
59956,0
59957,4
59957,2
59959,3
59970,2
59974,9
59979,1
59996,2
59996,1
59997,3
60002,3
60005,3
60008,3
60013,10
60022,5
60048,0
60055,2
60073,2
60074,6
60075,1
60077,6
60079,0
60088,6
60093,4
60095,2
60099,3
60100,0
60101,3
60105,8
60109,8
60112,7
60117,3
60118,1
60121,1
60121,5
60127,8
60132,0
60134,10
60139,6
60146,6
60147,5
60150,6
60155,5
60156,4
60159,0
60163,2
60165,5
60169,10
60170,1
60175,1
60176,2
60177,9
60182,4
60183,10
60183,1
60192,10
60194,0
60195,5
60197,7
60209,1
60212,6
60215,3
60226,4
60233,5
60234,4
60239,1
60243,5
60244,10
60245,7
60247,3
60267,4
60274,1
60275,7
60279,6
60281,6
60283,3
60284,6
60287,8
60289,9
60296,3
60297,9
60304,8
60305,5
60307,2
60319,5
60320,8
60323,4
60328,5
60329,5
60337,7
60342,5
60343,7
60343,8
60344,5
60354,7
60359,7
60366,4
60371,6
60373,7
60376,5
60385,4
60386,0
60387,7
60390,2
60390,6
60392,10
60397,9
60402,1
60407,9
60411,10
60412,5
60418,0
60422,5
60424,7
60425,0
60434,3
60435,4
60436,1
60437,2
60442,9
60456,0
60466,1
60477,6
60479,8
60480,1
60480,8
60488,0
60493,5
60493,4
60494,4
60496,2
60498,0
60499,5
60507,8
60509,9
60513,1
60521,0
60523,7
60525,10
60527,8
60537,6
60549,1
60551,1
60554,5
60554,2
60562,2
60568,8
60570,8
60570,3
60576,6
60577,1
60578,1
60581,8
60589,2
60590,4
60599,1
60607,0
60616,5
60627,6
60634,9
60635,9
60635,7
60636,4
60637,7
60638,10
60644,3
60652,3
60655,3
60657,0
60665,4
60667,0
60669,0
60671,1
60674,4
60674,2
60681,4
60683,9
60685,6
60685,1
60686,8
60689,3
60695,2
60698,2
60701,10
60708,2
60709,1
60714,4
60718,9
60719,3
60720,4
60726,10
60729,7
60732,4
60733,5
60734,1
60746,3
60747,7
60757,8
60758,5
60763,4
60776,10
60777,10
60789,10
60789,1
60790,5
60795,10
60810,2
60816,10
60830,5
60830,10
60835,8
60835,10
60841,0
60842,5
60846,6
60849,5
60859,9
60862,3
60872,8
60880,1
60880,7
60881,2
60889,7
60893,0
60894,8
60894,3
60897,8
60897,5
60905,9
60907,4
60911,8
60921,1
60922,9
60923,3
60927,1
60941,8
60945,3
60947,7
60949,1
60955,4
60955,5
60955,7
60960,10
60965,8
60966,5
60971,3
60972,6
60980,5
60984,4
60986,4
60987,7
60994,4
60995,9
60996,0
61003,3
61006,5
61015,2
61019,0
61023,3
61030,8
61039,2
61053,3
61054,8
61054,1
61060,4
61069,9
61072,10
61078,7
61083,0
61084,10
61088,6
61096,10
61107,6
61108,2
61112,10
61117,9
61123,1
61125,8
61125,9
61127,5
61129,5
61133,1
61136,3
61138,3
61141,4
61142,1
61147,7
61151,1
61155,3
61160,0
61161,8
61163,5
61163,2
61164,0
61170,1
61175,3
61179,1
61180,10
61200,7
61201,10
61203,9
61204,10
61207,2
61209,4
61221,2
61223,5
61226,6
61231,1
61232,2
61232,1
61241,8
61247,7
61249,0
61258,6
61263,5
61263,4
61265,2
61276,8
61289,9
61304,2
61305,7
61306,7
61313,9
61316,1
61317,5
61319,6
61320,7
61328,3
61330,6
61342,5
61343,2
61344,0
61354,9
61356,6
61360,9
61363,3
61366,8
61367,8
61371,8
61373,10
61375,0
61377,8
61383,10
61394,8
61394,7
61397,9
61400,8
61406,3
61410,6
61411,1
61420,9
61425,5
61427,6
61429,3
61430,3
61441,10
61447,2
61448,0
61448,1
61449,4
61453,1
61460,9
61463,3
61465,2
61467,5
61474,2
61475,6
61489,1
61509,6
61510,6
61514,2
61516,1
61518,5
61521,10
61523,6
61529,7
61531,1
61532,0
61533,0
61537,2
61538,10
61540,9
61541,2
61542,1
61563,8
61565,7
61577,10
61580,10
61581,2
61610,6
61614,5
61618,8
61622,9
61623,2
61624,4
61624,8
61634,10
61637,10
61640,1
61644,5
61645,5
61648,4
61650,10
61653,9
61662,9
61665,9
61684,2
61684,4
61685,6
61688,9
61692,5
61706,7
61707,8
61709,8
61710,6
61712,3
61718,0
61719,0
61721,4
61721,1
61732,3
61733,5
61734,3
61736,9
61743,6
61752,3
61757,6
61762,6
61768,8
61777,7
61791,5
61798,1
61812,0
61813,0
61816,4
61818,2
61825,0
61826,3
61834,6
61840,3
61840,1
61845,9
61851,3
61855,4
61863,9
61875,9
61877,3
61878,10
61880,2
61883,2
61887,9
61888,6
61889,2
61889,7
61891,5
61892,1
61894,8
61897,1
61901,5
61906,10
61909,1
61910,3
61911,6
61916,3
61917,3
61922,4
61925,6
61927,7
61929,10
61937,10
61941,8
61941,0
61945,1
61947,0
61948,7
61953,3
61956,1
61958,1
61959,3
61962,10
61965,7
61974,6
61977,4
61985,7
61986,9
61988,9
61989,0
61996,0
61998,8
61998,3
62002,4
62006,9
62007,6
62009,9
62010,0
62010,7
62011,10
62011,5
62024,10
62024,6
62031,5
62031,2
62033,6
62039,2
62039,0
62044,10
62047,8
62061,1
62061,9
62062,7
62062,5
62065,3
62067,10
62069,1
62073,7
62074,1
62075,4
62078,7
62080,0
62081,5
62083,10
62084,6
62092,4
62094,1
62100,6
62103,10
62110,3
62118,9
62118,5
62130,7
62130,3
62136,4
62137,7
62140,2
62141,0
62146,0
62155,5
62159,0
62161,6
62162,6
62162,3
62167,1
62171,10
62173,0
62174,0
62178,1
62181,3
62186,10
62186,5
62191,9
62192,8
62192,4
62201,6
62201,5
62201,0
62209,9
62220,8
62222,3
62233,6
62249,3
62255,8
62257,9
62259,4
62263,10
62264,7
62265,6
62269,1
62277,8
62281,1
62282,1
62282,10
62282,5
62283,2
62284,2
62288,9
62288,1
62291,1
62291,5
62296,4
62300,9
62308,7
62309,6
62319,2
62321,10
62327,8
62332,6
62334,1
62349,6
62349,1
62351,6
62353,7
62361,1
62361,5
62370,4
62370,9
62370,5
62370,3
62373,10
62374,7
62381,2
62382,5
62386,8
62388,5
62390,6
62393,10
62409,3
62412,3
62417,5
62421,8
62427,7
62429,3
62433,7
62437,3
62441,4
62448,10
62462,0
62475,3
62482,3
62483,8
62490,1
62491,1
62491,9
62495,5
62501,4
62507,4
62508,10
62509,4
62509,0
62518,7
62525,10
62527,6
62532,5
62537,2
62543,5
62549,6
62565,5
62570,9
62570,2
62573,7
62585,8
62591,3
62603,0
62604,5
62604,10
62606,9
62606,7
62612,2
62613,5
62614,10
62615,10
62616,10
62618,10
62622,1
62623,3
62625,10
62629,3
62632,9
62642,6
62644,0
62650,6
62653,0
62653,3
62657,3
62658,4
62659,0
62662,3
62663,6
62663,5
62671,9
62675,3
62681,7
62682,6
62686,7
62689,9
62691,1
62693,2
62703,6
62703,9
62703,10
62704,8
62712,7
62717,5
62723,0
62743,0
62743,9
62749,5
62750,8
62751,0
62755,2
62756,0
62762,5
62768,7
62771,0
62771,5
62776,4
62781,7
62785,7
62793,10
62794,7
62799,6
62800,3
62809,7
62812,3
62815,1
62817,5
62826,6
62829,6
62833,4
62833,0
62837,4
62842,5
62843,9
62851,0
62855,10
62855,0
62856,8
62859,10
62864,1
62865,5
62866,1
62866,3
62871,9
62875,6
62880,10
62881,10
62909,5
62911,5
62913,6
62921,5
62923,0
62923,1
62929,10
62929,1
62932,8
62933,5
62937,6
62938,0
62941,1
62954,8
62963,5
62966,2
62967,5
62971,10
62975,6
62978,9
62981,5
62984,1
62984,3
62994,7
62998,8
62998,1
63001,3
63006,0
63012,3
63012,9
63014,0
63025,9
63027,3
63038,4
63038,9
63039,1
63048,9
63057,6
63058,5
63060,7
63064,10
63074,7
63084,3
63087,3
63088,4
63093,3
63097,5
63100,6
63109,10
63115,6
63119,0
63127,0
63129,9
63129,3
63131,6
63135,8
63140,3
63142,3
63145,7
63151,5
63156,5
63163,9
63164,5
63166,5
63169,8
63170,0
63170,6
63174,7
63175,2
63180,4
63184,10
63184,2
63186,5
63188,9
63192,2
63196,4
63197,3
63198,0
63201,8
63202,8
63205,9
63206,3
63207,9
63211,2
63217,8
63219,5
63234,4
63236,6
63236,7
63237,10
63239,5
63242,9
63243,10
63250,10
63252,10
63256,9
63259,10
63261,0
63264,7
63265,8
63266,1
63267,9
63273,2
63278,3
63283,8
63287,0
63291,6
63292,10
63292,7
63295,8
63295,0
63303,1
63303,5
63312,7
63312,0
63313,9
63317,4
63327,4
63333,10
63333,1
63334,9
63339,0
63344,1
63348,7
63359,10
63360,8
63362,2
63362,3
63365,4
63367,10
63371,7
63371,9
63381,10
63381,4
63386,2
63396,7
63398,8
63399,0
63403,4
63406,9
63409,2
63410,2
63414,1
63415,10
63416,0
63417,5
63425,3
63433,7
63434,2
63437,10
63438,7
63441,1
63443,6
63446,7
63452,9
63457,7
63481,0
63483,6
63489,1
63489,10
63492,9
63496,7
63497,1
63499,6
63502,3
63503,9
63509,4
63516,9
63517,4
63525,10
63528,10
63531,8
63536,4
63543,3
63548,4
63549,6
63552,7
63554,3
63555,0
63557,9
63558,1
63560,2
63568,6
63568,7
63577,8
63578,8
63581,2
63591,1
63591,3
63600,2
63604,8
63608,3
63615,1
63620,2
63621,0
63621,2
63626,8
63630,6
63632,6
63636,3
63641,1
63654,3
63656,7
63660,8
63660,4
63661,1
63664,0
63671,3
63671,9
63680,4
63681,2
63683,1
63689,10
63699,1
63703,2
63708,8
63712,1
63717,9
63719,8
63720,10
63730,7
63732,1
63733,2
63736,6
63762,9
63765,4
63769,4
63774,2
63775,6
63776,6
63782,7
63787,1
63787,3
63789,2
63797,3
63797,4
63812,0
63812,3
63817,8
63820,3
63821,2
63829,0
63830,10
63832,10
63838,2
63845,0
63851,8
63855,4
63861,0
63864,6
63866,7
63868,9
63870,7
63871,5
63875,9
63876,7
63878,6
63878,7
63881,1
63884,0
63884,3
63888,8
63889,7
63892,6
63898,6
63901,8
63903,6
63904,5
63908,3
63915,3
63916,8
63916,3
63918,1
63922,7
63923,7
63925,0
63930,2
63930,5
63936,1
63938,7
63938,3
63943,2
63944,0
63945,9
63949,2
63952,5
63954,9
63956,3
63957,6
63965,0
63976,4
63981,9
63984,4
63986,7
63991,2
63992,4
63996,3
63999,0
64002,0
64002,2
64003,7
64003,3
64008,1
64010,8
64022,1
64022,0
64026,4
64029,7
64032,10
64034,8
64042,8
64047,8
64047,10
64050,9
64056,9
64058,10
64059,2
64060,0
64060,8
64063,1
64068,5
64070,9
64080,7
64080,0
64086,3
64086,9
64095,1
64100,5
64102,3
64115,3
64117,3
64119,8
64119,3
64123,9
64125,6
64128,9
64128,6
64135,1
64139,7
64139,9
64143,0
64149,0
64157,1
64166,7
64172,0
64177,8
64178,9
64181,3
64183,10
64184,1
64186,0
64188,4
64192,5
64192,2
64199,2
64202,0
64203,2
64205,6
64206,1
64206,5
64208,1
64214,0
64219,4
64226,7
64233,0
64235,2
64236,9
64240,9
64249,6
64253,3
64259,7
64262,0
64271,1
64273,10
64274,9
64279,10
64280,10
64280,9
64281,6
64284,0
64285,4
64286,3
64296,2
64299,0
64303,10
64307,6
64310,8
64314,8
64314,7
64319,0
64324,10
64327,0
64327,5
64331,5
64338,4
64340,2
64340,10
64341,4
64341,5
64342,2
64344,5
64345,10
64346,0
64347,10
64355,0
64355,2
64358,5
64366,0
64369,6
64373,5
64374,0
64391,3
64394,7
64396,8
64402,5
64402,6
64402,7
64405,1
64406,8
64416,1
64418,0
64425,7
64428,10
64431,5
64439,5
64455,5
64462,4
64464,7
64472,8
64473,7
64476,3
64476,0
64479,0
64480,10
64483,8
64485,2
64489,3
64491,1
64495,1
64497,8
64504,2
64510,4
64512,5
64519,8
64522,6
64523,7
64524,0
64527,7
64530,10
64532,10
64534,6
64538,5
64555,1
64562,4
64568,6
64568,2
64571,7
64577,3
64582,4
64584,5
64588,8
64590,4
64594,5
64597,6
64604,1
64619,8
64622,7
64627,9
64633,1
64644,3
64655,8
64658,1
64661,2
64664,5
64665,3
64672,10
64673,3
64686,3
64691,2
64693,5
64693,2
64695,9
64696,1
64699,4
64702,1
64713,8
64719,7
64720,10
64737,8
64738,9
64742,8
64743,8
64757,5
64765,5
64765,10
64774,3
64784,6
64784,0
64788,1
64796,7
64798,1
64807,2
64809,4
64810,4
64811,10
64817,8
64818,9
64818,2
64819,10
64821,9
64821,6
64828,10
64829,3
64833,8
64835,7
64837,0
64843,2
64844,8
64845,2
64848,4
64851,3
64860,2
64860,10
64864,0
64865,2
64868,5
64870,4
64880,6
64887,5
64887,10
64888,1
64894,7
64902,4
64903,2
64909,7
64922,1
64929,1
64930,3
64931,10
64932,8
64934,7
64936,9
64936,6
64944,0
64949,2
64951,1
64952,0
64962,9
64962,7
64963,8
64965,5
64978,5
64980,0
64982,7
64983,0
64995,6
64996,8
65010,5
65022,7
65023,8
65031,1
65031,9
65034,8
65037,2
65040,5
65041,4
65047,9
65060,7
65067,6
65072,6
65081,0
65081,6
65084,4
65094,10
65098,6
65100,3
65110,8
65111,8
65114,7
65115,2
65119,9
65121,9
65124,2
65139,10
65140,4
65140,10
65145,9
65146,3
65146,9
65148,1
65152,3
65161,2
65161,6
65163,2
65164,1
65167,5
65178,0
65178,2
65184,6
65184,9
65186,1
65190,7
65202,7
65211,1
65219,7
65220,1
65222,1
65229,0
65231,7
65235,0
65236,3
65245,2
65251,0
65253,10
65256,9
65260,10
65261,9
65282,2
65284,5
65284,9
65293,6
65294,5
65304,2
65306,10
65313,10
65315,7
65319,9
65326,9
65327,9
65329,0
65330,7
65334,1
65335,3
65343,8
65347,1
65349,2
65370,2
65380,4
65384,0
65388,6
65392,0
65393,0
65396,8
65397,8
65399,1
65400,8
65402,9
65404,6
65409,2
65417,1
65428,8
65433,9
65436,9
65437,1
65443,6
65444,4
65445,10
65447,9
65448,7
65456,8
65464,1
65478,1
65481,1
65486,10
65487,10
65487,6
65494,10
65494,3
65495,8
65497,5
65502,6
65519,9
65523,0
65524,8
65532,3
65536,4
65536,8
65539,2
65540,7
65540,4
65540,0
65542,10
65542,1
65545,6
65552,1
65554,2
65557,7
65557,5
65559,8
65566,6
65569,5
65569,3
65576,4
65579,0
65582,2
65582,4
65592,4
65597,8
65599,2
65600,0
65606,10
65607,10
65611,7
65613,6
65618,2
65623,8
65631,10
65631,4
65636,10
65639,1
65642,1
65646,8
65655,0
65655,6
65668,4
65670,6
65685,7
65685,2
65685,8
65687,7
65688,2
65695,3
65695,2
65696,8
65697,7
65701,6
65705,5
65709,9
65718,1
65719,2
65724,6
65725,1
65731,5
65739,10
65745,4
65750,8
65755,7
65757,0
65763,2
65767,10
65768,6
65770,3
65771,9
65773,7
65777,2
65780,10
65781,2
65783,7
65792,0
65795,8
65797,5
65798,1
65799,0
65804,0
65804,5
65817,6
65818,2
65820,8
65821,4
65822,10
65823,10
65827,10
65829,9
65831,6
65833,6
65837,4
65840,4
65842,10
65847,4
65849,6
65849,7
65852,0
65862,7
65864,10
65868,2
65874,10
65879,9
65885,0
65886,7
65886,2
65889,2
65890,10
65893,4
65905,8
65908,7
65915,8
65920,3
65921,0
65925,9
65928,5
65929,5
65930,7
65930,10
65931,1
65932,8
65936,1
65944,8
65948,0
65951,4
65961,10
65962,6
65963,2
65969,7
65972,5
65977,10
65979,6
65980,9
65984,1
65987,6
65989,0
65990,0
65990,3
65994,6
65996,5
65996,10
66001,2
66009,5
66013,8
66014,5
66017,9
66022,8
66023,5
66027,1
66036,4
66037,5
66038,4
66042,2
66053,9
66054,4
66055,10
66059,4
66062,7
66065,8
66065,3
66067,7
66085,2
66088,2
66089,5
66095,8
66104,6
66107,6
66109,2
66110,6
66113,2
66119,6
66139,6
66142,8
66153,9
66161,5
66163,6
66168,0
66169,6
66169,5
66176,4
66179,10
66182,4
66184,7
66185,1
66185,4
66197,1
66199,2
66199,4
66202,6
66205,5
66212,1
66212,3
66223,5
66224,5
66225,9
66229,4
66230,6
66237,6
66244,7
66245,4
66246,9
66247,1
66255,1
66268,0
66273,6
66275,0
66289,9
66294,8
66296,5
66299,1
66300,2
66300,0
66301,9
66301,5
66304,3
66307,9
66310,4
66312,8
66317,0
66318,0
66319,5
66321,5
66340,3
66349,2
66352,8
66354,4
66361,4
66361,5
66372,7
66374,6
66375,4
66382,8
66384,2
66384,9
66385,0
66386,10
66388,9
66389,1
66392,7
66392,2
66395,2
66396,4
66400,9
66401,2
66404,0
66405,1
66411,6
66414,7
66417,0
66422,7
66425,9
66429,9
66433,7
66450,0
66456,8
66457,1
66458,5
66459,8
66460,2
66460,9
66462,10
66468,6
66468,0
66471,2
66475,0
66488,9
66491,0
66493,0
66495,6
66498,6
66505,3
66507,3
66507,4
66508,4
66510,5
66511,8
66521,2
66527,6
66528,1
66540,5
66542,2
66547,4
66553,6
66558,2
66567,8
66572,7
66579,10
66579,6
66580,5
66580,7
66581,3
66582,0
66589,7
66595,3
66596,1
66597,0
66597,7
66598,4
66599,5
66601,6
66605,1
66614,8
66616,6
66617,3
66621,4
66632,3
66635,0
66647,2
66649,6
66650,4
66650,5
66654,2
66666,7
66666,3
66672,5
66680,8
66681,5
66692,2
66692,8
66702,2
66703,2
66703,4
66704,5
66707,1
66713,7
66718,8
66723,10
66729,6
66731,6
66733,5
66733,6
66733,0
66745,8
66747,3
66749,5
66752,2
66753,7
66754,5
66756,0
66765,0
66771,10
66772,0
66773,4
66773,0
66774,5
66778,3
66778,2
66783,3
66784,7
66785,8
66789,9
66792,10
66793,5
66793,8
66796,1
66798,6
66800,4
66802,10
66805,10
66806,9
66806,0
66811,0
66813,6
66817,4
66817,2
66819,7
66820,2
66828,3
66831,1
66832,10
66834,9
66842,7
66847,10
66855,9
66858,8
66866,5
66867,5
66872,5
66873,7
66876,3
66879,4
66880,8
66882,5
66887,3
66901,9
66904,3
66905,7
66906,6
66906,9
66907,1
66917,0
66918,7
66918,8
66919,6
66922,1
66923,0
66929,1
66933,7
66935,3
66935,2
66940,7
66942,5
66944,5
66944,7
66949,10
66955,5
66958,8
66965,0
66972,1
66975,6
66981,2
66984,3
66986,3
66989,5
66995,3
67007,7
67011,0
67011,8
67014,9
67014,3
67017,9
67017,8
67018,3
67023,2
67026,1
67032,10
67034,8
67034,6
67036,1
67036,7
67044,9
67044,10
67049,7
67055,4
67062,2
67063,1
67064,6
67070,1
67072,0
67076,4
67104,9
67105,9
67107,1
67109,9
67110,1
67113,10
67114,6
67114,3
67115,7
67121,10
67123,8
67125,5
67131,5
67131,0
67138,2
67144,8
67154,0
67156,4
67158,9
67159,8
67165,3
67169,10
67184,8
67186,6
67192,2
67192,6
67193,5
67199,7
67199,8
67213,7
67213,3
67215,6
67218,2
67231,2
67244,7
67250,4
67261,2
67267,3
67269,3
67270,3
67286,2
67287,4
67291,2
67294,6
67295,9
67300,3
67301,8
67302,1
67308,4
67309,1
67310,1
67320,2
67322,2
67323,4
67325,2
67332,6
67334,6
67337,6
67338,5
67350,4
67350,3
67357,1
67357,7
67359,4
67374,3
67378,5
67384,1
67387,8
67388,4
67388,1
67414,1
67417,2
67420,9
67421,4
67422,7
67423,6
67431,8
67433,1
67435,7
67439,3
67447,1
67451,2
67453,9
67457,3
67461,3
67462,3
67466,0
67467,8
67467,9
67472,10
67474,5
67478,6
67480,0
67490,2
67493,1
67495,6
67500,6
67505,4
67509,2
67509,8
67511,4
67512,8
67522,5
67524,4
67525,7
67538,5
67538,7
67545,1
67545,10
67545,8
67547,0
67555,1
67560,3
67569,7
67573,4
67574,2
67582,9
67583,5
67585,0
67586,10
67592,8
67592,10
67594,7
67602,9
67613,8
67614,1
67617,7
67618,1
67622,0
67639,0
67639,4
67649,4
67650,2
67652,1
67656,9
67673,2
67675,10
67678,9
67679,0
67687,7
67687,2
67701,9
67703,5
67703,6
67705,8
67709,6
67711,8
67714,4
67717,10
67720,0
67731,4
67734,1
67739,7
67741,3
67742,4
67746,9
67746,4
67747,0
67751,6
67752,8
67760,8
67763,1
67768,6
67773,6
67775,6
67776,9
67779,6
67801,2
67812,2
67813,4
67815,3
67828,7
67828,9
67832,4
67833,1
67845,2
67846,4
67857,8
67862,1
67869,9
67873,0
67874,9
67878,8
67881,6
67892,0
67893,3
67900,9
67902,6
67902,2
67903,3
67904,8
67905,5
67908,2
67911,6
67919,3
67927,1
67932,0
67936,4
67937,0
67943,0
67945,1
67947,0
67953,8
67974,8
67975,3
67979,10
67979,2
67982,2
67982,6
67987,8
67988,6
67995,6
67999,1
68002,7
68024,2
68027,0
68030,8
68032,0
68032,5
68033,6
68035,1
68042,9
68044,9
68054,3
68058,8
68062,7
68064,7
68066,2
68069,4
68070,10
68073,4
68075,10
68076,7
68077,8
68078,7
68082,4
68084,5
68084,0
68088,7
68089,3
68094,5
68097,6
68097,8
68106,2
68110,6
68113,5
68116,5
68124,7
68129,5
68135,0
68137,8
68150,0
68155,6
68162,7
68171,2
68171,3
68176,3
68183,10
68183,0
68188,9
68197,9
68207,2
68207,9
68210,6
68214,6
68219,0
68219,2
68222,6
68224,10
68228,0
68230,5
68240,3
68249,6
68250,1
68258,7
68265,5
68269,4
68270,2
68273,4
68276,10
68278,1
68303,7
68305,1
68307,8
68307,9
68321,1
68326,5
68330,9
68336,2
68336,7
68344,5
68345,2
68346,1
68349,2
68353,9
68355,2
68361,3
68366,4
68372,10
68374,5
68386,5
68386,8
68394,2
68408,9
68411,4
68413,9
68420,8
68425,9
68427,8
68427,6
68436,5
68438,9
68438,2
68438,3
68440,2
68453,0
68460,0
68461,5
68464,1
68465,2
68471,9
68473,3
68474,2
68476,2
68476,3
68487,4
68488,2
68492,1
68493,8
68494,8
68498,9
68504,5
68509,8
68515,8
68519,2
68522,1
68523,0
68525,5
68527,0
68530,7
68533,8
68534,10
68536,2
68536,1
68540,8
68541,6
68541,2
68543,8
68547,1
68548,2
68549,8
68558,0
68559,8
68569,7
68577,5
68582,8
68585,0
68587,8
68589,8
68598,4
68599,7
68610,6
68612,9
68628,6
68628,10
68630,5
68634,2
68635,5
68649,6
68655,9
68658,10
68668,6
68680,2
68681,9
68683,9
68686,9
68691,0
68692,9
68693,7
68693,9
68699,2
68717,7
68723,1
68731,4
68733,1
68739,3
68739,4
68747,7
68749,2
68750,6
68752,9
68757,9
68759,6
68763,2
68768,7
68770,8
68779,2
68779,9
68781,7
68787,3
68788,4
68789,10
68795,7
68796,7
68803,2
68804,1
68815,0
68816,2
68818,3
68822,4
68826,7
68832,8
68834,7
68842,3
68845,3
68847,9
68851,0
68853,3
68857,3
68865,1
68876,3
68876,1
68876,6
68881,7
68885,8
68885,7
68886,3
68886,0
68894,2
68894,6
68897,8
68907,2
68910,5
68915,1
68924,0
68926,5
68926,1
68928,5
68934,8
68943,3
68946,1
68949,1
68950,10
68952,3
68964,4
68967,7
68976,10
68985,1
68994,3
68995,7
68995,5
68998,2
69000,1
69000,2
69000,5
69004,1
69004,9
69007,9
69009,4
69010,10
69012,1
69013,0
69016,7
69018,3
69024,9
69024,6
69026,0
69040,8
69045,1
69047,2
69049,9
69053,4
69055,4
69056,2
69061,0
69062,0
69068,4
69073,5
69076,5
69076,4
69081,8
69083,4
69084,2
69084,7
69088,7
69092,2
69092,9
69093,7
69096,7
69096,4
69098,7
69101,4
69107,1
69129,7
69132,1
69139,6
69148,3
69151,4
69154,10
69165,2
69167,4
69171,10
69176,3
69180,8
69181,1
69185,2
69190,2
69191,1
69192,2
69199,5
69203,2
69209,6
69211,0
69220,6
69227,10
69239,0
69241,3
69244,5
69247,6
69250,0
69254,8
69257,9
69258,6
69258,5
69258,1
69260,10
69261,2
69281,10
69286,0
69293,3
69295,0
69312,10
69314,1
69316,6
69321,10
69327,9
69330,3
69333,9
69336,8
69338,3
69350,9
69355,5
69356,9
69360,8
69365,4
69369,0
69380,5
69386,10
69387,4
69388,0
69393,10
69395,3
69408,8
69413,7
69417,0
69419,10
69420,9
69428,0
69429,2
69429,4
69431,5
69439,1
69440,0
69441,4
69444,10
69450,10
69451,5
69466,6
69488,1
69488,10
69498,7
69510,6
69521,4
69540,4
69541,6
69545,0
69550,1
69551,5
69553,3
69558,2
69567,3
69577,8
69577,5
69582,1
69584,10
69585,1
69586,9
69593,2
69593,9
69594,3
69594,9
69595,10
69597,10
69597,2
69599,2
69600,5
69601,7
69611,8
69614,0
69621,2
69622,4
69626,3
69631,7
69636,3
69636,10
69652,7
69652,4
69658,1
69665,0
69669,3
69669,4
69673,8
69679,6
69682,4
69685,6
69689,3
69689,2
69693,1
69698,3
69700,10
69700,6
69703,2
69706,6
69706,8
69712,1
69716,9
69724,3
69728,7
69729,8
69739,1
69740,9
69747,5
69748,4
69753,8
69754,8
69756,9
69767,1
69767,3
69779,9
69779,2
69787,0
69790,2
69793,8
69794,5
69797,5
69797,6
69801,4
69814,1
69815,5
69817,6
69823,6
69825,6
69826,8
69827,9
69838,3
69839,3
69843,2
69848,9
69849,8
69861,6
69861,9
69866,7
69867,4
69868,6
69871,2
69872,5
69876,6
69877,6
69881,0
69883,0
69883,4
69887,2
69889,5
69897,9
69904,9
69904,5
69908,3
69909,4
69910,10
69917,9
69920,4
69928,8
69941,5
69949,3
69958,10
69966,3
69975,10
69977,4
69980,10
69984,8
69985,9
69985,6
69987,3
69987,1
69992,9
69999,10
70003,4
70004,3
70004,9
70008,8
70009,0
70014,7
70019,8
70032,6
70037,8
70044,1
70062,7
70068,3
70073,9
70088,4
70089,6
70091,3
70096,2
70100,2
70100,3
70105,2
70111,7
70112,3
70120,8
70122,8
70122,9
70124,4
70125,4
70139,6
70144,2
70148,2
70149,9
70167,9
70175,6
70177,10
70178,7
70179,0
70207,3
70210,6
70210,0
70213,4
70223,2
70225,3
70229,9
70234,2
70236,9
70237,3
70238,1
70238,4
70239,5
70241,2
70243,1
70246,10
70248,4
70250,1
70251,6
70272,3
70273,8
70274,10
70286,5
70298,5
70305,5
70311,8
70316,0
70321,9
70324,3
70325,5
70326,4
70330,1
70334,3
70338,1
70338,6
70349,6
70350,2
70352,1
70367,0
70368,1
70371,1
70373,7
70373,5
70376,5
70377,7
70381,6
70382,8
70386,4
70390,4
70393,9
70399,6
70404,5
70412,6
70414,5
70423,8
70424,3
70427,5
70429,10
70433,10
70440,10
70447,3
70447,7
70447,10
70453,2
70459,5
70462,0
70462,2
70463,0
70465,9
70466,5
70475,8
70493,10
70500,0
70501,8
70502,3
70503,10
70506,1
70513,9
70517,2
70519,0
70523,8
70524,4
70524,5
70527,0
70528,1
70531,2
70535,1
70544,10
70544,4
70553,3
70556,0
70559,10
70560,0
70562,8
70566,9
70570,1
70572,3
70585,4
70585,9
70588,0
70599,8
70605,9
70617,3
70620,1
70655,7
70659,9
70666,2
70669,4
70673,1
70673,7
70675,10
70679,0
70679,9
70691,2
70691,8
70692,7
70696,6
70696,1
70700,7
70704,0
70707,5
70709,0
70713,8
70720,4
70721,6
70727,4
70728,6
70729,3
70742,1
70743,5
70750,3
70753,3
70754,4
70755,5
70756,1
70761,8
70762,7
70765,5
70770,1
70772,10
70775,3
70776,2
70778,9
70784,5
70788,9
70789,8
70794,2
70796,2
70812,7
70824,10
70830,7
70831,8
70832,10
70833,2
70836,3
70851,7
70853,5
70853,1
70855,5
70856,5
70864,0
70868,3
70870,1
70873,10
70880,4
70889,2
70890,8
70892,9
70893,7
70893,4
70904,6
70910,7
70913,5
70916,5
70926,6
70927,5
70931,4
70939,9
70953,10
70954,5
70955,7
70956,0
70964,2
70966,2
70967,3
70971,8
70971,1
70980,3
70984,4
70987,6
70989,1
70990,7
70991,0
71001,1
71018,6
71022,6
71024,10
71029,3
71030,7
71034,0
71042,2
71045,4
71046,5
71053,0
71064,10
71064,3
71074,8
71077,6
71077,8
71095,2
71099,3
71107,2
71109,3
71109,5
71112,7
71121,7
71123,4
71124,0
71133,2
71134,5
71149,1
71151,3
71152,2
71155,7
71159,9
71165,8
71174,9
71176,4
71179,2
71183,8
71187,3
71193,4
71197,8
71197,3
71203,5
71203,7
71205,0
71207,0
71208,6
71220,3
71223,3
71225,6
71227,10
71230,6
71234,3
71239,10
71240,9
71254,5
71258,7
71263,4
71267,7
71271,2
71280,7
71280,10
71281,3
71293,3
71299,7
71299,10
71303,5
71304,2
71307,10
71310,1
71312,2
71316,6
71317,9
71318,1
71321,4
71328,7
71329,9
71332,8
71333,1
71334,1
71336,2
71336,7
71337,7
71340,2
71344,9
71349,10
71350,3
71359,10
71361,5
71370,1
71371,9
71372,3
71384,4
71389,8
71401,2
71404,10
71412,9
71416,8
71417,8
71429,6
71437,8
71437,10
71451,8
71458,5
71464,4
71481,1
71481,7
71482,10
71498,9
71499,4
71505,2
71508,0
71511,5
71521,4
71527,0
71527,6
71530,10
71533,9
71540,7
71547,5
71547,8
71548,1
71549,7
71554,7
71555,1
71558,9
71562,2
71569,6
71571,6
71574,5
71574,1
71582,3
71583,8
71586,4
71590,4
71591,3
71595,7
71598,0
71605,2
71605,0
71606,3
71610,3
71611,7
71618,7
71625,4
71625,2
71634,1
71634,3
71635,8
71636,4
71639,10
71641,3
71643,8
71648,4
71651,8
71668,10
71669,9
71670,10
71673,5
71687,8
71691,6
71698,3
71713,1
71718,4
71720,10
71724,9
71727,4
71728,10
71732,6
71739,5
71740,7
71742,6
71743,0
71749,9
71754,5
71763,9
71766,4
71775,5
71783,3
71789,0
71792,3
71797,0
71806,4
71818,8
71823,7
71824,10
71826,4
71828,0
71829,7
71836,2
71842,4
71843,10
71851,8
71854,0
71857,7
71859,9
71861,2
71867,0
71870,7
71871,8
71875,7
71878,6
71878,9
71880,0
71883,0
71896,2
71903,3
71905,1
71907,6
71912,0
71915,6
71918,10
71922,6
71924,6
71926,5
71932,8
71934,2
71940,1
71941,6
71942,3
71943,7
71943,10
71953,5
71958,3
71967,3
71976,6
71977,9
71988,6
71989,3
71996,8
71996,0
72001,4
72008,0
72012,0
72020,10
72021,7
72023,2
72024,10
72024,8
72026,6
72029,2
72031,7
72032,0
72033,8
72040,4
72044,0
72047,4
72048,5
72051,6
72052,0
72052,2
72056,10
72057,0
72058,3
72061,9
72065,3
72066,9
72066,0
72070,6
72084,10
72097,10
72105,9
72106,6
72107,4
72108,6
72110,10
72114,4
72118,5
72129,4
72141,7
72150,5
72150,9
72154,5
72156,9
72162,2
72163,9
72163,5
72164,1
72165,0
72168,6
72178,1
72179,5
72182,0
72201,3
72202,4
72206,7
72206,10
72208,0
72209,2
72210,5
72212,8
72215,8
72217,5
72223,1
72252,7
72266,6
72266,3
72279,2
72279,4
72280,6
72285,4
72290,10
72291,6
72294,4
72294,0
72294,7
72304,4
72306,2
72308,9
72311,2
72314,0
72321,1
72324,8
72328,10
72329,6
72329,3
72336,6
72337,2
72340,9
72341,6
72344,5
72356,8
72363,8
72371,3
72381,2
72383,4
72384,0
72384,9
72386,2
72390,4
72395,1
72397,0
72406,8
72409,2
72412,6
72425,3
72429,6
72433,8
72437,3
72455,1
72468,7
72470,9
72473,10
72473,7
72474,10
72474,9
72479,8
72480,8
72501,9
72503,8
72503,0
72507,4
72512,4
72512,8
72517,10
72527,0
72531,5
72536,9
72537,4
72537,3
72537,2
72538,8
72548,1
72548,4
72550,2
72563,10
72571,5
72571,9
72574,3
72575,6
72575,0
72576,4
72579,1
72580,2
72591,8
72592,7
72599,3
72601,1
72601,4
72616,9
72619,4
72624,5
72633,7
72641,8
72642,6
72645,6
72648,10
72650,3
72651,8
72651,0
72651,5
72654,0
72656,1
72658,2
72673,5
72675,10
72679,9
72688,2
72689,1
72691,1
72692,10
72694,4
72696,10
72702,7
72709,5
72711,5
72718,4
72725,0
72726,10
72730,6
72736,9
72736,4
72736,7
72737,5
72739,7
72741,5
72741,4
72746,6
72748,0
72753,3
72755,1
72756,3
72757,8
72760,8
72766,10
72769,4
72771,9
72771,2
72774,4
72776,10
72777,3
72784,9
72784,4
72786,1
72786,3
72797,9
72812,1
72818,8
72819,8
72828,8
72828,0
72840,4
72845,7
72847,4
72848,0
72848,10
72852,6
72856,8
72862,10
72863,10
72863,9
72869,7
72870,9
72870,5
72874,3
72876,7
72882,9
72886,3
72889,9
72891,9
72893,2
72895,7
72896,1
72897,1
72899,5
72899,9
72901,5
72902,7
72908,7
72910,2
72911,7
72912,4
72912,1
72931,7
72945,3
72947,1
72948,4
72949,1
72950,8
72954,8
72960,7
72961,1
72962,9
72971,4
72976,3
72977,7
72980,8
72988,6
72990,3
72992,0
73006,7
73010,5
73012,10
73014,9
73016,1
73016,7
73023,7
73026,4
73026,0
73032,10
73033,2
73034,7
73035,10
73042,3
73048,6
73057,8
73057,5
73063,8
73064,3
73066,10
73074,10
73086,7
73088,10
73089,3
73090,1
73095,10
73100,9
73100,10
73105,5
73117,4
73124,2
73131,2
73133,3
73141,1
73142,8
73147,0
73150,4
73158,3
73160,4
73161,3
73161,0
73163,1
73170,1
73171,10
73176,2
73177,3
73178,2
73179,5
73181,7
73182,9
73183,4
73183,0
73190,2
73191,7
73206,9
73207,9
73207,6
73212,0
73214,4
73232,2
73236,3
73242,3
73249,3
73250,2
73252,8
73261,8
73280,1
73288,5
73290,9
73293,5
73300,4
73300,7
73300,8
73305,7
73307,2
73312,6
73315,6
73316,9
73318,10
73322,7
73323,3
73325,1
73326,2
73337,9
73345,4
73347,3
73348,2
73363,5
73364,9
73366,2
73367,8
73373,6
73377,4
73377,9
73381,7
73385,9
73387,6
73391,4
73392,7
73392,0
73394,9
73394,2
73398,2
73405,0
73409,2
73412,7
73417,0
73421,7
73423,6
73430,4
73430,8
73437,3
73439,2
73441,2
73442,4
73443,7
73444,9
73448,9
73456,2
73456,4
73458,5
73459,3
73460,7
73461,8
73470,6
73475,7
73479,1
73484,0
73487,4
73489,9
73491,0
73500,5
73500,1
73501,4
73505,10
73508,6
73512,3
73525,2
73525,9
73535,8
73537,7
73540,2
73555,1
73567,4
73569,6
73570,1
73574,7
73585,4
73585,9
73591,1
73598,4
73603,6
73604,4
73613,5
73615,1
73616,4
73619,3
73629,4
73635,0
73639,7
73641,2
73645,8
73646,5
73647,3
73648,1
73649,3
73659,6
73659,8
73661,2
73664,10
73666,4
73671,3
73676,6
73678,9
73689,4
73691,6
73694,7
73694,2
73711,4
73713,0
73716,7
73720,0
73720,9
73725,1
73730,0
73734,4
73734,3
73735,3
73738,2
73742,7
73752,6
73753,8
73757,6
73758,7
73761,10
73761,0
73764,7
73768,3
73769,1
73772,4
73775,3
73775,2
73777,6
73778,2
73778,4
73783,8
73784,10
73788,6
73790,0
73800,7
73814,3
73816,7
73823,9
73824,5
73825,2
73827,2
73832,1
73834,2
73835,6
73835,10
73839,5
73839,8
73840,9
73840,5
73845,7
73848,2
73849,5
73854,4
73862,6
73865,2
73865,3
73872,7
73873,6
73895,10
73902,8
73902,9
73907,3
73908,9
73926,5
73933,3
73936,4
73939,6
73941,4
73943,4
73945,6
73951,2
73952,4
73958,10
73960,1
73963,9
73965,1
73971,5
73972,6
73972,3
73974,6
73977,4
73979,4
73983,7
73985,3
73987,0
73988,10
73993,7
73993,3
73994,5
74000,4
74002,5
74004,3
74011,6
74011,3
74018,6
74020,7
74020,8
74037,3
74041,1
74041,9
74044,8
74044,2
74052,7
74068,7
74070,0
74073,0
74074,8
74085,1
74088,3
74090,8
74097,1
74099,9
74102,0
74105,5
74107,7
74114,6
74115,0
74117,2
74122,9
74127,9
74135,4
74139,0
74143,2
74145,3
74147,4
74148,7
74148,6
74149,7
74152,8
74155,8
74155,4
74156,6
74163,7
74171,1
74176,1
74176,10
74177,5
74179,4
74182,9
74187,6
74191,1
74192,5
74198,2
74199,10
74211,10
74213,6
74215,2
74215,1
74216,8
74218,10
74222,5
74225,2
74226,6
74227,10
74227,7
74228,2
74230,5
74239,4
74247,10
74249,5
74254,6
74256,8
74260,6
74262,6
74267,1
74270,4
74271,9
74271,2
74272,0
74274,6
74274,8
74278,7
74281,5
74282,2
74286,7
74288,10
74293,6
74298,4
74303,0
74316,4
74322,1
74332,9
74333,1
74334,8
74338,3
74341,0
74343,10
74344,2
74353,2
74356,6
74356,3
74360,3
74364,8
74365,3
74365,0
74370,0
74373,9
74376,4
74376,1
74377,8
74379,2
74379,0
74383,2
74389,2
74395,9
74398,5
74402,9
74404,7
74409,0
74415,9
74424,9
74427,6
74431,5
74438,4
74439,9
74449,2
74455,3
74457,10
74459,0
74462,3
74466,6
74467,4
74480,0
74497,4
74498,3
74504,4
74505,2
74509,8
74510,9
74512,10
74512,8
74513,3
74514,6
74516,6
74520,1
74527,10
74529,7
74530,4
74532,7
74539,10
74539,3
74540,5
74547,3
74548,7
74553,0
74558,4
74566,4
74572,3
74573,4
74578,6
74579,7
74595,1
74598,5
74603,5
74609,7
74612,4
74618,5
74620,6
74621,0
74626,5
74626,6
74627,1
74628,9
74629,3
74630,4
74631,0
74632,8
74633,0
74634,10
74645,5
74646,5
74648,0
74653,1
74659,7
74660,8
74670,7
74674,2
74689,7
74692,6
74697,6
74699,7
74702,1
74708,3
74736,4
74740,3
74743,0
74745,1
74750,7
74753,7
74758,10
74766,6
74770,1
74772,10
74775,5
74782,1
74785,10
74786,2
74790,9
74792,1
74792,9
74794,8
74794,6
74797,8
74800,10
74802,0
74809,3
74812,6
74813,6
74816,7
74817,5
74823,9
74835,9
74839,10
74843,1
74843,10
74854,4
74855,9
74856,7
74857,6
74862,3
74865,3
74872,9
74877,7
74886,4
74893,3
74898,3
74911,7
74913,5
74914,6
74915,3
74915,5
74917,9
74923,8
74924,10
74932,6
74946,9
74955,7
74956,7
74957,7
74960,6
74966,2
74972,1
74975,5
74978,9
74982,5
74983,2
74992,8
74993,3
74993,4
74997,2
75001,0
75008,7
75010,7
75010,3
75013,6
75013,8
75026,5
75034,3
75038,2
75039,2
75047,10
75050,8
75051,10
75051,6
75056,4
75058,3
75060,1
75066,0
75073,4
75077,0
75082,3
75088,2
75089,4
75091,1
75098,0
75101,8
75108,2
75115,10
75116,0
75116,8
75122,7
75125,3
75130,1
75135,1
75136,3
75149,1
75151,2
75154,1
75155,3
75157,1
75158,4
75160,10
75166,3
75169,10
75180,10
75182,5
75184,4
75187,5
75195,5
75198,7
75202,7
75205,10
75205,9
75207,3
75211,10
75214,9
75214,1
75215,1
75216,4
75221,6
75233,5
75236,9
75237,6
75249,5
75251,5
75252,3
75256,4
75257,1
75258,8
75258,5
75265,2
75266,10
75272,6
75273,0
75273,8
75276,3
75277,4
75277,1
75278,7
75280,5
75284,2
75286,6
75288,10
75290,6
75298,1
75304,4
75305,4
75308,4
75312,6
75317,3
75317,5
75321,3
75325,5
75326,8
75331,8
75331,2
75333,2
75334,6
75338,8
75341,4
75341,2
75347,9
75348,4
75354,8
75362,7
75363,7
75364,7
75366,8
75369,2
75371,6
75376,7
75386,7
75395,9
75399,2
75405,9
75409,0
75411,10
75412,3
75413,6
75420,1
75420,0
75422,2
75423,1
75431,0
75432,0
75442,3
75443,9
75464,6
75479,7
75479,10
75480,1
75483,9
75485,1
75487,6
75490,7
75493,8
75495,0
75497,6
75502,7
75502,1
75508,10
75510,0
75515,9
75535,2
75539,6
75540,3
75543,0
75545,9
75548,5
75552,9
75559,2
75560,3
75562,7
75571,7
75575,1
75578,4
75581,10
75581,5
75587,0
75594,10
75599,7
75603,1
75604,0
75607,5
75609,3
75613,1
75616,8
75616,10
75618,7
75620,7
75632,10
75641,2
75647,2
75650,1
75652,7
75653,10
75654,6
75661,6
75671,3
75674,4
75680,9
75689,5
75689,8
75694,4
75701,6
75711,10
75715,3
75715,0
75720,10
75725,2
75728,7
75740,3
75740,6
75746,3
75750,4
75751,3
75757,0
75758,1
75758,3
75759,5
75763,6
75764,9
75766,5
75771,0
75774,2
75775,4
75778,7
75787,5
75790,3
75797,1
75798,8
75805,8
75805,0
75810,6
75817,9
75825,9
75828,6
75828,9
75829,0
75834,9
75843,7
75846,10
75855,6
75857,5
75865,2
75866,5
75867,1
75873,6
75879,5
75879,2
75883,0
75886,10
75887,5
75892,5
75897,4
75900,0
75903,2
75904,4
75904,2
75912,2
75918,4
75929,9
75929,6
75934,0
75938,1
75942,0
75953,4
75957,4
75971,3
75973,2
75973,3
75986,9
75992,4
75994,4
76000,10
76003,5
76005,4
76007,8
76008,2
76024,3
76040,0
76046,8
76048,0
76049,6
76052,1
76054,6
76055,8
76057,8
76060,1
76061,2
76064,3
76064,4
76067,0
76069,3
76071,5
76072,1
76072,7
76075,6
76079,4
76080,5
76084,7
76087,4
76089,5
76090,2
76099,8
76104,10
76118,4
76119,2
76131,1
76134,3
76135,1
76140,1
76142,8
76150,7
76151,10
76153,10
76157,7
76158,9
76164,7
76167,2
76174,4
76175,10
76179,8
76187,10
76188,5
76198,8
76203,7
76204,5
76211,1
76212,7
76213,10
76215,9
76219,10
76224,10
76229,10
76234,5
76239,1
76241,6
76244,8
76244,3
76251,5
76256,4
76257,9
76258,6
76261,1
76262,8
76262,1
76264,7
76265,2
76268,1
76269,9
76276,3
76281,8
76299,3
76301,9
76302,4
76303,10
76318,7
76324,5
76332,4
76340,10
76348,7
76357,3
76358,1
76364,2
76365,6
76374,6
76382,0
76384,5
76389,9
76393,4
76393,3
76395,5
76397,8
76400,1
76403,4
76410,5
76415,2
76416,5
76425,5
76427,8
76434,7
76436,0
76437,9
76437,10
76439,4
76450,3
76451,7
76456,9
76460,4
76465,9
76465,10
76468,8
76475,1
76475,4
76478,0
76479,8
76481,9
76482,3
76486,8
76488,3
76490,8
76492,2
76498,4
76501,7
76506,6
76516,0
76523,0
76523,7
76528,1
76529,10
76530,7
76530,4
76532,6
76532,5
76533,7
76535,3
76537,0
76538,0
76538,4
76542,1
76543,7
76546,0
76550,1
76555,10
76555,8
76562,0
76562,7
76565,8
76576,3
76581,8
76582,9
76585,0
76588,2
76598,4
76604,10
76604,0
76625,0
76627,7
76635,0
76639,10
76646,0
76646,4
76648,6
76653,5
76656,0
76657,0
76661,4
76665,10
76671,8
76672,3
76687,9
76700,1
76700,10
76700,9
76705,1
76706,7
76709,10
76709,3
76713,5
76715,0
76723,3
76725,8
76730,0
76734,8
76736,9
76737,6
76737,2
76737,8
76738,1
76739,1
76740,6
76743,10
76744,7
76752,3
76756,8
76757,2
76760,0
76764,8
76767,0
76773,6
76774,0
76775,10
76783,6
76790,6
76798,6
76798,4
76800,7
76805,9
76807,0
76813,8
76813,10
76826,7
76827,6
76838,4
76840,6
76845,3
76847,8
76854,5
76856,8
76860,3
76868,2
76868,4
76869,4
76869,0
76872,10
76873,5
76875,7
76887,10
76896,7
76900,10
76901,8
76901,6
76904,2
76911,8
76913,1
76920,0
76926,7
76935,9
76935,3
76939,6
76939,8
76950,0
76951,5
76957,2
76959,4
76962,4
76967,5
76968,3
76969,10
76970,5
76982,6
76990,10
76990,9
76994,7
76995,0
76996,5
77007,0
77009,3
77027,4
77029,4
77033,8
77034,3
77043,5
77048,2
77062,7
77063,7
77069,1
77076,8
77078,10
77084,5
77085,3
77096,10
77099,0
77101,10
77103,4
77110,3
77112,0
77116,8
77117,0
77124,9
77138,3
77138,7
77139,0
77141,10
77144,5
77147,0
77147,7
77148,6
77151,8
77152,6
77156,5
77158,1
77158,7
77166,8
77166,5
77170,6
77171,6
77173,4
77178,5
77185,2
77185,6
77192,2
77194,7
77195,5
77200,4
77205,2
77206,2
77216,0
77226,5
77227,8
77228,5
77234,7
77234,6
77256,10
77258,8
77264,9
77266,4
77269,9
77270,2
77277,7
77282,9
77284,6
77286,0
77296,7
77298,2
77310,3
77311,7
77319,0
77328,2
77329,2
77330,5
77335,2
77336,8
77336,9
77349,0
77350,4
77354,3
77361,4
77363,1
77364,7
77368,7
77369,4
77382,3
77390,0
77391,5
77395,1
77397,0
77397,4
77397,2
77411,10
77412,0
77412,7
77412,10
77413,1
77418,5
77429,5
77432,3
77434,0
77436,10
77439,6
77442,2
77444,7
77445,4
77451,9
77458,2
77474,3
77490,5
77494,6
77495,10
77496,10
77504,10
77509,6
77510,7
77510,0
77511,10
77514,8
77514,5
77515,10
77525,5
77525,1
77528,10
77530,6
77533,1
77535,7
77536,9
77538,8
77538,0
77540,5
77541,6
77542,1
77543,5
77547,5
77553,2
77554,5
77556,7
77560,4
77566,0
77573,4
77574,1
77575,9
77579,1
77581,7
77583,8
77586,8
77591,7
77597,9
77599,7
77606,4
77612,8
77612,7
77615,0
77621,5
77622,8
77629,1
77630,0
77631,10
77632,10
77633,1
77636,2
77640,5
77641,2
77649,3
77649,2
77652,2
77655,5
77655,0
77656,1
77666,6
77668,0
77669,7
77675,5
77678,5
77680,7
77685,3
77686,10
77688,0
77691,2
77692,0
77696,4
77699,5
77703,3
77709,7
77710,4
77711,6
77721,8
77722,9
77722,5
77729,8
77729,9
77730,2
77734,10
77742,9
77749,1
77753,8
77753,1
77754,9
77758,0
77762,3
77763,5
77765,8
77773,8
77773,1
77774,5
77775,1
77776,3
77782,1
77785,1
77786,5
77787,8
77787,10
77796,1
77796,8
77797,10
77808,1
77809,8
77811,0
77812,1
77815,8
77816,1
77816,0
77818,1
77820,5
77824,10
77832,5
77843,7
77863,8
77866,4
77871,2
77887,2
77889,6
77889,5
77892,8
77911,7
77914,10
77922,9
77923,5
77924,6
77924,1
77932,6
77932,3
77935,1
77937,8
77944,3
77947,1
77954,10
77957,2
77958,8
77964,6
77974,0
77974,1
77977,7
77979,1
77981,7
77983,8
77986,9
77993,10
77995,1
77997,1
78000,9
78007,3
78008,0
78014,3
78014,1
78015,9
78018,5
78019,5
78023,1
78031,6
78033,4
78034,3
78041,1
78042,0
78043,8
78052,6
78052,7
78053,8
78054,4
78055,1
78055,4
78058,9
78063,10
78069,4
78073,9
78076,3
78077,3
78081,8
78101,3
78114,3
78118,2
78119,9
78123,4
78127,6
78131,5
78133,10
78133,3
78141,3
78144,5
78147,6
78154,1
78157,2
78159,2
78163,0
78167,0
78167,6
78177,1
78182,8
78184,0
78192,6
78193,1
78196,4
78205,10
78207,6
78213,1
78218,1
78219,5
78227,2
78228,10
78232,8
78235,8
78238,7
78240,5
78245,3
78246,5
78249,6
78252,4
78253,6
78265,0
78271,4
78274,5
78278,8
78280,3
78282,4
78289,8
78291,2
78299,6
78303,2
78306,3
78306,10
78319,9
78323,6
78324,6
78327,3
78329,3
78338,9
78341,7
78343,7
78349,10
78350,3
78351,2
78355,3
78359,6
78361,0
78361,9
78372,7
78374,8
78376,5
78379,5
78381,1
78382,3
78390,3
78391,9
78394,0
78395,6
78399,10
78399,3
78402,0
78404,1
78405,8
78419,9
78420,5
78421,8
78429,7
78437,0
78445,8
78446,0
78446,6
78447,0
78450,7
78454,2
78454,4
78455,6
78458,3
78458,8
78480,2
78484,4
78492,6
78495,6
78496,1
78500,0
78510,5
78512,4
78515,3
78515,2
78517,0
78528,7
78529,2
78532,0
78533,4
78538,1
78544,7
78549,0
78551,1
78552,7
78553,1
78554,10
78556,4
78559,1
78560,8
78570,1
78577,0
78578,1
78578,8
78581,7
78582,9
78602,6
78603,5
78612,7
78628,4
78649,6
78652,1
78656,7
78656,3
78666,2
78668,7
78669,4
78674,5
78674,4
78678,6
78687,1
78702,4
78707,3
78723,4
78725,4
78728,4
78729,9
78731,2
78732,3
78736,2
78739,1
78741,6
78741,2
78747,3
78755,5
78757,0
78759,3
78774,3
78776,2
78780,8
78781,1
78783,0
78783,8
78785,0
78786,9
78786,3
78789,6
78794,8
78795,8
78797,10
78801,3
78802,5
78804,9
78806,8
78808,8
78811,1
78814,4
78814,9
78817,1
78820,4
78823,2
78825,7
78829,4
78830,7
78832,7
78832,4
78845,0
78849,8
78853,7
78856,7
78859,1
78861,0
78869,6
78871,7
78873,8
78874,3
78875,10
78876,8
78878,1
78879,5
78880,10
78881,4
78884,1
78885,3
78891,4
78897,9
78897,7
78899,3
78900,0
78901,10
78902,7
78902,9
78903,7
78910,0
78911,3
78915,4
78916,3
78919,4
78921,10
78923,8
78925,10
78930,6
78931,2
78932,7
78936,10
78938,10
78945,10
78952,8
78955,4
78955,6
78956,2
78959,2
78972,3
78981,3
78992,4
78992,5
79002,2
79010,2
79010,3
79015,4
79022,9
79025,2
79026,3
79031,2
79056,3
79058,6
79059,9
79065,3
79067,7
79070,2
79070,8
79071,0
79072,2
79076,0
79077,5
79079,9
79080,1
79081,6
79087,3
79090,9
79090,4
79094,2
79096,8
79101,9
79106,6
79108,5
79113,2
79114,8
79115,4
79123,2
79134,8
79135,1
79136,0
79137,4
79143,3
79149,7
79152,10
79156,9
79158,7
79159,10
79168,1
79169,8
79170,4
79183,2
79187,10
79194,6
79197,3
79199,7
79207,6
79211,0
79218,10
79229,7
79232,2
79232,3
79257,0
79266,8
79270,5
79274,9
79280,9
79283,2
79283,8
79293,5
79294,4
79295,4
79308,3
79308,2
79314,7
79318,8
79318,1
79322,7
79326,3
79333,10
79342,0
79343,2
79345,9
79345,4
79358,10
79366,1
79370,6
79375,0
79380,7
79385,0
79392,6
79392,8
79395,0
79395,8
79395,4
79398,0
79402,9
79404,4
79411,9
79423,4
79434,5
79434,9
79437,7
79448,7
79455,5
79455,9
79460,7
79462,7
79465,8
79466,8
79468,1
79469,6
79470,4
79470,8
79475,7
79478,7
79479,3
79483,0
79490,5
79493,8
79498,7
79500,9
79505,0
79509,0
79522,5
79534,6
79535,5
79540,3
79544,2
79545,5
79545,1
79546,5
79551,9
79553,2
79565,10
79565,7
79573,8
79574,3
79583,10
79584,6
79586,5
79590,3
79590,6
79592,0
79592,4
79595,2
79598,1
79598,5
79599,1
79605,10
79606,6
79608,3
79609,3
79611,9
79614,4
79615,4
79619,6
79627,0
79627,6
79630,0
79632,4
79635,3
79637,0
79638,4
79646,8
79649,0
79650,6
79657,6
79665,4
79670,8
79671,7
79672,3
79675,4
79682,5
79687,2
79694,0
79698,1
79702,0
79705,0
79709,8
79710,7
79718,4
79718,1
79724,2
79726,0
79729,7
79731,8
79739,1
79747,5
79756,3
79759,0
79763,4
79764,2
79765,7
79771,8
79771,7
79781,3
79781,10
79788,5
79791,1
79792,8
79794,10
79796,6
79801,6
79808,10
79809,0
79810,6
79810,8
79812,9
79817,6
79818,4
79823,3
79824,7
79824,0
79824,2
79826,3
79831,3
79843,1
79843,10
79848,4
79853,3
79856,4
79859,2
79860,8
79863,10
79869,3
79870,0
79875,1
79875,2
79877,7
79890,10
79891,2
79894,9
79896,2
79897,2
79912,8
79913,8
79915,6
79915,1
79916,4
79930,8
79935,4
79938,4
79939,5
79942,8
79945,10
79949,4
79950,4
79958,5
79982,10
79982,2
79986,7
79999,1
80008,9
80036,9
80039,4
80040,6
80044,1
80051,4
80051,7
80051,9
80054,10
80057,6
80057,0
80060,5
80063,3
80064,6
80067,9
80079,1
80086,10
80086,8
80089,6
80090,0
80090,2
80091,6
80099,7
80108,7
80110,10
80111,1
80112,5
80114,2
80116,1
80129,6
80129,4
80134,5
80134,3
80138,1
80139,8
80143,1
80144,0
80147,5
80149,8
80156,9
80158,8
80161,7
80161,0
80165,1
80169,7
80172,4
80176,4
80178,5
80179,4
80186,8
80189,2
80192,9
80197,9
80201,3
80203,10
80205,9
80207,0
80212,3
80215,7
80221,7
80240,3
80262,0
80264,0
80265,7
80266,6
80266,7
80268,9
80270,3
80273,9
80277,10
80285,8
80287,5
80288,9
80293,7
80293,0
80298,7
80299,8
80300,6
80301,5
80306,2
80308,1
80309,6
80311,8
80317,2
80326,10
80329,6
80330,0
80338,6
80341,3
80347,4
80348,5
80349,3
80354,0
80355,7
80358,2
80365,9
80372,8
80374,5
80376,3
80378,10
80380,0
80380,2
80385,9
80387,4
80399,9
80404,3
80406,2
80416,2
80426,0
80432,10
80436,1
80436,7
80456,9
80465,0
80474,7
80475,7
80475,5
80479,6
80481,0
80486,10
80489,0
80490,10
80491,6
80507,1
80508,5
80510,6
80523,1
80525,10
80531,1
80532,3
80534,7
80542,3
80549,5
80550,6
80552,0
80560,2
80564,9
80564,1
80565,1
80566,1
80566,2
80568,3
80570,8
80571,9
80582,6
80584,1
80589,0
80596,7
80599,3
80599,1
80600,3
80601,0
80612,6
80632,8
80635,5
80637,3
80641,0
80647,1
80647,8
80653,2
80654,3
80655,2
80655,5
80659,9
80666,6
80668,6
80679,0
80680,10
80681,3
80683,7
80684,0
80684,1
80688,9
80692,6
80694,6
80696,3
80701,9
80706,10
80709,6
80711,0
80712,10
80712,1
80714,3
80722,6
80724,3
80734,10
80734,9
80735,10
80737,10
80742,3
80746,1
80747,10
80750,10
80755,1
80757,5
80762,2
80765,8
80770,2
80784,3
80787,6
80791,3
80796,9
80799,7
80800,2
80801,9
80804,2
80804,1
80814,8
80818,6
80819,6
80821,3
80822,8
80822,1
80825,6
80825,9
80826,5
80829,6
80832,9
80836,7
80838,8
80839,7
80841,0
80844,2
80865,7
80866,1
80867,7
80876,4
80877,8
80878,8
80879,4
80881,0
80881,7
80889,3
80891,5
80893,0
80896,10
80897,3
80906,10
80908,4
80910,2
80918,1
80919,8
80920,10
80925,7
80934,1
80940,1
80941,5
80947,3
80948,5
80951,1
80953,6
80954,1
80959,9
80959,7
80968,6
80975,7
80979,9
80979,8
80984,1
80987,9
81000,7
81004,3
81018,0
81018,6
81024,0
81025,8
81028,7
81042,9
81042,10
81044,0
81045,1
81046,10
81052,3
81061,3
81061,9
81061,2
81063,2
81065,9
81065,2
81066,10
81067,3
81072,2
81074,1
81076,0
81081,8
81082,10
81086,8
81102,1
81106,7
81110,3
81112,9
81121,1
81123,3
81126,3
81128,7
81130,8
81134,5
81137,7
81139,1
81146,5
81146,6
81149,9
81149,3
81150,10
81152,9
81154,2
81157,0
81177,8
81190,9
81191,4
81196,2
81196,4
81199,7
81202,5
81203,2
81206,7
81207,1
81214,10
81216,9
81222,0
81228,0
81237,8
81239,8
81240,4
81243,0
81244,6
81246,3
81246,5
81250,0
81253,3
81260,3
81263,4
81263,8
81266,3
81267,7
81278,3
81286,2
81288,0
81288,6
81292,5
81300,9
81300,7
81301,8
81303,9
81305,2
81305,6
81305,10
81306,7
81313,3
81318,1
81319,7
81326,1
81329,7
81332,5
81341,10
81343,4
81347,2
81361,9
81363,6
81364,6
81367,10
81369,4
81371,4
81373,0
81376,0
81376,3
81378,9
81380,6
81390,8
81390,4
81394,2
81396,0
81397,2
81405,0
81407,1
81411,0
81417,0
81417,1
81420,4
81421,2
81427,0
81428,8
81435,5
81440,9
81441,10
81444,8
81446,7
81455,3
81459,1
81466,7
81473,8
81474,4
81477,0
81486,1
81488,0
81491,8
81504,7
81504,6
81511,8
81512,0
81513,9
81514,5
81516,6
81516,3
81517,10
81517,6
81518,1
81527,10
81529,8
81530,8
81538,3
81539,9
81551,9
81551,8
81555,4
81562,10
81567,5
81569,3
81579,3
81581,9
81591,0
81593,5
81594,7
81597,3
81604,8
81606,4
81609,9
81611,4
81617,1
81621,1
81625,9
81625,0
81646,3
81659,7
81670,6
81675,8
81678,6
81679,9
81702,2
81703,5
81720,6
81724,0
81726,7
81733,3
81735,3
81748,3
81757,1
81757,5
81759,8
81761,6
81761,10
81768,1
81770,1
81780,1
81781,2
81787,5
81788,7
81796,9
81799,0
81805,10
81806,9
81807,9
81808,5
81811,10
81812,4
81819,4
81824,0
81835,3
81842,8
81848,3
81878,10
81880,4
81883,3
81884,6
81889,8
81892,2
81896,2
81897,1
81903,6
81903,1
81904,8
81905,1
81909,2
81920,1
81921,10
81922,5
81922,8
81929,7
81932,5
81938,7
81950,4
81951,5
81951,6
81954,1
81958,10
81959,2
81960,0
81963,9
81968,3
81974,6
81974,8
81980,10
81983,4
81991,3
81994,8
81996,4
81999,0
82001,9
82001,2
82010,6
82013,3
82014,0
82015,2
82015,10
82024,2
82042,7
82043,0
82045,7
82054,1
82064,10
82064,3
82065,9
82067,1
82068,10
82071,4
82074,7
82086,2
82087,7
82089,6
82092,6
82092,4
82098,8
82103,3
82110,7
82110,8
82112,0
82118,10
82122,0
82127,7
82127,5
82128,1
82129,4
82135,1
82135,3
82151,4
82157,2
82168,10
82169,4
82176,10
82178,4
82179,0
82183,1
82188,8
82195,6
82195,8
82209,10
82211,0
82222,0
82222,10
82229,6
82230,6
82237,10
82246,0
82250,5
82256,5
82256,8
82258,8
82260,6
82261,9
82262,3
82266,3
82267,9
82269,1
82271,0
82273,9
82279,5
82280,4
82282,6
82286,6
82293,2
82297,2
82302,10
82303,5
82312,1
82315,6
82317,1
82328,1
82346,1
82348,6
82351,0
82368,8
82370,10
82374,0
82374,3
82381,10
82383,6
82384,3
82389,1
82391,1
82394,3
82397,9
82399,4
82405,7
82405,0
82415,7
82415,1
82416,2
82417,9
82421,1
82425,3
82436,5
82440,9
82442,4
82443,3
82449,10
82453,5
82454,3
82460,7
82461,0
82486,3
82489,0
82495,8
82496,10
82505,5
82508,0
82510,4
82515,10
82517,7
82523,9
82539,4
82544,2
82551,2
82551,0
82560,6
82561,8
82570,5
82577,6
82585,6
82587,3
82590,0
82590,1
82598,6
82598,5
82600,10
82601,3
82606,2
82609,0
82611,1
82612,2
82613,6
82621,1
82625,7
82627,1
82628,6
82628,4
82629,4
82629,5
82636,1
82642,2
82643,7
82649,5
82651,2
82651,4
82651,8
82654,1
82656,7
82664,5
82666,9
82667,7
82670,5
82674,5
82680,6
82688,5
82689,3
82695,0
82700,6
82700,7
82707,0
82707,4
82708,10
82713,4
82713,2
82714,2
82719,1
82721,1
82729,2
82729,7
82735,1
82737,8
82740,9
82757,9
82765,1
82770,9
82772,3
82778,0
82784,1
82791,10
82806,5
82819,4
82827,2
82827,5
82841,3
82843,0
82850,8
82854,3
82857,1
82859,0
82861,4
82867,4
82871,6
82876,3
82895,1
82896,7
82903,7
82905,7
82905,8
82908,2
82912,8
82923,4
82924,0
82935,9
82938,9
82941,9
82945,1
82947,1
82956,9
82958,1
82959,6
82964,8
82964,2
82969,8
82977,3
82977,5
82979,5
82980,7
82987,1
82987,7
82990,9
82999,7
83005,0
83014,0
83015,3
83024,7
83027,0
83030,2
83031,9
83035,0
83036,10
83036,7
83039,3
83039,1
83041,8
83044,10
83044,1
83046,10
83048,0
83053,10
83053,1
83056,7
83057,4
83065,9
83066,3
83066,7
83067,5
83077,0
83081,9
83087,1
83093,6
83093,9
83097,2
83098,7
83103,3
83112,3
83116,8
83116,3
83116,9
83118,8
83119,9
83122,9
83123,6
83124,4
83133,4
83136,3
83139,7
83140,3
83145,5
83151,3
83152,4
83152,1
83160,0
83172,1
83173,4
83180,5
83181,4
83182,8
83183,0
83187,9
83187,5
83188,2
83189,10
83195,7
83199,10
83214,7
83220,4
83224,1
83225,3
83230,3
83232,3
83237,6
83239,4
83246,0
83253,0
83255,2
83260,6
83260,9
83262,4
83263,3
83264,8
83271,2
83272,8
83276,4
83280,6
83282,9
83282,0
83284,2
83312,3
83314,0
83314,10
83314,9
83316,5
83321,0
83321,2
83323,9
83324,6
83330,10
83330,2
83332,6
83334,9
83334,3
83336,8
83343,2
83345,4
83357,1
83362,8
83365,2
83367,6
83372,7
83373,7
83373,1
83374,7
83379,3
83381,10
83389,0
83391,8
83393,3
83400,10
83401,2
83403,10
83404,2
83404,5
83408,8
83408,2
83409,4
83410,5
83413,8
83420,6
83423,0
83427,5
83431,1
83450,3
83456,1
83460,10
83461,4
83461,7
83473,3
83481,7
83493,5
83493,6
83494,1
83495,1
83501,10
83508,9
83525,4
83526,10
83527,2
83528,0
83533,0
83536,7
83537,10
83538,7
83557,0
83559,2
83565,0
83569,6
83576,6
83580,8
83580,7
83585,4
83596,5
83602,1
83616,0
83616,1
83619,9
83636,10
83640,1
83641,7
83644,9
83645,7
83645,3
83648,4
83650,3
83654,10
83655,10
83659,9
83660,7
83664,3
83670,6
83671,6
83678,3
83683,5
83688,3
83689,3
83695,4
83696,8
83707,9
83707,7
83709,7
83714,6
83723,4
83724,10
83730,0
83732,3
83733,3
83735,7
83737,1
83751,6
83752,1
83756,9
83765,1
83768,3
83775,4
83775,0
83782,4
83784,9
83785,9
83785,10
83788,7
83800,3
83801,0
83804,6
83805,9
83813,1
83825,8
83825,9
83831,8
83835,5
83836,5
83837,2
83838,9
83838,1
83842,5
83843,9
83844,2
83846,5
83848,0
83856,10
83860,3
83864,8
83867,0
83874,1
83875,2
83883,9
83888,5
83890,9
83893,2
83907,0
83909,10
83912,3
83913,2
83923,0
83926,5
83928,2
83929,3
83939,6
83945,5
83955,3
83961,10
83964,6
83968,3
83971,10
83975,1
83980,2
83984,0
83988,3
83994,6
83995,7
84007,0
84012,0
84014,7
84022,5
84028,1
84029,2
84029,0
84029,4
84030,9
84038,0
84041,8
84042,3
84046,9
84062,2
84069,10
84070,6
84070,7
84071,8
84072,0
84075,4
84084,7
84085,10
84086,7
84089,4
84099,9
84103,2
84108,1
84115,2
84117,9
84117,8
84119,7
84122,1
84129,10
84134,9
84147,0
84148,1
84153,3
84155,4
84168,3
84177,9
84181,2
84194,7
84197,4
84202,0
84203,4
84205,3
84210,3
84210,8
84213,6
84223,4
84227,3
84228,10
84234,4
84235,1
84239,7
84243,3
84250,4
84251,7
84255,2
84256,6
84257,2
84261,3
84262,9
84268,1
84272,10
84272,8
84275,5
84277,1
84288,1
84294,10
84299,6
84301,5
84303,3
84309,6
84310,7
84310,6
84310,9
84320,2
84324,8
84328,2
84336,6
84339,4
84342,9
84346,5
84346,9
84348,5
84349,1
84350,1
84363,9
84368,0
84370,6
84373,6
84374,3
84379,1
84381,4
84382,4
84386,2
84388,8
84405,3
84410,3
84411,2
84425,1
84430,2
84435,2
84439,3
84447,8
84453,1
84454,2
84454,9
84457,10
84459,9
84472,2
84472,10
84476,0
84477,0
84478,4
84480,2
84482,2
84489,10
84490,7
84493,6
84496,4
84498,2
84499,7
84504,3
84504,1
84504,10
84505,2
84513,1
84514,1
84517,8
84518,10
84530,3
84532,10
84557,10
84557,3
84563,0
84578,2
84580,7
84584,0
84588,5
84590,0
84592,5
84594,0
84596,1
84608,6
84610,4
84612,0
84614,0
84619,5
84627,2
84633,10
84636,3
84639,5
84642,8
84643,0
84644,9
84649,2
84653,10
84656,6
84664,4
84666,9
84673,4
84674,10
84675,0
84676,5
84676,6
84679,8
84691,7
84692,5
84695,7
84700,4
84701,7
84702,2
84703,10
84703,5
84709,9
84723,8
84727,4
84727,2
84733,9
84742,5
84753,0
84753,9
84764,8
84772,6
84773,1
84774,3
84775,0
84778,3
84781,4
84794,10
84795,9
84795,8
84805,0
84805,3
84809,1
84822,0
84822,4
84823,5
84827,2
84833,4
84836,6
84836,9
84838,3
84849,2
84851,7
84856,3
84867,2
84870,6
84873,0
84875,7
84876,3
84878,0
84880,0
84882,0
84884,6
84888,0
84889,0
84889,6
84889,10
84891,9
84895,9
84900,10
84900,1
84911,5
84913,1
84914,10
84915,10
84929,1
84940,4
84946,8
84950,5
84953,5
84963,4
84971,5
84972,7
84975,3
84978,10
84978,8
84979,9
84979,3
84982,5
84985,2
84987,6
84990,1
84994,0
84996,2
84998,3
85002,1
85011,9
85018,0
85026,3
85035,4
85037,4
85040,5
85041,3
85057,3
85061,8
85064,9
85066,9
85071,9
85077,9
85082,5
85086,10
85092,6
85101,6
85109,3
85110,4
85111,5
85112,9
85116,5
85119,3
85124,3
85125,5
85126,6
85127,9
85128,8
85131,9
85133,2
85133,5
85137,10
85142,7
85147,0
85151,1
85151,9
85153,1
85154,2
85160,7
85160,5
85166,6
85170,2
85178,0
85179,10
85180,8
85181,5
85186,5
85187,4
85190,5
85190,1
85196,0
85197,7
85199,4
85206,0
85206,4
85208,10
85209,10
85214,8
85214,10
85220,8
85222,8
85229,9
85231,1
85231,6
85236,1
85240,8
85243,3
85252,1
85253,10
85254,4
85255,8
85263,10
85266,5
85269,2
85269,3
85275,9
85275,3
85277,9
85281,2
85281,10
85286,5
85289,0
85293,5
85301,5
85301,0
85304,6
85310,1
85315,7
85317,3
85328,4
85332,4
85334,7
85334,5
85334,1
85336,6
85337,1
85337,2
85340,8
85345,5
85347,7
85348,10
85351,6
85353,3
85365,10
85369,2
85372,7
85373,7
85374,0
85379,10
85382,9
85388,2
85391,5
85393,4
85394,4
85396,5
85397,5
85404,8
85406,7
85406,3
85415,5
85417,3
85421,5
85425,3
85431,0
85442,3
85442,8
85443,0
85443,3
85447,5
85453,8
85459,3
85471,8
85473,8
85480,9
85484,7
85490,6
85490,0
85501,6
85502,0
85506,2
85516,6
85517,4
85519,6
85523,3
85524,3
85534,1
85537,0
85538,7
85539,2
85540,8
85545,4
85553,9
85553,3
85558,9
85562,2
85566,3
85569,1
85587,9
85593,5
85593,0
85598,4
85604,3
85607,8
85613,1
85625,8
85627,0
85632,3
85632,8
85633,4
85641,5
85646,1
85647,3
85648,3
85648,2
85649,2
85649,9
85650,2
85656,3
85657,1
85659,9
85664,7
85666,8
85666,3
85667,3
85673,5
85677,9
85677,2
85677,1
85678,0
85678,7
85680,1
85682,10
85687,4
85693,4
85694,9
85695,2
85696,9
85701,8
85710,3
85719,6
85724,5
85725,5
85732,2
85732,4
85741,3
85746,2
85761,5
85761,3
85771,1
85773,4
85780,4
85783,4
85789,2
85792,4
85793,0
85795,10
85795,9
85797,1
85803,10
85804,9
85805,0
85806,6
85812,3
85812,4
85815,9
85816,7
85824,0
85829,1
85830,7
85834,2
85840,7
85850,8
85866,2
85872,8
85875,9
85876,1
85878,0
85879,4
85880,0
85882,4
85883,4
85884,4
85896,0
85898,8
85910,10
85912,9
85916,3
85916,10
85931,1
85937,9
85938,6
85941,1
85943,5
85945,10
85946,9
85948,5
85951,4
85954,6
85961,10
85967,7
85970,9
85971,1
85974,10
85975,8
85977,4
85989,0
86009,6
86010,9
86013,2
86014,10
86023,4
86028,1
86034,6
86036,10
86039,10
86045,6
86047,7
86055,9
86059,6
86059,9
86061,5
86066,5
86067,5
86075,2
86076,4
86077,10
86079,7
86083,4
86091,10
86092,3
86092,6
86095,7
86107,1
86112,4
86113,2
86117,6
86127,10
86131,9
86133,0
86136,1
86137,3
86138,3
86147,8
86150,0
86153,3
86153,5
86173,2
86177,7
86178,6
86181,5
86185,2
86186,9
86193,0
86200,9
86205,9
86208,7
86208,5
86208,8
86214,9
86221,9
86222,3
86225,4
86225,0
86233,7
86234,2
86237,9
86238,7
86239,8
86243,9
86246,6
86254,0
86258,9
86260,8
86261,2
86263,3
86271,10
86271,7
86277,8
86286,5
86288,3
86301,3
86301,8
86303,9
86305,4
86308,9
86308,0
86313,10
86318,4
86324,4
86329,10
86334,8
86334,6
86335,1
86348,1
86353,10
86355,8
86359,1
86362,3
86364,3
86374,0
86378,1
86378,3
86384,4
86385,2
86390,1
86391,10
86392,4
86396,9
86414,10
86422,0
86425,3
86425,1
86431,9
86448,0
86448,7
86452,2
86465,5
86470,10
86481,8
86482,0
86484,0
86491,6
86495,9
86497,0
86501,3
86502,8
86507,10
86511,5
86521,5
86529,10
86531,1
86532,3
86543,2
86543,4
86545,7
86546,8
86556,2
86557,2
86564,1
86566,1
86571,9
86573,9
86574,6
86578,4
86580,1
86583,0
86588,1
86593,6
86594,10
86596,1
86608,0
86610,9
86635,3
86645,3
86656,5
86657,0
86662,8
86663,3
86669,0
86669,1
86679,10
86680,2
86687,2
86690,1
86692,10
86700,2
86704,5
86718,8
86723,0
86724,2
86729,6
86729,10
86730,1
86731,2
86733,4
86742,0
86745,2
86745,6
86747,7
86750,0
86750,2
86759,3
86760,7
86766,8
86770,8
86775,4
86788,10
86791,5
86792,6
86797,1
86799,7
86812,5
86819,5
86827,0
86839,6
86839,3
86842,8
86849,4
86857,7
86860,9
86866,1
86872,4
86880,4
86885,0
86885,5
86896,2
86901,0
86905,6
86905,5
86912,4
86915,0
86917,5
86920,1
86920,0
86927,7
86927,10
86937,3
86939,1
86944,9
86947,5
86948,4
86953,1
86953,6
86953,7
86963,4
86969,9
86970,9
86974,10
86975,1
86983,4
86984,10
86988,8
86988,5
86989,2
86991,3
87000,9
87001,10
87008,0
87016,1
87016,8
87019,3
87023,8
87023,7
87023,9
87029,10
87029,5
87033,0
87035,9
87039,2
87039,6
87046,7
87054,3
87063,8
87065,5
87068,6
87071,2
87075,9
87081,8
87085,9
87086,6
87094,10
87097,9
87102,8
87117,5
87122,6
87126,6
87130,4
87130,8
87131,1
87134,9
87136,3
87137,6
87143,7
87153,10
87155,2
87157,7
87157,6
87164,10
87164,6
87165,7
87165,10
87172,9
87176,9
87178,2
87180,1
87181,3
87183,2
87187,8
87187,4
87188,4
87191,0
87196,5
87199,6
87209,3
87210,6
87211,7
87216,8
87228,3
87229,10
87230,3
87231,8
87231,7
87231,5
87232,9
87233,5
87234,1
87237,3
87238,7
87244,7
87251,6
87253,10
87254,1
87263,6
87267,7
87268,7
87269,9
87271,1
87281,1
87284,8
87284,3
87289,8
87293,2
87297,2
87297,8
87306,2
87310,5
87313,4
87314,8
87317,8
87317,0
87323,2
87325,8
87327,9
87330,2
87339,0
87340,8
87349,3
87352,2
87353,6
87355,8
87358,5
87358,3
87364,1
87365,4
87366,10
87369,3
87372,9
87372,5
87376,4
87382,10
87384,0
87387,5
87387,7
87389,10
87393,1
87401,7
87402,3
87409,2
87409,3
87411,7
87412,3
87412,8
87414,8
87421,5
87423,3
87432,9
87435,4
87436,3
87437,5
87440,6
87445,10
87448,4
87449,7
87454,4
87461,2
87468,9
87472,5
87476,1
87479,2
87491,10
87493,10
87495,0
87498,2
87498,5
87502,4
87502,10
87505,4
87511,8
87516,7
87517,9
87517,3
87526,2
87536,10
87537,7
87545,8
87546,0
87546,3
87549,0
87550,10
87565,9
87569,7
87576,1
87577,7
87580,8
87590,10
87592,0
87594,2
87601,2
87605,7
87615,3
87616,8
87617,0
87620,1
87626,6
87627,6
87630,8
87632,1
87638,8
87641,3
87642,2
87644,6
87651,0
87655,7
87660,0
87661,10
87670,1
87675,7
87690,5
87695,8
87702,9
87705,8
87710,10
87712,3
87721,2
87722,8
87727,8
87729,2
87734,8
87741,9
87745,6
87752,2
87755,2
87757,4
87759,9
87759,3
87762,6
87764,2
87773,1
87783,4
87794,2
87797,4
87803,8
87803,6
87804,2
87807,4
87807,5
87809,7
87809,4
87811,9
87814,7
87816,7
87819,7
87823,3
87834,9
87839,10
87844,9
87846,6
87854,1
87857,6
87857,0
87869,4
87872,10
87875,7
87877,0
87879,5
87880,1
87886,1
87893,0
87894,10
87902,10
87902,4
87909,0
87913,0
87916,9
87917,0
87919,6
87920,5
87926,0
87926,4
87928,0
87929,2
87931,7
87934,3
87936,9
87936,4
87936,7
87947,7
87954,8
87960,5
87962,6
87965,4
87967,3
87975,4
87978,7
87988,8
87988,2
87997,8
88001,5
88006,1
88009,6
88009,4
88011,5
88012,0
88014,5
88015,10
88017,9
88018,6
88026,10
88034,2
88035,0
88037,5
88045,0
88050,8
88058,0
88061,6
88068,9
88071,9
88077,7
88080,2
88081,2
88087,7
88088,5
88088,4
88098,0
88100,2
88100,7
88107,2
88108,6
88113,6
88115,0
88120,7
88121,5
88126,1
88132,2
88132,6
88133,10
88136,7
88144,8
88149,1
88151,1
88151,7
88152,6
88154,9
88162,8
88175,4
88187,10
88195,0
88196,6
88197,2
88197,5
88198,0
88199,7
88202,3
88203,10
88208,9
88210,7
88211,8
88213,8
88214,2
88215,2
88223,2
88227,7
88229,3
88230,1
88235,8
88246,2
88247,9
88256,3
88258,1
88259,2
88267,4
88268,5
88278,0
88290,5
88290,7
88296,5
88300,10
88301,5
88302,1
88302,4
88304,7
88321,10
88321,5
88322,8
88326,4
88328,5
88328,4
88338,6
88340,4
88353,7
88357,0
88372,0
88384,6
88391,8
88395,3
88396,8
88400,9
88403,7
88403,0
88406,1
88409,7
88411,7
88421,3
88422,5
88423,3
88427,7
88429,3
88431,5
88433,2
88436,8
88441,2
88449,3
88451,9
88452,10
88454,7
88457,10
88457,9
88457,7
88461,2
88462,1
88472,3
88474,6
88478,3
88480,6
88491,0
88493,9
88494,0
88495,7
88496,4
88500,2
88504,4
88516,10
88518,3
88518,8
88524,6
88525,4
88526,0
88530,7
88534,1
88535,5
88538,4
88542,6
88543,2
88550,10
88552,4
88553,7
88558,8
88561,9
88563,4
88564,10
88565,1
88567,1
88567,5
88570,1
88578,5
88578,6
88580,9
88589,3
88591,8
88592,4
88593,1
88595,1
88600,2
88600,6
88602,6
88604,10
88604,7
88606,10
88607,3
88609,9
88611,1
88613,5
88615,9
88616,4
88617,0
88620,1
88623,4
88625,10
88628,8
88639,0
88644,3
88653,0
88657,0
88664,9
88664,4
88671,5
88671,6
88672,5
88681,1
88683,7
88689,9
88694,0
88698,7
88699,0
88718,9
88721,9
88733,0
88735,8
88741,7
88747,0
88750,7
88752,6
88753,9
88753,3
88756,9
88764,1
88772,2
88778,10
88782,8
88784,3
88785,1
88789,9
88789,2
88804,5
88805,0
88809,5
88811,3
88812,5
88813,0
88814,7
88817,0
88824,9
88837,5
88838,10
88839,8
88842,5
88850,1
88856,8
88858,5
88860,6
88862,6
88869,6
88873,4
88875,6
88876,1
88877,9
88881,2
88883,5
88886,5
88896,6
88897,7
88901,0
88903,4
88908,6
88908,1
88909,10
88915,3
88919,10
88923,10
88923,0
88929,1
88930,9
88934,0
88938,5
88948,4
88948,1
88960,2
88965,5
88966,7
88968,4
88971,0
88974,4
88982,0
88986,2
88994,3
88996,10
88996,0
89006,0
89009,3
89010,9
89014,3
89014,1
89033,9
89042,9
89052,10
89055,2
89060,10
89067,2
89081,1
89081,6
89093,4
89094,0
89100,3
89104,2
89106,10
89110,8
89114,7
89114,6
89117,10
89120,6
89122,5
89122,4
89139,7
89158,3
89160,0
89164,6
89167,2
89169,4
89170,7
89173,5
89173,8
89178,2
89180,2
89194,4
89197,0
89198,9
89202,7
89202,10
89204,3
89207,5
89207,3
89220,1
89225,4
89225,6
89226,10
89229,2
89234,10
89241,10
89247,4
89248,4
89249,9
89249,1
89253,2
89258,3
89266,6
89268,8
89276,6
89282,7
89283,2
89290,5
89294,7
89300,2
89301,10
89304,4
89315,3
89317,10
89321,4
89330,9
89332,10
89339,5
89339,7
89340,2
89351,6
89354,5
89361,2
89364,10
89365,1
89365,4
89366,2
89369,1
89370,0
89370,6
89374,10
89377,6
89377,9
89377,4
89382,8
89383,5
89384,3
89390,7
89393,8
89393,0
89395,5
89398,4
89409,1
89414,9
89420,6
89430,6
89432,8
89432,9
89433,5
89436,9
89439,8
89442,10
89446,4
89446,10
89446,1
89447,9
89459,9
89459,7
89463,1
89468,4
89475,10
89476,6
89477,9
89479,8
89486,2
89491,2
89493,6
89495,0
89501,6
89501,9
89502,9
89503,2
89506,3
89509,5
89515,8
89518,6
89523,10
89530,3
89533,5
89537,1
89544,4
89553,4
89556,10
89558,8
89559,5
89559,4
89560,6
89568,0
89576,10
89583,9
89587,2
89589,8
89591,8
89596,3
89596,10
89608,2
89609,5
89610,10
89619,7
89624,2
89625,5
89631,9
89638,5
89642,6
89643,9
89644,9
89649,6
89650,9
89660,0
89665,1
89668,3
89671,0
89674,0
89674,8
89681,6
89682,8
89685,7
89685,5
89699,7
89704,9
89710,5
89719,7
89720,8
89734,3
89736,3
89738,8
89742,8
89743,3
89743,6
89757,10
89761,0
89768,8
89775,5
89777,8
89779,6
89779,5
89782,3
89790,2
89790,7
89791,7
89798,4
89800,1
89802,9
89802,10
89805,10
89812,1
89815,10
89815,2
89816,2
89837,3
89847,9
89850,10
89851,2
89854,3
89855,3
89864,0
89864,6
89874,9
89874,5
89874,7
89876,4
89879,3
89880,1
89881,5
89882,5
89884,2
89891,6
89891,4
89893,8
89894,3
89902,1
89907,7
89909,10
89915,7
89918,9
89918,0
89925,3
89926,0
89926,9
89929,3
89931,1
89931,5
89934,0
89934,9
89934,2
89936,2
89941,10
89944,2
89946,4
89950,7
89956,8
89965,2
89967,0
89973,10
89980,9
89983,0
89985,10
89990,1
89992,5
89995,6
89996,9
89997,3
90000,2
90010,6
90017,7
90038,2
90040,4
90061,8
90062,2
90063,4
90066,3
90072,7
90073,9
90073,10
90075,0
90077,2
90078,3
90086,8
90091,1
90101,10
90104,2
90105,7
90106,0
90109,10
90110,8
90110,2
90111,6
90112,6
90123,2
90129,4
90131,9
90133,3
90137,0
90142,8
90145,1
90145,7
90147,5
90147,6
90149,8
90155,4
90164,2
90179,9
90180,0
90189,0
90195,3
90197,7
90198,3
90202,3
90203,1
90204,9
90206,4
90217,4
90217,7
90219,3
90220,3
90230,8
90233,6
90236,2
90239,9
90241,6
90244,2
90258,2
90260,2
90267,2
90280,5
90287,3
90299,0
90305,8
90318,9
90324,6
90329,6
90335,3
90336,7
90337,5
90337,10
90341,4
90341,8
90343,9
90353,6
90353,0
90357,1
90358,7
90359,2
90363,4
90363,3
90371,10
90372,4
90378,0
90381,9
90388,5
90403,3
90406,0
90409,6
90419,0
90424,6
90427,9
90428,9
90431,3
90432,6
90451,7
90452,0
90458,2
90463,6
90466,9
90466,0
90475,7
90475,10
90477,7
90480,10
90481,7
90485,9
90490,0
90491,4
90492,8
90495,4
90499,6
90499,2
90508,9
90513,1
90513,6
90514,7
90517,1
90517,10
90520,7
90522,8
90527,3
90529,6
90548,10
90548,9
90555,8
90556,7
90557,6
90558,7
90561,9
90563,5
90569,6
90578,2
90595,3
90602,1
90605,8
90607,1
90610,4
90611,7
90618,2
90619,0
90635,0
90638,2
90640,0
90644,0
90647,4
90656,7
90658,4
90666,9
90670,5
90680,4
90684,0
90689,9
90692,4
90693,6
90698,9
90698,5
90702,7
90711,10
90724,2
90732,10
90750,8
90752,9
90755,9
90761,0
90764,4
90764,0
90774,5
90776,9
90779,10
90785,5
90786,9
90786,0
90786,6
90792,1
90793,5
90794,8
90794,7
90796,6
90797,3
90803,1
90804,1
90809,10
90824,9
90825,7
90829,2
90846,10
90851,8
90853,4
90859,6
90859,4
90862,4
90877,6
90879,3
90888,6
90888,9
90889,10
90891,2
90896,10
90909,3
90915,2
90918,8
90919,8
90921,2
90922,3
90925,5
90926,4
90926,2
90930,8
90933,4
90939,1
90941,7
90951,2
90952,7
90960,5
90960,9
90969,9
90972,6
90975,7
90977,4
90983,1
90985,2
90995,0
90996,7
90997,8
91004,1
91007,5
91009,2
91012,10
91014,4
91037,0
91043,5
91044,8
91060,4
91080,1
91081,4
91082,8
91083,6
91086,5
91087,7
91091,6
91096,2
91098,5
91105,7
91109,5
91113,7
91115,3
91131,6
91133,8
91140,10
91141,2
91144,7
91144,9
91150,7
91156,4
91159,4
91171,8
91174,0
91182,10
91185,9
91194,1
91195,1
91198,0
91199,9
91207,1
91212,7
91216,8
91217,6
91221,3
91221,5
91229,9
91233,8
91236,0
91240,7
91240,2
91242,10
91242,4
91263,4
91267,1
91267,5
91268,7
91268,8
91270,2
91275,10
91278,4
91280,8
91280,7
91281,7
91284,3
91286,8
91290,10
91298,10
91299,10
91305,3
91309,0
91310,7
91313,4
91314,1
91318,8
91320,3
91328,3
91328,6
91330,3
91330,0
91333,0
91344,1
91345,7
91353,7
91358,6
91360,7
91379,9
91385,1
91385,3
91391,4
91393,5
91394,8
91396,10
91413,8
91419,10
91420,2
91421,5
91421,1
91427,4
91436,4
91438,10
91440,0
91442,3
91448,6
91451,0
91464,5
91466,5
91473,8
91478,7
91487,2
91488,0
91490,9
91492,4
91494,10
91494,5
91495,0
91496,8
91501,10
91508,6
91510,6
91513,5
91518,1
91521,2
91523,3
91524,5
91524,7
91527,6
91530,1
91532,10
91534,9
91534,1
91537,6
91540,4
91547,8
91550,4
91554,8
91556,5
91571,9
91572,7
91574,3
91574,1
91598,1
91599,10
91602,9
91602,7
91604,0
91606,5
91610,2
91612,4
91630,9
91631,3
91631,1
91631,8
91643,8
91645,8
91646,4
91648,5
91651,6
91652,0
91653,4
91654,8
91656,2
91658,10
91659,6
91661,4
91670,3
91672,4
91675,1
91685,6
91685,1
91685,0
91686,3
91689,1
91698,2
91698,0
91699,2
91702,2
91710,4
91710,8
91722,0
91731,8
91731,10
91732,9
91734,8
91735,10
91735,8
91739,7
91742,6
91748,0
91753,1
91753,5
91753,8
91754,5
91759,5
91760,3
91773,2
91777,4
91778,8
91786,10
91790,10
91793,5
91797,7
91802,9
91808,0
91810,9
91811,1
91814,7
91814,9
91815,4
91818,7
91822,1
91826,3
91830,4
91832,7
91839,7
91845,7
91850,7
91851,10
91856,1
91865,1
91869,7
91875,4
91876,0
91881,5
91884,0
91884,8
91894,0
91899,10
91899,9
91900,9
91908,5
91912,8
91918,1
91920,3
91940,6
91943,5
91944,1
91945,0
91947,3
91948,4
91948,9
91948,8
91962,8
91964,4
91964,2
91983,9
91985,10
91988,1
91990,8
91991,10
91991,1
92004,4
92005,0
92019,10
92023,9
92024,4
92026,2
92039,1
92040,6
92045,7
92046,5
92050,1
92051,4
92058,4
92058,2
92061,7
92064,5
92066,10
92067,6
92071,1
92071,8
92081,6
92090,1
92098,5
92099,5
92105,0
92109,6
92111,8
92116,10
92120,0
92122,10
92123,6
92126,9
92127,1
92138,2
92158,8
92160,9
92162,10
92165,4
92165,0
92167,4
92171,4
92172,4
92176,0
92182,7
92185,2
92189,4
92189,6
92199,5
92200,8
92200,2
92204,10
92206,5
92209,5
92209,3
92221,7
92227,0
92229,9
92233,10
92234,4
92237,4
92241,5
92270,4
92274,4
92278,4
92281,0
92284,4
92293,2
92311,2
92313,0
92315,0
92316,5
92319,10
92323,3
92324,3
92328,10
92331,4
92346,0
92349,4
92352,7
92357,0
92367,2
92370,7
92371,10
92373,5
92377,10
92377,3
92381,7
92383,2
92391,5
92394,10
92398,7
92399,0
92400,3
92403,5
92406,8
92408,6
92409,5
92410,5
92428,1
92436,2
92437,8
92445,5
92446,4
92449,0
92452,2
92452,5
92453,7
92454,1
92454,4
92464,4
92466,9
92472,1
92473,7
92482,10
92483,0
92484,1
92486,5
92488,5
92490,10
92497,2
92498,3
92506,9
92521,10
92527,4
92531,8
92531,5
92540,10
92540,9
92561,7
92564,5
92566,5
92568,2
92572,2
92580,5
92584,4
92586,10
92592,2
92593,2
92594,10
92604,8
92608,9
92613,9
92613,0
92615,4
92620,7
92621,0
92633,8
92643,8
92647,7
92647,10
92655,6
92656,0
92663,5
92665,1
92667,9
92668,2
92677,7
92683,7
92683,8
92684,8
92685,0
92700,1
92701,9
92701,3
92704,5
92708,7
92709,1
92712,7
92713,3
92714,8
92719,6
92721,8
92724,3
92725,10
92729,9
92729,10
92743,7
92747,4
92747,5
92750,10
92753,10
92753,1
92758,9
92775,5
92779,10
92782,10
92788,4
92797,10
92799,0
92805,5
92807,1
92814,8
92817,3
92828,0
92831,9
92831,8
92831,7
92833,3
92833,6
92843,6
92853,7
92863,5
92866,1
92872,8
92874,4
92877,4
92878,0
92880,0
92883,0
92885,9
92885,6
92889,10
92891,10
92892,10
92895,3
92898,8
92900,5
92901,6
92902,5
92904,1
92914,6
92916,1
92921,6
92922,7
92923,3
92926,2
92929,8
92935,1
92938,3
92947,8
92948,9
92950,2
92957,10
92959,10
92963,8
92966,4
92969,10
92973,4
92975,8
92976,7
92981,7
92981,8
92982,7
92986,9
92986,0
92992,0
92994,1
92995,4
92996,0
92997,2
92997,10
92999,2
93007,9
93011,0
93013,2
93013,9
93016,10
93017,2
93018,7
93018,6
93020,8
93021,5
93025,3
93026,1
93029,3
93032,9
93033,6
93035,7
93036,5
93045,10
93048,1
93049,2
93053,0
93058,9
93060,1
93064,2
93066,0
93070,4
93074,9
93078,4
93079,7
93081,10
93082,1
93086,6
93092,3
93092,1
93092,2
93096,9
93100,6
93103,7
93114,0
93120,7
93121,8
93130,8
93136,4
93137,10
93138,2
93139,9
93140,7
93147,1
93148,5
93148,8
93153,0
93154,6
93156,5
93169,6
93169,5
93171,0
93171,4
93171,6
93178,9
93184,10
93186,5
93187,6
93193,2
93195,9
93196,9
93198,5
93200,7
93204,7
93204,4
93205,0
93212,1
93212,8
93218,10
93221,3
93222,6
93231,8
93237,8
93247,10
93253,0
93254,4
93256,10
93262,8
93262,10
93267,10
93271,4
93274,6
93275,2
93278,9
93278,1
93279,5
93281,6
93283,7
93285,1
93285,3
93287,6
93287,3
93289,1
93297,8
93297,0
93298,7
93299,7
93300,2
93300,10
93301,8
93311,2
93314,7
93316,6
93322,9
93322,6
93326,4
93329,9
93331,6
93332,9
93334,0
93335,0
93336,7
93343,2
93360,9
93362,3
93364,0
93366,8
93369,9
93371,4
93374,4
93387,6
93394,7
93394,0
93395,6
93395,3
93415,7
93423,4
93425,2
93425,3
93427,2
93433,3
93436,3
93447,2
93448,5
93451,7
93452,5
93453,6
93453,7
93465,10
93473,4
93474,5
93475,2
93477,8
93485,1
93485,4
93488,0
93488,3
93488,8
93498,1
93499,10
93499,8
93527,4
93528,2
93535,7
93536,4
93545,7
93545,10
93546,9
93551,2
93556,1
93558,1
93570,1
93572,0
93581,7
93583,9
93593,2
93594,3
93595,3
93601,1
93609,9
93611,7
93612,6
93613,10
93613,2
93615,4
93617,0
93620,8
93631,4
93634,5
93641,6
93642,5
93646,4
93646,5
93651,2
93652,10
93652,5
93656,3
93656,4
93669,7
93674,5
93677,4
93680,5
93681,1
93694,6
93697,0
93697,10
93710,3
93710,7
93712,3
93716,8
93717,5
93725,9
93743,3
93747,2
93759,10
93766,3
93769,0
93772,2
93783,3
93785,10
93793,1
93795,1
93798,7
93803,2
93806,4
93809,4
93811,10
93814,0
93816,3
93819,9
93829,4
93829,10
93833,3
93833,7
93842,9
93843,6
93847,10
93848,6
93848,4
93854,5
93856,10
93869,1
93877,3
93879,6
93883,7
93887,3
93891,10
93900,0
93900,1
93906,3
93909,9
93910,10
93922,1
93925,9
93932,2
93933,9
93940,1
93943,7
93945,5
93947,9
93948,1
93950,5
93955,5
93963,8
93964,3
93969,1
93976,9
93984,0
93991,6
93998,5
94010,7
94010,1
94020,7
94023,3
94029,9
94034,1
94034,4
94035,1
94037,5
94037,7
94045,2
94061,6
94061,0
94063,3
94067,2
94070,10
94073,5
94081,3
94097,9
94099,7
94113,6
94123,6
94124,1
94126,10
94128,2
94133,6
94136,3
94138,6
94141,8
94142,0
94144,2
94145,6
94149,10
94155,6
94155,10
94158,10
94164,0
94165,9
94172,0
94174,0
94178,10
94187,5
94188,4
94189,5
94192,8
94195,2
94196,5
94197,0
94200,10
94202,7
94205,1
94216,3
94216,5
94223,0
94223,2
94236,4
94246,2
94249,10
94251,8
94253,3
94258,6
94266,10
94285,3
94290,9
94306,7
94307,6
94308,10
94309,2
94312,5
94331,3
94336,3
94337,9
94339,5
94350,9
94357,10
94362,10
94372,10
94378,2
94379,0
94379,5
94381,10
94386,2
94395,3
94397,8
94398,9
94398,5
94401,6
94407,7
94407,8
94408,0
94413,7
94414,0
94416,4
94422,4
94424,2
94426,2
94434,4
94448,3
94454,9
94463,0
94469,4
94472,0
94476,10
94479,2
94479,4
94486,1
94496,10
94515,4
94518,6
94525,0
94537,9
94538,10
94542,7
94542,0
94542,5
94543,7
94545,6
94556,3
94557,4
94561,1
94567,4
94567,1
94567,8
94568,0
94572,0
94574,2
94576,6
94578,6
94579,1
94583,4
94587,8
94590,8
94596,0
94597,6
94599,10
94599,4
94599,8
94609,4
94613,7
94614,3
94624,8
94638,9
94639,3
94639,9
94639,4
94642,2
94650,2
94659,7
94660,5
94667,10
94667,5
94670,2
94671,10
94674,8
94675,8
94680,0
94681,4
94684,1
94688,7
94690,1
94697,9
94702,5
94702,10
94709,2
94716,10
94738,1
94739,1
94745,0
94746,2
94752,2
94756,6
94758,3
94759,7
94761,1
94770,5
94772,1
94773,5
94774,4
94774,3
94774,6
94775,1
94779,7
94782,2
94782,5
94785,1
94789,6
94801,7
94802,8
94814,5
94822,1
94827,3
94828,6
94833,10
94834,0
94836,2
94839,3
94840,3
94841,1
94842,10
94844,6
94845,2
94848,2
94850,2
94850,9
94853,3
94854,7
94859,3
94863,4
94864,10
94870,3
94871,1
94873,0
94874,6
94879,9
94881,10
94883,7
94886,10
94887,0
94889,9
94889,10
94890,9
94901,5
94905,4
94912,9
94912,0
94916,4
94916,10
94922,9
94923,0
94927,3
94933,9
94934,2
94935,0
94936,2
94937,9
94939,1
94946,4
94956,9
94959,8
94960,8
94971,9
94972,1
94982,0
94987,2
95000,3
95001,10
95001,7
95009,0
95011,3
95013,6
95014,4
95017,5
95025,0
95026,9
95028,0
95030,4
95030,1
95037,4
95041,7
95042,7
95044,10
95050,7
95053,5
95056,4
95059,9
95073,5
95073,0
95078,4
95079,4
95079,3
95080,10
95081,6
95086,2
95088,7
95089,8
95090,5
95093,0
95105,1
95108,3
95113,9
95114,7
95117,1
95120,7
95128,8
95132,8
95132,7
95151,7
95154,6
95157,0
95164,6
95165,8
95166,10
95167,8
95171,7
95172,2
95177,8
95179,9
95197,2
95204,6
95222,6
95233,1
95235,3
95239,0
95239,4
95241,5
95242,1
95244,2
95245,8
95247,8
95248,0
95255,8
95260,0
95261,10
95266,8
95268,0
95271,8
95272,0
95273,10
95277,5
95280,0
95284,6
95286,2
95290,0
95295,1
95298,10
95299,7
95300,3
95304,8
95308,8
95311,4
95311,5
95315,3
95318,3
95323,4
95324,6
95328,4
95330,9
95335,5
95335,6
95339,5
95340,2
95341,4
95343,2
95349,3
95354,6
95361,5
95365,9
95368,5
95369,10
95369,4
95382,6
95385,0
95388,9
95397,10
95406,7
95409,9
95413,8
95419,5
95422,2
95436,9
95450,9
95468,0
95471,4
95474,6
95478,9
95484,10
95487,4
95499,3
95510,2
95513,0
95515,9
95516,3
95517,4
95518,10
95520,0
95522,8
95522,7
95531,1
95532,6
95533,3
95538,9
95542,0
95543,2
95548,1
95550,7
95554,5
95563,8
95568,10
95574,4
95577,2
95584,3
95584,4
95585,6
95588,6
95598,2
95599,3
95612,2
95620,8
95624,5
95624,1
95625,5
95625,6
95626,8
95637,8
95639,3
95647,6
95650,1
95654,0
95661,5
95671,10
95671,8
95678,3
95684,4
95689,10
95695,6
95699,0
95707,10
95711,9
95715,9
95715,0
95718,5
95721,3
95724,0
95733,10
95741,7
95741,10
95752,2
95754,8
95755,3
95758,9
95760,8
95772,5
95778,8
95790,7
95798,7
95803,9
95815,5
95822,9
95834,9
95835,10
95835,9
95838,5
95838,4
95843,10
95852,4
95852,2
95852,6
95853,8
95854,2
95859,4
95861,10
95863,3
95868,8
95872,2
95882,0
95885,6
95890,2
95902,7
95906,8
95908,3
95912,9
95913,10
95917,0
95920,6
95923,5
95933,6
95938,2
95939,4
95944,10
95944,7
95946,6
95947,0
95948,8
95955,10
95959,2
95960,2
95962,3
95973,10
95973,8
95977,5
95978,1
95980,5
95981,9
95982,0
95985,5
95989,7
95990,2
96004,4
96007,6
96009,8
96009,1
96011,9
96019,3
96022,6
96023,5
96026,7
96028,3
96032,6
96034,2
96039,8
96044,7
96045,8
96048,2
96053,10
96061,6
96069,7
96079,2
96081,2
96082,2
96083,4
96095,6
96096,1
96099,9
96106,10
96106,9
96108,7
96112,9
96113,3
96115,1
96117,2
96123,3
96123,9
96124,1
96126,1
96126,5
96131,7
96133,3
96134,4
96134,8
96144,5
96145,6
96152,9
96160,7
96161,6
96167,4
96170,1
96177,1
96180,8
96184,0
96188,3
96189,4
96193,4
96193,1
96194,0
96211,3
96212,10
96218,0
96219,2
96221,0
96225,2
96231,4
96235,8
96235,9
96240,10
96245,10
96254,2
96255,0
96258,0
96260,8
96261,1
96262,5
96267,4
96269,5
96277,5
96277,0
96279,1
96284,9
96286,5
96293,7
96294,10
96295,10
96298,6
96300,8
96303,6
96306,4
96310,8
96313,8
96323,6
96323,4
96324,8
96325,4
96325,6
96335,2
96335,8
96338,7
96340,6
96356,4
96363,8
96379,0
96382,3
96387,10
96393,5
96401,10
96404,0
96408,9
96411,3
96418,4
96426,1
96433,7
96442,3
96444,1
96450,1
96457,4
96457,0
96458,9
96464,2
96467,7
96467,10
96471,1
96471,5
96472,3
96472,8
96473,7
96476,7
96484,6
96488,2
96498,5
96500,3
96502,9
96502,4
96503,1
96504,3
96521,5
96529,1
96534,8
96536,9
96537,9
96539,10
96542,1
96546,10
96547,1
96552,6
96553,6
96554,9
96555,10
96559,5
96566,0
96567,9
96569,6
96570,6
96571,1
96580,7
96582,0
96585,6
96588,9
96591,7
96591,8
96593,4
96595,6
96598,3
96602,4
96606,1
96613,1
96614,1
96616,6
96616,1
96621,8
96624,4
96639,5
96643,6
96643,1
96658,8
96663,7
96663,8
96664,6
96665,7
96668,2
96670,8
96674,10
96675,3
96685,0
96691,7
96702,4
96705,8
96706,0
96711,9
96717,1
96717,8
96718,5
96719,2
96727,7
96730,8
96730,3
96731,8
96732,5
96740,7
96744,3
96748,2
96765,7
96767,4
96777,2
96778,8
96778,4
96780,4
96782,3
96783,1
96787,7
96794,2
96798,2
96799,3
96799,5
96801,2
96804,4
96808,7
96811,5
96811,1
96812,9
96817,4
96825,7
96829,7
96835,2
96836,4
96847,6
96848,0
96849,1
96850,9
96851,2
96859,2
96860,6
96863,10
96865,3
96881,5
96888,5
96890,3
96891,1
96891,5
96891,8
96893,8
96895,10
96905,8
96909,3
96912,0
96912,6
96912,4
96916,3
96922,5
96927,7
96927,10
96940,10
96943,8
96943,4
96949,10
96950,1
96952,6
96956,6
96959,3
96960,4
96960,2
96962,2
96962,8
96963,9
96966,5
96976,1
96978,5
96980,9
96981,2
96981,6
97010,2
97012,1
97012,8
97019,2
97037,7
97038,7
97041,3
97065,7
97065,3
97070,10
97078,2
97078,10
97079,9
97087,4
97088,10
97089,2
97096,0
97104,9
97105,2
97110,6
97117,0
97119,5
97120,5
97121,0
97127,0
97128,2
97133,2
97137,3
97137,5
97140,8
97143,5
97143,7
97146,4
97159,2
97160,7
97161,2
97161,0
97161,7
97162,9
97163,9
97164,3
97165,8
97165,6
97166,4
97167,2
97172,2
97181,0
97183,8
97186,6
97191,9
97197,1
97198,1
97200,5
97203,8
97209,1
97214,2
97214,9
97219,5
97224,9
97224,0
97227,8
97232,2
97232,3
97237,7
97242,10
97246,2
97249,10
97251,4
97255,1
97259,2
97260,0
97263,4
97271,5
97273,5
97273,10
97275,3
97280,5
97287,10
97290,5
97292,7
97293,5
97293,6
97294,4
97299,9
97301,5
97306,4
97306,9
97312,3
97315,2
97316,0
97319,3
97321,7
97321,8
97324,9
97344,4
97350,8
97355,5
97364,5
97369,6
97373,10
97374,8
97375,5
97376,9
97377,10
97377,1
97378,3
97386,8
97387,2
97395,3
97401,8
97404,5
97408,8
97408,1
97410,8
97413,10
97414,9
97416,4
97416,8
97420,8
97424,9
97425,1
97428,2
97429,10
97430,10
97433,0
97438,3
97443,0
97453,0
97455,4
97460,5
97473,5
97476,3
97477,8
97483,5
97490,2
97491,1
97492,9
97500,4
97500,6
97503,4
97507,2
97510,2
97510,1
97514,3
97515,9
97515,1
97519,4
97524,4
97529,9
97530,4
97531,6
97543,9
97544,3
97547,10
97549,2
97556,1
97562,7
97567,6
97567,0
97576,3
97584,2
97587,8
97591,3
97597,0
97597,2
97598,4
97599,5
97604,2
97605,5
97608,1
97609,0
97611,9
97617,3
97618,8
97618,0
97619,8
97624,8
97627,3
97633,7
97637,3
97639,2
97646,3
97647,3
97648,8
97649,9
97649,4
97650,1
97655,1
97656,3
97669,10
97669,4
97674,3
97677,9
97679,9
97680,6
97684,9
97686,8
97690,3
97698,8
97701,0
97701,6
97701,8
97702,1
97703,7
97709,8
97711,7
97713,6
97715,0
97728,8
97730,7
97739,10
97742,6
97742,5
97753,5
97756,8
97764,0
97770,5
97771,7
97774,2
97782,10
97782,9
97784,1
97793,8
97795,6
97798,8
97801,5
97804,4
97810,4
97814,5
97815,5
97817,6
97818,6
97820,2
97821,10
97823,10
97833,0
97836,4
97847,7
97848,8
97849,8
97860,5
97861,3
97866,6
97870,1
97872,5
97875,9
97876,1
97878,6
97879,9
97884,6
97889,4
97890,8
97896,10
97897,3
97899,9
97905,1
97923,6
97924,7
97934,1
97934,8
97935,1
97943,0
97951,7
97953,1
97955,9
97959,8
97959,7
97967,8
97977,9
97984,7
97995,4
98001,10
98005,7
98012,4
98022,6
98031,0
98034,2
98034,3
98050,6
98052,10
98054,8
98070,10
98072,3
98075,5
98077,1
98077,4
98083,6
98084,6
98086,2
98096,4
98098,2
98098,6
98099,7
98101,0
98101,7
98128,7
98135,3
98135,10
98136,3
98145,8
98145,7
98147,5
98149,4
98149,2
98151,0
98156,0
98163,1
98165,7
98173,9
98173,10
98180,7
98181,6
98185,0
98188,1
98188,6
98195,0
98200,10
98202,10
98214,3
98214,6
98226,5
98228,8
98232,7
98235,5
98236,10
98237,0
98237,9
98241,9
98242,10
98245,3
98248,4
98249,5
98251,6
98256,0
98264,7
98272,5
98275,10
98283,4
98290,7
98293,2
98302,1
98303,7
98316,6
98327,8
98329,5
98342,7
98352,2
98354,10
98354,4
98360,5
98361,9
98365,1
98366,8
98367,3
98370,2
98370,9
98382,6
98384,2
98396,0
98402,5
98405,7
98407,6
98410,9
98414,2
98417,9
98421,6
98423,4
98431,7
98433,7
98437,3
98437,4
98439,2
98440,0
98443,8
98447,4
98448,7
98448,2
98456,5
98462,9
98466,1
98467,1
98467,7
98474,10
98475,0
98475,6
98476,2
98479,1
98489,8
98491,7
98495,1
98497,5
98497,2
98499,10
98500,6
98500,3
98503,3
98504,10
98508,10
98511,10
98512,10
98518,8
98527,9
98528,4
98533,9
98534,8
98539,8
98540,8
98541,10
98556,2
98578,9
98585,1
98585,5
98592,0
98596,6
98601,3
98602,0
98603,7
98605,5
98610,8
98610,6
98612,4
98613,9
98618,6
98619,6
98623,6
98628,9
98628,10
98629,2
98634,3
98640,8
98641,8
98659,6
98659,1
98661,10
98664,6
98666,8
98666,0
98668,1
98669,7
98678,5
98679,8
98680,10
98685,7
98686,10
98687,7
98692,1
98694,9
98698,10
98702,4
98707,5
98712,9
98716,1
98719,7
98719,6
98722,9
98729,1
98730,10
98733,4
98733,3
98735,10
98736,10
98742,10
98757,5
98759,8
