CustomerID,CategoryID
1,5
1,9
8,7
8,10
10,0
10,7
11,10
12,1
15,5
16,0
18,5
19,0
21,9
23,6
25,0
27,6
29,8
30,3
31,5
31,10
34,5
34,7
37,6
38,6
39,7
39,3
39,0
40,2
41,9
43,6
44,9
46,5
48,3
48,1
51,10
56,8
58,7
61,5
61,2
65,4
66,2
66,5
66,7
68,5
75,5
76,7
77,3
78,4
78,8
78,5
79,2
80,7
84,8
87,2
89,2
92,4
92,10
94,1
97,5
97,9
106,1
108,4
108,6
109,5
110,4
112,7
118,9
124,7
125,4
130,5
131,2
147,4
149,5
150,7
152,10
152,0
153,10
153,9
154,4
154,1
155,9
158,2
160,1
160,8
160,10
160,5
161,5
163,1
164,5
164,1
166,7
167,0
168,0
168,9
170,6
172,6
173,2
174,2
174,6
177,8
178,6
180,3
181,6
185,6
189,1
191,5
194,7
199,0
199,8
201,5
204,2
205,7
207,8
212,1
213,2
214,5
215,6
217,9
217,4
218,6
218,10
220,6
221,4
221,10
224,4
225,4
232,2
232,3
233,2
234,9
235,7
235,1
237,6
237,3
240,1
244,8
246,7
246,3
249,9
252,0
254,9
257,0
258,9
259,5
263,9
263,8
263,7
266,2
269,7
270,6
270,1
272,10
274,1
278,10
281,0
282,1
282,4
284,9
287,9
290,5
296,0
296,5
296,9
297,2
297,0
301,8
302,1
306,10
306,4
306,6
308,2
308,6
308,9
310,0
311,1
311,10
312,7
313,2
313,4
315,7
316,9
317,3
323,3
325,6
326,4
326,5
327,1
329,10
329,5
330,0
330,4
331,10
331,5
339,8
340,5
342,5
342,6
345,6
346,4
354,5
354,6
355,0
356,4
356,1
358,7
359,0
362,1
363,9
366,7
366,3
367,2
369,5
371,4
372,5
376,7
378,8
379,7
381,3
382,0
383,3
383,8
386,4
387,10
388,5
396,4
400,9
405,6
406,9
406,4
407,0
409,2
409,0
412,3
414,1
415,6
417,3
420,10
421,3
423,10
428,4
431,1
432,4
437,6
443,8
445,10
446,0
447,7
450,7
452,9
454,10
454,8
456,9
462,7
463,10
465,5
467,2
468,3
470,9
470,5
470,2
470,7
471,10
472,0
472,1
475,10
478,10
482,5
484,10
487,8
489,1
490,1
493,0
498,4
498,3
499,5
499,10
501,0
503,0
505,9
505,2
506,5
508,5
515,5
518,10
518,2
521,0
522,9
523,8
524,0
525,9
526,6
526,9
527,5
533,9
536,9
538,7
538,4
539,4
541,9
542,10
542,3
543,9
546,0
547,1
548,3
551,2
554,10
555,6
562,10
564,10
564,4
565,0
567,10
571,4
573,3
574,1
575,9
578,1
580,0
581,3
583,10
585,6
586,6
588,5
588,9
589,6
590,7
590,5
601,6
605,9
606,5
607,9
609,8
610,2
611,10
613,7
615,4
616,3
616,7
618,0
620,3
620,8
620,5
623,6
625,0
628,6
633,1
634,6
638,3
641,1
642,4
643,0
648,5
652,5
655,6
655,0
655,7
661,6
664,3
675,5
677,7
677,9
679,3
686,1
689,5
689,6
690,8
694,7
696,7
697,1
697,4
698,8
699,6
699,3
702,6
702,2
706,8
707,2
708,10
709,0
710,3
711,2
712,7
712,10
721,7
722,6
723,3
726,4
727,4
729,1
731,3
732,0
734,2
737,7
738,9
739,0
740,2
741,8
742,2
743,1
747,3
757,10
757,1
759,2
760,6
761,6
761,5
762,8
764,8
769,8
769,2
771,0
773,1
780,3
783,2
784,7
785,10
785,3
789,1
790,3
790,5
791,4
792,4
798,5
807,0
807,2
808,0
809,2
810,9
812,10
815,4
817,8
819,7
820,8
820,3
821,10
823,0
825,6
826,5
827,6
830,7
832,7
836,10
837,0
838,4
845,1
846,1
849,6
849,5
852,10
853,1
856,9
862,0
862,1
862,8
864,2
865,6
866,9
866,10
867,7
871,4
872,6
874,9
874,2
878,3
878,1
879,10
885,4
887,6
887,0
888,2
889,3
889,5
889,9
892,8
893,10
895,1
898,8
898,10
900,9
901,5
901,8
909,3
924,2
929,4
931,4
931,5
934,6
935,1
937,8
943,7
944,5
947,8
950,9
951,5
954,1
956,4
956,5
960,0
963,4
964,4
966,1
967,5
971,10
972,3
974,0
974,10
975,3
978,4
983,7
983,4
983,9
984,7
986,7
987,4
988,4
989,1
990,9
991,7
991,2
992,7
995,7
996,0
997,4
1000,1
1002,6
1002,9
1007,1
1008,1
1016,2
1018,5
1019,8
1021,10
1021,8
1021,4
1021,5
1028,8
1030,2
1030,3
1030,8
1034,8
1034,3
1035,10
1036,6
1046,9
1050,3
1051,9
1055,8
1059,4
1059,6
1061,7
1063,9
1064,0
1068,2
1077,1
1079,8
1084,9
1090,10
1091,3
1093,3
1094,1
1097,4
1100,6
1100,8
1101,9
1103,6
1105,9
1107,4
1107,1
1110,5
1111,9
1114,4
1115,7
1116,6
1116,4
1117,8
1118,7
1122,1
1122,8
1125,8
1126,0
1127,5
1128,9
1129,6
1132,1
1134,4
1135,4
1136,3
1138,2
1139,0
1140,7
1141,9
1141,8
1142,8
1143,7
1146,6
1148,10
1150,2
1150,7
1153,5
1153,8
1154,5
1156,2
1161,1
1161,3
1162,4
1167,4
1168,7
1168,2
1171,9
1171,1
1174,0
1179,9
1182,1
1182,7
1187,5
1188,8
1188,10
1189,3
1192,7
1196,7
1196,2
1197,2
1200,3
1201,5
1201,6
1201,0
1202,5
1207,7
1211,10
1212,8
1214,9
1215,8
1216,2
1217,3
1218,8
1221,7
1225,4
1226,9
1227,4
1229,1
1234,0
1237,6
1239,4
1240,6
1242,5
1242,1
1248,10
1250,8
1253,10
1253,8
1253,2
1254,5
1255,7
1261,2
1264,8
1265,7
1266,10
1266,9
1267,7
1269,3
1272,4
1272,6
1272,9
1274,9
1274,4
1279,3
1284,7
1286,3
1288,2
1288,7
1295,8
1297,2
1297,7
1299,6
1302,5
1304,0
1305,3
1305,0
1310,8
1312,8
1315,3
1317,0
1317,4
1323,5
1325,8
1325,0
1330,10
1332,3
1333,0
1333,2
1335,5
1337,5
1338,5
1340,0
1341,10
1341,8
1348,10
1348,8
1352,8
1352,0
1352,6
1356,7
1356,10
1359,9
1362,3
1364,6
1365,0
1366,7
1368,10
1378,0
1379,4
1380,1
1382,6
1383,8
1383,10
1385,6
1386,7
1387,6
1388,9
1389,9
1395,0
1396,10
1398,1
1398,9
1398,2
1400,8
1401,8
1402,1
1404,3
1405,9
1410,3
1411,9
1413,5
1413,4
1413,8
1417,10
1419,10
1424,1
1427,10
1431,9
1433,10
1434,4
1436,3
1437,8
1438,9
1439,4
1442,6
1443,3
1444,5
1445,2
1447,8
1453,8
1454,4
1456,6
1460,1
1460,5
1461,2
1463,8
1467,7
1469,6
1470,7
1470,1
1476,7
1477,8
1477,9
1481,6
1481,7
1482,2
1484,8
1489,3
1489,9
1489,10
1493,3
1497,10
1497,8
1500,7
1501,3
1511,7
1513,7
1513,6
1516,7
1517,7
1521,1
1526,2
1528,3
1530,2
1531,1
1532,1
1533,4
1535,6
1536,4
1537,5
1540,10
1541,4
1543,10
1551,8
1552,9
1554,6
1557,5
1558,9
1558,6
1559,7
1562,6
1564,6
1564,2
1564,4
1566,2
1567,2
1567,10
1567,8
1567,7
1574,7
1576,10
1580,8
1583,6
1584,5
1585,3
1585,5
1588,5
1591,2
1591,8
1593,7
1595,10
1598,4
1598,6
1599,10
1602,1
1605,0
1605,2
1608,2
1609,0
1611,4
1611,2
1612,5
1614,1
1621,2
1623,10
1628,0
1628,4
1633,1
1635,4
1638,5
1638,4
1643,8
1644,10
1645,7
1649,2
1650,6
1652,6
1655,7
1656,9
1656,1
1658,1
1660,0
1661,4
1663,1
1664,2
1667,8
1668,3
1670,7
1672,7
1673,5
1677,10
1683,4
1689,2
1691,5
1692,2
1693,10
1696,10
1697,7
1702,6
1708,10
1710,9
1713,7
1715,10
1715,5
1718,9
1724,0
1726,8
1726,0
1728,6
1732,2
1735,10
1737,5
1739,0
1740,2
1746,2
1746,5
1747,8
1748,0
1749,4
1753,5
1755,1
1758,7
1759,9
1759,7
1761,5
1762,9
1768,1
1769,5
1770,0
1775,7
1776,3
1779,0
1783,5
1785,9
1785,5
1786,7
1786,10
1787,0
1787,4
1790,6
1791,8
1791,5
1794,9
1794,2
1800,4
1803,4
1805,10
1807,1
1807,0
1808,3
1810,3
1812,3
1814,5
1818,4
1821,7
1822,10
1824,6
1825,7
1825,4
1825,8
1826,10
1827,8
1830,3
1831,5
1832,10
1836,8
1837,9
1839,9
1839,6
1844,1
1845,8
1845,4
1851,7
1851,6
1851,2
1853,1
1854,4
1854,0
1857,5
1858,10
1860,5
1863,4
1866,10
1867,5
1870,4
1872,7
1875,5
1875,2
1876,6
1878,10
1879,1
1882,0
1885,10
1886,2
1886,7
1889,3
1895,2
1895,6
1896,9
1897,5
1900,2
1901,10
1905,9
1905,1
1907,3
1907,7
1911,5
1916,3
1918,1
1920,10
1921,1
1923,5
1923,0
1925,8
1925,10
1928,9
1934,4
1935,3
1937,5
1938,3
1946,0
1946,6
1946,4
1948,9
1952,5
1953,9
1955,4
1956,4
1956,6
1958,6
1960,8
1967,4
1968,8
1969,6
1972,3
1974,10
1975,1
1976,8
1977,8
1977,9
1979,8
1980,4
1984,1
1986,8
1987,1
1991,9
1991,5
1994,0
1995,7
1999,6
1999,2
1999,10
2001,1
2004,7
2006,1
2009,1
2011,10
2015,2
2017,5
2017,6
2019,0
2022,8
2023,3
2026,5
2029,7
2034,7
2036,1
2038,0
2043,6
2045,7
2047,4
2047,8
2049,10
2050,4
2051,8
2054,3
2059,9
2065,7
2065,3
2071,10
2075,6
2077,0
2077,1
2081,4
2082,0
2086,7
2086,10
2090,9
2092,7
2092,5
2093,8
2097,7
2098,10
2101,6
2101,5
2104,8
2108,5
2111,9
2112,9
2116,8
2123,2
2123,8
2124,2
2125,4
2129,4
2131,4
2132,9
2133,7
2135,4
2140,5
2141,2
2142,6
2145,1
2145,4
2145,10
2146,3
2147,9
2148,8
2151,4
2152,6
2154,9
2158,8
2159,0
2161,10
2166,2
2168,2
2169,4
2171,1
2173,6
2176,6
2177,7
2184,10
2184,5
2185,0
2186,5
2187,4
2190,3
2194,3
2196,2
2197,2
2198,6
2203,9
2205,8
2205,5
2205,3
2214,10
2217,7
2218,8
2218,6
2220,0
2222,4
2224,8
2230,2
2232,1
2232,10
2233,7
2234,6
2234,1
2237,6
2239,2
2240,1
2240,9
2242,3
2243,5
2246,7
2250,3
2251,5
2252,7
2258,4
2259,3
2261,10
2262,8
2269,0
2272,6
2274,1
2276,8
2276,10
2277,0
2277,2
2277,1
2281,0
2283,6
2283,5
2284,6
2287,0
2288,5
2290,0
2293,3
2299,0
2304,8
2305,3
2307,10
2308,4
2308,6
2309,2
2310,7
2312,4
2312,0
2313,5
2315,9
2316,6
2322,10
2325,10
2329,10
2331,6
2341,4
2341,7
2341,10
2341,3
2346,9
2350,6
2351,5
2353,8
2354,2
2356,9
2360,6
2361,5
2372,9
2377,5
2378,2
2380,3
2380,5
2389,5
2390,10
2391,5
2393,8
2393,9
2394,5
2403,0
2404,10
2404,2
2406,1
2406,0
2409,6
2412,8
2413,0
2413,2
2415,7
2415,0
2421,5
2421,6
2422,0
2423,5
2423,9
2425,10
2426,6
2429,2
2430,6
2434,7
2435,2
2438,6
2438,5
2439,10
2439,9
2442,3
2442,4
2448,1
2450,6
2452,2
2454,2
2454,8
2455,8
2460,1
2461,9
2463,0
2464,2
2467,8
2470,6
2471,9
2472,5
2472,7
2476,2
2477,6
2477,0
2477,4
2480,4
2481,1
2482,0
2482,3
2483,7
2484,6
2485,4
2488,10
2490,3
2500,6
2500,7
2502,3
2508,0
2509,0
2509,10
2515,1
2517,7
2518,6
2522,3
2524,0
2526,6
2528,8
2529,1
2532,1
2534,7
2536,5
2536,4
2540,6
2541,6
2544,4
2545,6
2546,2
2546,8
2548,6
2550,0
2551,0
2552,3
2552,8
2556,2
2558,3
2563,1
2564,7
2567,4
2567,0
2570,9
2570,2
2574,4
2575,3
2575,5
2577,7
2581,2
2582,8
2583,3
2583,6
2587,8
2588,9
2589,9
2592,2
2593,1
2594,2
2598,6
2599,5
2601,4
2602,6
2603,7
2604,10
2605,2
2608,5
2609,5
2610,3
2610,5
2611,1
2614,10
2617,1
2618,6
2619,3
2621,9
2626,3
2627,1
2629,10
2629,4
2629,3
2630,8
2630,10
2640,5
2641,8
2641,9
2642,1
2646,9
2650,8
2651,2
2653,7
2657,0
2658,1
2661,9
2661,6
2661,8
2662,0
2664,1
2664,10
2665,1
2665,9
2666,3
2668,2
2669,6
2670,6
2670,5
2672,10
2679,0
2681,3
2682,5
2683,0
2684,6
2684,3
2686,10
2687,4
2688,2
2689,9
2689,1
2692,10
2695,10
2695,7
2697,7
2700,10
2701,4
2703,9
2704,7
2705,10
2713,3
2715,0
2715,7
2717,1
2718,8
2719,8
2723,9
2726,8
2727,6
2727,1
2728,2
2730,1
2730,5
2731,5
2731,9
2736,2
2736,8
2738,6
2742,2
2749,0
2750,8
2750,7
2754,9
2755,4
2756,7
2756,0
2756,4
2760,9
2764,5
2767,10
2767,8
2768,4
2768,1
2769,4
2771,2
2773,7
2774,7
2775,3
2776,10
2780,10
2780,1
2781,9
2782,3
2786,6
2786,10
2788,9
2793,5
2794,8
2794,6
2796,10
2797,0
2799,0
2802,6
2804,10
2806,2
2808,3
2808,7
2810,5
2814,10
2821,0
2822,10
2826,3
2831,10
2836,3
2839,8
2840,9
2841,7
2841,9
2841,1
2842,2
2843,10
2844,8
2850,4
2851,3
2852,8
2854,4
2855,0
2860,5
2861,3
2868,8
2868,2
2869,9
2871,6
2871,10
2874,2
2875,7
2877,0
2878,0
2879,10
2883,7
2883,5
2886,0
2886,7
2888,4
2889,10
2889,9
2889,3
2891,1
2892,9
2893,3
2898,4
2902,7
2902,6
2902,0
2904,4
2904,3
2909,0
2910,7
2910,3
2912,6
2914,6
2919,2
2919,8
2920,3
2920,7
2924,1
2927,8
2929,4
2941,4
2943,2
2943,1
2944,9
2946,6
2947,5
2948,5
2952,4
2953,2
2955,1
2957,6
2957,2
2958,8
2959,9
2963,5
2966,6
2969,10
2970,4
2972,6
2972,9
2973,5
2973,8
2975,7
2976,7
2986,4
2986,6
2990,4
2990,9
2991,9
2993,6
2996,10
2997,1
3000,9
3001,3
3002,1
3003,4
3003,6
3004,4
3004,3
3005,1
3010,0
3011,9
3013,10
3018,3
3021,8
3021,2
3025,6
3026,3
3028,0
3029,8
3029,4
3031,10
3032,1
3036,1
3038,6
3045,3
3046,9
3047,4
3047,1
3050,6
3054,10
3056,2
3059,2
3061,10
3063,5
3063,0
3070,4
3071,0
3071,9
3073,10
3076,6
3077,2
3078,10
3082,1
3082,5
3083,2
3084,10
3085,9
3092,0
3093,6
3094,8
3095,4
3096,9
3098,10
3099,3
3099,4
3101,6
3105,5
3107,6
3112,10
3114,5
3116,10
3119,3
3119,0
3122,6
3122,8
3128,9
3128,1
3129,9
3130,6
3140,6
3141,5
3141,8
3142,10
3144,0
3147,10
3149,4
3149,8
3155,5
3156,5
3156,0
3157,3
3162,10
3165,5
3166,1
3170,4
3172,9
3178,5
3178,2
3179,7
3182,3
3187,0
3188,2
3192,4
3193,6
3198,6
3199,0
3200,3
3200,7
3201,1
3201,7
3202,2
3202,0
3207,1
3208,0
3213,10
3213,1
3214,6
3216,1
3218,5
3220,4
3224,0
3225,9
3226,8
3227,7
3229,6
3231,10
3235,2
3237,7
3241,2
3241,9
3244,5
3245,5
3246,3
3250,10
3254,0
3264,10
3264,6
3264,9
3264,8
3265,1
3266,3
3266,4
3267,0
3267,4
3268,5
3270,2
3270,5
3273,9
3273,4
3275,3
3276,0
3279,2
3280,4
3280,7
3281,2
3282,6
3283,4
3288,6
3288,2
3289,1
3290,4
3290,7
3291,2
3294,0
3298,5
3299,6
3299,8
3300,4
3301,1
3301,4
3301,10
3302,5
3303,7
3304,8
3310,1
3312,6
3313,9
3313,7
3318,2
3319,1
3319,10
3321,4
3322,0
3323,10
3324,10
3327,9
3329,2
3335,0
3337,7
3338,7
3340,9
3340,0
3342,7
3343,1
3345,6
3351,9
3352,7
3355,5
3355,1
3355,10
3356,4
3357,2
3361,7
3361,6
3362,10
3362,6
3363,6
3367,2
3368,6
3369,1
3370,2
3371,4
3373,10
3374,1
3375,9
3379,7
3379,2
3381,0
3384,2
3385,0
3386,1
3386,2
3387,8
3388,8
3390,9
3391,8
3393,8
3395,0
3396,9
3401,0
3402,3
3403,10
3407,2
3408,3
3410,6
3413,1
3423,4
3424,4
3424,10
3425,9
3425,8
3426,1
3427,1
3433,5
3434,2
3434,9
3437,9
3438,3
3443,1
3447,3
3448,6
3450,10
3451,6
3452,4
3456,8
3461,9
3464,5
3464,8
3466,6
3466,2
3467,4
3467,9
3468,4
3470,6
3473,5
3475,6
3477,3
3478,10
3484,2
3485,2
3485,4
3486,3
3491,6
3491,3
3492,8
3496,9
3506,10
3506,1
3507,5
3507,1
3507,4
3508,6
3509,7
3513,4
3513,7
3513,9
3514,4
3515,4
3517,10
3518,10
3520,5
3521,3
3524,1
3525,6
3529,8
3532,4
3534,9
3534,8
3534,6
3537,2
3538,9
3539,6
3541,7
3541,1
3541,4
3542,5
3543,3
3544,0
3546,3
3547,6
3547,5
3549,3
3549,1
3551,9
3557,5
3560,4
3563,2
3564,1
3567,4
3569,2
3571,1
3571,8
3577,10
3581,2
3581,1
3582,10
3582,9
3585,5
3588,4
3590,1
3591,9
3592,8
3593,5
3595,7
3599,3
3599,2
3600,8
3601,6
3609,0
3610,2
3610,1
3611,3
3613,8
3614,1
3618,6
3619,1
3619,8
3621,9
3622,9
3622,8
3623,4
3624,7
3625,2
3626,7
3626,9
3629,8
3632,10
3633,9
3634,1
3634,6
3643,2
3646,2
3649,5
3650,5
3651,3
3653,4
3653,9
3654,9
3656,10
3659,6
3664,1
3665,3
3667,7
3669,3
3669,8
3671,3
3671,7
3672,2
3672,6
3673,1
3673,2
3676,5
3678,6
3679,10
3683,10
3684,4
3687,10
3687,0
3689,10
3689,1
3690,4
3692,8
3695,6
3695,0
3696,2
3699,7
3699,0
3701,9
3708,2
3710,8
3714,1
3715,3
3716,6
3718,8
3718,7
3719,4
3720,0
3722,1
3722,2
3726,10
3732,5
3735,1
3736,6
3737,8
3739,0
3740,6
3741,9
3744,7
3748,6
3749,5
3749,8
3750,2
3751,1
3752,6
3756,3
3758,0
3759,9
3761,8
3762,2
3763,1
3768,5
3770,5
3774,2
3777,8
3779,1
3780,7
3781,8
3782,5
3782,8
3785,10
3786,2
3787,5
3788,9
3790,7
3791,0
3791,3
3795,6
3795,10
3798,2
3798,6
3799,0
3804,2
3804,7
3805,7
3807,8
3809,4
3809,5
3810,8
3814,4
3816,1
3819,2
3821,6
3822,10
3822,9
3827,0
3832,5
3832,1
3832,7
3833,9
3835,9
3835,2
3836,9
3838,10
3839,6
3839,7
3841,5
3847,3
3847,7
3850,9
3853,5
3853,2
3854,8
3855,4
3855,8
3857,2
3861,5
3862,1
3864,1
3864,9
3865,10
3865,2
3873,1
3874,9
3878,10
3879,0
3880,1
3882,1
3889,0
3895,7
3896,4
3897,2
3897,0
3900,3
3901,9
3902,5
3903,2
3903,6
3904,5
3905,2
3908,4
3916,9
3917,9
3919,4
3920,5
3922,8
3923,4
3923,1
3924,6
3925,2
3928,1
3928,8
3929,1
3932,4
3932,2
3933,10
3934,0
3935,4
3939,3
3940,9
3940,5
3940,6
3941,1
3946,0
3947,3
3947,4
3951,6
3953,10
3958,9
3959,1
3959,7
3962,2
3966,7
3968,7
3969,0
3972,1
3972,0
3975,4
3975,5
3975,0
3978,9
3978,1
3979,2
3982,10
3985,7
3987,10
3988,9
3989,9
3994,10
3995,0
3996,2
3997,1
3998,5
3999,10
4007,3
4007,6
4008,10
4010,2
4011,8
4013,4
4015,3
4016,4
4017,7
4018,7
4018,4
4019,9
4023,8
4023,0
4026,3
4027,1
4028,6
4030,0
4037,7
4039,8
4040,2
4044,3
4045,6
4045,10
4046,5
4046,10
4047,9
4048,10
4051,4
4055,10
4057,4
4058,7
4059,9
4060,7
4061,5
4061,9
4062,7
4062,9
4063,0
4066,10
4067,8
4070,10
4071,2
4075,7
4075,0
4077,3
4078,2
4080,1
4081,9
4082,0
4087,5
4090,1
4092,3
4092,8
4094,10
4095,2
4095,4
4100,4
4101,6
4102,8
4103,9
4104,7
4107,10
4108,7
4110,8
4110,6
4111,9
4115,0
4116,6
4118,7
4122,1
4123,6
4124,9
4126,4
4126,10
4126,7
4127,0
4130,2
4131,10
4136,10
4137,5
4141,0
4143,8
4145,10
4145,4
4146,10
4148,8
4148,5
4148,2
4149,8
4150,1
4151,7
4151,8
4151,0
4159,7
4159,4
4159,8
4159,1
4160,5
4160,9
4162,7
4167,8
4167,7
4167,6
4168,0
4176,10
4177,8
4179,6
4180,3
4180,2
4184,0
4184,8
4184,6
4188,2
4188,9
4189,10
4190,4
4194,2
4195,8
4196,5
4200,2
4202,10
4204,5
4204,0
4204,2
4205,9
4206,5
4207,2
4207,3
4208,3
4209,9
4209,7
4211,1
4211,4
4212,3
4216,1
4216,8
4217,0
4219,3
4220,7
4220,5
4224,6
4225,9
4228,3
4228,9
4228,4
4231,9
4231,3
4232,1
4232,3
4233,4
4234,3
4235,3
4240,2
4241,8
4243,0
4244,4
4244,10
4257,1
4259,7
4261,1
4263,9
4267,7
4268,2
4269,8
4270,5
4274,4
4278,1
4279,5
4282,6
4283,2
4288,6
4289,9
4290,4
4290,10
4291,6
4294,9
4296,8
4296,6
4297,8
4298,1
4298,5
4299,5
4305,8
4306,6
4308,9
4308,6
4311,2
4311,4
4314,4
4314,7
4315,5
4316,7
4325,1
4325,9
4326,5
4328,9
4328,2
4328,6
4330,6
4331,9
4331,7
4332,1
4334,9
4336,10
4341,2
4342,8
4343,0
4344,9
4348,9
4350,10
4351,0
4351,9
4355,0
4357,8
4358,7
4363,0
4365,8
4371,4
4374,8
4375,9
4377,6
4377,7
4378,6
4380,8
4380,4
4381,6
4383,5
4387,8
4387,9
4388,4
4394,2
4395,2
4396,0
4397,1
4397,4
4402,9
4404,5
4410,2
4413,8
4414,7
4415,3
4420,6
4421,8
4423,0
4425,7
4425,6
4426,4
4430,6
4432,7
4435,6
4442,0
4449,6
4449,7
4453,9
4454,1
4457,10
4458,10
4459,10
4461,0
4462,3
4462,6
4463,0
4464,9
4464,2
4472,0
4472,4
4474,2
4481,6
4482,3
4483,4
4486,4
4487,3
4488,7
4490,3
4492,1
4496,10
4501,2
4502,8
4503,5
4508,2
4509,5
4509,9
4510,6
4511,6
4515,3
4516,5
4517,2
4518,5
4518,1
4522,1
4523,0
4523,8
4525,5
4530,5
4530,3
4532,1
4533,1
4535,3
4535,8
4536,7
4540,4
4544,6
4546,7
4549,10
4549,0
4553,10
4557,5
4557,9
4561,0
4561,6
4562,3
4566,4
4567,4
4570,5
4570,10
4577,1
4577,2
4580,1
4584,8
4585,10
4586,1
4586,2
4587,7
4587,5
4590,2
4590,9
4591,5
4601,4
4601,7
4608,8
4609,9
4610,7
4610,3
4611,10
4611,5
4611,9
4618,6
4622,10
4623,7
4623,1
4624,10
4628,1
4630,1
4635,4
4637,1
4637,10
4639,7
4641,10
4643,5
4645,4
4645,0
4645,3
4647,5
4648,0
4652,3
4656,7
4666,5
4667,2
4668,10
4672,8
4676,2
4679,0
4681,9
4685,4
4688,2
4690,5
4691,5
4697,8
4697,0
4699,1
4700,0
4702,7
4703,0
4705,4
4707,2
4709,0
4712,8
4715,1
4717,3
4718,0
4720,8
4722,4
4722,3
4722,1
4725,1
4733,1
4734,8
4735,1
4738,2
4745,3
4746,10
4751,0
4752,8
4754,3
4755,1
4758,7
4760,8
4761,3
4762,0
4762,9
4762,7
4764,2
4773,8
4774,8
4781,7
4781,4
4781,9
4783,6
4784,3
4785,2
4799,1
4799,10
4802,7
4803,10
4806,10
4806,0
4807,10
4808,2
4812,2
4812,9
4817,7
4820,8
4820,3
4821,9
4824,5
4826,0
4827,1
4828,6
4831,1
4832,3
4834,9
4836,0
4838,9
4839,1
4842,2
4842,9
4844,10
4845,1
4846,4
4856,4
4857,3
4858,4
4863,7
4864,10
4871,8
4873,8
4875,4
4878,9
4878,7
4878,1
4879,7
4879,8
4880,8
4881,3
4881,7
4886,1
4887,5
4889,2
4889,7
4890,2
4893,9
4893,10
4895,3
4896,3
4900,4
4901,9
4901,2
4901,8
4904,6
4905,3
4909,10
4911,3
4913,8
4915,0
4917,3
4922,5
4926,1
4929,8
4932,3
4934,4
4941,9
4941,2
4942,4
4944,8
4950,8
4951,5
4951,10
4954,3
4956,6
4957,4
4957,2
4959,5
4964,8
4966,0
4968,5
4977,9
4979,0
4979,6
4981,6
4983,3
4987,2
4988,6
4989,9
4991,0
4991,3
4991,10
4994,10
4997,9
4997,3
4999,4
5000,8
5006,3
5007,2
5007,5
5008,3
5011,9
5014,8
5020,2
5022,9
5031,4
5037,6
5041,5
5042,10
5044,2
5045,7
5046,6
5046,4
5046,2
5050,3
5052,7
5053,4
5054,5
5056,6
5058,10
5060,7
5064,6
5065,0
5066,0
5066,2
5073,0
5074,5
5079,8
5083,9
5084,6
5084,7
5084,0
5086,6
5086,5
5088,8
5089,10
5091,10
5094,3
5097,4
5097,9
5102,4
5107,8
5110,6
5112,5
5117,10
5117,4
5118,7
5118,3
5122,3
5126,1
5127,8
5127,5
5129,4
5129,2
5129,7
5131,1
5134,9
5134,6
5136,9
5139,7
5146,0
5151,2
5156,2
5156,1
5158,4
5159,3
5159,7
5160,4
5160,3
5162,1
5162,10
5162,9
5163,3
5163,8
5164,4
5166,2
5168,3
5169,7
5170,6
5172,9
5172,10
5174,5
5175,5
5178,5
5180,10
5182,1
5182,9
5183,8
5183,6
5185,7
5194,5
5200,6
5202,8
5203,1
5203,3
5206,10
5207,9
5207,1
5208,4
5209,7
5209,0
5217,10
5225,3
5234,1
5235,2
5235,0
5237,6
5237,4
5237,8
5238,4
5239,4
5240,0
5241,6
5245,0
5250,10
5252,10
5253,10
5253,4
5254,4
5256,9
5256,0
5256,1
5257,1
5257,7
5257,4
5258,3
5260,9
5264,8
5277,6
5280,0
5281,9
5283,6
5286,1
5287,6
5288,10
5288,0
5295,5
5300,1
5301,8
5307,7
5308,6
5309,6
5309,4
5311,9
5311,8
5314,8
5315,3
5315,5
5318,2
5319,3
5322,6
5322,4
5322,1
5322,10
5323,10
5325,10
5325,7
5326,10
5326,1
5327,4
5331,6
5332,0
5339,5
5339,0
5340,7
5344,4
5351,2
5351,0
5354,4
5355,7
5357,2
5362,5
5363,4
5367,5
5368,9
5371,10
5372,6
5373,9
5373,6
5377,9
5377,3
5379,2
5379,3
5389,2
5390,7
5393,5
5394,10
5396,7
5399,8
5405,6
5408,7
5409,7
5409,6
5412,3
5417,0
5418,10
5419,4
5422,7
5422,8
5424,6
5424,3
5425,4
5429,2
5430,7
5432,4
5432,2
5437,0
5439,8
5444,4
5444,0
5444,3
5447,10
5447,1
5449,4
5451,4
5451,1
5454,6
5456,9
5456,8
5457,8
5459,3
5461,7
5463,9
5470,5
5471,3
5471,5
5473,4
5474,6
5477,0
5479,6
5480,0
5481,6
5490,5
5492,6
5496,6
5499,1
5505,2
5506,7
5507,4
5508,0
5508,8
5509,10
5511,5
5512,6
5513,1
5516,1
5519,9
5520,9
5521,1
5523,3
5523,9
5525,5
5526,7
5526,0
5527,7
5528,10
5529,0
5544,8
5551,6
5553,2
5554,10
5557,5
5557,4
5560,7
5561,5
5566,2
5569,3
5571,8
5573,2
5573,8
5573,10
5574,1
5574,0
5575,6
5578,3
5578,8
5578,1
5581,4
5585,0
5593,1
5593,6
5600,9
5601,7
5602,3
5603,8
5604,6
5604,1
5606,9
5606,4
5608,5
5610,3
5610,1
5612,10
5612,3
5613,9
5616,2
5616,1
5621,2
5626,0
5628,9
5636,6
5638,8
5639,5
5647,9
5647,1
5648,4
5651,0
5651,8
5652,4
5653,9
5662,8
5662,10
5664,1
5665,4
5666,6
5666,4
5666,1
5669,8
5672,10
5674,1
5675,9
5676,5
5680,7
5683,10
5683,5
5684,0
5684,3
5684,5
5685,0
5689,3
5689,6
5694,9
5694,6
5700,6
5702,5
5703,2
5705,1
5706,0
5709,10
5711,2
5711,5
5713,2
5715,5
5716,3
5719,1
5721,7
5721,6
5723,0
5729,9
5730,7
5733,5
5735,3
5736,6
5741,9
5743,7
5744,7
5745,5
5752,2
5756,4
5758,6
5759,3
5759,7
5769,10
5770,3
5770,4
5770,9
5772,5
5777,6
5780,10
5781,3
5782,0
5782,1
5786,6
5789,7
5790,6
5791,10
5792,3
5794,4
5795,5
5806,1
5807,0
5807,7
5808,6
5808,1
5810,0
5814,1
5819,3
5819,8
5820,4
5822,3
5824,7
5825,5
5826,10
5826,6
5827,3
5828,2
5831,5
5832,9
5834,6
5836,7
5837,6
5842,5
5845,6
5845,9
5847,8
5849,10
5849,4
5850,9
5855,8
5858,0
5861,8
5861,1
5868,5
5868,3
5871,8
5873,2
5874,7
5876,2
5879,10
5883,8
5885,9
5887,8
5888,6
5892,9
5899,3
5901,5
5902,2
5903,8
5904,10
5910,2
5911,10
5914,1
5918,0
5921,6
5923,7
5923,1
5923,0
5927,4
5930,5
5932,0
5932,4
5933,2
5933,9
5934,3
5936,3
5938,10
5939,2
5939,1
5940,0
5942,5
5942,6
5943,2
5949,8
5949,3
5949,5
5952,8
5954,8
5959,6
5960,10
5964,10
5965,1
5966,6
5969,1
5969,6
5974,7
5978,2
5985,3
5989,1
5989,0
5989,7
5992,6
5993,0
5995,9
6000,3
6006,4
6010,1
6014,6
6014,0
6019,3
6022,9
6024,3
6025,8
6027,9
6027,6
6029,3
6030,10
6030,9
6031,3
6032,6
6035,4
6037,10
6038,9
6040,2
6040,6
6041,2
6041,6
6043,7
6051,2
6051,9
6057,10
6063,6
6063,8
6068,4
6070,7
6073,8
6073,4
6074,1
6077,9
6078,1
6079,6
6079,9
6079,1
6085,5
6086,0
6086,1
6090,0
6091,0
6091,5
6092,1
6092,9
6092,7
6093,1
6100,8
6102,9
6103,1
6104,8
6104,3
6107,6
6109,5
6109,10
6110,9
6110,7
6111,9
6113,5
6114,4
6115,1
6116,4
6118,1
6118,9
6121,10
6124,3
6125,7
6126,5
6126,6
6127,9
6128,2
6130,7
6130,4
6130,5
6133,10
6134,10
6135,2
6136,6
6139,6
6140,5
6140,7
6142,0
6142,2
6143,0
6144,8
6146,2
6150,7
6151,7
6152,1
6157,10
6159,4
6162,0
6162,10
6163,3
6163,7
6164,0
6165,4
6168,1
6172,1
6173,0
6179,9
6179,1
6183,5
6183,2
6184,3
6188,0
6188,3
6188,2
6189,10
6191,0
6192,7
6192,9
6193,6
6193,5
6194,1
6194,8
6196,9
6198,4
6201,10
6202,4
6202,9
6203,2
6204,7
6204,3
6204,9
6205,4
6206,5
6210,3
6211,6
6212,0
6213,1
6215,6
6217,2
6220,8
6220,6
6221,6
6225,8
6225,6
6226,3
6228,5
6230,8
6233,8
6233,6
6242,7
6246,8
6248,3
6248,7
6248,1
6250,8
6250,3
6251,5
6252,7
6252,4
6255,2
6256,10
6258,0
6259,2
6263,6
6264,3
6268,7
6272,10
6274,8
6275,9
6282,10
6284,2
6284,6
6287,1
6289,8
6289,10
6289,7
6290,5
6291,8
6291,4
6294,1
6295,5
6297,1
6298,6
6299,5
6304,6
6304,3
6306,5
6307,3
6309,7
6311,1
6311,8
6312,6
6314,4
6314,3
6314,0
6315,4
6316,1
6319,9
6328,0
6332,9
6333,4
6337,2
6338,9
6340,1
6340,5
6340,2
6341,5
6343,5
6343,9
6345,9
6345,6
6348,0
6350,0
6353,2
6354,2
6356,9
6357,9
6358,9
6358,0
6359,7
6360,9
6362,1
6364,6
6365,8
6365,5
6366,1
6367,7
6369,1
6369,7
6370,8
6371,2
6379,1
6381,0
6384,8
6384,4
6387,0
6389,5
6393,7
6394,0
6395,7
6395,2
6396,0
6400,8
6410,2
6412,5
6417,9
6419,7
6429,10
6430,9
6434,3
6435,2
6435,8
6439,0
6442,3
6444,2
6445,6
6450,3
6451,2
6452,7
6455,3
6458,3
6459,6
6460,1
6463,0
6463,1
6464,4
6465,1
6468,9
6468,10
6468,4
6469,8
6469,1
6471,8
6473,8
6473,1
6473,9
6474,2
6475,4
6481,3
6481,1
6484,2
6485,1
6486,1
6486,0
6487,8
6489,8
6494,2
6497,2
6504,1
6507,2
6509,4
6509,6
6511,9
6511,1
6517,4
6517,7
6521,4
6526,6
6528,5
6528,0
6529,3
6531,4
6531,3
6532,9
6536,9
6538,5
6539,2
6539,6
6543,8
6546,8
6548,5
6548,4
6549,1
6559,6
6559,9
6564,10
6564,7
6566,6
6569,8
6572,5
6577,8
6578,9
6579,1
6581,7
6582,6
6584,0
6588,8
6592,4
6593,6
6596,1
6597,3
6600,1
6601,7
6602,10
6603,0
6605,1
6605,5
6609,8
6613,9
6619,1
6620,2
6621,9
6623,10
6628,8
6632,5
6638,7
6638,9
6642,3
6644,1
6647,3
6648,4
6658,2
6659,4
6662,9
6663,2
6664,10
6668,2
6668,0
6668,7
6670,4
6672,8
6674,2
6677,0
6678,0
6679,9
6679,8
6681,9
6683,1
6684,9
6684,8
6685,0
6686,9
6686,10
6689,8
6690,1
6690,4
6691,10
6694,8
6695,4
6698,6
6699,3
6700,0
6700,8
6702,0
6703,9
6705,1
6707,1
6709,9
6711,4
6711,3
6711,6
6713,0
6716,5
6716,3
6717,7
6717,6
6721,5
6722,5
6725,10
6726,1
6726,7
6728,10
6728,3
6729,3
6731,0
6733,2
6737,3
6737,7
6738,3
6739,8
6740,9
6742,5
6744,9
6746,2
6747,6
6748,9
6750,1
6751,1
6752,5
6753,6
6753,7
6753,0
6755,10
6755,2
6758,3
6761,8
6762,10
6763,6
6769,6
6770,9
6776,2
6777,0
6781,1
6784,5
6786,5
6786,0
6788,4
6789,7
6793,1
6797,2
6797,0
6801,4
6803,2
6804,3
6806,1
6808,0
6808,8
6808,2
6810,9
6811,3
6813,3
6814,10
6814,4
6815,8
6821,6
6821,2
6822,5
6822,9
6822,1
6830,4
6831,4
6831,0
6831,2
6832,9
6834,1
6838,4
6840,9
6840,2
6846,7
6848,8
6849,4
6854,5
6855,7
6856,2
6857,9
6860,2
6863,0
6863,7
6864,5
6865,6
6870,10
6872,3
6874,3
6877,5
6878,4
6883,0
6884,9
6885,6
6886,2
6891,2
6894,2
6896,5
6898,2
6899,7
6905,0
6907,2
6907,0
6915,7
6917,1
6921,9
6924,5
6928,5
6929,6
6931,4
6935,9
6937,9
6941,0
6943,1
6946,4
6949,1
6950,6
6953,1
6953,5
6957,5
6960,1
6962,0
6963,7
6963,3
6964,0
6964,3
6965,8
6966,10
6972,9
6977,5
6977,6
6979,0
6979,4
6980,8
6982,2
6985,3
6991,3
6992,0
6992,2
6992,10
6993,4
6994,1
6995,3
6996,8
6999,1
6999,8
7000,6
7005,0
7005,1
7007,7
7013,7
7017,0
7018,9
7024,9
7025,6
7035,6
7037,9
7039,1
7040,0
7043,2
7043,6
7043,9
7044,5
7048,10
7048,6
7050,9
7054,0
7056,2
7070,10
7070,4
7071,9
7073,9
7077,0
7078,6
7078,3
7078,5
7080,0
7080,9
7084,3
7087,8
7089,3
7091,5
7092,3
7094,10
7095,1
7098,1
7100,4
7105,2
7108,3
7113,0
7115,10
7119,8
7120,4
7121,5
7125,6
7126,7
7127,3
7129,2
7137,4
7137,0
7138,3
7139,10
7139,3
7140,3
7143,0
7145,2
7145,8
7146,1
7146,5
7149,0
7150,8
7151,3
7154,0
7155,5
7159,6
7159,2
7162,6
7164,5
7172,2
7180,2
7182,10
7185,0
7185,7
7188,2
7188,4
7190,1
7192,3
7192,4
7195,2
7200,4
7201,10
7202,7
7205,4
7212,10
7216,2
7217,5
7219,4
7221,1
7223,5
7223,7
7226,8
7226,10
7229,8
7229,1
7231,2
7235,1
7237,2
7237,7
7239,0
7242,6
7245,2
7248,4
7249,6
7252,7
7253,2
7253,8
7253,10
7255,1
7255,9
7257,7
7259,4
7260,7
7261,2
7262,7
7266,8
7266,7
7267,2
7269,5
7270,8
7272,9
7272,4
7272,7
7275,6
7275,1
7276,8
7279,9
7282,8
7283,0
7285,5
7287,0
7289,0
7296,10
7296,6
7299,8
7305,9
7307,0
7307,5
7309,4
7314,5
7316,0
7317,5
7318,7
7319,9
7320,4
7321,5
7323,0
7323,3
7323,9
7325,5
7326,4
7328,3
7330,3
7331,5
7337,9
7339,10
7339,2
7340,4
7342,7
7342,5
7349,2
7357,0
7363,10
7363,9
7367,7
7370,8
7370,6
7378,8
7384,4
7387,5
7392,10
7396,1
7398,8
7400,1
7402,10
7409,1
7410,9
7411,10
7414,6
7416,5
7417,7
7420,5
7424,0
7424,10
7424,3
7425,7
7426,2
7428,5
7430,10
7430,2
7431,1
7431,7
7432,7
7434,1
7435,2
7436,8
7439,2
7440,0
7444,4
7444,9
7445,9
7445,0
7447,2
7448,9
7448,0
7450,0
7450,3
7456,4
7458,10
7459,3
7461,1
7463,4
7465,10
7466,8
7470,2
7477,2
7478,3
7481,1
7484,2
7486,6
7488,10
7492,5
7493,0
7498,4
7503,10
7505,8
7506,8
7508,9
7509,0
7512,5
7513,0
7513,10
7515,0
7517,6
7521,0
7521,7
7522,7
7522,2
7527,6
7527,0
7529,3
7529,9
7531,4
7532,1
7535,2
7537,7
7538,0
7538,7
7541,2
7544,1
7545,0
7553,1
7556,5
7557,2
7558,5
7561,1
7562,2
7564,0
7565,7
7566,1
7568,1
7568,0
7581,9
7583,3
7583,8
7583,5
7585,10
7585,6
7585,8
7586,7
7598,10
7600,10
7604,8
7605,3
7606,9
7607,7
7610,10
7611,9
7612,5
7613,3
7621,8
7622,4
7624,10
7626,4
7627,9
7629,5
7629,1
7629,9
7630,5
7630,2
7633,10
7634,3
7637,7
7641,0
7641,3
7645,9
7647,7
7649,3
7651,9
7654,7
7655,10
7658,10
7659,2
7659,9
7662,5
7664,1
7664,5
7666,0
7672,7
7673,7
7673,8
7673,3
7673,9
7673,5
7676,8
7678,0
7679,1
7681,4
7682,7
7684,8
7685,9
7687,0
7689,5
7696,8
7697,5
7698,4
7701,2
7703,7
7708,2
7711,3
7712,3
7716,0
7716,9
7723,5
7724,1
7726,2
7728,0
7731,3
7732,4
7733,5
7742,0
7745,10
7747,6
7748,4
7748,0
7748,6
7748,1
7755,5
7765,5
7767,1
7768,0
7772,1
7773,6
7778,10
7779,3
7781,1
7784,8
7785,8
7785,2
7786,2
7790,2
7791,3
7793,3
7795,4
7796,1
7797,8
7799,9
7799,5
7804,9
7805,2
7806,5
7808,5
7812,1
7814,2
7815,9
7816,9
7820,0
7821,0
7821,9
7825,2
7827,6
7836,5
7836,3
7836,9
7839,2
7839,6
7841,10
7841,2
7844,5
7847,0
7851,1
7851,9
7860,8
7862,0
7864,3
7864,7
7865,5
7869,1
7869,4
7872,6
7874,10
7877,3
7880,1
7882,9
7887,10
7889,9
7889,7
7890,9
7896,7
7900,5
7904,9
7905,3
7907,7
7909,0
7913,3
7915,10
7920,7
7921,1
7932,1
7933,1
7935,2
7936,2
7938,10
7938,1
7939,7
7940,4
7942,4
7943,1
7944,9
7948,6
7953,8
7953,9
7956,2
7959,2
7959,0
7962,9
7962,1
7963,1
7965,8
7968,1
7970,2
7972,10
7974,3
7976,4
7978,7
7979,5
7983,2
7984,7
7987,0
7989,1
7990,4
7990,10
7991,3
7992,0
7992,5
7993,2
7994,9
7998,2
8002,3
8004,10
8010,1
8012,0
8012,8
8014,2
8014,1
8015,0
8023,1
8024,4
8027,5
8027,6
8028,1
8030,10
8031,8
8031,7
8035,6
8036,8
8038,1
8039,5
8040,1
8041,1
8041,5
8046,10
8050,4
8052,0
8052,3
8055,4
8059,5
8059,3
8060,10
8065,6
8066,4
8068,10
8071,2
8075,9
8076,6
8078,0
8079,8
8079,0
8079,10
8082,6
8086,0
8088,9
8094,8
8098,8
8098,1
8105,4
8109,9
8110,8
8111,6
8114,2
8114,7
8115,10
8116,1
8117,7
8126,4
8126,5
8127,9
8127,10
8133,7
8139,7
8139,4
8144,1
8145,2
8147,9
8148,10
8149,1
8150,6
8154,6
8155,0
8155,9
8156,9
8157,7
8158,5
8159,9
8160,10
8164,0
8164,1
8165,7
8166,4
8168,6
8169,0
8171,7
8173,0
8175,4
8176,9
8179,5
8182,10
8183,6
8184,1
8188,2
8188,0
8189,5
8194,5
8195,0
8196,7
8199,8
8199,7
8201,1
8206,0
8209,6
8210,1
8210,2
8211,9
8211,10
8212,3
8214,4
8215,1
8215,8
8216,0
8216,10
8216,5
8217,2
8218,8
8219,4
8220,0
8222,4
8224,6
8226,5
8226,6
8229,3
8231,9
8231,1
8232,5
8235,7
8236,10
8236,5
8239,9
8239,0
8240,1
8241,2
8243,7
8243,6
8245,5
8247,3
8247,10
8247,7
8248,6
8250,0
8250,1
8260,8
8265,1
8267,3
8269,5
8274,3
8274,8
8274,1
8276,8
8277,5
8279,8
8281,4
8284,1
8285,8
8292,6
8292,5
8297,2
8298,7
8299,3
8299,9
8300,7
8311,0
8313,3
8316,1
8317,10
8318,6
8320,9
8320,1
8322,6
8322,7
8326,0
8326,8
8328,0
8330,0
8330,3
8335,5
8336,2
8337,1
8340,9
8345,9
8350,6
8350,4
8351,4
8353,5
8354,4
8356,9
8356,2
8360,7
8363,8
8368,8
8369,0
8369,5
8370,5
8371,9
8371,0
8379,7
8383,7
8383,0
8389,7
8391,5
8391,8
8393,2
8400,2
8408,1
8415,5
8418,3
8419,8
8420,5
8422,4
8424,10
8426,6
8431,2
8431,0
8432,0
8433,6
8434,3
8435,10
8437,10
8439,5
8448,10
8449,2
8452,5
8454,8
8455,6
8456,7
8456,1
8458,8
8462,6
8464,2
8464,8
8468,1
8469,0
8472,7
8477,6
8477,2
8479,1
8479,0
8480,3
8481,10
8481,0
8485,7
8485,2
8486,10
8490,6
8490,0
8496,9
8496,8
8496,5
8497,4
8498,4
8501,10
8503,9
8505,0
8507,4
8508,7
8510,8
8513,3
8514,1
8527,0
8531,2
8532,9
8532,8
8534,10
8535,8
8541,2
8543,6
8546,2
8546,8
8547,8
8548,1
8550,10
8550,5
8551,10
8555,8
8559,2
8561,1
8567,7
8570,7
8571,4
8572,2
8573,9
8575,1
8578,9
8581,6
8585,10
8587,7
8593,5
8595,0
8597,3
8601,4
8601,0
8605,2
8610,9
8615,4
8618,5
8619,3
8622,7
8624,0
8628,10
8628,8
8629,1
8631,9
8631,2
8631,8
8632,7
8636,8
8637,7
8638,5
8642,6
8644,6
8644,7
8645,2
8646,9
8647,3
8649,9
8650,7
8652,2
8653,4
8656,8
8658,6
8659,10
8660,8
8660,0
8663,6
8665,7
8665,5
8666,4
8670,10
8671,7
8675,7
8678,8
8679,4
8679,1
8682,6
8683,10
8686,0
8687,9
8690,9
8691,9
8691,3
8692,8
8694,4
8698,10
8698,5
8699,2
8699,8
8701,4
8706,0
8709,10
8712,0
8713,4
8713,5
8716,8
8719,6
8724,2
8728,1
8732,1
8732,6
8736,9
8739,6
8742,6
8743,6
8743,4
8744,7
8744,9
8745,8
8746,0
8746,8
8747,5
8750,10
8753,4
8755,6
8755,5
8760,4
8760,5
8760,0
8765,2
8765,10
8765,6
8770,8
8770,0
8774,6
8780,3
8784,2
8787,1
8789,1
8791,10
8792,5
8793,2
8795,0
8796,6
8800,10
8802,1
8806,2
8808,8
8809,10
8810,5
8818,9
8819,7
8820,2
8822,3
8822,6
8826,8
8835,1
8836,2
8836,4
8837,1
8837,9
8840,0
8842,3
8842,9
8846,6
8847,6
8848,0
8849,6
8850,9
8850,7
8854,8
8855,8
8858,3
8858,7
8860,2
8866,9
8866,10
8866,7
8867,3
8868,3
8870,5
8871,3
8872,9
8874,8
8880,6
8881,4
8882,9
8885,9
8888,6
8889,6
8890,0
8893,2
8893,5
8897,0
8897,2
8900,2
8902,5
8903,1
8906,6
8906,9
8910,0
8912,5
8913,0
8914,10
8915,6
8916,8
8918,4
8919,2
8920,6
8920,3
8920,1
8922,2
8923,5
8924,6
8924,2
8924,4
8931,3
8936,9
8937,2
8938,9
8938,3
8940,8
8941,0
8941,1
8941,9
8944,4
8950,8
8950,7
8950,9
8950,10
8953,2
8955,7
8956,0
8957,8
8959,4
8959,8
8960,9
8962,7
8962,4
8963,1
8968,6
8968,7
8969,7
8970,1
8971,6
8978,4
8980,5
8980,4
8986,6
8987,4
8988,6
8990,1
8998,10
9003,6
9004,10
9006,0
9009,8
9012,10
9013,4
9014,0
9016,9
9017,3
9019,9
9020,6
9020,9
9021,4
9023,7
9025,1
9026,0
9027,10
9029,3
9030,9
9032,0
9033,3
9033,7
9034,10
9035,9
9039,3
9042,10
9042,8
9044,0
9047,0
9048,9
9050,2
9053,6
9055,1
9058,0
9061,8
9061,1
9062,0
9063,4
9065,0
9066,9
9072,9
9073,6
9073,5
9077,10
9077,0
9077,8
9080,1
9082,10
9082,1
9086,5
9089,9
9092,10
9092,1
9096,7
9096,1
9106,9
9114,2
9115,2
9126,6
9126,4
9128,5
9129,2
9133,2
9134,10
9136,8
9140,5
9141,0
9150,3
9151,3
9154,6
9158,2
9159,9
9159,5
9161,3
9164,5
9164,1
9165,9
9165,6
9170,8
9172,8
9175,5
9183,2
9184,1
9185,2
9187,5
9188,10
9190,9
9190,3
9191,1
9193,6
9194,9
9196,9
9198,9
9204,5
9206,10
9209,8
9209,7
9211,6
9211,0
9211,10
9213,8
9214,9
9214,0
9215,7
9216,1
9222,4
9224,10
9230,2
9231,4
9232,5
9233,2
9234,3
9235,8
9236,1
9237,4
9239,8
9240,2
9244,2
9245,9
9246,8
9254,0
9256,5
9257,3
9258,5
9263,4
9265,7
9266,5
9272,3
9276,4
9276,6
9278,10
9279,8
9280,2
9282,2
9285,9
9291,9
9294,3
9294,0
9298,3
9298,8
9301,3
9302,9
9303,5
9303,10
9305,0
9307,3
9308,0
9314,4
9314,7
9317,7
9318,4
9319,10
9320,9
9320,2
9321,8
9321,2
9321,1
9326,3
9327,6
9330,7
9333,6
9333,8
9336,6
9338,1
9340,10
9342,10
9344,7
9346,4
9346,2
9348,0
9348,2
9349,9
9350,0
9350,8
9351,10
9353,10
9358,9
9362,2
9362,7
9365,2
9367,5
9367,4
9368,7
9370,1
9371,7
9374,2
9377,8
9379,7
9380,1
9380,3
9380,6
9382,0
9387,4
9390,3
9392,4
9392,8
9395,4
9397,4
9398,7
9400,9
9401,7
9401,8
9402,10
9405,5
9411,10
9413,1
9415,3
9415,10
9418,8
9418,0
9419,1
9419,7
9420,4
9421,1
9426,0
9427,2
9428,2
9431,2
9431,7
9432,8
9432,3
9437,4
9439,8
9440,3
9441,3
9441,10
9442,10
9442,7
9444,7
9445,6
9445,8
9448,8
9448,6
9449,5
9449,0
9450,9
9452,6
9455,1
9458,2
9461,9
9462,6
9464,2
9464,7
9465,5
9467,10
9467,7
9467,2
9472,5
9472,7
9473,10
9474,8
9476,8
9476,6
9477,0
9483,1
9483,0
9484,1
9486,2
9487,1
9490,1
9493,7
9497,0
9499,9
9501,8
9507,2
9508,3
9508,9
9510,1
9511,1
9511,3
9513,8
9515,6
9516,5
9519,0
9519,7
9521,2
9523,10
9528,0
9530,8
9539,3
9539,4
9543,4
9544,2
9545,9
9547,1
9548,4
9557,1
9558,6
9561,2
9562,5
9563,8
9564,8
9565,5
9566,10
9568,3
9569,3
9570,7
9574,10
9574,3
9575,7
9580,10
9581,4
9585,3
9593,7
9595,8
9596,8
9598,2
9600,9
9601,3
9602,2
9602,1
9605,6
9607,8
9609,2
9613,10
9614,7
9615,9
9616,3
9618,0
9622,10
9627,3
9633,4
9634,6
9635,9
9636,1
9638,3
9643,5
9643,9
9643,0
9645,1
9646,2
9651,2
9651,0
9653,9
9654,5
9654,6
9658,1
9660,2
9660,10
9662,5
9663,5
9663,1
9664,0
9665,0
9676,6
9676,0
9677,8
9679,1
9680,2
9681,9
9684,8
9686,8
9686,0
9690,6
9692,4
9692,9
9693,1
9694,5
9698,9
9702,1
9703,3
9704,7
9706,4
9707,2
9711,3
9713,9
9717,9
9718,4
9720,5
9720,7
9722,2
9722,0
9729,9
9734,0
9734,6
9741,10
9742,8
9743,10
9748,9
9749,5
9753,6
9753,9
9754,7
9755,1
9757,9
9758,0
9758,4
9759,6
9762,6
9763,1
9764,8
9765,5
9765,0
9765,1
9766,5
9767,6
9768,9
9771,9
9772,9
9773,6
9775,5
9775,3
9775,8
9776,8
9776,4
9777,10
9777,6
9777,4
9780,8
9783,6
9783,4
9783,0
9784,10
9785,5
9787,4
9788,2
9789,6
9790,3
9792,10
9792,0
9794,7
9794,6
9797,2
9799,0
9799,6
9802,0
9806,7
9810,10
9811,3
9812,5
9817,8
9818,9
9818,4
9821,3
9822,4
9823,3
9823,10
9823,1
9824,5
9825,10
9827,4
9831,8
9831,6
9833,7
9834,0
9838,7
9844,9
9845,6
9845,7
9846,8
9846,4
9848,0
9851,0
9853,2
9855,9
9856,4
9856,1
9860,10
9866,8
9867,9
9869,6
9870,0
9870,7
9871,2
9872,7
9876,0
9877,1
9878,3
9881,4
9884,2
9886,6
9888,3
9889,9
9890,5
9890,2
9893,9
9893,5
9894,7
9895,9
9896,5
9898,3
9898,5
9898,0
9899,3
9900,5
9903,2
9903,10
9904,8
9908,5
9912,6
9913,4
9913,7
9915,10
9917,6
9917,9
9919,2
9922,8
9923,7
9927,9
9927,7
9928,3
9929,8
9929,3
9929,6
9931,6
9936,10
9936,0
9937,1
9938,10
9939,10
9939,0
9939,6
9939,9
9945,2
9948,9
9948,5
9949,1
9950,8
9951,5
9951,10
9960,4
9961,5
9962,1
9964,9
9965,4
9968,1
9970,7
9971,6
9971,3
9974,0
9978,9
9983,10
9986,9
9990,9
9993,10
9995,5
9998,10
9998,7
10003,10
10005,5
10005,10
10007,8
10007,5
10013,9
10014,1
10017,1
10020,7
10024,3
10027,6
10027,5
10034,2
10035,8
10039,2
10039,10
10043,1
10045,2
10046,7
10046,1
10053,3
10055,6
10055,3
10055,2
10056,1
10060,9
10063,3
10065,7
10065,0
10065,2
10070,8
10071,5
10076,6
10076,9
10077,8
10079,8
10080,3
10082,0
10082,6
10083,3
10084,1
10088,8
10090,10
10091,0
10096,10
10096,6
10099,4
10100,3
10102,0
10103,4
10104,9
10105,6
10106,9
10107,10
10107,5
10109,0
10114,7
10114,5
10117,2
10119,4
10123,3
10123,9
10124,2
10127,2
10128,3
10128,7
10134,7
10134,4
10135,9
10138,3
10141,10
10143,6
10146,7
10149,9
10149,7
10149,3
10150,0
10155,8
10155,3
10157,1
10157,2
10158,10
10159,1
10160,10
10160,2
10162,10
10165,9
10166,5
10168,1
10171,6
10171,9
10174,7
10175,0
10176,7
10176,0
10176,4
10177,1
10177,3
10180,7
10181,3
10182,1
10184,7
10189,0
10192,4
10193,0
10194,3
10196,6
10196,4
10196,1
10198,2
10204,8
10207,9
10208,9
10211,8
10211,3
10212,8
10216,6
10216,5
10218,4
10220,9
10222,10
10223,10
10226,10
10227,9
10232,8
10234,8
10235,8
10236,7
10238,6
10238,0
10238,4
10238,1
10243,0
10245,2
10245,8
10246,6
10247,7
10251,5
10252,10
10254,2
10266,3
10267,6
10268,5
10273,7
10273,4
10279,9
10282,4
10284,2
10285,5
10287,0
10287,5
10291,2
10293,8
10294,1
10299,4
10300,0
10301,8
10305,10
10306,5
10309,8
10311,2
10311,1
10313,6
10315,6
10316,10
10320,9
10321,0
10321,1
10324,5
10324,2
10330,8
10331,9
10331,5
10334,3
10334,7
10335,9
10336,5
10336,4
10338,5
10339,4
10340,4
10340,7
10343,10
10344,0
10346,10
10347,9
10354,4
10355,0
10357,1
10358,3
10359,7
10360,6
10367,5
10370,6
10371,9
10372,8
10372,2
10374,6
10374,10
10376,4
10378,3
10380,4
10380,5
10381,5
10383,8
10386,8
10391,10
10392,4
10393,0
10393,8
10394,5
10394,7
10395,8
10397,5
10397,8
10398,2
10398,7
10398,9
10400,0
10400,3
10403,7
10404,0
10405,7
10407,3
10409,1
10410,0
10411,6
10411,3
10418,2
10419,2
10419,9
10419,7
10420,1
10422,5
10422,0
10424,0
10425,3
10427,1
10428,6
10428,0
10431,8
10431,10
10432,3
10435,3
10435,6
10436,2
10436,4
10439,9
10443,6
10446,7
10448,1
10449,5
10449,6
10449,3
10450,7
10451,3
10452,3
10453,7
10454,7
10457,4
10459,7
10461,6
10465,3
10465,8
10467,2
10470,5
10471,0
10475,2
10477,8
10478,1
10482,2
10482,3
10483,1
10484,1
10485,3
10485,6
10488,1
10488,4
10491,6
10495,4
10498,10
10499,2
10499,1
10500,2
10501,2
10501,0
10502,0
10505,5
10508,5
10511,8
10511,10
10514,1
10518,3
10518,5
10520,6
10522,3
10522,10
10523,1
10525,9
10526,10
10527,0
10530,7
10534,9
10535,1
10536,10
10537,2
10538,8
10540,7
10541,2
10541,6
10545,7
10549,8
10549,4
10553,2
10559,8
10559,1
10560,1
10562,2
10564,4
10566,10
10567,6
10568,10
10569,2
10575,4
10576,8
10576,5
10577,0
10578,3
10580,7
10583,2
10585,3
10588,2
10589,4
10592,4
10593,4
10594,8
10597,10
10598,6
10599,6
10600,8
10601,5
10602,6
10603,5
10604,0
10605,6
10608,2
10610,9
10610,8
10610,5
10615,1
10616,9
10616,1
10617,1
10617,3
10621,5
10621,9
10622,4
10623,7
10627,1
10634,1
10634,4
10634,2
10636,0
10636,2
10636,7
10637,5
10640,2
10642,4
10645,8
10648,7
10649,9
10652,9
10656,10
10657,5
10658,1
10659,6
10662,2
10662,1
10665,5
10665,7
10671,2
10671,1
10674,5
10674,2
10675,1
10675,6
10678,2
10679,1
10679,10
10680,6
10681,0
10682,0
10684,8
10688,7
10690,7
10691,9
10691,4
10692,5
10695,9
10696,8
10697,0
10698,8
10698,3
10700,1
10700,3
10706,8
10714,7
10715,6
10716,0
10716,7
10718,3
10721,6
10721,0
10723,6
10723,7
10724,8
10725,9
10725,4
10726,2
10727,4
10729,2
10729,8
10730,6
10730,2
10732,9
10733,5
10734,4
10735,4
10738,5
10740,10
10743,10
10743,4
10743,8
10746,4
10746,0
10749,9
10751,5
10753,3
10753,7
10755,10
10755,1
10757,7
10757,3
10762,4
10763,7
10764,8
10767,6
10777,2
10778,4
10780,4
10781,4
10782,4
10784,7
10788,4
10789,3
10791,10
10792,8
10793,7
10793,9
10801,4
10803,9
10813,4
10817,4
10817,5
10820,7
10820,4
10820,9
10820,3
10821,3
10822,1
10825,10
10831,4
10835,6
10836,1
10841,1
10842,7
10844,1
10847,9
10847,6
10849,1
10850,9
10854,0
10855,1
10857,4
10862,0
10867,6
10867,8
10871,4
10874,4
10876,2
10879,9
10879,6
10884,3
10884,10
10887,2
10888,9
10894,5
10896,7
10897,8
10909,5
10913,0
10916,1
10918,7
10920,2
10922,4
10924,7
10925,6
10925,8
10926,4
10929,3
10929,7
10930,9
10935,9
10936,10
10938,9
10939,10
10939,9
10939,6
10940,7
10941,5
10951,7
10952,2
10953,8
10954,7
10960,0
10962,2
10964,6
10968,2
10970,2
10974,1
10974,6
10979,2
10980,8
10983,0
10987,5
10988,5
10994,1
10994,3
10995,7
10996,10
10999,8
11000,2
11000,9
11000,3
11001,2
11002,7
11003,3
11004,7
11006,5
11010,5
11012,1
11014,4
11014,3
11015,10
11016,0
11017,10
11018,6
11020,0
11022,7
11023,4
11023,3
11023,2
11024,9
11026,5
11028,0
11028,8
11029,4
11032,0
11033,7
11033,3
11033,2
11033,1
11034,9
11038,5
11044,6
11046,5
11050,6
11051,4
11052,5
11052,8
11052,6
11053,5
11057,3
11057,1
11058,2
11061,0
11065,7
11065,5
11066,3
11072,10
11073,8
11075,0
11078,2
11079,5
11079,9
11080,6
11080,4
11081,9
11081,3
11085,4
11085,1
11086,4
11087,4
11087,6
11090,1
11090,7
11091,0
11092,2
11092,0
11094,3
11096,1
11099,9
11100,2
11101,8
11101,6
11103,6
11104,7
11108,3
11108,6
11114,10
11115,0
11116,9
11120,7
11123,1
11126,10
11127,3
11130,1
11131,5
11131,6
11133,7
11142,4
11144,0
11149,2
11150,5
11152,6
11152,5
11156,6
11156,7
11158,0
11159,2
11160,4
11162,0
11165,10
11166,9
11169,10
11171,1
11172,8
11174,5
11175,8
11180,7
11182,5
11182,9
11185,2
11185,3
11188,6
11191,9
11192,10
11194,7
11195,1
11199,10
11200,0
11202,3
11203,2
11204,5
11205,5
11207,10
11216,7
11216,10
11217,1
11219,5
11222,8
11224,4
11226,10
11228,5
11228,10
11234,10
11234,9
11235,10
11236,5
11237,4
11244,1
11245,5
11246,4
11249,2
11252,6
11254,3
11255,6
11257,9
11257,2
11258,8
11260,2
11261,4
11262,2
11266,0
11267,7
11267,0
11267,1
11268,5
11270,5
11272,1
11273,7
11273,5
11274,3
11277,5
11278,0
11280,1
11280,5
11281,2
11281,5
11284,0
11287,2
11287,0
11288,1
11289,4
11292,1
11293,4
11294,9
11294,0
11295,6
11297,10
11297,0
11298,8
11301,10
11303,7
11303,9
11304,5
11304,10
11307,7
11309,8
11317,0
11319,4
11320,6
11321,5
11324,0
11325,7
11325,9
11326,3
11326,6
11332,3
11333,8
11338,2
11340,2
11341,10
11343,10
11344,10
11349,4
11349,3
11353,2
11355,2
11355,6
11356,6
11360,4
11365,3
11371,9
11371,8
11372,8
11375,2
11376,3
11377,7
11378,2
11378,3
11382,0
11382,7
11388,3
11388,0
11391,1
11391,0
11393,9
11394,2
11394,5
11396,5
11396,8
11403,6
11412,8
11413,6
11417,10
11421,7
11422,5
11422,3
11422,6
11423,5
11426,8
11426,4
11431,6
11435,7
11435,8
11436,0
11439,1
11439,0
11439,2
11443,6
11448,5
11448,6
11453,8
11453,2
11454,7
11454,10
11455,3
11456,0
11456,6
11458,4
11458,5
11459,4
11461,9
11461,10
11466,6
11469,2
11472,8
11474,7
11479,10
11480,9
11480,10
11481,6
11482,9
11484,4
11487,5
11489,1
11492,5
11493,8
11497,3
11497,7
11498,1
11499,9
11501,2
11501,1
11508,9
11509,7
11513,2
11517,9
11518,7
11521,3
11522,7
11523,8
11530,10
11531,3
11537,4
11538,9
11540,3
11541,2
11544,10
11545,8
11545,6
11546,8
11548,8
11549,0
11553,2
11556,4
11558,1
11558,5
11560,5
11560,2
11562,2
11563,8
11564,3
11564,2
11566,4
11567,5
11568,2
11568,3
11569,9
11569,10
11571,7
11572,4
11573,0
11581,2
11582,7
11584,10
11586,1
11588,9
11588,8
11589,3
11591,6
11591,2
11592,10
11594,10
11595,7
11595,4
11597,7
11599,1
11601,5
11603,4
11604,5
11604,8
11605,5
11609,1
11611,8
11611,10
11612,8
11612,7
11613,4
11614,7
11618,9
11619,3
11620,6
11622,3
11623,3
11623,2
11629,2
11630,5
11631,7
11634,0
11635,5
11636,4
11636,5
11640,9
11640,2
11641,1
11643,6
11643,7
11644,8
11649,9
11652,10
11653,9
11654,7
11655,9
11656,4
11656,7
11660,3
11663,7
11670,5
11673,7
11673,5
11675,9
11675,8
11678,6
11679,2
11682,1
11682,7
11685,9
11685,2
11686,3
11686,5
11688,6
11688,1
11695,6
11698,9
11710,6
11713,4
11713,10
11713,8
11713,5
11715,10
11716,0
11719,7
11721,8
11721,10
11722,2
11723,1
11732,9
11733,3
11735,5
11736,9
11738,0
11739,8
11743,7
11745,7
11747,9
11747,0
11747,2
11748,8
11750,10
11751,10
11752,8
11753,5
11754,0
11756,2
11758,6
11761,4
11762,6
11763,6
11765,0
11766,5
11767,10
11768,6
11774,7
11774,5
11775,5
11777,6
11777,7
11777,4
11782,2
11784,4
11788,8
11793,10
11793,7
11794,7
11795,9
11799,1
11801,0
11802,2
11802,8
11808,9
11813,10
11814,8
11817,8
11818,9
11819,0
11821,6
11822,4
11827,10
11831,1
11834,4
11834,1
11835,9
11838,0
11839,7
11839,4
11840,10
11842,5
11843,1
11844,2
11846,9
11850,5
11852,9
11856,3
11856,2
11859,1
11863,4
11866,9
11868,9
11869,7
11871,4
11876,10
11877,8
11878,5
11879,8
11880,4
11883,4
11885,9
11887,3
11888,2
11894,6
11895,6
11896,9
11897,8
11900,0
11904,5
11905,6
11905,8
11907,5
11911,7
11913,8
11920,0
11923,0
11924,0
11925,3
11928,0
11930,10
11931,6
11933,6
11933,8
11936,0
11939,5
11942,0
11944,6
11946,3
11947,6
11947,9
11949,10
11953,3
11955,5
11957,3
11957,1
11961,9
11964,1
11965,6
11966,5
11967,6
11968,8
11968,9
11971,9
11976,2
11976,7
11977,2
11979,9
11982,4
11983,5
11986,2
11991,0
11995,3
11999,6
11999,4
12000,6
12002,4
12003,2
12007,1
12008,2
12010,7
12014,5
12014,2
12015,2
12015,6
12016,8
12017,7
12017,9
12023,10
12028,0
12031,6
12031,8
12035,1
12040,8
12040,3
12041,0
12043,0
12048,10
12050,3
12055,6
12060,2
12064,10
12065,4
12068,6
12069,7
12075,2
12079,1
12080,9
12080,2
12080,5
12082,6
12083,1
12089,4
12092,9
12092,0
12092,2
12094,1
12096,3
12096,7
12101,9
12104,9
12106,10
12111,1
12117,2
12117,8
12118,8
12118,1
12122,5
12124,1
12124,10
12125,1
12130,10
12131,7
12131,5
12137,9
12138,5
12140,3
12141,0
12141,6
12141,7
12144,3
12145,6
12145,2
12148,6
12156,8
12160,5
12160,7
12161,4
12162,7
12164,3
12166,2
12166,9
12169,5
12170,0
12172,8
12176,4
12177,9
12178,8
12179,5
12180,5
12187,5
12188,1
12188,0
12190,5
12190,10
12192,10
12192,2
12192,5
12197,8
12198,5
12201,7
12201,3
12203,3
12204,0
12205,3
12206,8
12206,10
12209,6
12209,9
12210,1
12211,1
12211,8
12212,9
12212,2
12217,2
12219,6
12222,10
12226,5
12231,9
12233,3
12233,5
12233,8
12234,10
12236,6
12238,2
12238,7
12240,6
12240,2
12246,3
12247,3
12248,5
12249,3
12249,10
12254,5
12254,9
12256,9
12256,0
12258,0
12261,5
12262,2
12263,8
12270,10
12271,8
12275,3
12279,10
12279,6
12287,8
12289,1
12290,1
12292,10
12293,2
12299,10
12302,4
12305,1
12307,0
12312,7
12318,8
12318,0
12319,6
12321,3
12321,4
12323,9
12326,10
12333,0
12334,10
12334,9
12335,2
12335,10
12338,5
12338,10
12339,10
12343,3
12344,9
12348,2
12348,3
12348,6
12349,0
12350,1
12357,6
12357,9
12358,7
12363,9
12370,5
12371,2
12371,8
12372,5
12374,5
12376,5
12376,1
12391,7
12391,4
12391,0
12396,6
12397,4
12398,4
12400,10
12401,4
12403,7
12404,6
12406,9
12412,5
12413,8
12414,7
12414,4
12416,5
12420,4
12420,3
12427,7
12427,9
12429,4
12429,8
12430,6
12431,3
12431,6
12432,2
12439,9
12439,6
12443,6
12443,2
12444,1
12445,7
12446,0
12448,3
12448,2
12450,1
12450,0
12454,4
12455,7
12455,3
12458,8
12464,8
12464,5
12466,0
12466,4
12468,4
12469,7
12469,0
12471,9
12471,5
12471,0
12472,5
12473,1
12473,3
12475,10
12480,9
12480,1
12481,8
12482,3
12485,9
12485,10
12486,6
12487,7
12490,3
12490,9
12492,9
12493,8
12495,3
12495,7
12496,3
12496,6
12497,3
12499,8
12499,9
12509,8
12509,9
12511,4
12514,3
12516,7
12517,1
12521,7
12529,10
12530,5
12532,3
12532,5
12538,7
12539,5
12540,6
12541,5
12541,7
12545,5
12546,5
12548,0
12548,2
12548,1
12553,5
12554,4
12555,3
12555,0
12558,4
12558,2
12558,7
12563,3
12565,1
12567,6
12567,10
12568,2
12570,2
12572,8
12573,9
12573,8
12575,6
12576,8
12577,4
12578,0
12578,8
12579,0
12581,3
12583,8
12585,5
12586,0
12587,6
12588,2
12590,10
12593,9
12594,4
12594,3
12597,4
12599,7
12605,2
12606,8
12607,10
12607,5
12608,1
12610,1
12611,3
12612,8
12612,2
12612,4
12613,4
12614,4
12616,7
12618,1
12618,0
12619,7
12621,7
12621,10
12624,10
12627,5
12630,8
12630,6
12631,9
12633,4
12637,4
12637,10
12638,4
12640,1
12644,2
12645,9
12649,5
12653,8
12656,8
12657,10
12657,3
12661,9
12662,9
12664,6
12666,1
12668,7
12669,3
12670,8
12674,7
12681,7
12682,0
12683,6
12685,4
12685,8
12686,5
12687,7
12688,7
12689,3
12690,9
12693,1
12694,6
12701,2
12703,10
12703,4
12705,4
12708,5
12709,5
12714,3
12714,0
12715,4
12717,2
12718,10
12721,4
12724,9
12724,6
12727,10
12732,4
12733,10
12734,3
12735,10
12739,2
12741,0
12742,4
12742,8
12743,7
12744,1
12744,2
12745,9
12746,1
12748,0
12748,9
12749,4
12749,3
12753,7
12753,8
12756,3
12757,7
12761,1
12762,8
12764,5
12764,6
12766,8
12767,2
12773,2
12774,7
12777,0
12778,5
12780,0
12780,4
12783,3
12790,5
12792,5
12792,1
12794,8
12795,8
12796,7
12798,4
12802,2
12804,4
12805,2
12806,4
12807,4
12810,10
12810,5
12814,1
12817,9
12819,10
12819,8
12819,7
12819,0
12823,4
12824,6
12827,8
12827,10
12828,9
12837,3
12839,4
12842,0
12844,10
12844,9
12845,1
12847,3
12848,6
12853,6
12854,0
12854,1
12855,0
12856,7
12857,8
12857,7
12858,5
12858,2
12859,4
12859,10
12862,8
12864,6
12869,1
12869,2
12876,7
12876,8
12876,6
12878,0
12880,4
12882,1
12886,1
12888,3
12889,7
12891,2
12895,4
12896,6
12903,4
12904,9
12917,7
12919,4
12919,7
12921,10
12924,2
12925,3
12927,7
12927,6
12928,9
12928,10
12929,9
12931,9
12931,1
12932,6
12935,0
12935,3
12936,10
12936,7
12937,7
12941,0
12942,3
12945,9
12949,4
12950,3
12951,7
12953,4
12954,3
12955,4
12957,10
12962,1
12962,4
12966,10
12966,3
12966,5
12967,1
12968,9
12971,3
12975,9
12977,2
12978,7
12978,3
12989,2
12992,9
12992,2
12992,3
12992,1
12993,7
12993,2
12994,4
12994,9
13000,8
13001,0
13002,10
13003,4
13003,1
13003,2
13003,9
13006,0
13006,7
13007,6
13009,3
13010,1
13016,1
13017,1
13020,3
13020,0
13021,0
13022,1
13022,4
13027,6
13028,7
13030,7
13036,0
13037,2
13037,3
13040,1
13041,4
13042,5
13044,1
13047,2
13048,6
13050,5
13050,4
13051,9
13052,9
13054,1
13054,9
13055,6
13055,10
13056,6
13056,9
13057,0
13057,3
13057,10
13064,5
13066,7
13068,8
13070,5
13072,10
13072,4
13074,8
13075,3
13076,3
13077,6
13078,6
13078,4
13080,6
13080,3
13082,1
13084,10
13084,0
13088,8
13090,9
13092,2
13094,6
13096,0
13098,10
13100,3
13107,7
13108,5
13112,9
13112,0
13112,6
13115,3
13120,0
13122,1
13123,8
13124,9
13125,6
13125,4
13126,3
13128,10
13131,0
13132,1
13132,2
13134,7
13134,5
13137,7
13143,10
13144,4
13144,6
13147,3
13148,2
13152,0
13154,5
13154,4
13156,6
13157,6
13158,6
13160,2
13163,9
13164,10
13170,10
13172,10
13179,1
13181,10
13182,5
13185,9
13187,0
13187,9
13188,5
13189,5
13190,9
13194,1
13195,4
13197,0
13198,5
13204,2
13206,2
13208,4
13211,1
13211,0
13215,9
13215,5
13216,8
13219,6
13219,7
13226,5
13232,2
13232,9
13234,2
13241,4
13241,3
13242,8
13245,1
13246,5
13247,9
13249,1
13249,9
13250,6
13256,4
13259,10
13263,6
13266,0
13266,3
13269,0
13269,3
13270,9
13272,2
13274,8
13276,6
13277,8
13280,8
13283,2
13285,3
13286,0
13288,3
13288,4
13290,0
13291,0
13294,8
13297,4
13298,0
13300,8
13302,0
13303,8
13305,7
13309,2
13318,2
13322,7
13325,0
13326,3
13329,10
13330,9
13331,7
13332,0
13333,4
13334,5
13336,0
13338,2
13338,6
13339,9
13341,2
13349,3
13350,10
13352,7
13352,4
13353,4
13356,3
13357,8
13358,6
13359,2
13363,5
13364,10
13372,6
13373,0
13374,10
13375,5
13375,2
13378,7
13379,5
13384,10
13385,6
13387,5
13388,1
13394,0
13394,7
13395,4
13397,4
13402,1
13402,7
13403,0
13409,1
13410,10
13410,0
13412,9
13413,8
13413,10
13414,5
13414,3
13415,10
13415,2
13417,3
13419,4
13421,3
13422,7
13424,4
13428,0
13428,4
13428,5
13435,3
13435,5
13439,2
13440,1
13442,0
13443,6
13447,8
13447,5
13447,0
13447,1
13448,9
13448,7
13449,8
13452,6
13455,10
13455,2
13457,8
13458,3
13459,8
13461,5
13461,8
13466,2
13470,3
13473,9
13481,2
13482,10
13483,0
13483,10
13485,3
13486,2
13488,0
13491,8
13491,3
13493,6
13501,7
13501,1
13502,5
13503,2
13506,8
13508,1
13509,5
13511,0
13512,8
13518,7
13519,5
13520,9
13525,8
13525,1
13528,3
13530,8
13530,7
13533,3
13533,6
13534,7
13535,4
13536,0
13541,10
13544,10
13545,4
13548,2
13550,2
13553,9
13555,1
13556,2
13561,0
13570,8
13575,10
13575,1
13578,10
13580,4
13582,0
13583,5
13583,8
13586,8
13588,0
13588,3
13589,0
13590,8
13592,10
13603,5
13603,9
13606,7
13609,4
13610,7
13610,2
13610,3
13617,9
13617,8
13619,7
13620,1
13621,8
13622,4
13628,8
13630,6
13631,2
13633,9
13636,1
13637,8
13641,1
13642,1
13643,1
13644,3
13648,3
13650,2
13650,5
13655,4
13657,8
13657,10
13658,2
13661,8
13664,4
13666,8
13669,2
13670,8
13671,8
13672,3
13672,10
13673,2
13675,8
13677,3
13677,8
13680,2
13682,2
13683,0
13683,9
13685,7
13685,4
13687,4
13688,1
13689,4
13689,6
13690,9
13690,6
13690,2
13690,8
13695,0
13696,7
13707,0
13709,9
13709,5
13714,4
13715,1
13715,2
13721,9
13722,0
13724,0
13724,7
13728,3
13730,1
13730,8
13734,2
13734,4
13737,6
13738,2
13738,6
13741,8
13742,1
13744,9
13744,10
13746,4
13746,6
13747,5
13749,9
13752,3
13754,10
13759,4
13761,5
13767,7
13768,3
13770,7
13773,0
13773,9
13774,2
13774,0
13777,1
13780,6
13786,6
13787,6
13788,5
13788,2
13789,4
13790,10
13790,4
13790,1
13794,7
13795,8
13797,6
13798,1
13798,3
13799,8
13799,10
13800,9
13808,1
13809,9
13810,7
13811,3
13813,3
13815,10
13818,3
13818,6
13823,5
13826,2
13826,9
13827,0
13827,1
13832,2
13834,4
13834,9
13842,9
13843,2
13846,3
13846,5
13846,0
13847,2
13850,0
13852,8
13868,8
13869,0
13872,9
13881,9
13881,3
13881,8
13885,0
13891,2
13893,4
13895,5
13895,8
13900,7
13900,2
13902,2
13902,7
13903,8
13905,8
13906,1
13908,5
13909,8
13910,2
13912,8
13912,0
13915,4
13916,0
13917,1
13919,1
13923,9
13925,9
13928,1
13929,1
13934,0
13939,7
13944,5
13948,9
13952,6
13956,1
13956,3
13957,9
13960,1
13963,1
13968,0
13969,0
13969,10
13969,5
13971,4
13972,9
13973,3
13976,1
13977,4
13979,2
13982,1
13986,7
13986,3
13988,2
13989,8
13991,6
13991,5
13994,7
13995,7
13997,0
13998,0
14001,10
14003,8
14004,7
14004,0
14005,8
14011,1
14013,6
14016,2
14018,6
14020,2
14021,3
14026,7
14029,4
14031,10
14034,10
14042,7
14043,9
14045,1
14052,4
14054,5
14055,0
14059,2
14063,3
14064,2
14070,8
14070,7
14074,6
14076,9
14078,9
14078,8
14079,7
14084,9
14084,8
14088,4
14092,9
14093,1
14093,4
14093,6
14097,8
14099,1
14101,3
14102,8
14103,3
14110,5
14110,0
14110,8
14112,3
14112,9
14116,7
14116,3
14122,4
14122,7
14123,10
14123,0
14124,3
14126,7
14127,1
14129,0
14132,8
14133,10
14133,8
14134,10
14134,5
14136,0
14136,10
14139,2
14139,3
14140,10
14141,1
14142,5
14147,0
14147,7
14147,4
14150,9
14150,5
14151,8
14152,2
14154,0
14156,6
14156,5
14157,2
14160,2
14165,9
14165,4
14167,3
14170,5
14175,9
14179,5
14182,6
14182,2
14182,1
14183,3
14184,10
14187,7
14188,1
14189,4
14195,1
14196,5
14199,6
14204,9
14206,10
14207,1
14210,10
14210,9
14215,8
14218,9
14220,5
14221,4
14221,0
14222,6
14223,7
14224,5
14228,0
14233,3
14243,9
14245,6
14245,9
14251,8
14252,4
14256,6
14257,7
14257,1
14264,7
14264,3
14265,4
14265,6
14271,8
14271,10
14272,3
14273,9
14273,2
14275,4
14276,8
14277,5
14278,8
14278,10
14280,4
14281,0
14282,1
14283,6
14284,2
14286,4
14287,6
14289,3
14290,0
14292,3
14293,7
14294,10
14297,3
14298,1
14299,5
14303,4
14304,6
14305,8
14306,2
14307,0
14307,4
14309,8
14311,3
14311,0
14311,5
14312,2
14313,8
14313,10
14316,3
14318,9
14319,5
14320,6
14321,3
14324,5
14325,3
14327,9
14327,0
14327,5
14329,0
14331,6
14333,4
14334,2
14335,8
14336,10
14340,5
14342,0
14344,7
14346,9
14355,2
14355,10
14359,4
14359,6
14359,9
14367,0
14372,8
14373,7
14377,1
14379,2
14380,1
14387,10
14390,10
14395,6
14401,3
14402,3
14404,4
14409,0
14411,5
14411,1
14412,10
14414,5
14414,8
14417,1
14421,9
14424,8
14425,0
14428,5
14429,8
14432,5
14432,2
14440,1
14441,0
14441,3
14447,1
14448,7
14449,9
14451,2
14454,6
14455,4
14455,2
14461,7
14464,5
14467,10
14468,10
14469,4
14470,2
14471,1
14474,6
14476,8
14477,6
14482,7
14483,2
14483,7
14488,10
14489,1
14493,3
14494,4
14502,6
14502,5
14506,4
14508,0
14509,5
14516,8
14518,7
14519,0
14520,6
14521,10
14522,1
14524,5
14524,6
14525,5
14526,7
14533,10
14534,6
14536,1
14537,10
14537,6
14538,9
14538,3
14539,2
14541,3
14541,9
14543,3
14545,8
14546,6
14548,10
14551,1
14557,2
14558,0
14559,7
14559,10
14563,8
14564,2
14566,10
14568,3
14573,0
14575,10
14575,8
14576,8
14578,6
14579,0
14581,9
14582,4
14582,9
14583,2
14586,5
14588,3
14589,0
14592,0
14598,1
14600,6
14605,3
14606,10
14607,1
14617,8
14617,6
14621,1
14621,5
14624,9
14624,6
14628,10
14630,10
14632,9
14633,3
14636,10
14636,1
14638,6
14641,0
14646,8
14647,9
14653,8
14654,5
14659,5
14663,1
14664,9
14667,4
14668,5
14670,10
14671,10
14673,4
14676,5
14682,0
14683,9
14692,1
14693,3
14693,9
14693,8
14694,1
14696,10
14697,9
14700,2
14702,8
14704,4
14704,6
14704,5
14706,10
14711,7
14711,4
14713,0
14713,7
14714,6
14727,4
14729,9
14730,10
14731,10
14732,9
14732,6
14736,8
14738,2
14743,7
14746,1
14748,7
14755,9
14759,0
14762,0
14766,3
14768,10
14768,3
14769,4
14769,5
14773,3
14774,5
14775,8
14776,10
14777,3
14781,5
14782,0
14783,1
14783,2
14784,5
14787,0
14787,5
14787,6
14788,9
14792,6
14793,4
14793,8
14796,0
14798,5
14801,2
14802,0
14802,9
14803,1
14806,5
14806,0
14820,7
14823,1
14823,10
14824,6
14825,4
14826,10
14829,7
14829,10
14831,8
14832,4
14840,7
14840,9
14842,3
14842,9
14848,7
14852,7
14856,0
14857,6
14857,5
14857,1
14862,1
14863,4
14864,4
14864,7
14871,0
14872,2
14874,8
14876,7
14876,10
14881,0
14884,1
14884,8
14885,4
14886,2
14886,7
14888,5
14889,5
14890,4
14893,7
14894,7
14897,9
14898,5
14900,2
14903,3
14907,9
14910,4
14911,9
14913,5
14914,6
14915,0
14917,8
14921,3
14927,5
14930,10
14931,4
14931,8
14932,1
14933,7
14934,8
14934,2
14934,9
14938,4
14938,1
14939,3
14939,10
14942,3
14944,9
14944,0
14944,6
14945,10
14947,10
14948,0
14948,10
14948,5
14950,9
14952,7
14952,3
14956,2
14962,6
14962,3
14963,5
14966,6
14968,7
14968,9
14970,6
14975,3
14976,8
14978,7
14984,4
14986,4
14987,2
14987,5
14989,2
14990,10
14990,3
14990,9
14991,4
14997,7
15008,3
15011,9
15014,6
15017,4
15020,1
15025,3
15032,2
15033,2
15041,9
15043,6
15048,10
15052,3
15053,6
15053,5
15053,1
15054,1
15055,6
15056,2
15060,10
15063,9
15067,5
15068,1
15077,5
15080,7
15082,0
15086,0
15086,3
15087,1
15088,7
15089,6
15090,3
15091,2
15093,9
15102,4
15102,9
15103,4
15104,8
15104,10
15106,7
15106,1
15108,9
15109,3
15110,10
15111,10
15118,3
15120,7
15123,10
15123,0
15124,6
15127,5
15127,3
15128,2
15130,5
15130,8
15132,7
15132,9
15134,7
15138,10
15139,5
15142,4
15144,4
15145,9
15147,5
15147,1
15150,3
15151,10
15153,2
15158,3
15161,4
15162,3
15163,2
15164,10
15165,2
15166,3
15167,5
15169,0
15174,8
15176,6
15176,7
15176,1
15176,3
15177,4
15181,5
15182,2
15183,4
15185,2
15186,1
15189,9
15190,4
15192,7
15194,0
15194,5
15199,1
15199,2
15202,7
15205,6
15206,1
15206,2
15208,0
15212,1
15212,6
15215,10
15221,9
15222,0
15222,10
15222,4
15223,10
15223,5
15225,7
15227,6
15228,3
15228,5
15229,5
15233,7
15233,3
15234,7
15235,10
15237,6
15238,1
15239,3
15239,1
15240,0
15241,9
15243,7
15244,5
15245,7
15247,2
15251,1
15252,9
15257,8
15258,7
15260,3
15262,3
15266,9
15267,5
15270,10
15273,9
15274,3
15275,9
15275,6
15276,3
15277,10
15278,0
15279,2
15279,10
15280,2
15282,10
15284,3
15287,0
15287,6
15287,2
15289,9
15289,7
15290,10
15293,2
15297,7
15299,0
15301,9
15302,8
15303,1
15304,5
15305,9
15307,3
15307,0
15308,0
15312,4
15314,5
15316,2
15318,1
15322,9
15322,4
15323,10
15324,7
15332,5
15333,5
15337,3
15339,10
15339,1
15339,8
15341,7
15343,4
15345,6
15347,3
15348,6
15351,6
15352,5
15353,0
15353,6
15356,7
15356,4
15357,3
15358,1
15359,6
15361,10
15361,5
15363,9
15364,4
15364,1
15369,9
15370,10
15370,3
15372,9
15373,7
15376,8
15379,6
15384,4
15384,5
15387,4
15387,9
15388,6
15389,2
15390,7
15392,3
15396,2
15397,6
15397,2
15400,7
15403,6
15406,9
15409,9
15409,8
15412,1
15412,0
15414,0
15415,9
15415,1
15417,10
15418,9
15419,9
15420,7
15422,5
15423,10
15424,10
15424,3
15425,5
15425,3
15426,8
15427,1
15431,1
15433,7
15433,4
15435,1
15441,10
15443,0
15444,4
15447,3
15448,10
15449,10
15453,0
15454,4
15455,10
15455,3
15455,2
15457,0
15459,7
15460,9
15460,7
15460,3
15464,3
15467,9
15475,2
15477,9
15484,0
15485,4
15486,8
15489,9
15494,2
15501,8
15503,10
15503,2
15506,0
15507,10
15509,5
15509,6
15510,10
15512,10
15513,2
15513,4
15516,7
15520,6
15520,8
15525,0
15526,6
15532,10
15534,6
15534,3
15537,6
15538,10
15540,1
15541,1
15549,9
15549,6
15551,6
15552,7
15552,0
15553,0
15555,2
15559,5
15560,4
15561,10
15561,0
15562,10
15567,2
15568,1
15568,9
15577,2
15578,6
15578,3
15578,7
15579,4
15582,2
15583,3
15584,8
15585,8
15586,0
15589,0
15591,1
15591,2
15592,2
15592,10
15593,8
15594,8
15595,7
15596,9
15597,3
15597,6
15598,1
15599,3
15600,0
15600,3
15605,7
15606,10
15607,3
15609,8
15612,2
15613,2
15614,2
15616,4
15619,4
15622,2
15622,1
15625,7
15627,1
15629,2
15632,9
15633,7
15640,1
15640,7
15640,9
15643,9
15644,0
15646,10
15647,1
15649,2
15651,1
15651,0
15654,0
15657,7
15658,9
15661,7
15663,0
15664,10
15666,8
15666,9
15666,6
15667,10
15668,2
15668,5
15670,6
15672,8
15673,5
15676,10
15677,5
15678,7
15681,5
15684,8
15687,0
15692,5
15692,7
15692,9
15693,9
15696,6
15698,0
15699,8
15700,10
15702,9
15702,3
15707,8
15708,10
15710,4
15710,1
15711,10
15714,1
15716,6
15717,1
15721,9
15722,6
15723,8
15724,10
15724,3
15725,0
15726,6
15726,0
15730,8
15731,0
15731,1
15733,3
15733,9
15735,9
15736,2
15743,8
15745,8
15748,6
15750,7
15754,7
15755,10
15759,8
15761,6
15762,2
15762,6
15772,10
15773,7
15773,6
15776,9
15780,10
15785,7
15786,9
15788,0
15793,9
15795,7
15796,5
15796,10
15798,5
15800,7
15802,9
15804,1
15805,1
15806,5
15808,10
15809,9
15809,5
15810,10
15810,2
15812,3
15812,10
15813,5
15814,9
15818,5
15818,10
15820,4
15822,9
15823,10
15825,7
15827,0
15832,1
15833,1
15835,4
15839,4
15841,1
15843,8
15848,4
15849,0
15849,8
15851,1
15851,5
15851,3
15852,10
15852,9
15853,8
15855,1
15855,8
15860,3
15861,5
15862,1
15864,5
15864,4
15864,6
15865,3
15873,5
15877,6
15877,0
15880,9
15880,5
15882,1
15883,10
15888,6
15891,6
15892,5
15893,6
15897,5
15901,8
15901,2
15902,0
15907,9
15909,7
15909,8
15912,6
15912,10
15913,0
15915,1
15917,9
15917,4
15923,6
15931,5
15931,6
15932,0
15932,3
15935,5
15936,8
15938,8
15942,0
15943,2
15944,5
15946,4
15951,0
15952,1
15953,4
15955,5
15956,4
15956,8
15956,10
15957,6
15967,3
15968,3
15970,4
15971,2
15971,7
15972,5
15973,2
15976,2
15978,1
15978,10
15982,7
15988,7
15988,0
15988,3
15990,1
15990,3
15993,3
15994,4
15995,6
15999,5
15999,2
16002,3
16003,6
16004,0
16008,4
16010,2
16012,8
16016,0
16018,7
16020,10
16021,6
16024,0
16031,6
16034,1
16037,0
16037,6
16038,1
16040,3
16041,4
16041,0
16042,8
16042,1
16045,8
16045,5
16056,2
16056,6
16064,7
16065,8
16066,0
16071,5
16073,6
16076,9
16078,6
16078,4
16082,1
16083,1
16089,0
16090,6
16092,8
16093,5
16095,4
16096,5
16098,6
16102,1
16102,6
16104,10
16105,10
16107,5
16113,1
16114,0
16116,3
16117,6
16118,1
16123,9
16130,0
16130,4
16132,7
16133,9
16142,5
16147,9
16148,4
16149,2
16150,5
16151,5
16154,9
16157,9
16157,5
16161,7
16162,9
16165,0
16165,4
16166,7
16167,0
16168,8
16178,10
16185,5
16185,6
16186,3
16188,3
16188,5
16190,9
16192,6
16195,6
16198,2
16199,8
16201,6
16204,4
16206,6
16206,7
16209,8
16209,5
16213,8
16213,5
16215,4
16220,8
16220,6
16226,5
16227,10
16227,4
16228,7
16229,1
16233,3
16233,0
16236,7
16238,1
16238,3
16243,8
16243,7
16246,0
16247,5
16248,3
16248,10
16249,9
16250,5
16250,1
16253,4
16257,6
16257,9
16259,2
16261,8
16262,0
16263,3
16265,8
16267,6
16268,8
16268,3
16272,7
16273,10
16273,7
16273,1
16276,8
16281,5
16283,2
16284,10
16286,3
16287,4
16288,3
16290,8
16290,0
16293,0
16294,10
16299,10
16304,1
16304,8
16304,2
16305,10
16307,7
16308,7
16311,6
16312,3
16314,2
16317,3
16317,8
16317,5
16319,9
16319,7
16319,8
16326,9
16326,7
16326,0
16331,5
16334,10
16334,2
16336,9
16336,3
16338,8
16338,6
16343,7
16344,0
16346,0
16348,5
16353,9
16355,2
16357,8
16359,1
16361,0
16363,6
16368,4
16369,1
16370,8
16374,0
16378,4
16383,8
16386,10
16390,6
16391,5
16394,7
16397,2
16399,7
16400,8
16403,5
16404,7
16406,4
16407,6
16407,3
16411,6
16414,8
16416,4
16416,9
16416,6
16418,8
16419,0
16420,1
16423,10
16423,3
16423,8
16424,5
16426,3
16428,10
16428,6
16433,7
16437,7
16438,3
16439,10
16439,7
16440,8
16441,8
16443,2
16449,3
16453,3
16458,2
16458,5
16460,9
16462,1
16463,3
16463,10
16465,2
16469,6
16471,4
16472,8
16475,4
16475,6
16476,9
16477,0
16477,3
16477,2
16477,9
16478,7
16479,5
16480,8
16482,5
16485,2
16486,6
16487,5
16488,1
16491,10
16495,9
16495,4
16497,5
16505,3
16508,3
16509,8
16510,5
16515,8
16519,4
16519,8
16522,8
16522,5
16523,1
16524,3
16527,4
16531,0
16532,3
16535,8
16536,2
16542,10
16542,2
16545,4
16545,1
16551,3
16553,4
16553,5
16554,0
16556,7
16557,6
16557,1
16560,4
16560,9
16576,9
16576,7
16576,4
16577,2
16578,1
16578,2
16578,8
16582,8
16586,1
16589,6
16590,2
16592,0
16592,2
16595,8
16598,5
16598,6
16600,7
16600,6
16602,1
16606,7
16610,2
16611,3
16614,5
16623,7
16623,6
16623,8
16624,10
16624,3
16626,4
16628,8
16629,5
16629,8
16630,1
16631,9
16635,3
16642,2
16647,6
16648,9
16649,6
16650,6
16652,3
16652,10
16653,1
16654,1
16655,0
16656,7
16657,6
16659,4
16673,7
16674,8
16676,6
16678,10
16678,2
16678,3
16682,0
16690,8
16698,3
16702,4
16704,3
16706,9
16708,7
16709,7
16713,1
16715,2
16716,6
16717,9
16719,4
16721,6
16721,9
16721,3
16722,0
16723,7
16724,2
16725,4
16725,10
16727,7
16729,2
16730,9
16733,2
16734,8
16735,5
16735,3
16737,0
16738,7
16742,6
16742,3
16744,7
16745,2
16748,10
16749,5
16749,1
16750,10
16755,1
16757,0
16758,2
16760,5
16761,7
16763,7
16766,9
16767,10
16774,4
16782,1
16783,1
16783,8
16784,5
16785,9
16785,10
16786,7
16786,2
16786,8
16790,0
16793,1
16795,10
16801,10
16802,0
16804,5
16808,3
16813,7
16814,8
16816,7
16817,8
16820,10
16821,6
16821,2
16822,1
16825,1
16825,4
16828,8
16832,9
16833,6
16834,2
16837,0
16838,4
16838,9
16839,2
16841,7
16841,1
16844,3
16845,2
16845,5
16847,5
16849,4
16852,1
16852,0
16853,2
16854,3
16855,8
16862,6
16862,0
16865,6
16867,1
16869,6
16871,7
16873,10
16874,10
16875,3
16877,1
16878,10
16882,5
16882,7
16885,5
16897,1
16898,6
16899,5
16899,3
16902,8
16902,4
16902,3
16902,9
16903,2
16905,6
16907,2
16908,3
16912,1
16912,8
16912,4
16914,5
16918,7
16919,5
16920,1
16920,3
16921,10
16923,3
16925,10
16925,9
16928,7
16928,4
16933,7
16933,8
16936,1
16936,10
16936,2
16936,6
16938,1
16942,4
16942,8
16943,5
16944,5
16946,0
16947,5
16948,5
16948,10
16951,1
16953,0
16957,10
16957,5
16957,9
16959,4
16960,3
16961,2
16967,3
16969,3
16970,10
16970,0
16978,7
16981,6
16982,0
16985,5
16985,10
16987,9
16988,4
16989,10
16991,1
16994,4
16996,10
16997,0
17000,9
17000,0
17002,9
17003,7
17003,9
17004,0
17005,6
17008,2
17011,5
17016,1
17021,0
17023,4
17024,0
17028,8
17032,4
17038,7
17041,6
17043,3
17044,9
17045,9
17046,7
17049,8
17050,10
17052,5
17059,2
17059,10
17061,0
17061,3
17061,4
17062,6
17065,1
17068,9
17069,7
17070,4
17072,4
17077,6
17078,3
17079,5
17080,0
17083,9
17084,0
17089,8
17091,4
17092,9
17096,9
17097,5
17097,3
17097,8
17100,4
17100,2
17102,7
17106,0
17107,8
17109,7
17110,6
17114,7
17116,6
17116,5
17120,10
17122,6
17123,2
17123,4
17124,10
17125,5
17127,1
17127,10
17130,3
17130,4
17132,2
17138,8
17140,10
17141,3
17142,8
17144,10
17145,8
17146,4
17149,5
17149,4
17150,7
17150,9
17158,7
17159,2
17159,9
17160,9
17162,5
17165,6
17168,7
17169,7
17171,0
17172,10
17173,7
17181,8
17185,9
17185,3
17185,1
17186,5
17196,3
17199,6
17199,0
17200,0
17203,5
17208,5
17209,3
17209,7
17212,3
17213,7
17214,8
17218,10
17219,5
17220,10
17226,7
17229,9
17232,5
17232,6
17235,6
17238,7
17241,7
17241,6
17243,9
17248,7
17252,8
17252,10
17253,8
17253,0
17259,10
17260,9
17260,1
17263,6
17265,3
17265,9
17265,6
17266,3
17267,10
17268,0
17271,6
17274,1
17274,10
17281,2
17282,8
17282,5
17283,10
17287,7
17291,4
17293,3
17293,1
17294,8
17296,2
17296,8
17297,0
17297,2
17298,2
17299,7
17300,5
17302,7
17302,2
17302,8
17305,9
17307,7
17317,7
17318,6
17320,7
17321,6
17325,7
17330,2
17335,2
17338,7
17340,1
17342,10
17343,8
17343,5
17347,5
17351,4
17351,0
17354,5
17354,3
17357,7
17366,6
17370,9
17377,3
17377,9
17379,5
17381,0
17381,6
17383,7
17388,1
17388,4
17393,1
17397,4
17398,0
17401,0
17404,1
17407,1
17407,3
17408,3
17408,9
17412,0
17414,4
17414,8
17417,4
17420,6
17425,9
17425,5
17426,0
17427,5
17430,8
17430,5
17432,0
17433,6
17434,2
17435,1
17437,1
17439,1
17440,2
17443,8
17445,3
17449,4
17450,0
17453,2
17455,2
17455,4
17460,7
17461,1
17463,3
17465,2
17466,5
17468,6
17469,8
17470,6
17471,0
17473,5
17475,9
17478,4
17480,3
17485,4
17485,1
17486,3
17487,4
17487,7
17488,5
17489,6
17489,5
17490,1
17490,9
17496,3
17499,5
17499,4
17500,0
17500,10
17502,10
17504,7
17505,4
17511,8
17511,3
17512,4
17513,6
17515,0
17517,3
17526,4
17527,3
17528,7
17530,7
17531,4
17532,5
17532,8
17533,2
17537,0
17537,3
17548,8
17549,7
17554,5
17555,0
17557,2
17558,4
17560,8
17563,9
17569,7
17572,2
17576,6
17579,1
17583,7
17584,2
17588,1
17589,0
17591,4
17592,2
17592,5
17593,4
17595,4
17597,8
17597,10
17599,1
17602,1
17604,6
17606,9
17611,1
17613,0
17614,4
17617,4
17623,8
17629,6
17630,0
17631,9
17633,10
17634,9
17639,0
17639,2
17645,4
17646,3
17647,9
17647,0
17648,2
17649,5
17653,9
17655,1
17656,3
17656,4
17661,2
17661,5
17667,2
17680,7
17680,6
17681,10
17682,0
17682,1
17684,5
17689,7
17690,7
17691,0
17692,0
17693,7
17696,3
17696,2
17697,1
17698,1
17699,3
17699,8
17702,6
17703,3
17707,7
17709,2
17710,10
17711,10
17715,6
17716,8
17717,0
17717,10
17718,10
17719,5
17719,3
17720,9
17721,1
17722,1
17725,5
17728,10
17729,7
17732,3
17735,9
17736,0
17737,2
17738,0
17741,8
17746,2
17747,0
17747,5
17748,3
17750,1
17751,7
17754,7
17757,1
17759,10
17763,4
17770,8
17770,4
17772,5
17773,5
17774,3
17775,6
17775,5
17776,3
17776,4
17777,3
17781,9
17783,2
17783,10
17785,7
17786,5
17795,9
17801,10
17806,4
17806,8
17808,5
17814,1
17814,9
17816,4
17816,3
17822,3
17825,10
17829,7
17829,6
17829,8
17829,9
17833,10
17835,3
17838,0
17839,7
17841,5
17841,9
17842,7
17844,10
17844,7
17845,0
17845,6
17850,0
17851,0
17852,4
17855,2
17855,3
17856,10
17861,8
17863,2
17864,9
17866,7
17867,6
17868,5
17868,4
17871,1
17871,5
17873,4
17876,4
17877,9
17878,9
17883,1
17885,10
17885,2
17886,0
17898,8
17901,3
17902,4
17903,6
17904,9
17906,1
17912,1
17914,10
17915,9
17916,5
17918,7
17921,0
17926,0
17932,2
17934,2
17935,5
17938,10
17938,0
17939,1
17940,10
17941,1
17944,5
17946,9
17946,8
17947,3
17947,10
17947,0
17952,8
17952,5
17953,8
17954,2
17955,6
17958,0
17958,8
17959,1
17962,1
17966,5
17967,2
17967,1
17967,4
17970,8
17971,0
17971,2
17972,2
17977,2
17978,0
17978,6
17979,6
17982,7
17986,4
17986,3
17987,3
17990,3
17990,5
17995,6
17997,1
17998,8
17998,9
18000,1
18000,8
18001,0
18002,8
18003,8
18005,10
18006,5
18006,4
18007,8
18007,4
18010,7
18011,8
18014,1
18014,7
18014,8
18015,6
18016,6
18016,3
18018,3
18018,7
18021,2
18023,6
18026,2
18027,9
18029,8
18030,10
18032,6
18032,9
18032,2
18033,9
18034,5
18037,8
18043,1
18046,3
18047,5
18049,3
18052,9
18060,6
18061,3
18062,5
18065,3
18066,2
18066,3
18071,6
18072,8
18072,5
18074,6
18078,4
18078,7
18081,8
18082,9
18083,8
18086,9
18086,3
18087,3
18087,7
18088,10
18088,6
18091,6
18092,7
18093,4
18098,3
18099,4
18102,10
18105,3
18105,4
18107,9
18108,5
18111,8
18114,0
18117,5
18122,8
18122,0
18123,1
18123,9
18127,2
18128,0
18135,6
18136,9
18137,9
18138,6
18139,0
18140,2
18140,0
18143,9
18144,5
18146,2
18148,8
18151,6
18151,3
18152,3
18155,9
18157,1
18159,2
18161,10
18164,0
18164,1
18167,8
18168,4
18171,10
18178,2
18179,8
18181,5
18183,7
18184,5
18184,9
18186,2
18187,2
18191,3
18191,2
18192,8
18192,2
18194,4
18197,1
18201,0
18201,5
18205,1
18207,9
18211,4
18212,3
18213,10
18215,2
18217,3
18217,10
18217,9
18218,6
18219,4
18222,3
18222,6
18222,4
18229,6
18230,6
18230,5
18231,9
18233,9
18235,0
18239,1
18240,3
18242,1
18242,6
18243,9
18243,0
18246,9
18246,4
18247,3
18247,5
18251,9
18254,9
18256,1
18257,7
18258,9
18258,1
18266,2
18268,2
18269,4
18271,8
18273,6
18275,4
18276,5
18281,2
18283,10
18284,3
18285,2
18287,8
18287,7
18290,5
18292,9
18293,0
18294,6
18295,6
18296,7
18300,4
18302,6
18302,7
18303,0
18305,8
18307,9
18309,5
18309,3
18310,7
18310,10
18314,5
18317,2
18319,2
18324,1
18326,10
18327,6
18327,3
18331,0
18332,5
18339,9
18343,1
18346,6
18347,6
18349,6
18353,0
18356,9
18356,7
18359,4
18359,10
18360,4
18365,7
18366,3
18367,1
18368,5
18369,10
18370,1
18375,6
18382,6
18382,0
18384,0
18385,9
18386,10
18387,9
18387,2
18387,6
18391,5
18393,3
18395,0
18397,10
18397,9
18397,7
18400,4
18402,1
18403,0
18404,1
18411,6
18413,1
18416,0
18417,10
18419,9
18421,1
18425,10
18425,2
18425,6
18426,9
18427,0
18427,6
18428,4
18436,7
18436,0
18437,3
18440,3
18448,6
18450,4
18451,7
18456,8
18458,8
18458,6
18459,2
18463,1
18464,8
18464,0
18466,4
18466,1
18471,4
18473,9
18473,6
18475,6
18477,0
18479,7
18482,9
18482,8
18486,3
18486,0
18489,9
18490,9
18493,6
18495,1
18496,10
18498,2
18499,1
18499,5
18516,3
18516,8
18517,8
18519,7
18520,1
18522,1
18534,4
18536,2
18537,5
18542,10
18542,5
18543,0
18547,6
18548,2
18549,9
18553,8
18563,1
18563,6
18564,6
18566,10
18566,6
18567,9
18569,4
18571,6
18573,2
18577,7
18580,4
18584,7
18587,7
18588,1
18589,4
18590,2
18591,9
18591,1
18591,5
18594,0
18595,2
18596,6
18597,9
18597,3
18598,10
18598,0
18599,3
18601,9
18603,6
18604,6
18608,1
18608,9
18609,4
18613,5
18620,0
18623,0
18625,9
18627,9
18633,9
18635,2
18636,6
18637,0
18637,3
18640,8
18641,0
18644,8
18645,3
18645,4
18646,3
18651,2
18652,10
18653,2
18655,9
18657,1
18658,2
18658,7
18660,5
18660,8
18661,4
18662,10
18663,1
18664,10
18665,0
18667,4
18670,10
18671,8
18672,5
18673,4
18675,10
18675,9
18677,3
18681,4
18684,0
18684,6
18685,4
18687,1
18688,9
18688,3
18689,7
18692,3
18694,5
18695,3
18697,9
18700,4
18703,3
18703,8
18704,3
18704,6
18706,7
18707,0
18708,5
18710,4
18716,2
18717,3
18719,1
18721,10
18722,5
18723,3
18726,10
18726,9
18728,8
18729,2
18730,1
18731,9
18732,1
18736,9
18737,1
18739,2
18742,2
18749,9
18750,2
18751,5
18752,0
18755,8
18756,5
18759,9
18763,7
18763,0
18763,4
18764,7
18768,10
18769,3
18777,3
18778,0
18784,9
18785,5
18785,1
18795,8
18800,10
18802,0
18804,1
18805,4
18810,1
18811,6
18814,5
18814,0
18815,7
18817,6
18820,4
18821,8
18822,8
18826,3
18830,1
18831,1
18836,4
18837,10
18840,1
18842,1
18847,10
18848,10
18850,0
18856,0
18856,8
18859,3
18860,4
18861,4
18862,5
18864,2
18867,8
18869,1
18871,3
18874,2
18878,2
18881,0
18881,1
18882,4
18882,8
18882,3
18882,5
18885,5
18887,7
18887,0
18889,2
18891,9
18891,8
18892,7
18894,1
18894,6
18895,9
18895,1
18896,1
18898,5
18898,2
18899,4
18902,3
18903,6
18903,3
18909,2
18909,7
18914,0
18914,10
18917,10
18923,2
18925,6
18925,9
18925,1
18932,4
18933,4
18934,6
18937,9
18937,2
18938,4
18942,8
18945,7
18947,4
18947,2
18949,8
18950,2
18954,7
18955,9
18957,8
18957,0
18957,5
18959,3
18961,0
18961,8
18961,1
18964,0
18966,2
18966,7
18967,1
18972,2
18975,2
18983,6
18984,5
18985,6
18991,4
18993,7
18996,3
18996,10
18999,8
19003,0
19003,10
19004,9
19007,2
19007,6
19010,9
19011,1
19011,9
19013,4
19014,4
19014,7
19017,6
19023,4
19023,8
19030,2
19034,0
19037,1
19037,10
19037,0
19038,9
19039,8
19039,1
19041,4
19042,3
19043,8
19045,0
19045,4
19046,3
19046,8
19047,5
19048,6
19053,5
19054,7
19054,5
19056,5
19058,8
19059,4
19059,1
19060,0
19061,5
19062,8
19064,8
19066,4
19068,6
19072,6
19073,7
19073,3
19074,9
19074,2
19078,10
19079,5
19080,0
19082,9
19085,1
19089,10
19093,5
19095,0
19097,5
19097,0
19103,1
19106,0
19107,7
19109,4
19109,2
19109,3
19116,6
19117,10
19119,7
19120,0
19120,6
19122,0
19124,9
19125,6
19126,8
19131,10
19133,10
19133,4
19138,9
19140,2
19142,5
19150,0
19150,2
19153,8
19155,8
19156,7
19161,6
19165,4
19165,7
19165,3
19167,9
19170,7
19171,10
19173,0
19173,8
19174,3
19175,2
19176,1
19176,5
19177,7
19177,0
19180,8
19181,0
19181,9
19183,5
19184,7
19186,3
19188,6
19188,9
19189,5
19191,10
19191,9
19192,6
19192,4
19193,8
19194,5
19195,5
19197,2
19199,1
19199,2
19201,1
19202,2
19202,7
19205,0
19206,6
19206,7
19206,2
19214,4
19220,6
19221,4
19226,9
19229,9
19232,3
19232,8
19232,6
19234,7
19234,10
19234,3
19239,9
19242,2
19244,10
19245,2
19253,4
19253,2
19260,10
19260,9
19264,8
19267,2
19273,10
19275,1
19275,4
19277,5
19280,7
19281,7
19288,8
19288,9
19288,4
19293,8
19294,10
19295,6
19296,1
19300,8
19302,2
19303,6
19303,8
19303,0
19304,1
19304,3
19305,6
19306,4
19306,9
19306,6
19308,1
19309,7
19311,7
19317,9
19319,4
19321,2
19325,10
19327,1
19328,6
19329,6
19333,7
19333,5
19338,2
19343,2
19343,10
19344,7
19345,5
19345,8
19346,2
19347,9
19350,9
19351,4
19351,1
19353,9
19353,8
19353,3
19354,8
19354,3
19354,6
19355,3
19355,4
19356,4
19358,2
19359,10
19360,0
19361,2
19363,5
19364,4
19367,10
19367,5
19368,2
19373,5
19375,4
19379,0
19384,6
19384,2
19385,2
19385,1
19385,3
19386,3
19387,3
19388,9
19389,1
19391,7
19392,7
19392,8
19394,8
19399,8
19400,7
19404,6
19407,5
19409,10
19411,5
19413,10
19414,6
19416,10
19426,8
19428,9
19431,9
19433,0
19437,1
19439,8
19439,0
19447,6
19451,9
19456,8
19458,2
19461,7
19462,7
19467,9
19469,1
19470,9
19475,6
19476,0
19478,10
19482,8
19483,3
19483,4
19485,0
19488,8
19490,6
19492,3
19493,0
19495,6
19498,4
19501,6
19504,2
19505,2
19508,5
19510,6
19511,3
19516,2
19517,1
19517,6
19520,7
19524,3
19529,1
19529,10
19531,10
19532,9
19532,6
19539,7
19541,3
19543,2
19543,9
19544,7
19545,9
19546,9
19546,1
19548,0
19549,9
19549,4
19552,8
19554,3
19555,1
19558,2
19559,2
19561,7
19564,9
19565,10
19566,9
19567,1
19567,10
19573,0
19574,1
19577,8
19578,3
19579,9
19581,6
19583,1
19585,6
19586,2
19589,0
19589,8
19590,1
19593,5
19596,5
19597,9
19599,9
19599,1
19606,4
19606,5
19606,10
19607,3
19610,9
19612,8
19617,0
19618,2
19622,6
19623,3
19627,8
19627,9
19630,10
19634,5
19636,4
19639,3
19640,1
19641,2
19643,1
19643,3
19646,10
19650,7
19650,3
19654,1
19654,6
19655,9
19656,8
19657,2
19659,6
19662,1
19663,8
19663,5
19664,6
19664,0
19666,9
19666,10
19670,1
19673,1
19674,10
19675,1
19677,8
19677,3
19678,2
19680,6
19681,6
19682,6
19685,0
19686,6
19687,0
19690,2
19694,3
19697,2
19699,2
19700,9
19703,8
19704,0
19705,0
19707,0
19716,3
19718,8
19719,0
19719,2
19720,6
19720,4
19726,2
19726,3
19729,8
19729,5
19730,1
19731,9
19731,8
19732,5
19737,7
19737,0
19738,6
19739,4
19741,2
19742,2
19747,6
19748,3
19748,7
19748,2
19749,3
19754,3
19754,7
19758,1
19760,0
19761,3
19762,0
19762,9
19763,6
19767,9
19767,1
19770,9
19772,4
19774,7
19775,6
19776,1
19778,0
19782,9
19782,7
19783,1
19784,5
19787,1
19787,5
19788,3
19788,1
19788,7
19790,6
19791,8
19792,7
19804,6
19805,9
19808,7
19808,6
19813,10
19815,10
19816,0
19820,0
19821,3
19821,5
19823,0
19824,7
19827,3
19831,6
19831,4
19832,4
19833,1
19833,6
19836,4
19840,0
19842,1
19844,7
19848,1
19849,6
19850,1
19853,2
19854,6
19855,2
19857,0
19858,2
19862,1
19865,3
19871,5
19871,9
19873,9
19878,3
19879,3
19880,4
19882,3
19882,7
19884,4
19884,3
19888,3
19888,8
19890,1
19890,10
19891,7
19891,0
19892,5
19893,2
19894,5
19894,10
19895,5
19896,7
19897,2
19900,5
19902,4
19902,9
19902,7
19909,5
19914,0
19922,6
19922,1
19924,5
19924,10
19928,2
19929,10
19930,2
19934,7
19943,4
19944,10
19944,4
19947,7
19952,9
19954,8
19960,7
19962,3
19963,6
19973,2
19974,3
19974,0
19975,8
19975,0
19977,3
19981,5
19983,10
19984,7
19984,9
19985,2
19986,4
19987,0
19988,8
19990,7
19991,8
19992,4
19996,10
20001,0
20001,4
20004,0
20008,1
20008,9
20011,1
20012,3
20014,10
20015,0
20018,7
20021,7
20021,4
20022,4
20022,5
20023,8
20024,9
20024,4
20024,6
20026,7
20037,10
20039,10
20039,5
20042,9
20043,6
20044,0
20049,4
20051,5
20056,8
20057,7
20057,5
20059,3
20063,0
20070,8
20073,8
20074,1
20076,7
20077,10
20079,9
20080,0
20083,3
20092,0
20093,2
20104,10
20104,9
20107,3
20108,8
20109,9
20110,1
20120,8
20120,7
20122,0
20122,10
20125,10
20126,6
20128,2
20133,1
20137,5
20138,0
20140,2
20142,1
20145,9
20145,3
20146,4
20148,1
20151,0
20154,1
20155,2
20155,4
20157,0
20157,4
20158,5
20159,3
20160,6
20164,9
20166,0
20172,2
20174,6
20177,8
20177,10
20178,3
20178,8
20182,4
20185,10
20186,6
20187,4
20187,9
20188,8
20190,4
20196,5
20197,7
20197,0
20199,6
20202,0
20205,8
20206,6
20208,5
20212,5
20214,7
20220,1
20223,2
20224,6
20226,7
20227,6
20228,9
20229,2
20231,1
20231,7
20232,0
20239,5
20240,1
20240,6
20244,2
20245,5
20247,2
20248,5
20253,8
20255,1
20257,1
20258,8
20261,2
20262,8
20263,1
20267,6
20269,0
20272,3
20273,0
20274,1
20276,4
20277,1
20277,6
20279,5
20280,8
20281,6
20282,8
20283,8
20283,1
20285,10
20287,6
20288,2
20290,2
20293,3
20294,10
20295,1
20299,2
20301,7
20301,8
20303,10
20305,2
20306,0
20307,4
20308,0
20309,6
20309,0
20314,9
20315,2
20321,5
20324,6
20324,10
20326,10
20326,7
20326,8
20332,1
20333,8
20334,3
20338,2
20340,5
20342,2
20345,10
20345,3
20347,1
20347,3
20348,1
20352,5
20356,4
20356,6
20356,3
20357,10
20360,6
20360,9
20362,10
20363,3
20370,1
20370,4
20372,10
20374,10
20375,8
20382,9
20382,1
20383,4
20384,8
20384,0
20386,10
20390,7
20391,3
20392,8
20397,9
20398,5
20398,0
20401,0
20402,4
20402,2
20404,4
20409,3
20409,10
20415,8
20416,1
20416,5
20418,2
20420,4
20420,3
20422,6
20423,1
20424,1
20424,2
20425,8
20427,8
20427,9
20428,9
20429,6
20430,10
20433,7
20433,8
20438,0
20439,7
20443,10
20444,10
20446,3
20448,1
20452,10
20452,0
20454,1
20456,7
20457,7
20458,6
20460,6
20460,9
20464,6
20465,2
20466,5
20468,7
20469,9
20472,10
20473,0
20474,4
20477,8
20480,7
20481,4
20482,9
20482,3
20483,1
20483,7
20483,9
20486,9
20491,5
20492,2
20493,8
20493,7
20497,4
20498,5
20498,8
20498,4
20501,6
20504,9
20507,8
20508,3
20510,9
20510,10
20512,7
20516,10
20523,4
20525,5
20527,9
20529,1
20531,7
20531,6
20532,8
20533,5
20535,4
20538,7
20539,10
20539,3
20540,1
20542,5
20545,3
20546,5
20546,4
20547,9
20547,7
20548,2
20548,10
20550,0
20550,8
20553,7
20557,9
20558,9
20559,9
20560,8
20560,4
20562,5
20563,4
20566,4
20570,5
20570,10
20571,0
20572,10
20574,2
20574,0
20576,5
20578,1
20579,2
20580,4
20590,6
20590,1
20591,1
20592,6
20603,10
20605,3
20606,7
20606,3
20611,9
20614,5
20620,9
20621,7
20621,4
20621,0
20623,3
20626,2
20629,3
20630,5
20633,9
20635,1
20638,10
20640,4
20641,10
20641,7
20642,6
20642,2
20643,10
20646,10
20646,0
20647,4
20649,7
20651,6
20653,10
20654,3
20654,7
20655,5
20656,1
20656,2
20658,7
20662,2
20666,0
20667,2
20671,5
20672,9
20673,4
20675,6
20681,3
20683,4
20683,6
20684,4
20689,10
20691,4
20692,10
20698,0
20702,7
20702,6
20704,10
20710,10
20710,8
20712,7
20712,8
20717,4
20717,2
20718,0
20721,5
20722,2
20722,7
20725,5
20726,0
20726,10
20728,5
20729,9
20733,5
20733,7
20738,2
20742,0
20745,5
20747,1
20747,2
20748,2
20748,8
20749,8
20750,7
20751,9
20753,7
20753,4
20756,5
20757,6
20759,9
20759,3
20763,3
20765,9
20765,5
20766,10
20774,9
20775,5
20776,5
20777,0
20780,10
20781,0
20781,5
20783,9
20783,0
20784,5
20787,4
20788,3
20789,4
20790,5
20792,1
20795,4
20798,7
20798,2
20801,2
20807,0
20807,3
20810,3
20812,5
20812,6
20812,3
20813,6
20815,8
20818,2
20819,7
20822,10
20823,8
20826,4
20827,3
20831,0
20836,3
20838,7
20840,1
20842,5
20846,1
20849,8
20863,4
20867,2
20869,7
20870,7
20873,8
20881,8
20882,4
20884,4
20887,10
20891,6
20892,5
20897,9
20905,1
20909,5
20913,4
20916,2
20918,0
20921,6
20921,8
20922,2
20922,7
20923,2
20924,9
20926,9
20926,7
20927,2
20931,8
20935,10
20938,5
20939,2
20944,10
20945,0
20946,2
20950,5
20951,5
20951,1
20957,1
20957,9
20957,2
20958,9
20961,6
20961,3
20962,8
20963,0
20964,2
20965,1
20965,7
20969,10
20972,5
20972,8
20973,3
20976,8
20976,7
20981,0
20983,10
20984,3
20986,8
20990,8
20992,2
20993,2
20998,4
21001,5
21003,8
21004,9
21005,5
21011,6
21012,3
21016,3
21016,2
21018,0
21023,9
21023,6
21024,3
21025,7
21027,5
21029,6
21031,2
21031,5
21031,8
21036,9
21037,2
21038,8
21040,0
21044,2
21047,1
21053,2
21055,3
21055,2
21056,3
21059,8
21066,10
21069,0
21070,6
21073,4
21076,5
21078,1
21085,6
21086,3
21094,1
21095,2
21095,0
21101,7
21102,3
21104,0
21106,6
21107,4
21110,7
21111,3
21112,10
21113,7
21118,3
21121,5
21121,9
21124,4
21125,1
21129,9
21130,4
21130,3
21131,2
21138,4
21138,5
21139,3
21140,3
21142,0
21147,4
21149,4
21153,2
21157,3
21159,1
21173,6
21173,1
21175,4
21175,6
21178,2
21180,0
21181,5
21181,8
21183,6
21183,10
21183,1
21185,1
21188,4
21190,6
21191,10
21192,9
21192,5
21192,6
21193,8
21194,3
21194,2
21196,2
21197,10
21202,9
21210,8
21210,0
21210,4
21212,8
21217,4
21219,8
21221,2
21222,6
21222,0
21224,1
21234,9
21237,3
21238,1
21242,10
21243,7
21248,6
21249,7
21250,4
21256,8
21257,6
21257,7
21262,7
21262,0
21263,2
21271,5
21272,4
21274,7
21275,2
21275,1
21277,10
21281,0
21291,10
21293,10
21294,9
21296,4
21298,2
21299,8
21300,10
21304,5
21305,8
21309,3
21311,7
21311,10
21325,1
21327,9
21328,7
21329,6
21332,8
21334,0
21334,7
21342,6
21342,9
21343,9
21346,0
21350,1
21352,9
21353,1
21353,0
21353,3
21357,7
21358,4
21358,10
21359,3
21360,9
21360,10
21360,1
21360,5
21365,2
21367,5
21367,0
21368,6
21370,9
21370,10
21373,4
21375,5
21376,7
21377,10
21378,3
21379,9
21380,6
21381,0
21381,9
21384,5
21390,10
21391,7
21391,3
21393,0
21394,0
21396,10
21402,1
21407,5
21410,9
21413,9
21421,0
21421,4
21422,1
21424,8
21424,2
21425,5
21429,3
21429,5
21430,9
21432,1
21432,9
21437,10
21437,2
21439,0
21447,1
21447,2
21450,2
21451,6
21453,6
21454,8
21454,2
21455,6
21465,2
21469,9
21473,9
21477,4
21483,8
21484,10
21484,1
21485,3
21486,2
21486,5
21486,10
21491,9
21492,1
21495,6
21496,6
21497,0
21499,3
21500,3
21503,7
21505,6
21508,8
21508,0
21511,0
21511,10
21511,3
21512,6
21513,9
21515,0
21516,4
21516,2
21519,4
21523,8
21523,6
21525,8
21529,0
21531,2
21531,5
21534,9
21534,2
21539,5
21540,1
21549,9
21553,2
21555,6
21557,8
21558,1
21560,3
21560,0
21563,2
21564,1
21565,0
21566,1
21568,7
21569,5
21577,6
21579,5
21582,3
21582,8
21582,4
21583,6
21585,2
21586,2
21586,6
21591,3
21593,8
21595,9
21595,8
21598,0
21598,4
21600,7
21601,8
21605,6
21605,8
21606,8
21606,2
21606,7
21608,8
21612,9
21615,9
21617,8
21618,7
21618,8
21619,8
21621,5
21623,5
21626,6
21628,7
21629,2
21629,5
21631,4
21633,0
21635,10
21636,10
21637,1
21638,0
21639,4
21641,4
21646,7
21646,1
21648,8
21649,8
21651,9
21651,3
21654,4
21656,7
21660,2
21662,8
21666,6
21666,5
21670,5
21673,4
21676,3
21677,10
21678,9
21679,9
21682,1
21683,3
21683,2
21686,1
21686,10
21686,0
21690,6
21693,3
21694,6
21695,10
21695,2
21696,0
21698,7
21702,5
21707,8
21711,7
21712,5
21712,6
21718,7
21720,7
21720,5
21726,6
21729,1
21729,6
21730,3
21731,4
21732,0
21735,6
21736,5
21741,0
21742,8
21744,10
21746,6
21748,2
21749,0
21754,3
21754,5
21756,9
21760,6
21762,3
21762,1
21764,6
21767,3
21769,0
21770,4
21772,10
21775,4
21775,10
21777,4
21777,1
21779,5
21780,10
21780,9
21783,7
21784,7
21785,9
21785,3
21792,4
21794,5
21801,1
21802,1
21802,7
21803,4
21803,3
21807,3
21810,9
21817,5
21818,5
21827,1
21831,6
21831,10
21843,6
21845,1
21845,6
21851,7
21853,5
21854,2
21854,0
21856,3
21857,7
21864,2
21865,6
21867,2
21868,0
21871,2
21872,2
21873,7
21874,5
21879,3
21880,5
21883,3
21884,0
21885,9
21889,3
21890,5
21890,8
21892,7
21893,5
21893,1
21896,3
21901,10
21902,3
21903,3
21904,2
21905,2
21909,3
21909,7
21909,1
21909,0
21913,9
21913,10
21918,4
21921,6
21930,8
21931,0
21932,5
21932,1
21935,8
21938,6
21940,0
21940,9
21942,2
21946,6
21948,2
21950,3
21954,10
21956,8
21961,8
21963,7
21964,6
21967,6
21968,2
21969,4
21970,10
21970,4
21972,0
21973,5
21974,8
21976,3
21982,10
21983,6
21984,0
21985,6
21986,7
21990,6
21990,7
21993,1
21993,5
21994,3
22000,5
22003,10
22003,6
22003,3
22006,1
22010,4
22010,9
22011,2
22012,0
22015,5
22018,8
22019,1
22019,5
22021,0
22021,1
22027,5
22027,3
22030,2
22030,6
22030,3
22031,10
22034,2
22035,4
22035,1
22040,9
22041,0
22041,7
22042,8
22044,6
22045,9
22049,2
22050,7
22050,3
22051,10
22053,1
22057,3
22059,2
22060,0
22061,0
22065,5
22067,7
22069,3
22070,9
22070,0
22071,0
22073,4
22074,10
22079,10
22081,0
22081,2
22084,6
22084,2
22087,3
22091,4
22092,5
22094,10
22094,5
22098,6
22103,9
22106,3
22106,9
22108,6
22111,3
22112,7
22114,9
22114,3
22115,5
22116,2
22116,8
22117,7
22119,10
22128,10
22129,10
22130,2
22130,0
22131,4
22132,8
22133,3
22137,5
22137,0
22140,10
22143,3
22144,9
22147,8
22150,5
22154,0
22155,7
22157,3
22166,2
22166,5
22168,8
22168,0
22175,8
22184,7
22185,5
22186,2
22187,10
22191,3
22193,9
22194,10
22195,0
22199,3
22199,6
22202,4
22207,5
22209,6
22212,7
22219,0
22222,8
22223,8
22224,3
22225,10
22226,0
22231,2
22232,8
22232,2
22234,2
22239,4
22240,0
22241,5
22249,9
22250,1
22251,2
22252,5
22255,10
22257,3
22259,1
22263,2
22263,6
22266,1
22267,7
22267,8
22268,7
22268,0
22271,6
22271,4
22275,4
22275,9
22276,3
22277,4
22282,2
22283,3
22284,8
22287,1
22289,2
22292,9
22295,10
22297,10
22297,5
22299,5
22302,8
22311,8
22311,7
22311,5
22311,2
22312,10
22313,6
22314,6
22315,0
22315,3
22315,9
22321,9
22324,1
22325,2
22330,5
22332,0
22333,4
22334,2
22335,3
22337,10
22338,9
22339,10
22343,10
22344,9
22345,2
22345,0
22348,6
22348,10
22348,0
22352,8
22354,6
22359,8
22359,7
22359,2
22360,8
22361,4
22361,8
22362,2
22364,1
22366,10
22370,2
22373,9
22375,3
22377,4
22379,2
22380,10
22380,0
22384,6
22385,6
22386,9
22386,0
22389,3
22389,5
22390,9
22390,10
22397,8
22399,2
22400,8
22401,1
22402,7
22403,10
22403,0
22404,0
22406,4
22409,9
22411,10
22411,6
22417,0
22418,2
22418,9
22419,4
22424,5
22426,9
22427,8
22428,8
22428,3
22431,9
22431,6
22440,0
22440,4
22441,6
22441,5
22444,10
22446,3
22448,9
22449,10
22451,6
22455,10
22457,10
22463,10
22465,2
22466,9
22467,7
22470,8
22470,3
22470,10
22471,0
22471,9
22473,2
22474,5
22476,6
22476,8
22478,6
22478,9
22482,4
22482,8
22486,2
22487,8
22491,5
22494,9
22496,2
22496,4
22497,9
22498,5
22499,7
22499,2
22500,1
22503,1
22504,5
22511,2
22517,2
22518,9
22520,4
22521,2
22531,8
22531,1
22533,8
22535,4
22536,4
22537,0
22537,9
22539,5
22540,3
22540,1
22542,0
22544,8
22545,3
22545,6
22546,0
22549,3
22549,4
22552,8
22555,6
22555,4
22557,6
22562,4
22562,1
22563,0
22564,10
22567,9
22569,1
22570,8
22572,9
22577,4
22578,2
22579,7
22579,0
22586,9
22590,4
22590,1
22590,3
22594,6
22595,9
22596,10
22597,5
22602,6
22605,2
22607,6
22607,3
22608,8
22609,10
22610,1
22610,9
22610,3
22614,10
22617,0
22620,3
22621,2
22622,10
22623,6
22625,0
22626,2
22628,6
22631,3
22632,10
22636,0
22639,5
22641,10
22642,7
22643,4
22647,0
22652,6
22655,5
22657,2
22657,3
22660,7
22663,10
22665,1
22668,10
22669,4
22670,7
22671,10
22675,9
22677,3
22677,8
22680,2
22681,4
22688,4
22689,9
22693,4
22693,7
22694,2
22696,4
22697,2
22699,8
22701,10
22702,4
22703,3
22704,5
22705,0
22706,5
22709,2
22712,2
22716,4
22718,3
22719,1
22719,9
22719,3
22722,7
22722,9
22723,10
22725,8
22726,1
22730,6
22733,3
22735,7
22737,6
22739,7
22740,9
22741,9
22747,3
22749,1
22751,6
22754,1
22755,8
22760,7
22760,9
22765,5
22767,8
22767,4
22768,3
22769,7
22772,7
22774,3
22774,7
22776,2
22777,10
22780,9
22783,6
22783,1
22785,7
22785,5
22787,4
22790,1
22791,5
22794,2
22794,0
22794,1
22796,5
22796,1
22799,7
22799,5
22803,1
22805,7
22805,9
22811,4
22817,2
22825,9
22827,7
22830,0
22831,8
22832,3
22833,4
22835,6
22837,10
22839,3
22841,7
22844,4
22845,2
22849,0
22852,9
22852,6
22854,5
22854,4
22855,4
22856,6
22856,9
22857,10
22859,0
22860,4
22862,7
22868,9
22869,1
22870,3
22873,10
22875,6
22875,4
22879,10
22884,1
22888,10
22889,7
22889,4
22890,0
22890,9
22891,5
22894,10
22896,10
22897,0
22897,8
22897,6
22898,7
22898,5
22901,7
22901,9
22904,1
22907,3
22910,6
22913,0
22913,6
22916,4
22916,7
22918,4
22919,5
22919,1
22919,4
22926,5
22927,8
22927,10
22930,10
22933,10
22935,0
22940,0
22941,3
22947,8
22947,5
22951,3
22953,0
22954,8
22955,5
22956,10
22956,3
22959,9
22959,8
22961,5
22964,10
22967,8
22967,7
22973,6
22974,6
22975,8
22977,2
22977,10
22978,8
22981,8
22982,6
22984,2
22992,1
22995,2
22998,1
22999,7
23000,10
23003,0
23004,8
23004,5
23004,9
23008,3
23009,10
23010,2
23011,3
23011,8
23016,9
23016,8
23017,3
23020,2
23023,8
23025,0
23031,7
23036,9
23037,9
23037,5
23039,2
23040,10
23040,1
23041,6
23042,7
23042,2
23046,9
23048,9
23049,1
23050,3
23050,1
23053,3
23053,5
23054,10
23058,8
23058,1
23060,3
23061,0
23061,9
23062,10
23062,6
23065,6
23069,4
23070,2
23071,2
23074,0
23075,0
23076,5
23077,1
23077,4
23077,7
23078,10
23078,0
23078,6
23079,2
23082,5
23085,2
23093,8
23094,2
23096,3
23101,7
23102,6
23107,8
23111,9
23111,0
23114,2
23114,8
23114,0
23115,9
23116,1
23117,2
23117,3
23120,2
23120,3
23122,6
23127,1
23129,5
23131,2
23132,0
23133,10
23138,8
23138,6
23139,7
23141,7
23143,7
23145,3
23149,8
23150,4
23153,0
23153,1
23154,3
23156,4
23158,0
23159,2
23159,6
23159,5
23159,1
23161,5
23162,4
23165,2
23167,5
23170,4
23172,3
23172,5
23178,3
23179,10
23179,2
23181,7
23189,2
23191,8
23193,7
23195,10
23201,7
23202,7
23203,6
23204,0
23205,2
23205,1
23209,9
23209,3
23209,0
23211,6
23211,1
23212,10
23214,1
23215,8
23216,4
23216,2
23224,7
23224,6
23225,10
23226,2
23227,2
23227,8
23229,5
23233,0
23235,8
23238,1
23238,3
23239,4
23243,3
23244,0
23246,10
23248,5
23248,6
23249,8
23249,4
23249,7
23253,3
23257,1
23258,0
23263,1
23266,1
23273,10
23274,6
23274,5
23275,1
23277,10
23277,9
23280,3
23281,1
23288,10
23289,10
23291,3
23294,10
23295,0
23296,4
23298,0
23298,5
23300,6
23301,10
23303,4
23303,3
23305,4
23305,7
23309,6
23310,7
23315,2
23315,3
23316,0
23316,6
23318,9
23322,8
23323,4
23325,7
23327,3
23331,0
23335,7
23338,10
23342,8
23343,8
23344,1
23345,5
23345,3
23345,9
23348,10
23350,2
23351,10
23352,8
23354,3
23354,2
23360,8
23362,5
23365,10
23366,9
23368,8
23368,3
23369,10
23370,8
23372,8
23373,2
23373,1
23377,9
23381,9
23381,7
23383,2
23386,7
23386,1
23387,0
23388,2
23390,6
23392,9
23394,1
23395,7
23396,4
23402,1
23402,3
23404,0
23404,8
23406,1
23406,7
23408,7
23408,3
23409,3
23413,9
23414,0
23419,10
23421,5
23421,10
23422,5
23424,8
23426,6
23427,3
23429,5
23433,3
23437,9
23438,9
23444,9
23447,3
23448,6
23448,2
23450,2
23450,10
23455,8
23456,8
23460,0
23462,5
23464,2
23465,9
23468,4
23469,5
23471,1
23472,7
23477,10
23480,2
23481,10
23490,5
23496,8
23497,4
23501,3
23502,4
23502,9
23503,9
23508,3
23513,3
23517,9
23517,6
23520,0
23521,6
23521,0
23524,5
23527,7
23527,3
23528,4
23530,10
23534,10
23534,7
23537,6
23541,6
23544,4
23546,0
23547,5
23549,1
23549,7
23550,10
23553,5
23553,4
23553,0
23558,0
23558,8
23559,4
23564,1
23568,1
23569,3
23571,8
23572,9
23572,1
23574,5
23574,1
23575,3
23577,9
23578,7
23578,5
23580,0
23581,0
23583,7
23584,8
23584,7
23585,6
23590,5
23591,10
23592,6
23593,9
23595,10
23597,7
23600,4
23606,7
23607,2
23609,4
23609,2
23610,1
23612,9
23613,6
23613,9
23615,3
23615,0
23618,0
23621,8
23622,8
23626,5
23627,9
23628,9
23628,8
23629,0
23633,3
23636,5
23640,6
23642,1
23643,10
23648,8
23649,7
23655,10
23656,2
23658,5
23661,9
23662,2
23662,7
23663,9
23664,9
23665,2
23665,5
23666,6
23669,8
23672,10
23675,2
23682,9
23683,10
23684,5
23689,7
23690,8
23690,1
23691,6
23693,7
23694,1
23695,1
23697,5
23698,3
23699,3
23700,0
23702,10
23705,10
23710,5
23710,7
23712,9
23714,8
23715,2
23717,9
23720,0
23720,6
23720,3
23721,7
23721,1
23723,0
23724,5
23726,9
23729,8
23729,9
23731,9
23732,7
23733,9
23733,0
23734,0
23739,4
23740,7
23745,10
23745,3
23748,7
23749,7
23754,7
23755,2
23756,8
23756,5
23756,9
23760,0
23770,10
23770,7
23773,9
23774,4
23774,5
23776,9
23776,3
23776,6
23779,9
23783,6
23783,9
23791,3
23795,3
23798,4
23800,2
23803,4
23805,0
23808,8
23811,5
23812,1
23814,7
23815,3
23815,8
23816,0
23819,0
23821,9
23822,1
23823,5
23827,3
23827,0
23828,3
23831,8
23831,1
23831,7
23840,3
23840,2
23840,0
23840,5
23842,5
23842,2
23844,0
23846,6
23850,10
23852,6
23852,4
23854,7
23857,2
23858,0
23860,3
23862,2
23864,9
23865,3
23866,1
23868,9
23869,5
23870,1
23872,0
23874,10
23884,10
23885,5
23886,6
23887,10
23887,9
23889,10
23897,10
23897,2
23897,0
23900,6
23901,4
23902,5
23904,9
23904,10
23905,10
23907,10
23910,1
23911,2
23913,10
23916,6
23916,7
23917,7
23923,7
23925,9
23926,4
23935,2
23935,0
23936,8
23938,2
23940,4
23942,3
23946,5
23947,8
23948,3
23951,2
23952,5
23954,3
23955,9
23956,8
23962,10
23967,6
23967,9
23972,5
23976,8
23976,0
23979,0
23979,6
23981,4
23982,1
23984,2
23985,4
23986,9
23986,6
23989,10
23990,4
23991,1
23992,2
23996,10
23997,4
23997,5
23997,6
23997,7
23998,10
24004,8
24005,2
24007,1
24012,0
24022,1
24022,10
24022,0
24023,0
24024,7
24025,2
24028,3
24029,5
24032,1
24035,1
24036,1
24039,6
24042,9
24044,5
24048,8
24049,0
24050,6
24051,0
24056,0
24062,4
24062,2
24064,3
24066,3
24067,9
24068,7
24068,5
24070,5
24076,4
24076,9
24078,0
24078,4
24079,5
24080,10
24081,2
24084,6
24084,3
24087,2
24090,7
24090,1
24090,4
24091,7
24091,4
24096,3
24097,6
24099,3
24100,0
24101,8
24102,7
24105,9
24105,4
24107,7
24108,2
24112,6
24117,5
24118,10
24120,10
24121,2
24121,6
24122,7
24122,10
24123,1
24124,9
24126,3
24127,6
24128,6
24129,5
24129,3
24131,5
24133,6
24135,3
24135,1
24137,10
24137,2
24143,9
24143,5
24145,4
24155,9
24156,2
24156,10
24157,0
24161,9
24163,3
24166,9
24167,1
24170,10
24170,4
24171,10
24172,4
24172,7
24173,4
24174,8
24175,0
24176,6
24177,2
24177,8
24178,7
24179,6
24183,6
24183,8
24183,5
24186,4
24188,5
24188,9
24189,8
24196,1
24200,3
24200,0
24201,0
24204,1
24205,9
24206,6
24210,3
24212,7
24213,7
24214,5
24216,0
24217,5
24224,5
24225,8
24227,7
24227,9
24228,1
24229,0
24231,8
24235,1
24237,9
24239,4
24243,10
24245,3
24246,9
24247,2
24255,0
24257,2
24260,2
24265,4
24265,1
24266,8
24267,5
24270,0
24270,10
24275,9
24276,10
24276,4
24277,5
24280,1
24283,9
24284,8
24287,5
24288,6
24290,7
24291,10
24294,0
24297,6
24298,1
24299,7
24303,0
24309,7
24312,8
24314,4
24315,1
24318,8
24320,5
24321,5
24322,5
24323,5
24324,2
24330,7
24331,4
24331,9
24332,10
24335,9
24335,6
24338,8
24342,6
24346,3
24347,2
24347,8
24348,6
24348,3
24349,9
24349,0
24350,5
24352,7
24352,10
24353,4
24353,0
24361,9
24366,5
24367,8
24369,7
24369,5
24371,0
24373,5
24374,5
24374,10
24374,3
24375,10
24376,6
24376,9
24377,3
24378,5
24378,2
24378,0
24379,8
24386,10
24389,2
24394,7
24405,6
24406,6
24408,6
24411,0
24416,3
24417,2
24422,3
24422,0
24427,9
24428,10
24428,1
24429,6
24429,1
24432,8
24434,2
24435,1
24439,2
24440,4
24443,2
24448,10
24449,1
24450,6
24451,6
24452,9
24453,3
24454,0
24457,5
24458,9
24459,2
24464,5
24464,2
24466,8
24470,3
24478,3
24487,8
24487,3
24487,10
24490,1
24491,5
24492,8
24494,9
24495,5
24496,4
24496,5
24496,1
24498,2
24500,10
24502,6
24503,4
24505,9
24507,3
24508,1
24510,6
24514,10
24514,9
24515,10
24515,3
24517,5
24517,0
24518,6
24520,6
24521,5
24521,8
24522,8
24529,6
24530,2
24535,2
24535,10
24541,9
24543,2
24543,9
24546,2
24549,3
24549,8
24550,0
24550,2
24551,7
24551,5
24554,3
24560,7
24565,5
24566,6
24567,10
24571,5
24572,0
24576,4
24579,4
24582,10
24583,7
24587,0
24588,8
24591,5
24591,6
24598,2
24598,9
24599,1
24604,5
24606,7
24607,0
24607,1
24608,6
24611,9
24612,10
24618,8
24619,0
24620,3
24620,1
24621,6
24624,3
24625,5
24628,2
24631,2
24638,2
24639,1
24642,0
24643,7
24645,8
24647,2
24652,3
24653,7
24653,8
24656,6
24660,8
24661,4
24661,1
24662,1
24663,6
24664,6
24665,1
24682,9
24683,4
24684,1
24686,6
24687,10
24687,9
24687,2
24689,2
24689,3
24696,8
24701,5
24701,4
24701,6
24702,9
24705,4
24706,1
24708,1
24710,8
24710,0
24712,5
24713,0
24715,7
24716,3
24717,9
24724,2
24732,0
24732,2
24734,0
24734,2
24740,8
24743,5
24744,4
24746,6
24748,6
24749,0
24751,3
24755,7
24755,1
24755,6
24758,10
24759,9
24761,2
24763,6
24763,2
24764,1
24764,4
24765,2
24766,3
24767,6
24767,1
24770,3
24770,9
24770,7
24775,9
24775,6
24780,5
24780,2
24781,10
24781,6
24782,7
24782,9
24783,4
24785,3
24787,7
24788,8
24789,2
24790,0
24790,5
24790,7
24792,7
24792,3
24793,0
24794,0
24794,3
24795,6
24795,1
24802,1
24805,10
24807,5
24809,2
24810,5
24811,7
24825,3
24826,4
24827,1
24828,8
24831,10
24831,8
24832,5
24835,10
24836,10
24837,10
24843,0
24844,3
24844,4
24848,5
24849,1
24851,2
24852,1
24855,1
24867,0
24869,7
24869,10
24873,3
24874,7
24875,6
24875,4
24882,10
24886,7
24886,2
24888,8
24896,1
24898,10
24898,1
24901,6
24902,9
24908,5
24910,4
24913,2
24915,8
24916,4
24918,5
24920,2
24924,2
24925,5
24926,4
24928,4
24929,3
24929,8
24930,0
24930,10
24934,0
24934,2
24943,4
24945,9
24945,6
24945,8
24948,0
24950,6
24955,8
24956,4
24958,4
24959,3
24963,10
24965,10
24966,8
24966,2
24969,5
24972,4
24975,8
24975,7
24976,3
24977,7
24980,2
24981,6
24989,5
24990,3
24990,0
24992,6
24996,0
25002,5
25003,3
25004,10
25007,6
25007,9
25013,2
25014,10
25014,1
25017,1
25019,4
25019,2
25021,2
25023,4
25023,1
25023,9
25023,0
25025,7
25027,9
25027,8
25029,2
25031,2
25031,8
25032,8
25032,5
25048,4
25051,2
25051,6
25055,5
25058,9
25058,0
25058,6
25059,6
25060,1
25062,6
25062,1
25063,0
25066,1
25069,1
25071,3
25072,9
25074,6
25075,8
25078,3
25082,8
25084,7
25085,8
25086,0
25086,8
25087,3
25093,10
25095,4
25101,2
25101,7
25101,10
25102,4
25103,7
25104,0
25105,1
25109,1
25112,10
25114,0
25117,8
25120,2
25124,6
25127,9
25130,6
25132,9
25136,0
25136,6
25137,5
25139,4
25140,5
25141,4
25146,8
25147,10
25149,6
25149,3
25155,0
25157,1
25159,4
25160,3
25165,6
25167,3
25167,6
25169,3
25170,8
25173,10
25175,8
25176,6
25177,6
25179,8
25180,10
25180,3
25180,8
25183,7
25183,4
25185,3
25186,5
25186,2
25189,3
25194,8
25197,7
25201,4
25207,0
25207,2
25213,4
25213,0
25217,8
25217,6
25218,4
25220,3
25223,2
25226,9
25226,4
25227,8
25228,3
25229,2
25230,5
25232,8
25234,0
25236,7
25238,7
25240,0
25243,3
25245,6
25245,2
25246,1
25249,4
25251,2
25251,3
25255,0
25256,5
25260,0
25266,1
25267,10
25267,6
25270,8
25273,4
25274,9
25277,2
25278,1
25278,5
25279,3
25280,7
25285,7
25288,9
25295,3
25296,8
25297,8
25299,9
25302,9
25302,5
25305,10
25312,7
25313,10
25313,8
25314,5
25316,5
25322,1
25323,3
25328,8
25330,3
25332,4
25333,3
25335,6
25336,2
25336,4
25337,8
25340,0
25343,2
25344,3
25350,7
25350,8
25351,3
25352,5
25352,8
25355,9
25356,2
25358,7
25359,7
25360,5
25360,9
25365,7
25366,2
25368,5
25370,3
25370,5
25372,0
25373,6
25376,10
25379,2
25380,3
25381,0
25386,5
25386,6
25387,8
25388,2
25392,6
25396,10
25397,7
25398,0
25402,2
25403,6
25403,1
25407,1
25408,6
25410,8
25413,4
25413,1
25414,10
25416,5
25417,2
25421,9
25421,2
25423,0
25429,2
25431,8
25436,2
25441,5
25442,9
25443,8
25444,4
25445,0
25448,2
25449,0
25450,7
25452,0
25453,10
25456,1
25457,3
25458,6
25460,9
25463,8
25464,6
25465,1
25466,3
25467,1
25469,10
25472,8
25472,9
25475,9
25476,7
25477,10
25479,8
25484,7
25486,2
25490,4
25491,0
25492,10
25500,8
25503,3
25504,2
25504,5
25506,6
25507,7
25511,6
25514,6
25519,7
25521,9
25521,2
25527,6
25529,4
25530,4
25531,4
25532,2
25535,4
25537,8
25537,7
25537,10
25541,7
25544,1
25550,10
25551,1
25551,8
25554,3
25554,6
25554,10
25558,4
25559,10
25563,9
25570,9
25571,10
25573,6
25575,8
25576,10
25581,4
25587,4
25592,1
25593,7
25594,10
25597,1
25598,0
25598,4
25599,1
25603,6
25605,3
25607,6
25607,9
25607,2
25611,2
25613,5
25614,7
25616,2
25618,1
25619,3
25620,4
25623,1
25627,10
25630,0
25631,0
25631,10
25632,2
25632,4
25633,8
25638,1
25638,0
25640,9
25641,1
25645,1
25648,4
25652,6
25653,9
25654,8
25660,6
25661,10
25662,9
25663,2
25665,5
25666,1
25667,6
25670,4
25671,9
25671,1
25673,7
25675,3
25677,3
25678,2
25682,4
25687,9
25692,9
25696,2
25696,5
25699,6
25702,4
25706,4
25708,2
25709,1
25711,8
25714,0
25715,9
25720,5
25720,8
25721,1
25722,10
25722,5
25727,1
25727,6
25731,10
25738,8
25738,4
25742,7
25745,6
25745,4
25753,8
25755,3
25755,0
25755,2
25756,5
25759,7
25760,3
25760,6
25769,1
25769,2
25774,0
25774,9
25774,10
25779,5
25782,3
25782,5
25783,9
25786,3
25786,4
25787,4
25790,8
25790,4
25791,3
25793,8
25793,2
25798,9
25801,10
25803,10
25807,9
25809,8
25810,1
25811,5
25812,8
25813,8
25813,2
25813,7
25817,9
25818,1
25819,7
25821,0
25823,9
25832,1
25833,1
25834,7
25838,2
25840,0
25844,6
25852,9
25852,7
25858,4
25859,6
25859,1
25859,7
25865,3
25865,0
25865,5
25866,7
25867,4
25868,9
25870,0
25870,4
25872,10
25873,4
25876,7
25878,1
25880,9
25887,5
25888,0
25889,6
25890,10
25895,3
25896,6
25897,7
25901,10
25902,2
25903,9
25906,5
25906,1
25906,3
25910,2
25910,7
25912,4
25915,0
25919,1
25922,7
25925,2
25927,4
25932,2
25933,8
25935,2
25935,9
25939,4
25940,3
25945,0
25950,9
25951,7
25951,9
25951,6
25953,2
25954,2
25959,0
25961,8
25964,4
25965,8
25966,4
25967,5
25971,1
25971,0
25973,0
25974,9
25974,7
25978,7
25979,3
25982,4
25985,10
25988,2
25993,3
25994,3
25994,8
25995,0
25995,10
25995,7
25998,3
26000,10
26001,6
26002,3
26005,2
26013,1
26013,8
26018,8
26024,0
26027,7
26027,9
26029,2
26035,1
26035,9
26036,6
26037,8
26040,9
26041,2
26041,7
26043,6
26046,2
26047,9
26047,6
26049,8
26054,8
26054,3
26056,10
26057,2
26057,7
26061,4
26062,10
26063,8
26063,7
26069,5
26072,3
26073,6
26078,8
26087,6
26087,1
26088,8
26089,5
26089,9
26093,0
26093,7
26096,7
26100,0
26101,2
26103,7
26104,8
26105,5
26106,7
26106,10
26108,6
26110,10
26111,9
26112,9
26113,3
26116,4
26119,7
26121,10
26121,2
26124,2
26126,3
26130,0
26132,9
26132,6
26132,1
26133,8
26137,4
26141,7
26143,1
26148,7
26151,0
26152,0
26153,9
26154,8
26154,1
26156,6
26159,2
26160,8
26161,8
26161,3
26164,7
26166,6
26166,1
26166,0
26167,7
26170,6
26174,5
26175,1
26175,5
26181,4
26181,1
26184,2
26186,5
26189,5
26189,1
26190,9
26193,1
26196,1
26202,10
26204,10
26205,7
26206,2
26208,2
26210,4
26212,3
26213,8
26215,1
26215,2
26216,1
26217,4
26220,9
26224,2
26229,5
26233,2
26233,9
26233,6
26234,2
26236,8
26249,10
26250,1
26250,8
26251,7
26252,3
26253,5
26256,7
26256,8
26257,1
26261,2
26261,8
26262,3
26264,0
26265,9
26266,5
26268,4
26269,5
26272,3
26274,4
26275,0
26275,2
26276,8
26277,9
26279,3
26287,7
26289,1
26289,3
26289,2
26290,1
26293,10
26297,5
26298,5
26301,4
26302,0
26303,8
26304,5
26305,8
26305,5
26305,2
26306,3
26309,2
26311,8
26311,5
26312,4
26318,7
26318,6
26321,10
26324,6
26327,1
26330,9
26335,4
26336,6
26341,10
26342,2
26343,2
26344,5
26345,6
26346,8
26347,0
26348,9
26351,9
26352,6
26353,4
26353,3
26355,1
26356,2
26356,0
26359,0
26360,5
26360,3
26361,10
26362,2
26362,4
26365,10
26366,7
26368,10
26370,4
26371,7
26373,3
26375,2
26386,5
26393,3
26395,5
26399,0
26400,0
26403,5
26409,1
26411,10
26411,2
26414,0
26416,1
26419,1
26419,3
26420,7
26423,0
26427,4
26431,2
26431,1
26434,4
26434,0
26436,2
26438,9
26438,6
26441,8
26442,1
26443,6
26443,1
26445,0
26446,3
26449,3
26452,3
26453,0
26458,3
26460,6
26461,4
26462,7
26464,10
26465,9
26466,7
26466,8
26471,8
26474,1
26475,10
26476,9
26477,0
26478,3
26482,5
26484,10
26486,3
26487,4
26488,2
26489,6
26492,10
26492,2
26495,2
26500,3
26500,8
26503,9
26507,3
26507,0
26508,0
26508,8
26508,3
26508,6
26510,7
26513,10
26525,5
26529,8
26535,0
26538,8
26539,2
26539,5
26549,1
26550,10
26550,2
26550,8
26551,2
26552,1
26552,4
26555,0
26556,10
26557,9
26558,0
26559,1
26562,0
26563,3
26564,3
26565,3
26565,9
26567,1
26569,10
26569,2
26572,8
26576,5
26576,6
26576,1
26577,4
26581,7
26581,10
26585,5
26586,6
26586,10
26588,8
26590,9
26592,10
26592,3
26595,10
26597,6
26601,0
26601,2
26602,0
26603,9
26603,5
26605,10
26607,2
26610,5
26610,10
26613,1
26614,2
26614,1
26616,7
26620,3
26641,10
26642,8
26647,3
26647,2
26651,2
26652,10
26654,4
26655,8
26659,7
26661,8
26662,3
26663,1
26664,8
26666,9
26666,7
26668,0
26670,10
26673,5
26676,3
26677,0
26677,6
26679,8
26679,6
26684,0
26685,2
26687,0
26688,5
26689,7
26693,6
26696,4
26698,5
26703,3
26704,1
26705,9
26705,0
26706,2
26710,2
26710,9
26711,3
26711,6
26713,10
26713,6
26714,4
26714,8
26718,9
26720,2
26722,0
26723,6
26723,10
26724,1
26725,1
26727,10
26730,5
26732,0
26733,1
26734,10
26735,0
26736,9
26738,2
26739,9
26742,8
26742,10
26744,3
26748,6
26749,5
26749,3
26749,10
26749,9
26751,0
26752,0
26752,9
26756,9
26761,10
26762,9
26762,8
26764,8
26766,5
26766,10
26766,7
26772,1
26775,0
26778,4
26783,0
26785,5
26792,4
26795,1
26800,0
26800,2
26801,9
26801,4
26801,3
26802,1
26805,5
26807,0
26809,2
26812,4
26816,9
26817,6
26819,2
26822,2
26823,7
26827,7
26828,9
26828,10
26829,8
26837,9
26838,10
26839,10
26841,9
26841,5
26844,1
26846,8
26846,5
26857,7
26857,1
26858,0
26859,10
26860,3
26866,0
26868,10
26874,9
26877,3
26877,10
26881,3
26881,0
26882,7
26883,3
26883,6
26883,10
26887,6
26890,9
26891,0
26893,2
26893,4
26899,2
26901,10
26903,4
26907,7
26911,6
26913,2
26915,9
26917,1
26922,1
26922,3
26923,9
26925,10
26929,7
26930,6
26937,6
26939,10
26940,6
26945,9
26947,6
26948,4
26950,2
26952,5
26953,0
26954,7
26957,10
26958,1
26960,0
26961,5
26961,0
26962,2
26967,5
26968,10
26969,5
26970,7
26971,3
26973,7
26978,1
26981,5
26987,0
26990,6
26990,7
26992,9
26994,0
26995,8
27003,2
27004,6
27005,2
27005,0
27005,9
27010,6
27013,9
27016,7
27018,0
27018,10
27019,7
27020,2
27022,1
27022,10
27022,6
27025,6
27027,4
27031,6
27034,8
27035,7
27035,10
27041,4
27042,10
27043,5
27044,7
27045,0
27046,3
27051,1
27052,5
27053,5
27056,7
27056,6
27057,3
27058,3
27059,10
27059,1
27064,8
27064,3
27067,3
27071,5
27075,3
27076,0
27077,9
27089,4
27089,5
27090,4
27090,7
27092,1
27094,5
27097,2
27097,4
27099,3
27100,3
27104,7
27106,0
27108,6
27111,1
27113,8
27116,1
27116,4
27117,2
27120,7
27122,6
27123,3
27128,3
27129,4
27130,2
27132,9
27133,3
27133,1
27134,3
27134,0
27149,1
27149,3
27150,2
27151,4
27152,3
27159,9
27160,0
27162,9
27166,6
27168,10
27170,3
27176,5
27176,7
27185,9
27188,8
27188,7
27189,7
27189,9
27193,8
27193,4
27194,2
27198,9
27199,6
27205,5
27207,1
27208,6
27212,9
27215,0
27217,4
27217,5
27218,4
27219,6
27220,10
27221,5
27222,7
27222,9
27224,0
27224,4
27225,2
27227,5
27230,4
27231,0
27231,5
27231,2
27232,6
27240,9
27241,3
27243,8
27243,0
27245,5
27249,2
27249,5
27251,3
27258,0
27260,4
27264,2
27264,1
27265,9
27266,9
27277,4
27278,4
27280,2
27282,6
27283,10
27294,5
27295,0
27296,1
27296,3
27298,5
27304,10
27306,3
27307,0
27308,8
27308,9
27312,10
27316,9
27316,3
27318,4
27318,1
27319,10
27320,3
27322,9
27324,9
27325,1
27330,9
27331,0
27333,1
27334,3
27336,3
27337,1
27337,0
27337,2
27340,8
27344,7
27353,2
27356,5
27358,10
27358,1
27358,9
27361,1
27363,3
27364,5
27367,5
27367,9
27368,0
27369,6
27372,0
27373,0
27380,9
27381,1
27381,5
27383,10
27384,8
27387,7
27388,3
27389,6
27390,2
27390,0
27392,3
27393,8
27397,3
27400,4
27400,0
27402,7
27405,0
27408,3
27409,1
27411,7
27412,5
27412,2
27414,10
27414,8
27414,0
27419,0
27420,4
27426,1
27427,2
27428,1
27428,0
27429,2
27432,5
27436,0
27436,5
27436,8
27437,8
27437,5
27438,4
27438,2
27440,5
27442,0
27446,4
27446,8
27448,10
27450,3
27452,8
27452,1
27455,6
27456,6
27457,8
27458,8
27458,9
27461,8
27464,6
27465,2
27465,5
27470,5
27471,5
27471,10
27475,3
27475,1
27476,0
27476,7
27483,8
27484,6
27486,8
27487,1
27489,0
27490,7
27490,1
27492,8
27493,6
27497,7
27498,2
27501,2
27503,6
27506,6
27507,9
27509,4
27509,3
27511,4
27521,7
27522,7
27523,10
27523,2
27525,2
27527,7
27527,2
27528,1
27532,6
27533,5
27542,10
27542,5
27544,8
27546,6
27547,5
27548,0
27550,4
27550,3
27551,5
27551,0
27554,4
27557,1
27559,1
27560,8
27564,1
27566,8
27566,1
27568,0
27573,8
27575,9
27575,4
27575,2
27579,5
27579,7
27579,9
27579,6
27583,10
27584,0
27584,10
27589,5
27591,8
27595,7
27595,6
27597,9
27600,8
27602,10
27603,7
27607,1
27608,2
27616,9
27617,4
27624,6
27625,5
27625,7
27628,1
27628,7
27630,6
27637,10
27640,1
27642,7
27643,5
27649,8
27650,1
27651,9
27653,5
27657,2
27660,8
27662,8
27663,0
27663,1
27663,10
27664,2
27666,6
27667,6
27669,9
27669,2
27670,5
27672,2
27673,7
27674,8
27677,2
27677,1
27677,8
27678,7
27679,0
27682,0
27682,3
27692,6
27693,10
27693,7
27693,2
27694,1
27695,2
27696,2
27702,6
27703,10
27708,4
27708,2
27709,0
27714,5
27716,2
27716,1
27718,8
27724,5
27725,2
27725,10
27726,1
27727,9
27730,9
27731,0
27737,0
27740,4
27741,1
27742,4
27742,6
27743,3
27744,1
27744,5
27746,6
27747,4
27749,7
27749,6
27750,6
27750,7
27751,9
27757,0
27758,3
27759,6
27760,10
27761,6
27764,8
27766,2
27769,1
27774,7
27774,3
27778,4
27779,10
27780,3
27784,5
27787,7
27789,10
27790,10
27793,2
27794,5
27795,1
27802,7
27805,4
27807,8
27810,10
27810,2
27811,0
27813,7
27813,1
27815,9
27816,9
27817,8
27819,5
27820,7
27820,3
27827,8
27828,4
27828,1
27829,7
27831,0
27831,2
27835,6
27835,1
27835,2
27836,6
27837,10
27837,3
27839,2
27840,3
27844,2
27847,7
27849,6
27852,8
27853,3
27853,9
27854,3
27857,10
27859,9
27862,3
27869,7
27871,6
27875,10
27880,5
27883,1
27885,0
27886,2
27886,7
27888,7
27890,5
27891,1
27891,10
27898,10
27899,0
27899,7
27901,1
27901,2
27904,2
27906,3
27907,8
27907,3
27909,10
27913,8
27915,2
27916,9
27921,2
27922,1
27924,1
27924,0
27926,5
27927,5
27932,4
27933,0
27933,3
27933,7
27935,7
27938,3
27943,4
27948,10
27951,8
27953,7
27953,10
27957,2
27957,3
27963,3
27967,9
27967,5
27968,0
27968,1
27974,1
27975,2
27979,10
27981,6
27982,10
27983,1
27986,3
27989,7
27990,2
27990,8
27995,5
27997,1
28006,2
28007,1
28011,6
28014,1
28014,6
28014,4
28015,8
28016,6
28018,5
28021,8
28021,9
28021,1
28022,1
28024,7
28026,1
28028,4
28031,3
28032,3
28034,8
28034,9
28037,3
28037,0
28039,0
28040,6
28041,7
28042,5
28043,2
28051,8
28052,4
28053,10
28056,6
28057,6
28064,1
28064,9
28065,0
28066,4
28068,10
28070,4
28071,4
28072,2
28073,4
28076,5
28079,3
28081,1
28086,5
28089,1
28090,4
28091,3
28095,3
28096,0
28096,7
28096,8
28096,5
28100,5
28100,9
28101,1
28103,9
28107,8
28107,2
28110,4
28115,3
28116,3
28118,1
28120,3
28123,3
28124,6
28128,5
28128,10
28132,3
28134,10
28137,2
28140,10
28141,3
28142,7
28144,6
28145,4
28146,4
28149,6
28149,7
28151,3
28151,0
28152,2
28152,9
28154,5
28155,7
28156,6
28157,10
28159,0
28159,5
28160,9
28162,8
28164,9
28164,7
28169,7
28171,4
28176,10
28177,9
28180,4
28181,1
28184,8
28185,5
28186,2
28190,6
28190,3
28194,8
28196,9
28198,1
28198,2
28200,9
28200,6
28200,0
28201,9
28201,2
28202,9
28203,1
28203,5
28204,5
28205,4
28206,9
28209,2
28210,8
28210,7
28212,4
28212,0
28221,1
28222,5
28224,7
28226,1
28228,0
28228,1
28230,8
28233,7
28236,8
28237,7
28237,10
28240,6
28253,8
28258,4
28260,7
28261,9
28261,2
28262,4
28264,5
28267,0
28268,8
28269,4
28270,10
28271,8
28273,6
28273,2
28279,9
28279,7
28283,2
28284,1
28285,9
28287,5
28287,8
28301,10
28302,0
28302,1
28304,8
28306,2
28306,6
28310,8
28311,7
28311,8
28313,7
28316,6
28317,10
28318,4
28318,7
28319,9
28324,8
28327,1
28327,8
28332,2
28335,8
28335,7
28337,5
28340,6
28340,10
28344,1
28344,8
28345,2
28346,10
28349,0
28352,5
28352,7
28355,6
28355,4
28360,0
28360,5
28361,2
28362,5
28362,8
28363,2
28364,6
28372,9
28373,2
28373,0
28373,5
28375,2
28376,7
28376,9
28377,4
28384,8
28385,8
28385,0
28389,7
28392,3
28392,9
28397,7
28402,6
28405,6
28406,5
28406,3
28407,2
28411,5
28415,9
28418,1
28420,5
28421,7
28421,4
28422,10
28423,5
28424,3
28424,7
28427,0
28428,2
28428,9
28428,5
28429,10
28435,7
28435,1
28440,3
28442,4
28443,4
28443,3
28444,7
28446,1
28447,6
28448,3
28453,9
28455,1
28456,1
28457,1
28460,5
28462,6
28467,1
28469,0
28473,1
28473,3
28474,3
28476,5
28476,7
28478,3
28478,8
28488,2
28489,1
28490,2
28492,7
28493,6
28498,4
28499,6
28501,3
28501,9
28503,7
28506,6
28506,1
28507,10
28512,7
28513,10
28513,3
28513,8
28514,6
28515,6
28518,9
28519,3
28520,5
28521,9
28524,7
28525,7
28526,3
28533,8
28533,7
28536,6
28537,3
28538,3
28540,2
28543,3
28547,4
28548,3
28549,3
28550,9
28551,6
28558,5
28560,9
28563,0
28564,6
28568,10
28568,4
28568,3
28569,0
28572,10
28574,5
28579,5
28585,7
28586,10
28588,10
28588,9
28589,9
28593,1
28600,8
28604,5
28609,1
28611,5
28613,5
28614,8
28616,8
28617,9
28619,9
28622,10
28623,8
28623,0
28626,6
28628,5
28629,4
28631,2
28637,10
28638,10
28639,8
28640,0
28643,3
28644,3
28645,10
28647,9
28648,7
28649,6
28653,4
28655,8
28660,8
28662,6
28663,5
28665,6
28667,8
28672,3
28673,8
28673,10
28679,1
28680,3
28683,1
28684,8
28684,1
28685,4
28685,2
28691,2
28692,2
28694,1
28695,6
28702,7
28703,10
28703,5
28706,6
28707,2
28710,4
28710,7
28710,3
28713,5
28713,10
28715,4
28717,7
28717,6
28728,5
28731,4
28733,0
28735,6
28735,10
28735,3
28741,2
28741,3
28742,0
28744,3
28744,9
28745,4
28746,9
28747,4
28748,10
28749,7
28749,3
28755,0
28756,9
28759,3
28759,6
28762,8
28765,9
28768,1
28774,2
28778,7
28778,1
28778,9
28781,6
28782,7
28782,8
28787,4
28789,1
28791,9
28792,4
28797,10
28798,4
28800,4
28801,3
28803,8
28804,4
28806,3
28806,10
28808,6
28810,3
28812,4
28812,10
28814,10
28815,0
28817,9
28817,6
28817,0
28820,9
28820,5
28822,1
28824,10
28827,8
28832,7
28835,4
28837,1
28838,2
28838,9
28838,8
28839,7
28840,1
28842,2
28844,3
28845,3
28845,7
28847,2
28848,8
28849,5
28855,9
28856,10
28856,9
28857,3
28859,3
28859,9
28861,1
28863,9
28864,10
28866,5
28868,1
28870,10
28870,7
28870,9
28871,8
28873,6
28876,3
28876,0
28877,2
28877,1
28884,2
28890,9
28892,6
28897,10
28898,6
28898,2
28902,5
28905,0
28906,3
28910,7
28913,8
28918,5
28921,4
28924,0
28932,9
28933,3
28938,4
28939,5
28947,4
28948,10
28952,2
28953,0
28955,5
28956,0
28957,8
28958,1
28959,2
28961,6
28966,9
28969,8
28972,10
28972,4
28976,10
28982,4
28983,6
28983,1
28985,2
28986,1
28986,7
28987,3
28987,7
28988,2
28988,7
28989,0
28990,4
28995,7
28996,4
28996,2
28996,3
28998,9
28999,3
29000,2
29003,10
29004,7
29004,9
29007,4
29009,0
29010,4
29013,9
29014,4
29017,9
29018,1
29018,5
29030,5
29031,1
29034,7
29035,8
29035,0
29035,7
29038,4
29039,4
29041,10
29041,8
29043,6
29044,8
29044,7
29048,0
29049,0
29051,7
29052,8
29059,9
29061,6
29069,3
29072,8
29076,9
29079,5
29080,1
29081,8
29081,2
29085,5
29086,9
29087,6
29089,3
29092,7
29092,1
29092,0
29093,7
29094,9
29095,5
29097,10
29101,6
29103,3
29105,9
29107,8
29107,1
29108,5
29108,8
29111,5
29113,9
29115,8
29118,10
29118,3
29127,1
29128,8
29129,6
29131,9
29133,9
29133,0
29134,5
29134,4
29135,9
29135,5
29136,10
29138,7
29139,2
29144,8
29146,10
29149,5
29149,1
29151,1
29151,3
29152,6
29153,6
29156,6
29156,4
29157,1
29159,10
29161,0
29163,4
29166,10
29166,7
29169,0
29174,5
29175,9
29180,9
29185,3
29186,3
29192,0
29193,6
29194,2
29195,9
29196,8
29199,5
29203,2
29203,6
29206,8
29207,2
29207,9
29210,5
29216,5
29218,0
29225,3
29225,1
29233,10
29234,6
29236,0
29236,6
29238,0
29238,9
29242,10
29251,4
29260,1
29260,3
29261,3
29262,2
29263,6
29264,6
29265,0
29266,7
29266,10
29268,7
29273,9
29276,5
29276,4
29278,3
29280,10
29286,9
29286,0
29286,5
29288,3
29289,1
29290,0
29291,8
29299,2
29302,3
29304,8
29305,7
29307,0
29309,2
29318,3
29323,7
29323,9
29331,7
29336,2
29337,2
29338,5
29339,0
29339,10
29342,10
29348,7
29349,4
29349,2
29350,6
29352,7
29356,5
29367,2
29371,9
29371,4
29373,9
29379,10
29382,0
29384,10
29388,6
29388,2
29388,7
29388,4
29389,5
29391,7
29393,8
29394,8
29395,8
29396,2
29397,0
29400,9
29404,6
29406,6
29410,8
29411,1
29411,7
29414,3
29414,1
29415,8
29417,4
29420,6
29422,6
29422,5
29423,7
29424,9
29426,0
29428,6
29436,0
29437,8
29437,1
29442,1
29444,1
29447,8
29449,2
29452,2
29452,5
29456,3
29457,6
29457,1
29457,3
29460,8
29460,0
29461,4
29462,0
29462,7
29464,6
29464,7
29465,6
29468,1
29470,4
29471,10
29475,10
29477,1
29477,4
29481,2
29485,2
29486,3
29486,5
29489,6
29491,5
29494,5
29494,2
29496,4
29502,8
29502,7
29507,10
29507,9
29509,3
29510,0
29510,3
29512,0
29512,7
29514,2
29520,8
29522,1
29523,10
29530,1
29535,8
29535,4
29536,4
29537,2
29541,5
29542,7
29544,3
29544,4
29547,2
29548,2
29551,6
29554,7
29555,6
29556,7
29558,10
29559,0
29561,9
29563,10
29563,1
29564,6
29568,10
29569,0
29573,7
29575,0
29576,3
29576,0
29576,6
29578,6
29578,2
29580,5
29591,9
29591,1
29594,7
29599,6
29599,9
29601,1
29604,3
29606,9
29607,4
29611,5
29613,7
29613,1
29614,7
29615,3
29615,1
29617,6
29618,10
29618,6
29624,1
29629,5
29629,10
29631,10
29631,1
29635,0
29635,4
29637,10
29638,10
29645,1
29648,6
29648,4
29649,2
29650,4
29652,6
29653,0
29656,4
29656,9
29664,5
29664,8
29665,1
29671,0
29672,8
29673,9
29674,2
29675,0
29676,4
29676,6
29681,6
29682,4
29683,3
29687,7
29693,0
29694,10
29694,7
29697,6
29699,10
29701,1
29701,7
29706,7
29711,3
29713,5
29717,10
29722,3
29722,10
29725,3
29731,1
29732,10
29734,2
29735,8
29738,0
29738,4
29740,7
29740,10
29742,10
29744,1
29747,8
29747,0
29748,3
29749,7
29750,2
29751,10
29755,1
29758,4
29762,2
29773,3
29773,8
29774,10
29775,3
29776,0
29778,4
29779,3
29780,5
29784,10
29784,2
29790,5
29790,1
29794,10
29794,9
29799,7
29801,7
29801,3
29805,8
29806,2
29806,5
29807,9
29808,4
29813,1
29814,6
29815,2
29815,10
29816,1
29821,5
29822,3
29824,9
29824,4
29824,2
29826,2
29830,1
29832,1
29833,7
29837,5
29837,0
29840,5
29844,4
29845,10
29845,6
29851,2
29856,1
29858,6
29860,7
29862,4
29863,10
29865,0
29866,8
29867,5
29871,9
29872,2
29873,3
29876,1
29878,8
29879,3
29885,2
29886,0
29890,2
29890,6
29893,8
29894,1
29895,4
29900,0
29900,1
29900,3
29901,10
29901,2
29902,10
29902,8
29905,5
29908,2
29909,6
29912,4
29914,1
29917,3
29917,0
29919,4
29922,3
29925,0
29926,4
29928,6
29931,6
29933,2
29934,10
29938,7
29939,4
29940,1
29941,9
29949,4
29954,4
29958,9
29960,5
29962,7
29965,7
29969,5
29971,3
29975,1
29976,5
29977,5
29977,8
29979,9
29982,7
29985,8
29990,4
29990,7
29996,9
29997,9
29999,3
30002,3
30004,1
30004,2
30004,10
30005,4
30006,2
30006,10
30008,6
30009,7
30010,4
30012,6
30013,8
30014,7
30015,1
30015,9
30016,8
30019,1
30025,8
30033,7
30033,8
30034,10
30039,3
30039,7
30040,8
30041,7
30041,1
30041,10
30046,1
30048,0
30048,5
30049,7
30051,3
30054,1
30057,9
30059,7
30060,6
30062,2
30063,1
30066,4
30068,4
30069,10
30070,6
30074,1
30078,4
30081,2
30084,4
30088,1
30088,0
30089,5
30090,3
30094,10
30095,8
30099,5
30102,9
30103,7
30103,1
30111,5
30111,4
30117,4
30118,0
30119,0
30121,1
30121,0
30127,9
30128,2
30130,8
30131,8
30132,2
30132,0
30135,2
30147,5
30149,5
30149,3
30154,8
30159,7
30160,9
30161,7
30162,4
30171,0
30172,1
30173,7
30174,3
30175,4
30176,4
30176,1
30180,2
30180,6
30185,9
30188,0
30189,3
30190,10
30193,0
30194,1
30195,6
30198,2
30200,0
30202,8
30204,3
30205,3
30206,2
30206,3
30207,4
30208,0
30209,7
30213,5
30213,1
30216,2
30217,6
30217,5
30221,6
30222,6
30222,0
30225,7
30228,5
30228,6
30231,8
30234,10
30235,6
30235,8
30236,10
30237,1
30239,7
30247,7
30250,5
30251,9
30252,4
30255,4
30256,5
30259,6
30261,8
30261,5
30262,0
30263,6
30265,1
30268,7
30269,10
30276,8
30276,0
30278,2
30279,1
30283,10
30287,3
30287,9
30287,5
30288,9
30291,6
30291,3
30292,5
30294,9
30295,0
30296,9
30296,3
30298,7
30298,5
30300,9
30301,10
30301,7
30303,4
30305,1
30315,7
30318,9
30319,1
30321,5
30324,4
30333,2
30334,10
30336,8
30337,0
30341,10
30342,10
30343,7
30349,0
30349,2
30350,6
30352,1
30353,6
30355,8
30356,0
30358,5
30359,6
30360,4
30361,10
30361,6
30362,7
30364,3
30365,9
30365,10
30366,9
30367,9
30370,8
30371,9
30372,1
30372,10
30373,0
30375,5
30382,3
30383,1
30386,5
30389,1
30391,7
30392,10
30401,5
30405,0
30405,6
30408,6
30410,10
30413,0
30413,1
30414,6
30415,2
30415,10
30417,9
30418,7
30418,1
30422,7
30423,3
30423,8
30423,10
30425,6
30427,10
30433,10
30439,7
30441,9
30444,4
30445,9
30447,10
30455,6
30456,7
30460,8
30462,6
30464,5
30467,2
30467,8
30468,4
30471,10
30475,0
30476,0
30477,0
30479,10
30481,4
30482,0
30482,1
30484,10
30486,4
30487,6
30488,4
30489,4
30491,0
30494,7
30495,3
30496,1
30496,6
30497,9
30503,4
30503,6
30505,10
30506,8
30508,5
30510,3
30515,1
30516,9
30517,3
30520,9
30520,10
30520,6
30522,10
30525,8
30526,9
30527,10
30530,10
30530,2
30533,4
30534,1
30536,1
30536,3
30544,7
30545,0
30546,10
30546,7
30548,2
30548,0
30549,2
30550,10
30551,5
30552,4
30553,2
30554,10
30558,9
30560,0
30563,9
30564,2
30564,5
30568,3
30573,8
30574,10
30577,1
30579,9
30579,4
30582,8
30582,9
30585,7
30587,9
30589,3
30592,2
30594,4
30600,4
30600,10
30602,6
30605,0
30606,0
30606,8
30608,9
30614,6
30616,8
30619,5
30620,8
30620,1
30620,10
30621,1
30626,1
30628,3
30628,7
30632,3
30634,10
30636,7
30638,0
30639,5
30641,6
30642,7
30644,7
30646,2
30646,6
30650,0
30655,5
30655,1
30659,7
30666,2
30667,1
30668,2
30669,6
30672,9
30676,7
30681,7
30683,6
30684,8
30685,0
30687,5
30689,10
30690,6
30692,9
30695,3
30696,10
30697,9
30697,10
30698,0
30701,10
30706,7
30706,2
30708,9
30709,3
30714,8
30715,10
30716,1
30716,9
30716,10
30719,3
30719,0
30726,8
30731,7
30733,9
30738,10
30740,9
30742,4
30742,7
30747,2
30751,3
30752,7
30756,1
30756,7
30757,2
30757,3
30760,7
30765,1
30768,1
30768,8
30769,2
30770,0
30770,1
30771,3
30774,2
30774,10
30779,0
30779,7
30783,1
30786,0
30788,1
30789,7
30790,7
30790,8
30790,9
30791,8
30792,7
30792,2
30794,6
30795,10
30799,2
30800,5
30803,4
30805,10
30807,7
30807,8
30808,0
30814,10
30815,7
30815,5
30818,5
30818,4
30820,5
30826,1
30828,2
30830,10
30830,1
30831,1
30838,0
30838,7
30840,6
30844,1
30846,7
30847,6
30849,8
30850,7
30851,1
30854,10
30854,4
30855,1
30855,6
30862,5
30862,4
30864,8
30867,5
30868,2
30871,7
30871,9
30872,4
30873,6
30874,7
30875,1
30879,1
30879,5
30880,10
30881,3
30884,8
30885,3
30887,3
30888,10
30891,2
30891,4
30891,7
30892,2
30893,3
30897,7
30898,8
30899,3
30900,6
30901,3
30902,10
30904,1
30905,9
30906,2
30912,1
30913,5
30913,0
30914,2
30916,5
30917,9
30917,8
30922,6
30923,0
30926,5
30926,9
30928,8
30929,8
30929,2
30930,6
30932,3
30933,8
30935,9
30938,0
30939,10
30939,4
30941,9
30941,5
30942,10
30944,10
30945,9
30951,0
30951,10
30953,10
30956,10
30959,5
30960,4
30961,1
30961,6
30967,4
30970,2
30972,3
30975,4
30976,8
30979,5
30982,9
30982,8
30982,10
30989,1
30989,4
30990,1
30992,6
30993,0
30994,6
30997,6
30998,4
30999,4
31000,5
31001,8
31003,4
31003,7
31005,4
31006,1
31006,9
31009,6
31009,8
31010,9
31011,10
31011,2
31011,9
31011,3
31012,3
31013,10
31014,6
31017,1
31017,6
31018,6
31019,6
31020,7
31023,4
31025,10
31029,7
31031,5
31034,5
31035,3
31036,10
31037,4
31045,2
31050,4
31055,0
31056,1
31061,0
31063,1
31066,5
31067,2
31068,2
31068,10
31070,1
31075,5
31076,7
31077,10
31079,4
31081,8
31084,1
31085,9
31086,0
31092,8
31093,5
31096,3
31098,2
31102,8
31105,3
31106,4
31106,9
31108,2
31111,10
31112,8
31113,9
31117,1
31119,3
31120,7
31121,4
31122,8
31122,6
31126,0
31128,4
31131,1
31134,2
31138,4
31143,9
31149,6
31152,10
31152,1
31152,6
31155,2
31157,9
31159,3
31161,3
31162,3
31165,5
31165,6
31166,3
31167,7
31171,8
31172,2
31172,7
31177,7
31180,1
31180,3
31180,6
31181,4
31182,6
31185,10
31185,9
31187,7
31188,6
31191,10
31193,1
31199,10
31201,1
31203,3
31203,2
31204,10
31209,5
31210,6
31214,3
31216,8
31222,10
31223,7
31228,1
31231,9
31232,7
31233,8
31235,0
31237,4
31238,6
31239,9
31240,3
31241,1
31243,9
31247,10
31248,7
31249,5
31250,9
31252,7
31258,10
31261,2
31262,6
31262,7
31265,1
31266,7
31267,3
31268,3
31269,6
31270,4
31272,3
31272,8
31274,4
31275,8
31276,0
31277,6
31277,4
31279,9
31279,7
31281,0
31282,8
31282,5
31282,9
31282,10
31282,2
31283,7
31283,3
31284,6
31285,7
31286,8
31290,10
31294,4
31296,6
31299,7
31303,2
31304,10
31307,10
31307,9
31309,1
31311,9
31311,2
31313,5
31315,6
31318,6
31319,3
31323,2
31324,7
31325,6
31326,4
31327,8
31330,9
31330,8
31331,0
31333,6
31334,4
31338,1
31340,6
31340,10
31343,3
31344,1
31344,6
31345,6
31345,3
31347,10
31348,1
31349,7
31355,9
31355,1
31356,5
31356,0
31361,8
31363,3
31364,2
31365,9
31366,6
31371,5
31374,4
31377,0
31382,4
31387,6
31387,7
31388,2
31389,1
31391,6
31392,1
31395,4
31396,5
31396,1
31400,6
31401,5
31403,1
31404,4
31407,5
31409,1
31410,5
31411,9
31412,7
31418,6
31419,7
31422,0
31423,9
31425,6
31426,7
31426,8
31428,2
31428,4
31433,4
31434,2
31434,5
31437,2
31437,8
31439,4
31440,10
31444,2
31445,2
31447,0
31448,7
31451,8
31452,4
31452,3
31452,7
31453,2
31454,3
31454,6
31455,3
31456,1
31458,0
31461,6
31462,6
31462,1
31465,6
31470,9
31470,7
31472,4
31474,2
31482,0
31484,1
31485,5
31491,10
31493,3
31495,10
31497,6
31499,8
31500,2
31502,5
31502,2
31504,9
31506,5
31507,5
31511,1
31511,10
31512,2
31513,4
31515,4
31517,3
31518,4
31520,8
31522,8
31523,4
31525,10
31526,1
31532,8
31533,9
31534,8
31535,8
31538,7
31547,4
31547,8
31548,6
31549,10
31552,4
31553,4
31554,1
31554,0
31557,8
31558,3
31559,9
31561,10
31564,3
31567,4
31570,4
31571,7
31574,5
31576,3
31579,6
31579,9
31582,3
31585,6
31585,9
31586,9
31587,5
31587,6
31589,8
31589,0
31593,8
31594,10
31596,3
31599,0
31600,9
31601,6
31610,8
31611,0
31613,10
31617,5
31618,6
31618,1
31622,4
31625,2
31625,6
31627,1
31631,4
31633,1
31634,2
31638,8
31641,0
31642,6
31647,7
31652,4
31655,9
31675,7
31676,3
31678,4
31678,6
31679,0
31681,9
31685,0
31695,2
31701,3
31704,8
31705,9
31708,7
31708,1
31708,8
31710,5
31712,8
31716,9
31717,3
31718,9
31718,8
31718,3
31720,2
31723,3
31724,10
31725,3
31725,10
31728,8
31728,2
31730,8
31730,6
31732,4
31733,8
31733,6
31736,0
31741,8
31742,7
31743,1
31744,4
31745,6
31750,1
31751,4
31751,7
31753,0
31755,4
31757,1
31758,5
31758,1
31760,5
31760,0
31761,0
31762,0
31763,2
31766,5
31768,8
31770,3
31771,3
31774,8
31777,2
31778,3
31779,8
31781,3
31783,0
31786,0
31786,1
31786,5
31790,6
31791,1
31793,3
31793,10
31793,1
31795,7
31796,5
31797,7
31798,3
31800,2
31801,10
31801,3
31804,3
31805,2
31808,3
31810,1
31814,4
31815,2
31817,9
31819,9
31819,6
31820,3
31825,1
31826,5
31826,4
31830,0
31832,3
31839,2
31839,4
31841,2
31842,3
31842,8
31843,8
31844,7
31844,9
31845,5
31847,1
31848,7
31851,4
31854,4
31854,9
31862,10
31865,10
31866,7
31869,3
31870,7
31871,1
31873,6
31878,5
31878,6
31881,8
31883,5
31883,8
31891,4
31893,2
31894,8
31895,5
31897,6
31899,5
31900,6
31902,6
31903,4
31904,3
31906,4
31906,9
31907,10
31908,10
31909,9
31910,5
31910,4
31910,10
31914,5
31917,2
31919,8
31926,2
31926,10
31926,4
31928,1
31929,1
31932,1
31933,10
31935,3
31939,5
31944,9
31945,5
31947,0
31948,8
31949,0
31950,3
31951,1
31952,1
31952,4
31963,1
31966,7
31968,5
31970,1
31979,6
31980,10
31980,0
31982,5
31983,7
31985,0
31986,2
31987,0
31990,5
31991,9
31995,3
31996,9
31999,7
31999,0
32002,9
32002,4
32005,0
32006,2
32007,5
32009,4
32011,3
32013,1
32013,9
32014,9
32015,0
32017,0
32017,2
32017,6
32018,2
32019,6
32020,2
32022,6
32023,2
32027,5
32029,4
32029,8
32030,8
32040,5
32040,8
32045,5
32046,6
32049,8
32050,3
32054,1
32055,1
32058,10
32060,7
32065,3
32065,2
32074,8
32074,7
32077,0
32077,7
32079,1
32080,6
32080,4
32080,1
32081,5
32081,0
32082,8
32084,10
32088,9
32088,5
32090,2
32091,7
32091,4
32093,0
32093,10
32094,1
32100,4
32102,1
32108,0
32109,10
32110,6
32110,5
32111,10
32111,6
32116,8
32126,8
32126,6
32128,5
32129,8
32132,2
32135,6
32136,10
32138,3
32141,2
32147,8
32149,4
32153,6
32153,3
32157,0
32159,10
32160,3
32160,7
32160,9
32161,0
32163,1
32164,2
32164,0
32165,8
32172,7
32174,3
32174,6
32174,0
32176,2
32176,5
32177,1
32177,0
32178,5
32179,3
32184,4
32187,4
32188,8
32188,1
32191,1
32192,10
32193,8
32195,7
32196,8
32198,7
32202,9
32202,1
32205,10
32205,8
32206,5
32209,5
32210,1
32216,4
32218,4
32223,6
32224,8
32225,10
32226,4
32230,3
32234,1
32234,6
32236,6
32236,3
32238,4
32240,4
32242,9
32243,9
32245,0
32245,10
32250,10
32250,4
32252,0
32253,7
32257,0
32261,3
32265,5
32266,6
32269,8
32270,3
32271,4
32277,8
32277,7
32278,2
32282,10
32286,9
32288,1
32293,6
32298,0
32298,6
32299,10
32301,9
32302,7
32304,1
32305,5
32306,0
32306,2
32313,8
32316,3
32318,1
32318,7
32319,8
32319,2
32321,5
32323,2
32326,2
32332,3
32334,4
32339,5
32340,2
32343,10
32344,3
32344,2
32345,4
32346,0
32347,5
32348,7
32353,4
32359,2
32360,8
32362,6
32362,8
32363,9
32363,4
32364,5
32365,6
32366,9
32370,10
32371,9
32371,2
32371,4
32374,7
32375,5
32381,2
32388,10
32388,9
32389,8
32392,2
32395,6
32396,10
32396,3
32396,8
32397,2
32400,8
32402,10
32403,5
32406,4
32407,1
32407,3
32409,7
32410,4
32412,3
32414,10
32415,5
32415,8
32418,2
32418,5
32421,0
32421,1
32425,2
32427,0
32427,6
32429,3
32434,2
32440,3
32440,0
32443,6
32448,10
32450,0
32454,5
32455,2
32455,3
32464,7
32468,0
32469,8
32470,10
32470,8
32470,4
32471,7
32471,9
32471,2
32471,5
32472,8
32473,2
32476,0
32480,5
32481,10
32481,0
32482,1
32482,2
32482,7
32484,1
32493,4
32499,5
32501,4
32502,7
32502,3
32504,9
32504,8
32506,5
32507,5
32509,2
32514,0
32520,0
32522,2
32525,4
32528,2
32530,1
32532,8
32533,1
32539,10
32540,10
32541,7
32542,1
32547,2
32547,4
32551,3
32553,5
32555,1
32558,9
32559,5
32563,10
32564,8
32572,2
32573,1
32575,3
32576,1
32577,0
32577,6
32579,5
32580,9
32582,6
32588,10
32593,2
32595,5
32596,3
32598,8
32598,0
32604,10
32606,10
32607,9
32607,2
32607,0
32610,9
32611,8
32611,4
32614,5
32614,2
32616,7
32617,10
32618,2
32620,10
32622,7
32624,5
32629,3
32630,9
32631,8
32632,1
32636,4
32639,10
32639,5
32647,5
32648,2
32649,6
32650,7
32650,0
32653,7
32654,3
32658,2
32662,10
32664,7
32664,8
32665,9
32669,4
32675,0
32684,0
32685,4
32692,4
32693,7
32695,4
32697,8
32698,0
32699,4
32703,4
32703,0
32705,2
32710,4
32712,8
32717,10
32718,8
32718,5
32719,2
32720,7
32721,6
32724,7
32727,1
32727,3
32728,4
32734,3
32738,0
32738,5
32739,4
32739,1
32741,5
32741,1
32743,0
32749,2
32749,1
32754,9
32754,4
32754,3
32755,9
32755,2
32757,3
32765,5
32767,0
32769,2
32770,5
32771,3
32775,10
32777,0
32779,5
32780,2
32781,5
32785,1
32794,3
32798,6
32799,8
32799,2
32802,3
32804,8
32804,5
32805,2
32812,1
32814,8
32826,2
32828,9
32830,9
32831,10
32831,0
32833,6
32834,6
32835,3
32840,6
32841,4
32848,1
32852,6
32853,2
32858,2
32860,8
32860,10
32861,1
32865,10
32868,7
32869,5
32869,4
32871,7
32872,4
32873,5
32879,6
32881,8
32889,0
32890,5
32890,9
32893,5
32894,9
32895,2
32897,8
32899,4
32900,9
32903,9
32905,9
32905,8
32909,7
32910,0
32910,2
32911,7
32911,4
32911,6
32912,10
32914,7
32916,8
32916,1
32918,10
32919,10
32923,0
32924,0
32924,5
32925,0
32925,1
32928,5
32928,10
32928,7
32931,6
32934,5
32935,8
32936,3
32936,10
32938,4
32947,9
32948,9
32949,1
32949,6
32951,3
32951,5
32951,0
32951,1
32954,4
32957,1
32959,7
32959,0
32959,3
32961,10
32963,5
32963,9
32967,2
32971,7
32973,3
32977,8
32979,10
32982,3
32983,2
32983,1
32984,7
32988,5
32991,7
32991,2
32994,10
32994,0
32995,3
32995,10
32997,6
33000,3
33002,6
33007,9
33012,0
33012,9
33016,10
33021,6
33021,4
33021,1
33023,6
33024,8
33025,4
33026,5
33028,9
33029,9
33030,0
33033,7
33040,5
33042,3
33042,6
33043,6
33045,8
33046,7
33047,10
33052,10
33053,4
33053,10
33059,5
33061,3
33061,8
33064,0
33064,1
33065,2
33070,2
33074,6
33076,3
33079,0
33080,3
33081,8
33083,6
33084,0
33085,0
33086,10
33087,8
33088,1
33093,5
33093,7
33095,0
33096,10
33096,3
33106,5
33108,8
33111,3
33114,1
33115,5
33115,8
33116,9
33116,2
33116,4
33117,8
33117,5
33118,8
33118,9
33121,5
33122,9
33122,4
33123,4
33124,7
33125,3
33125,2
33126,0
33128,4
33130,8
33132,7
33132,8
33132,0
33135,9
33138,2
33138,0
33140,2
33145,8
33149,4
33150,1
33150,3
33151,1
33156,6
33164,5
33165,2
33167,7
33168,9
33170,8
33170,1
33170,5
33171,2
33173,6
33173,5
33177,6
33180,10
33183,8
33184,10
33184,8
33186,7
33186,0
33188,4
33189,9
33193,0
33193,5
33195,9
33201,6
33201,7
33203,4
33207,4
33207,6
33211,0
33212,5
33216,1
33217,8
33220,6
33225,4
33227,10
33227,8
33228,9
33229,10
33230,3
33230,6
33230,7
33232,10
33232,7
33233,4
33237,3
33239,7
33244,3
33246,6
33246,10
33249,0
33250,9
33250,2
33253,5
33253,0
33254,6
33254,7
33255,6
33255,5
33256,4
33257,0
33257,1
33257,6
33258,8
33261,10
33261,3
33262,0
33263,1
33264,2
33269,1
33272,0
33273,9
33275,8
33275,10
33277,6
33279,3
33280,3
33284,8
33286,1
33288,1
33290,2
33290,5
33295,8
33295,1
33299,0
33304,0
33304,5
33306,9
33307,7
33307,6
33310,0
33311,7
33313,1
33313,5
33315,1
33315,5
33315,7
33316,3
33322,2
33324,9
33326,10
33327,9
33331,6
33331,9
33332,3
33339,2
33341,3
33342,5
33345,1
33348,2
33349,2
33362,4
33365,2
33366,0
33366,5
33368,0
33369,3
33370,1
33370,10
33370,2
33371,7
33371,5
33372,7
33374,9
33376,5
33376,1
33386,3
33386,5
33387,10
33391,4
33399,8
33399,5
33402,4
33403,7
33404,7
33405,2
33412,9
33413,5
33413,7
33415,7
33415,6
33416,2
33416,1
33419,9
33420,4
33421,5
33423,3
33423,4
33424,1
33427,7
33432,8
33434,2
33435,8
33437,4
33437,2
33438,4
33440,4
33440,6
33441,9
33443,5
33445,0
33445,6
33446,4
33448,9
33451,10
33451,5
33451,8
33459,3
33460,3
33461,2
33463,2
33466,4
33467,0
33467,5
33471,6
33471,7
33473,0
33474,2
33476,10
33478,2
33479,0
33480,0
33483,3
33489,2
33490,5
33490,8
33490,9
33496,10
33497,6
33497,5
33499,3
33500,2
33500,5
33500,1
33502,0
33505,5
33505,9
33506,9
33507,9
33508,5
33508,7
33509,4
33511,0
33515,7
33515,1
33517,8
33518,9
33523,7
33530,5
33533,0
33533,5
33534,1
33538,1
33547,3
33548,4
33552,9
33553,2
33555,6
33557,2
33557,10
33558,4
33558,2
33560,3
33561,2
33561,8
33569,10
33571,7
33572,5
33574,1
33574,5
33578,2
33590,4
33591,0
33592,4
33593,7
33597,6
33598,9
33601,5
33604,4
33605,9
33609,8
33613,4
33613,8
33617,6
33619,6
33619,10
33621,4
33622,6
33623,10
33624,4
33625,10
33632,7
33634,2
33635,7
33635,6
33636,10
33639,2
33640,7
33641,3
33642,8
33646,5
33651,5
33655,4
33657,4
33658,9
33665,0
33665,2
33669,1
33673,4
33675,4
33676,9
33678,2
33679,2
33682,5
33682,6
33685,3
33686,9
33694,2
33697,10
33702,2
33704,8
33705,6
33706,9
33708,8
33708,6
33710,4
33711,4
33713,3
33714,0
33716,10
33720,10
33721,7
33723,10
33729,5
33729,8
33730,10
33731,2
33737,9
33737,5
33737,8
33740,4
33741,1
33742,2
33743,10
33746,5
33749,7
33750,5
33751,2
33757,3
33758,4
33759,1
33760,8
33763,5
33764,10
33764,5
33768,6
33769,3
33772,4
33775,4
33777,2
33779,8
33783,1
33783,5
33784,2
33787,7
33788,4
33789,8
33793,3
33795,5
33796,2
33799,8
33800,2
33801,0
33803,10
33804,8
33804,0
33805,9
33807,5
33807,4
33811,3
33811,5
33813,5
33815,0
33816,4
33817,4
33821,10
33824,0
33825,0
33830,2
33834,1
33835,4
33838,5
33838,1
33840,8
33840,6
33841,7
33843,7
33846,10
33849,5
33854,4
33854,3
33855,4
33857,0
33859,2
33860,0
33860,1
33860,6
33861,10
33863,9
33864,0
33866,9
33867,3
33874,0
33876,6
33876,5
33877,5
33888,2
33889,0
33890,6
33892,5
33893,5
33893,1
33893,6
33894,8
33895,3
33896,3
33897,1
33903,4
33904,1
33905,10
33906,3
33907,8
33910,9
33913,3
33914,5
33916,7
33916,8
33918,10
33919,2
33919,5
33919,7
33920,2
33920,3
33921,5
33923,5
33925,8
33925,9
33925,0
33927,8
33929,3
33930,5
33935,4
33937,10
33939,4
33940,4
33943,9
33944,0
33950,1
33950,2
33953,5
33955,2
33958,9
33958,0
33965,10
33969,4
33970,8
33972,7
33973,9
33975,8
33977,0
33978,4
33980,8
33981,1
33982,7
33982,1
33983,9
33989,3
33991,0
33996,5
34002,6
34005,3
34005,0
34005,4
34006,4
34009,6
34009,1
34010,1
34014,8
34016,0
34016,2
34018,5
34019,6
34019,4
34022,1
34028,4
34029,9
34031,0
34032,9
34035,2
34036,7
34037,10
34037,2
34039,5
34040,10
34043,0
34045,5
34046,8
34058,7
34060,5
34061,3
34063,10
34063,8
34065,4
34072,8
34073,1
34073,3
34075,10
34079,7
34082,9
34084,1
34084,4
34086,2
34092,9
34095,5
34097,6
34102,5
34103,10
34103,9
34105,5
34106,0
34107,2
34110,10
34110,2
34111,6
34112,10
34112,9
34113,10
34114,7
34114,0
34120,5
34120,6
34123,9
34124,0
34124,6
34129,4
34133,3
34134,3
34136,4
34136,1
34138,7
34138,4
34140,6
34150,3
34150,5
34158,9
34159,1
34167,9
34170,10
34170,2
34173,6
34176,7
34177,0
34179,8
34180,10
34180,7
34183,9
34186,6
34187,9
34190,7
34201,2
34203,5
34203,4
34206,0
34206,4
34206,6
34207,6
34207,9
34208,9
34209,8
34210,4
34212,1
34212,7
34213,7
34214,7
34219,0
34220,5
34221,9
34221,10
34221,0
34221,8
34222,9
34222,1
34223,1
34225,1
34227,5
34228,7
34229,2
34230,10
34233,0
34235,2
34236,3
34241,0
34243,8
34244,7
34244,5
34251,2
34251,9
34251,8
34252,5
34252,7
34253,6
34254,9
34255,6
34256,2
34259,5
34262,8
34263,8
34263,4
34265,1
34272,7
34274,2
34280,6
34282,0
34287,2
34288,1
34288,5
34289,4
34290,3
34291,5
34292,5
34292,0
34297,7
34299,1
34300,0
34301,5
34301,0
34305,3
34308,10
34308,6
34313,6
34313,0
34315,1
34315,6
34315,9
34317,3
34320,3
34323,3
34329,7
34333,6
34334,3
34335,0
34335,6
34337,9
34338,3
34340,10
34341,4
34341,9
34343,5
34344,8
34351,7
34353,2
34354,3
34356,3
34356,8
34356,10
34357,6
34358,2
34368,8
34369,1
34370,8
34373,9
34373,4
34373,8
34377,1
34379,5
34379,3
34380,10
34381,10
34381,3
34384,1
34385,8
34389,0
34389,4
34395,1
34400,10
34403,8
34407,2
34412,8
34412,4
34415,10
34419,3
34425,10
34426,6
34426,3
34430,9
34439,8
34440,7
34442,4
34442,2
34448,4
34448,2
34448,5
34449,2
34452,4
34453,8
34454,4
34455,0
34456,3
34457,8
34459,4
34460,10
34461,1
34462,9
34462,1
34468,7
34472,9
34474,0
34474,1
34479,6
34479,5
34482,2
34482,0
34488,8
34488,7
34488,9
34491,8
34492,0
34494,4
34497,3
34501,5
34505,2
34506,4
34512,6
34522,1
34526,8
34531,7
34532,9
34537,6
34537,10
34547,4
34548,8
34548,1
34551,4
34552,2
34553,7
34554,5
34559,9
34559,2
34559,5
34560,6
34562,3
34563,5
34564,10
34566,0
34568,1
34568,3
34570,5
34572,4
34578,4
34579,1
34579,5
34579,9
34579,2
34582,5
34585,4
34586,10
34590,4
34591,9
34592,1
34597,10
34598,9
34599,1
34601,7
34601,5
34603,7
34603,10
34605,1
34606,10
34606,0
34608,8
34610,10
34612,6
34616,10
34619,6
34619,3
34619,2
34622,5
34626,0
34630,7
34635,5
34635,0
34641,7
34642,0
34647,2
34648,9
34657,6
34658,2
34660,6
34661,2
34662,10
34664,6
34666,5
34666,3
34667,5
34670,9
34670,1
34671,3
34673,6
34679,9
34680,2
34682,2
34684,2
34684,4
34687,1
34691,6
34692,3
34694,2
34694,1
34694,0
34696,6
34696,9
34697,4
34698,5
34699,0
34700,1
34701,7
34702,1
34705,10
34707,4
34708,9
34709,1
34713,10
34715,5
34717,6
34724,10
34726,0
34727,4
34728,8
34729,2
34734,0
34736,8
34740,2
34740,5
34741,6
34741,3
34743,4
34746,4
34747,7
34749,0
34750,4
34753,3
34755,1
34755,8
34761,0
34762,10
34766,5
34767,4
34768,0
34768,7
34774,2
34777,4
34781,1
34782,4
34782,1
34782,9
34784,0
34785,1
34786,3
34787,1
34787,4
34789,6
34792,3
34793,2
34799,4
34799,5
34800,2
34804,9
34805,0
34806,3
34806,0
34809,0
34812,2
34812,5
34813,0
34814,3
34817,6
34818,5
34818,2
34819,4
34819,10
34820,5
34821,3
34824,5
34824,9
34835,8
34835,0
34836,9
34837,9
34838,6
34839,0
34839,7
34842,6
34847,10
34848,7
34850,5
34861,6
34861,9
34862,6
34863,6
34863,4
34864,5
34870,7
34871,0
34872,5
34873,9
34876,3
34882,8
34883,8
34884,2
34887,1
34891,9
34892,10
34892,9
34894,2
34895,9
34897,0
34898,4
34900,6
34902,10
34902,8
34902,4
34902,7
34908,4
34909,0
34916,10
34917,7
34918,2
34919,7
34921,6
34923,1
34925,7
34927,1
34928,5
34929,8
34929,3
34929,10
34932,7
34934,10
34935,1
34938,3
34938,8
34939,10
34939,5
34940,5
34944,8
34945,9
34946,9
34946,2
34946,7
34954,4
34954,7
34960,9
34961,3
34962,10
34963,6
34965,10
34969,4
34972,10
34975,4
34977,5
34980,4
34985,5
34985,7
34985,0
34988,10
34988,6
34989,4
34990,4
34991,8
34992,9
34992,4
34993,9
34994,4
34995,1
35007,8
35009,3
35011,9
35012,8
35012,0
35015,8
35021,9
35022,10
35023,10
35024,8
35026,1
35027,3
35030,4
35031,10
35031,1
35035,4
35036,5
35039,4
35040,4
35041,10
35041,7
35042,3
35045,4
35046,1
35047,1
35051,7
35053,3
35056,0
35056,4
35057,9
35058,3
35062,7
35066,8
35067,5
35068,9
35069,9
35070,2
35073,0
35074,4
35078,1
35080,0
35082,6
35082,9
35085,10
35085,5
35087,7
35087,10
35090,4
35091,2
35092,1
35093,2
35095,7
35095,4
35099,6
35102,2
35107,7
35108,7
35110,2
35111,4
35112,3
35114,5
35116,9
35117,7
35118,3
35121,9
35122,9
35127,10
35134,5
35137,0
35138,9
35138,0
35139,9
35141,7
35142,10
35149,3
35155,1
35157,1
35161,6
35162,7
35162,4
35166,9
35171,1
35174,3
35174,4
35176,6
35177,5
35177,6
35178,8
35179,7
35180,8
35182,8
35183,7
35187,8
35188,8
35189,6
35190,7
35192,5
35196,6
35197,7
35198,9
35199,9
35211,1
35212,0
35217,5
35217,4
35218,7
35220,8
35223,9
35223,10
35224,4
35225,8
35227,7
35227,2
35227,0
35231,8
35232,10
35235,6
35237,3
35238,10
35238,7
35240,3
35240,2
35242,8
35244,0
35247,9
35249,2
35253,2
35255,9
35256,6
35256,7
35258,2
35259,3
35260,2
35264,1
35265,8
35266,1
35268,10
35269,8
35270,8
35271,0
35278,7
35278,2
35280,0
35287,4
35289,4
35289,10
35293,1
35295,0
35302,3
35303,1
35306,2
35306,4
35307,6
35308,0
35311,10
35313,3
35314,3
35314,10
35316,1
35324,10
35326,9
35326,6
35328,8
35331,0
35342,6
35346,2
35346,10
35347,10
35350,1
35352,5
35354,5
35356,2
35359,9
35362,4
35364,8
35366,8
35371,10
35374,6
35376,1
35386,10
35387,10
35388,4
35388,3
35389,8
35391,9
35396,4
35397,8
35398,5
35400,4
35404,4
35407,8
35407,2
35409,7
35410,10
35410,6
35413,10
35415,6
35415,0
35419,7
35420,6
35420,0
35422,6
35423,2
35425,0
35427,1
35427,9
35427,7
35427,5
35429,3
35430,6
35434,3
35438,7
35441,6
35444,10
35444,6
35444,5
35446,8
35447,10
35447,8
35447,0
35448,3
35451,0
35452,9
35453,8
35455,6
35455,10
35457,5
35458,7
35461,2
35462,6
35463,6
35463,10
35465,4
35467,2
35468,8
35469,2
35473,6
35474,4
35474,3
35481,4
35482,6
35483,9
35486,8
35487,0
35488,3
35491,0
35492,1
35493,2
35496,4
35496,7
35496,3
35499,6
35501,10
35503,8
35504,9
35510,1
35511,3
35513,10
35518,8
35519,9
35520,3
35523,0
35526,10
35528,8
35529,1
35531,8
35531,2
35533,3
35536,4
35539,0
35542,10
35549,5
35553,8
35556,3
35560,2
35560,9
35565,4
35568,7
35569,4
35573,5
35575,5
35575,2
35576,10
35576,6
35576,1
35580,9
35581,8
35582,9
35590,9
35592,7
35592,2
35594,8
35594,9
35594,7
35597,1
35599,1
35599,6
35600,3
35600,10
35601,5
35604,0
35606,5
35611,1
35612,10
35613,7
35615,3
35617,1
35619,1
35620,1
35621,4
35622,8
35622,9
35622,1
35622,7
35626,8
35627,0
35629,0
35629,10
35630,0
35633,8
35634,3
35640,7
35641,5
35646,2
35652,6
35653,8
35657,2
35657,6
35658,6
35658,4
35658,5
35663,0
35666,5
35669,6
35670,4
35672,2
35673,2
35675,7
35677,6
35680,10
35680,2
35682,9
35683,1
35684,10
35687,1
35695,8
35695,2
35695,5
35696,3
35696,8
35697,2
35697,6
35698,0
35699,1
35702,4
35703,4
35703,8
35707,6
35708,8
35711,4
35714,2
35715,4
35718,8
35719,8
35722,4
35723,0
35723,1
35724,4
35726,9
35727,1
35727,5
35729,9
35730,9
35731,6
35731,3
35733,4
35736,7
35738,5
35739,10
35740,1
35741,8
35742,0
35743,3
35744,9
35745,4
35747,9
35748,0
35750,1
35752,6
35752,9
35753,5
35755,9
35757,7
35760,4
35760,6
35764,2
35764,9
35764,4
35771,5
35772,1
35775,0
35776,1
35779,2
35780,8
35781,2
35783,2
35784,0
35786,7
35787,0
35788,7
35794,5
35795,4
35797,0
35798,5
35801,0
35801,10
35803,7
35806,5
35809,3
35809,7
35812,0
35813,3
35817,10
35818,0
35819,0
35823,10
35827,3
35829,6
35832,3
35832,8
35836,3
35843,5
35846,1
35848,3
35848,6
35850,9
35853,9
35853,8
35853,4
35855,2
35855,3
35860,0
35861,7
35862,5
35863,2
35863,10
35863,7
35868,0
35872,10
35873,9
35877,8
35877,2
35879,0
35880,6
35881,4
35886,5
35888,10
35889,4
35889,2
35890,2
35893,5
35893,9
35894,9
35895,3
35896,9
35897,1
35899,4
35907,8
35909,3
35910,0
35912,10
35913,1
35914,8
35919,4
35919,3
35919,0
35921,4
35921,2
35928,9
35931,0
35932,7
35932,8
35933,1
35934,5
35934,4
35937,4
35937,6
35938,10
35942,2
35942,1
35944,1
35945,9
35947,10
35954,6
35960,9
35960,6
35963,6
35966,4
35966,3
35968,2
35970,6
35971,4
35977,6
35978,2
35980,4
35985,7
35986,5
35986,6
35987,8
35987,5
35989,9
35991,0
35991,9
35995,5
36000,10
36001,10
36005,8
36008,4
36009,0
36013,5
36015,2
36019,1
36020,2
36022,4
36025,5
36025,9
36026,0
36028,5
36028,0
36029,0
36034,4
36036,10
36043,1
36044,1
36048,4
36053,3
36060,2
36061,2
36061,4
36065,7
36065,1
36066,5
36066,2
36068,0
36069,1
36073,7
36074,8
36078,1
36079,9
36080,10
36081,4
36081,0
36081,8
36082,3
36086,2
36086,8
36087,4
36092,5
36092,2
36095,5
36096,1
36099,2
36101,0
36101,5
36104,6
36106,4
36109,0
36110,6
36111,2
36111,0
36114,2
36114,5
36117,0
36118,1
36118,6
36120,6
36121,6
36121,3
36122,3
36122,4
36125,3
36125,1
36126,9
36132,0
36132,5
36133,7
36139,5
36139,2
36141,4
36141,5
36143,2
36145,3
36147,10
36148,1
36149,9
36150,4
36154,5
36154,10
36155,8
36157,1
36158,1
36159,5
36160,2
36163,3
36164,8
36167,8
36169,10
36172,5
36172,10
36179,3
36181,8
36181,3
36182,5
36183,5
36184,3
36188,3
36192,2
36199,6
36200,9
36201,2
36201,5
36203,8
36203,4
36205,5
36206,3
36206,6
36210,4
36216,4
36217,8
36217,4
36223,8
36224,1
36224,0
36224,7
36227,9
36228,8
36230,9
36232,8
36235,6
36238,5
36240,2
36240,1
36241,4
36243,4
36244,8
36244,3
36245,1
36246,9
36248,1
36251,7
36253,3
36258,9
36260,2
36266,7
36268,9
36271,0
36273,5
36273,4
36273,6
36274,4
36277,6
36280,3
36281,10
36287,2
36288,9
36295,1
36299,1
36303,3
36308,1
36311,3
36313,4
36319,7
36319,1
36320,9
36321,6
36322,8
36323,4
36324,10
36325,8
36327,5
36329,7
36334,10
36335,3
36339,4
36340,1
36341,3
36345,9
36346,10
36348,1
36348,9
36349,5
36350,3
36356,0
36356,7
36358,5
36360,7
36362,6
36362,10
36363,6
36364,4
36365,6
36370,0
36372,7
36374,10
36377,5
36377,0
36383,10
36384,3
36385,0
36385,10
36390,2
36398,0
36401,5
36405,7
36405,2
36405,5
36406,10
36410,8
36412,10
36414,9
36417,1
36420,10
36420,7
36420,5
36423,5
36428,4
36428,10
36428,7
36429,8
36431,5
36432,4
36432,9
36434,0
36436,4
36437,5
36437,1
36440,6
36440,8
36443,5
36443,1
36446,6
36448,8
36451,9
36452,2
36455,3
36456,0
36458,2
36462,8
36463,2
36463,3
36466,4
36467,3
36472,4
36482,7
36482,3
36485,3
36487,8
36487,1
36488,6
36495,4
36500,1
36502,5
36505,6
36508,1
36512,2
36513,10
36515,5
36518,10
36520,4
36523,6
36525,0
36526,2
36527,7
36531,4
36536,7
36536,6
36537,2
36544,7
36545,2
36548,2
36549,4
36554,5
36556,0
36557,6
36559,5
36559,4
36560,4
36561,3
36561,1
36563,0
36567,7
36568,9
36568,6
36570,2
36571,2
36571,3
36571,7
36572,7
36574,5
36579,8
36583,2
36588,1
36589,1
36593,8
36597,4
36598,2
36598,6
36601,10
36604,6
36611,1
36612,1
36614,7
36617,8
36623,9
36632,4
36634,10
36641,8
36643,1
36643,4
36644,0
36644,6
36646,0
36646,8
36648,8
36648,10
36649,10
36654,0
36655,5
36655,4
36656,6
36657,8
36657,7
36670,8
36670,5
36675,3
36678,1
36678,2
36678,6
36681,6
36683,6
36685,8
36686,8
36687,5
36688,9
36688,5
36693,7
36694,10
36695,8
36696,7
36698,8
36698,6
36700,4
36700,3
36702,1
36704,10
36708,7
36709,4
36714,6
36715,6
36718,6
36721,10
36725,6
36728,3
36729,5
36730,8
36731,10
36732,2
36735,8
36741,1
36743,5
36746,3
36750,8
36753,4
36760,4
36765,4
36765,6
36767,4
36772,2
36776,0
36781,2
36789,10
36789,0
36789,5
36790,4
36790,8
36795,0
36801,7
36804,6
36807,10
36807,6
36808,5
36812,4
36813,0
36818,3
36819,7
36820,6
36824,5
36833,10
36834,1
36835,5
36836,2
36838,2
36840,2
36840,3
36842,8
36845,5
36848,5
36854,2
36857,4
36859,10
36860,0
36860,4
36870,0
36873,9
36874,4
36876,3
36879,2
36882,6
36883,10
36884,10
36885,3
36885,1
36885,10
36887,6
36887,7
36888,6
36888,8
36889,4
36890,3
36891,4
36891,1
36891,6
36893,10
36893,9
36904,4
36905,7
36906,7
36908,5
36908,2
36909,6
36910,1
36914,1
36914,9
36916,6
36916,7
36918,1
36920,7
36924,3
36928,6
36928,0
36935,8
36935,1
36936,1
36936,8
36942,5
36943,5
36950,1
36954,8
36955,10
36959,8
36961,9
36961,6
36966,4
36966,10
36966,3
36967,0
36969,5
36970,6
36971,3
36973,5
36974,4
36975,7
36978,4
36979,8
36983,5
36984,9
36985,10
36985,5
36986,2
36987,9
36987,10
36988,2
36989,10
36990,5
36990,6
36995,7
36996,7
36997,8
36998,8
37002,9
37007,8
37007,2
37010,3
37011,4
37015,3
37015,2
37016,5
37019,2
37026,7
37028,7
37029,7
37029,8
37030,8
37032,3
37041,6
37042,5
37044,6
37044,7
37046,4
37047,10
37049,2
37050,2
37050,1
37056,9
37059,5
37062,2
37064,9
37066,3
37066,1
37072,10
37073,1
37074,4
37075,4
37078,7
37078,8
37079,4
37081,9
37082,4
37082,1
37084,3
37085,3
37087,4
37087,9
37089,9
37094,3
37098,9
37099,9
37099,0
37100,4
37101,2
37101,8
37102,10
37103,0
37107,5
37110,5
37112,3
37114,4
37116,3
37117,0
37129,2
37131,1
37132,0
37132,9
37137,0
37140,0
37140,4
37140,8
37141,10
37142,3
37143,1
37145,7
37145,8
37147,0
37150,5
37152,4
37154,7
37154,0
37155,1
37156,7
37157,0
37162,10
37163,5
37175,3
37178,4
37179,1
37180,8
37185,4
37189,8
37190,6
37191,4
37194,2
37200,3
37201,5
37204,7
37204,10
37212,6
37212,0
37213,8
37215,2
37217,10
37218,1
37218,4
37221,3
37221,2
37224,9
37227,5
37231,1
37231,8
37234,4
37235,6
37236,0
37237,6
37239,2
37243,9
37247,10
37248,2
37249,8
37255,3
37258,8
37261,9
37263,1
37264,5
37265,7
37268,10
37269,2
37276,9
37278,5
37279,0
37279,3
37280,9
37280,8
37280,10
37281,6
37286,0
37286,9
37286,3
37287,7
37289,10
37295,6
37299,0
37303,8
37304,3
37305,5
37306,10
37308,2
37308,10
37309,6
37314,2
37314,10
37314,9
37315,10
37318,1
37322,6
37323,1
37326,5
37329,2
37334,3
37336,0
37340,1
37340,3
37342,7
37342,3
37345,6
37346,7
37350,8
37351,2
37352,5
37352,10
37355,5
37356,4
37358,8
37358,5
37358,9
37359,4
37361,8
37363,4
37364,4
37364,0
37364,7
37365,0
37366,1
37369,8
37373,3
37374,3
37380,7
37380,6
37386,10
37387,10
37388,6
37391,2
37391,5
37399,8
37403,9
37405,5
37408,0
37411,2
37412,5
37413,2
37414,2
37414,5
37418,10
37419,3
37420,10
37422,4
37425,2
37425,7
37425,1
37426,7
37430,5
37431,3
37431,2
37432,4
37434,2
37436,5
37439,0
37441,7
37444,0
37445,2
37450,2
37451,9
37452,0
37452,10
37457,3
37458,5
37462,3
37464,4
37465,9
37467,0
37475,9
37482,8
37486,7
37487,2
37488,7
37490,10
37495,6
37496,8
37496,5
37497,4
37498,8
37499,9
37500,1
37501,7
37502,10
37504,7
37506,0
37509,10
37512,9
37514,2
37519,9
37520,6
37525,1
37525,0
37527,1
37529,9
37536,10
37536,6
37539,0
37540,4
37540,1
37541,2
37542,1
37545,2
37546,2
37549,4
37549,10
37550,2
37555,0
37556,5
37558,9
37561,10
37566,10
37568,5
37568,3
37570,10
37570,6
37571,1
37574,3
37580,2
37582,2
37582,9
37583,0
37586,6
37589,8
37590,4
37590,10
37591,2
37592,7
37593,7
37593,6
37597,9
37598,7
37601,8
37602,3
37603,9
37603,8
37608,2
37610,0
37611,6
37615,5
37615,0
37617,6
37622,0
37623,3
37624,5
37624,2
37624,3
37628,9
37628,0
37631,3
37633,7
37635,6
37638,0
37640,7
37642,3
37642,5
37646,10
37648,3
37649,7
37649,3
37652,7
37653,5
37657,8
37659,4
37661,10
37663,1
37663,5
37664,5
37664,1
37666,9
37666,2
37667,10
37669,9
37670,4
37670,1
37674,4
37675,9
37676,1
37678,5
37678,7
37679,10
37683,3
37687,7
37687,1
37687,0
37693,6
37694,4
37695,6
37696,10
37698,7
37701,6
37703,6
37704,6
37705,2
37709,3
37710,7
37711,4
37715,5
37718,4
37718,6
37719,3
37719,0
37720,7
37721,2
37721,6
37724,3
37726,4
37727,10
37730,6
37731,3
37734,7
37734,1
37734,2
37739,5
37741,9
37745,6
37749,2
37750,4
37750,5
37750,3
37751,1
37753,1
37753,8
37754,10
37757,4
37757,3
37767,9
37768,2
37768,4
37769,5
37769,2
37774,10
37776,7
37778,10
37781,4
37781,0
37785,2
37785,6
37786,8
37787,6
37787,1
37788,3
37792,9
37793,8
37794,8
37794,7
37797,1
37798,1
37799,1
37801,9
37802,8
37804,3
37805,10
37807,8
37809,0
37810,2
37816,5
37817,8
37821,6
37824,3
37827,10
37828,3
37830,7
37830,4
37833,7
37837,0
37840,10
37841,7
37842,7
37843,9
37843,5
37849,9
37852,5
37854,8
37855,2
37857,8
37861,8
37863,10
37864,6
37866,7
37869,10
37870,3
37872,7
37875,8
37885,3
37886,8
37887,6
37889,8
37892,3
37893,5
37895,7
37895,1
37897,4
37898,0
37903,1
37906,4
37908,3
37909,5
37910,10
37911,4
37912,4
37913,8
37918,10
37919,8
37920,1
37921,0
37922,4
37923,0
37927,3
37927,7
37927,0
37929,0
37930,1
37932,5
37934,4
37934,6
37937,0
37938,2
37940,8
37940,2
37942,2
37942,4
37946,9
37949,2
37949,5
37952,9
37953,8
37953,7
37953,4
37957,10
37963,10
37965,0
37966,6
37967,7
37968,5
37968,8
37970,10
37970,2
37975,4
37977,1
37981,9
37984,7
37986,4
37987,1
37988,8
37991,2
37993,10
37994,6
38001,6
38007,6
38008,5
38009,0
38012,6
38014,6
38016,0
38017,4
38018,4
38019,1
38022,6
38025,1
38029,6
38033,7
38034,4
38036,4
38041,6
38042,9
38043,2
38051,8
38055,6
38056,1
38057,4
38058,6
38064,5
38069,0
38069,3
38070,3
38071,7
38072,0
38073,6
38081,8
38082,2
38082,10
38083,0
38084,3
38085,0
38091,6
38095,1
38097,1
38098,8
38098,0
38099,4
38102,6
38102,10
38104,3
38104,7
38105,5
38107,4
38109,10
38110,5
38110,3
38111,5
38114,2
38122,6
38122,8
38124,8
38126,9
38127,0
38127,1
38131,0
38133,5
38134,5
38134,0
38135,2
38136,7
38136,6
38137,0
38138,4
38139,2
38142,9
38142,6
38143,3
38144,9
38147,1
38147,3
38148,9
38150,3
38152,1
38152,4
38153,2
38155,10
38158,3
38158,4
38160,1
38160,8
38160,2
38162,8
38163,6
38163,0
38171,4
38175,1
38176,5
38179,2
38180,9
38181,8
38188,1
38188,10
38189,4
38190,0
38191,7
38192,9
38192,3
38192,1
38193,3
38194,5
38196,6
38199,7
38201,2
38202,2
38204,1
38205,5
38208,6
38209,10
38209,3
38210,4
38212,7
38212,9
38214,0
38224,7
38229,9
38231,1
38234,8
38235,6
38236,0
38237,5
38242,5
38242,2
38242,1
38244,9
38246,1
38248,7
38248,1
38248,2
38251,4
38253,8
38255,2
38255,8
38258,0
38268,2
38270,10
38276,3
38280,9
38291,2
38293,1
38293,9
38295,9
38297,9
38298,7
38299,0
38300,2
38300,5
38305,4
38308,5
38308,8
38313,7
38313,8
38319,7
38319,8
38319,6
38320,2
38322,6
38326,3
38327,6
38330,0
38330,9
38332,10
38333,3
38333,4
38336,2
38339,6
38340,6
38341,8
38347,8
38349,6
38349,5
38351,5
38360,6
38365,5
38366,0
38382,1
38382,7
38383,2
38385,0
38390,8
38392,1
38393,7
38399,1
38399,3
38400,4
38401,10
38403,5
38403,6
38405,3
38406,5
38409,4
38410,2
38411,0
38412,8
38413,8
38415,4
38430,3
38431,3
38432,2
38437,1
38440,7
38440,10
38441,3
38444,3
38445,8
38450,5
38451,3
38453,2
38456,4
38458,9
38458,6
38460,10
38462,5
38465,7
38467,5
38468,3
38469,7
38470,7
38470,10
38470,2
38474,0
38476,5
38476,8
38479,4
38481,2
38484,7
38486,5
38488,2
38489,8
38489,6
38490,0
38491,9
38491,10
38492,3
38493,1
38493,0
38494,10
38494,1
38495,4
38496,4
38497,6
38497,0
38501,8
38501,1
38506,2
38506,9
38507,5
38508,8
38510,10
38512,4
38513,6
38514,4
38516,7
38517,2
38518,3
38520,6
38521,0
38522,7
38525,10
38525,8
38527,1
38529,6
38538,8
38539,6
38544,10
38544,9
38548,2
38550,4
38553,9
38554,1
38555,10
38556,4
38559,0
38563,10
38569,8
38573,1
38575,7
38577,8
38580,5
38581,0
38584,0
38588,8
38590,6
38592,2
38592,6
38592,0
38602,10
38603,10
38603,1
38604,0
38606,5
38612,3
38614,4
38615,5
38616,3
38617,4
38618,5
38620,8
38621,2
38622,9
38625,3
38627,8
38628,4
38631,2
38631,0
38634,9
38634,1
38635,9
38640,4
38641,6
38641,0
38641,3
38642,7
38643,10
38644,9
38645,8
38645,5
38645,9
38648,8
38650,9
38650,8
38651,2
38651,9
38653,1
38655,0
38658,3
38659,7
38666,3
38667,7
38670,3
38671,2
38671,3
38677,5
38678,9
38680,2
38681,3
38684,1
38685,7
38685,10
38689,0
38690,10
38695,0
38698,10
38699,1
38701,7
38702,4
38705,10
38707,10
38707,9
38708,4
38710,0
38713,8
38723,7
38723,5
38728,9
38728,4
38729,3
38729,10
38731,8
38733,9
38736,7
38737,10
38738,5
38739,8
38740,6
38743,6
38745,0
38746,4
38746,10
38746,3
38748,2
38753,1
38754,1
38757,6
38758,7
38758,6
38759,2
38760,5
38763,6
38766,6
38768,7
38769,3
38770,7
38770,1
38770,10
38773,1
38773,6
38774,7
38779,2
38780,0
38782,6
38785,6
38789,2
38789,4
38790,4
38791,7
38793,1
38794,8
38795,2
38795,10
38801,8
38801,5
38805,0
38807,8
38810,3
38810,1
38810,2
38813,3
38816,1
38817,10
38819,2
38822,5
38823,4
38825,0
38828,8
38830,5
38834,4
38837,2
38842,5
38844,4
38845,4
38846,4
38848,8
38848,2
38849,1
38854,5
38855,4
38855,5
38858,4
38859,3
38861,9
38862,3
38863,0
38863,9
38865,4
38866,7
38866,0
38867,1
38868,9
38871,2
38875,9
38875,6
38876,2
38889,10
38889,6
38890,3
38890,5
38890,4
38893,10
38896,1
38897,6
38902,2
38904,2
38908,1
38912,7
38913,5
38915,10
38915,7
38919,2
38920,2
38921,2
38921,4
38922,5
38922,9
38926,2
38931,0
38931,4
38931,9
38932,8
38932,0
38935,4
38936,1
38937,9
38938,0
38938,6
38942,5
38943,6
38950,9
38950,5
38951,4
38952,9
38954,3
38958,2
38968,8
38974,5
38974,3
38976,2
38979,6
38980,4
38980,1
38986,3
38990,4
38992,6
38994,2
38995,3
38996,10
38997,6
38998,1
38998,7
39003,10
39008,8
39008,5
39010,7
39012,6
39013,10
39014,2
39015,9
39015,10
39017,7
39019,8
39021,9
39022,4
39023,10
39026,0
39029,1
39032,6
39034,9
39034,10
39034,4
39044,3
39046,0
39049,4
39050,9
39054,1
39056,0
39059,2
39062,9
39066,3
39068,5
39068,6
39069,4
39070,5
39070,6
39071,8
39072,4
39073,7
39074,10
39076,4
39076,1
39077,7
39079,5
39081,7
39082,9
39089,8
39097,2
39098,9
39100,1
39105,0
39106,6
39107,10
39110,1
39115,3
39117,7
39118,2
39119,2
39121,4
39121,6
39123,4
39125,4
39128,3
39128,1
39129,3
39131,8
39132,5
39132,0
39134,7
39135,10
39136,0
39137,4
39137,6
39139,10
39140,0
39141,7
39142,9
39143,6
39143,1
39144,1
39150,8
39152,8
39152,0
39153,5
39153,8
39154,8
39155,9
39157,2
39157,6
39159,8
39161,0
39162,3
39165,9
39166,10
39166,1
39168,5
39171,1
39173,9
39174,0
39175,3
39178,5
39179,10
39180,0
39180,3
39181,10
39185,8
39186,6
39191,3
39192,4
39194,5
39194,1
39196,4
39196,7
39196,0
39198,7
39202,5
39203,4
39204,6
39206,0
39209,7
39213,7
39213,10
39218,7
39220,9
39221,3
39223,3
39225,8
39228,6
39230,6
39233,9
39236,5
39239,10
39239,5
39246,7
39246,8
39247,8
39247,4
39248,2
39249,8
39250,0
39251,9
39254,9
39254,5
39255,6
39260,2
39260,7
39261,5
39266,7
39267,7
39267,3
39268,4
39268,9
39271,5
39272,7
39272,4
39273,8
39274,3
39274,1
39275,10
39276,10
39279,7
39281,4
39291,10
39293,6
39294,0
39298,1
39300,1
39303,7
39305,3
39305,5
39307,1
39310,2
39311,1
39312,4
39313,5
39314,5
39319,10
39320,5
39322,2
39324,0
39326,1
39326,2
39327,9
39330,10
39330,4
39332,4
39336,1
39337,4
39339,10
39340,4
39346,0
39347,3
39349,10
39350,8
39350,2
39351,8
39352,7
39352,0
39360,3
39362,6
39366,9
39367,3
39367,6
39369,5
39374,7
39377,3
39378,1
39381,1
39387,2
39388,2
39388,6
39392,2
39394,6
39394,5
39398,3
39399,3
39400,9
39402,1
39404,8
39408,7
39414,9
39415,5
39416,1
39419,9
39420,6
39422,8
39422,10
39426,10
39426,8
39427,7
39430,3
39431,0
39434,2
39435,1
39440,4
39442,7
39443,3
39445,1
39452,6
39453,10
39457,9
39459,2
39460,0
39462,10
39466,10
39468,10
39471,3
39473,2
39476,9
39477,2
39477,9
39479,7
39481,0
39487,9
39488,2
39491,10
39496,10
39497,6
39498,9
39499,6
39499,1
39500,8
39503,1
39504,5
39504,9
39507,2
39508,9
39509,10
39511,6
39517,1
39519,2
39522,1
39527,10
39528,0
39528,1
39531,2
39532,8
39539,3
39542,4
39543,0
39546,8
39547,0
39550,4
39553,2
39558,9
39560,8
39561,5
39561,1
39573,8
39577,7
39580,9
39580,0
39583,2
39585,2
39588,8
39589,4
39590,10
39590,9
39591,1
39595,2
39598,8
39601,3
39602,10
39603,10
39603,5
39603,7
39604,6
39613,1
39613,4
39615,2
39615,5
39618,8
39621,6
39623,4
39634,6
39636,8
39637,8
39640,3
39644,7
39648,1
39648,0
39649,7
39649,10
39652,10
39652,4
39653,8
39655,3
39655,0
39657,8
39657,10
39658,10
39660,7
39664,6
39664,4
39669,9
39670,8
39671,8
39671,3
39679,3
39686,0
39691,0
39699,1
39700,10
39702,9
39706,4
39708,9
39709,8
39710,9
39712,1
39713,0
39716,0
39717,8
39718,8
39719,4
39720,2
39723,0
39723,3
39723,5
39725,10
39727,3
39729,3
39734,8
39735,1
39737,8
39738,2
39738,4
39740,4
39740,2
39741,5
39743,6
39744,0
39744,10
39747,0
39748,10
39749,7
39750,6
39751,6
39751,7
39753,9
39754,10
39759,2
39767,6
39768,1
39768,6
39770,3
39774,3
39776,10
39777,9
39780,6
39782,5
39785,3
39785,4
39793,4
39794,0
39795,7
39797,10
39802,8
39803,10
39807,6
39808,1
39811,5
39814,9
39817,6
39818,5
39819,0
39826,2
39827,5
39829,4
39831,0
39833,2
39834,8
39834,6
39836,9
39844,5
39844,2
39845,2
39847,3
39849,3
39852,3
39854,5
39855,8
39860,7
39866,8
39867,5
39868,3
39871,3
39872,3
39873,0
39875,2
39876,5
39881,0
39882,7
39882,4
39884,5
39890,10
39890,7
39891,4
39892,0
39893,6
39893,9
39893,1
39898,5
39903,8
39907,1
39908,9
39911,3
39913,9
39916,8
39917,9
39918,4
39919,2
39920,10
39921,2
39923,9
39926,10
39929,5
39934,8
39934,4
39936,8
39938,0
39949,3
39949,5
39951,7
39958,9
39964,3
39966,2
39967,6
39968,0
39973,6
39975,8
39976,7
39981,2
39983,3
39983,1
39984,6
39987,1
39987,9
39989,1
39991,5
39992,4
40001,0
40002,0
40002,7
40005,8
40005,5
40006,2
40006,7
40015,10
40017,0
40018,3
40019,4
40025,7
40031,3
40031,10
40034,4
40038,6
40038,0
40039,5
40040,8
40044,3
40045,6
40049,5
40052,7
40052,9
40053,8
40056,0
40057,2
40060,2
40064,10
40066,5
40070,1
40070,6
40071,8
40072,5
40073,8
40073,5
40076,6
40078,6
40078,0
40079,1
40080,10
40081,10
40086,9
40087,9
40088,7
40094,2
40095,9
40098,7
40099,4
40099,0
40102,9
40104,5
40106,4
40108,2
40108,1
40109,10
40110,2
40112,2
40113,2
40114,1
40120,3
40122,4
40123,6
40125,6
40127,2
40127,3
40128,1
40128,6
40130,3
40131,4
40133,0
40136,2
40137,0
40137,10
40140,5
40141,0
40142,0
40142,2
40143,4
40145,10
40145,1
40149,4
40154,2
40155,7
40155,4
40155,9
40157,7
40158,3
40161,7
40163,10
40163,8
40165,5
40170,2
40171,3
40173,2
40176,6
40182,9
40183,8
40183,7
40183,1
40185,8
40187,6
40191,7
40193,6
40198,2
40204,0
40204,10
40209,1
40211,10
40213,6
40216,8
40217,10
40217,3
40220,1
40224,0
40224,8
40228,8
40239,9
40240,8
40242,6
40243,4
40244,9
40245,5
40250,8
40252,7
40252,5
40255,4
40255,3
40268,3
40275,0
40275,5
40277,4
40281,4
40281,1
40291,1
40297,7
40299,7
40300,9
40301,0
40301,7
40302,10
40303,7
40305,5
40309,9
40310,4
40315,9
40322,7
40325,10
40325,4
40328,7
40328,5
40328,4
40330,9
40331,6
40332,8
40334,10
40341,9
40341,5
40343,7
40344,2
40345,0
40348,3
40353,2
40354,2
40354,8
40356,2
40363,5
40363,2
40366,0
40371,5
40373,8
40373,3
40373,4
40375,7
40378,4
40379,10
40379,9
40382,2
40382,4
40385,0
40385,9
40386,9
40386,1
40387,4
40392,0
40396,8
40399,8
40401,2
40403,1
40405,1
40410,0
40413,3
40414,5
40415,8
40415,7
40419,9
40419,7
40421,5
40423,8
40424,7
40428,6
40429,8
40430,3
40431,7
40431,9
40432,1
40434,9
40436,10
40437,1
40439,3
40439,9
40441,7
40441,0
40445,7
40446,5
40447,6
40448,4
40454,5
40454,1
40456,0
40457,1
40459,0
40460,7
40462,2
40469,1
40469,5
40474,4
40477,7
40480,0
40480,10
40481,1
40483,9
40483,4
40487,1
40495,6
40495,7
40497,5
40498,10
40501,8
40501,2
40511,10
40513,6
40514,2
40516,6
40516,4
40517,7
40519,3
40520,10
40521,7
40521,8
40522,9
40528,0
40532,5
40534,6
40535,5
40536,8
40536,2
40539,9
40540,8
40544,0
40546,1
40549,0
40552,0
40552,8
40553,6
40556,9
40557,7
40560,0
40561,0
40567,10
40569,9
40570,5
40571,3
40571,0
40573,2
40574,4
40574,3
40575,4
40582,4
40586,1
40586,6
40588,0
40593,3
40594,2
40596,4
40598,8
40598,0
40602,3
40607,3
40610,8
40610,9
40610,2
40611,0
40611,10
40613,8
40617,2
40618,1
40621,1
40627,7
40628,9
40631,2
40634,8
40643,10
40643,2
40647,1
40651,1
40653,2
40655,0
40655,10
40661,8
40665,0
40665,1
40669,9
40670,1
40676,7
40680,10
40683,4
40684,1
40684,0
40686,7
40689,10
40691,6
40691,5
40694,1
40695,6
40695,4
40701,2
40703,0
40703,9
40706,10
40707,4
40710,2
40712,1
40716,8
40716,2
40721,8
40723,9
40724,0
40725,6
40726,0
40726,2
40730,4
40735,10
40737,10
40738,5
40740,9
40741,0
40742,10
40751,4
40755,3
40765,6
40765,2
40770,8
40773,10
40774,4
40774,6
40776,1
40783,0
40784,9
40788,4
40789,10
40792,10
40793,9
40796,1
40797,0
40799,7
40800,9
40801,9
40802,7
40806,2
40808,9
40808,5
40811,6
40811,5
40811,3
40812,1
40813,2
40814,4
40816,7
40820,1
40822,8
40822,6
40824,2
40824,7
40825,6
40827,4
40830,5
40831,6
40833,2
40835,9
40835,4
40838,6
40846,0
40848,6
40850,6
40850,7
40854,4
40865,6
40868,6
40869,2
40870,8
40875,3
40879,5
40880,9
40883,7
40887,2
40888,2
40895,9
40897,8
40900,8
40901,9
40901,2
40903,10
40904,0
40905,9
40906,10
40906,6
40907,4
40909,3
40910,1
40911,6
40912,4
40913,9
40914,4
40916,7
40916,0
40924,4
40924,7
40931,0
40932,3
40932,10
40939,6
40942,10
40942,9
40945,8
40947,3
40950,1
40950,2
40953,3
40956,4
40959,3
40965,7
40966,10
40967,0
40973,4
40973,5
40975,8
40977,10
40980,7
40981,6
40985,4
40986,8
40986,6
40986,4
40988,8
40989,4
40989,7
40989,5
40991,3
40993,5
40997,3
40997,0
40999,2
41000,7
41001,2
41004,10
41013,2
41014,7
41015,7
41018,9
41021,9
41023,9
41024,7
41026,9
41028,1
41029,0
41030,4
41037,1
41040,2
41041,4
41046,8
41047,3
41047,10
41048,4
41049,5
41052,8
41053,10
41055,7
41055,4
41055,9
41059,5
41060,1
41064,8
41064,9
41065,5
41068,0
41069,3
41069,6
41078,0
41080,6
41082,7
41083,2
41087,1
41090,4
41091,7
41091,3
41092,6
41094,4
41095,9
41095,0
41098,3
41101,4
41103,9
41107,5
41108,2
41111,1
41112,4
41112,0
41115,9
41117,1
41118,6
41121,9
41121,2
41122,8
41126,0
41127,1
41128,1
41129,0
41131,8
41131,3
41131,7
41131,5
41134,10
41135,8
41139,7
41139,9
41139,8
41141,7
41143,6
41144,10
41144,0
41147,2
41148,7
41152,4
41156,2
41159,9
41160,7
41162,10
41164,8
41164,5
41167,1
41168,8
41168,10
41169,6
41170,1
41174,7
41174,4
41176,3
41177,10
41178,0
41178,3
41181,7
41184,1
41186,5
41190,9
41193,4
41193,5
41195,7
41201,4
41203,2
41204,9
41212,1
41215,3
41217,10
41217,5
41221,7
41222,3
41223,2
41224,3
41225,2
41230,8
41230,2
41230,10
41236,10
41236,1
41239,3
41242,10
41242,5
41243,3
41245,3
41247,1
41250,9
41250,1
41251,3
41256,1
41257,9
41262,5
41262,4
41263,3
41264,9
41270,1
41270,8
41272,5
41272,2
41274,6
41275,2
41275,6
41276,10
41279,2
41284,4
41288,8
41291,6
41296,10
41297,1
41298,10
41300,7
41304,1
41304,2
41306,6
41306,3
41313,7
41314,8
41319,9
41324,2
41325,4
41331,0
41331,8
41331,10
41333,4
41336,8
41337,10
41340,0
41340,3
41343,3
41344,7
41349,6
41351,10
41359,2
41360,3
41363,8
41363,0
41367,9
41368,5
41371,7
41374,3
41377,8
41379,7
41386,7
41386,5
41387,0
41388,8
41392,0
41399,1
41400,10
41400,7
41401,3
41402,1
41403,6
41405,9
41405,0
41410,5
41414,5
41415,9
41417,5
41422,2
41422,5
41424,4
41425,3
41431,2
41434,10
41435,3
41436,5
41436,9
41438,7
41439,4
41439,2
41446,8
41449,9
41450,7
41451,2
41451,5
41457,7
41460,10
41461,8
41462,9
41464,5
41464,1
41467,10
41469,10
41470,4
41470,2
41471,3
41473,2
41477,6
41479,10
41479,2
41481,0
41485,3
41486,0
41492,0
41495,4
41495,0
41500,1
41500,4
41501,2
41513,8
41514,2
41515,6
41515,8
41517,9
41525,3
41525,5
41526,1
41528,4
41530,1
41534,0
41536,0
41537,1
41538,6
41539,1
41540,1
41540,3
41542,9
41542,10
41546,9
41552,9
41553,8
41555,0
41555,5
41556,10
41560,2
41562,0
41563,2
41564,2
41566,3
41569,4
41569,1
41571,6
41571,2
41573,8
41574,1
41581,9
41584,3
41584,9
41593,7
41594,7
41595,3
41595,2
41598,8
41600,6
41600,4
41603,2
41606,7
41606,5
41610,2
41612,3
41612,7
41613,9
41615,10
41619,6
41623,1
41626,5
41628,1
41630,5
41631,8
41632,6
41632,0
41635,7
41635,8
41637,8
41639,7
41653,10
41655,4
41665,1
41666,5
41668,10
41673,3
41674,3
41676,5
41676,6
41678,4
41679,1
41680,2
41682,2
41689,2
41694,10
41700,2
41701,10
41705,6
41708,8
41708,9
41709,4
41710,2
41715,1
41717,3
41717,7
41719,4
41721,5
41722,3
41723,8
41725,3
41726,3
41726,4
41728,4
41730,2
41731,6
41733,5
41743,2
41744,4
41749,2
41750,9
41750,7
41751,7
41751,0
41752,5
41753,1
41753,3
41753,7
41753,8
41756,0
41756,8
41756,10
41757,5
41758,5
41760,7
41761,4
41762,3
41762,7
41764,8
41782,1
41783,9
41785,6
41785,2
41786,6
41787,5
41791,3
41793,10
41793,6
41796,7
41803,7
41806,8
41814,4
41815,8
41816,4
41823,8
41824,7
41824,4
41828,8
41835,2
41836,8
41837,3
41837,0
41844,3
41850,8
41851,6
41852,5
41854,7
41854,1
41854,4
41855,5
41857,7
41859,4
41861,1
41862,5
41862,7
41870,3
41872,6
41873,0
41875,9
41876,1
41878,10
41879,6
41883,1
41888,5
41890,8
41891,4
41892,1
41892,6
41898,4
41899,6
41899,1
41899,0
41899,5
41900,2
41905,8
41905,4
41905,6
41907,4
41908,8
41908,10
41909,9
41914,7
41914,10
41916,6
41917,7
41927,4
41932,3
41933,6
41935,2
41936,10
41936,1
41938,9
41938,1
41940,6
41942,1
41943,4
41945,6
41946,7
41948,10
41951,1
41954,10
41955,10
41956,0
41960,2
41960,7
41961,1
41965,0
41968,6
41969,5
41970,6
41974,5
41974,4
41976,1
41977,8
41980,3
41980,9
41980,5
41982,9
41983,8
41986,0
41987,5
41989,7
41991,8
41996,10
41997,0
41998,8
41999,9
41999,4
41999,10
41999,8
42000,5
42001,4
42005,1
42008,2
42011,0
42012,2
42017,6
42017,2
42020,9
42021,0
42023,8
42025,4
42034,2
42034,5
42036,8
42037,1
42039,4
42039,6
42041,4
42041,5
42042,1
42042,10
42043,8
42046,4
42047,10
42048,0
42050,4
42052,2
42055,2
42055,9
42059,6
42060,3
42062,7
42062,2
42065,2
42065,1
42066,4
42068,6
42072,6
42074,9
42076,7
42085,6
42089,2
42090,10
42090,3
42091,4
42092,0
42096,1
42098,8
42099,1
42099,5
42102,9
42104,9
42105,9
42106,6
42106,0
42113,0
42113,3
42113,2
42115,9
42121,8
42122,5
42122,10
42129,4
42130,1
42132,3
42133,10
42142,1
42146,0
42146,9
42146,1
42148,1
42149,4
42152,1
42153,4
42155,0
42158,0
42161,10
42168,4
42172,3
42175,4
42178,7
42181,7
42182,0
42183,3
42187,1
42187,3
42189,6
42193,4
42197,9
42198,3
42201,5
42201,1
42204,5
42204,9
42205,2
42206,7
42207,0
42209,2
42210,8
42213,9
42214,8
42216,0
42217,8
42219,7
42220,9
42222,8
42229,1
42230,1
42233,5
42234,6
42236,0
42238,4
42239,9
42245,7
42246,1
42248,8
42250,3
42250,10
42255,3
42257,6
42258,6
42259,4
42259,3
42262,7
42262,4
42263,8
42264,1
42264,10
42265,1
42269,10
42272,7
42272,0
42273,10
42274,4
42277,10
42281,9
42290,5
42291,4
42292,1
42294,5
42299,10
42302,2
42303,6
42305,5
42305,2
42306,10
42307,1
42309,10
42310,1
42311,10
42312,8
42313,8
42316,6
42322,5
42323,9
42324,0
42324,8
42326,6
42326,1
42327,3
42327,0
42327,5
42329,6
42334,4
42336,9
42336,4
42337,1
42338,5
42341,1
42342,10
42343,10
42344,4
42344,0
42345,7
42345,8
42346,7
42347,6
42352,10
42353,4
42355,1
42355,0
42355,2
42357,5
42360,0
42361,1
42361,2
42363,7
42363,10
42365,2
42368,3
42370,3
42371,3
42372,10
42374,5
42375,1
42377,2
42377,6
42377,9
42381,6
42385,0
42386,1
42387,6
42387,9
42387,7
42389,2
42394,10
42397,3
42399,6
42400,2
42402,3
42403,9
42403,7
42403,8
42405,9
42407,10
42410,5
42413,1
42415,5
42415,1
42417,4
42418,10
42419,1
42420,8
42420,5
42422,8
42423,2
42434,4
42434,6
42437,1
42438,5
42444,3
42445,3
42449,2
42450,1
42454,10
42461,5
42462,9
42463,7
42464,10
42468,0
42468,1
42469,6
42470,9
42474,1
42475,2
42476,10
42477,7
42478,10
42478,4
42479,5
42480,2
42480,5
42482,9
42483,7
42484,2
42486,2
42487,7
42489,5
42492,4
42497,7
42497,10
42498,7
42498,0
42499,7
42499,3
42500,8
42500,7
42501,5
42502,1
42504,10
42510,8
42511,8
42511,3
42512,0
42513,4
42514,7
42523,4
42523,0
42525,2
42526,9
42529,2
42530,9
42534,7
42539,9
42540,5
42544,6
42544,0
42548,1
42550,10
42554,3
42554,8
42555,6
42556,10
42558,7
42561,10
42565,1
42566,0
42566,3
42569,1
42570,5
42570,3
42574,1
42577,7
42580,10
42581,10
42585,3
42585,7
42586,7
42588,3
42590,3
42590,5
42592,10
42595,0
42595,7
42597,8
42597,9
42597,3
42598,1
42609,2
42611,1
42611,0
42613,8
42613,6
42617,0
42621,8
42622,5
42625,5
42626,8
42626,3
42627,3
42628,6
42630,10
42630,9
42633,10
42633,0
42634,2
42636,1
42637,10
42644,2
42651,5
42655,2
42657,2
42659,5
42661,0
42662,4
42662,7
42668,1
42670,6
42672,7
42677,7
42680,3
42682,6
42682,1
42682,7
42685,3
42690,7
42690,8
42693,7
42695,5
42698,6
42701,1
42704,10
42704,1
42705,0
42706,5
42706,9
42708,6
42712,1
42718,4
42718,10
42720,9
42720,7
42720,2
42722,10
42724,9
42725,7
42725,0
42727,10
42729,5
42732,8
42734,0
42736,10
42736,8
42738,4
42738,10
42739,10
42741,4
42742,5
42747,4
42750,3
42758,8
42759,6
42761,5
42762,3
42763,5
42765,0
42765,3
42765,10
42768,3
42779,0
42781,5
42782,7
42784,8
42786,3
42786,1
42788,0
42789,6
42791,3
42792,5
42792,4
42792,8
42797,3
42797,1
42799,4
42799,5
42801,2
42807,0
42810,3
42812,2
42812,3
42815,4
42815,8
42817,4
42817,6
42818,8
42819,0
42822,10
42824,8
42828,7
42828,9
42833,5
42834,0
42837,1
42837,0
42839,3
42839,6
42839,4
42840,10
42841,8
42841,6
42848,8
42850,3
42853,2
42854,7
42856,0
42857,1
42858,4
42865,0
42870,9
42873,4
42876,8
42877,6
42877,9
42878,0
42880,7
42881,1
42882,9
42884,2
42885,6
42887,2
42888,1
42892,7
42894,3
42895,9
42896,0
42899,8
42901,2
42902,4
42903,8
42903,5
42905,8
42905,7
42911,9
42911,10
42919,0
42920,2
42930,7
42933,2
42936,0
42938,1
42941,0
42944,4
42944,5
42948,1
42950,0
42951,4
42954,3
42958,2
42958,0
42962,9
42963,1
42963,6
42965,4
42969,6
42972,10
42973,1
42974,8
42977,0
42978,9
42980,2
42981,1
42982,3
42983,8
42987,2
42992,10
42992,4
42993,9
42997,6
43001,10
43002,4
43004,8
43005,1
43008,2
43011,2
43014,0
43015,4
43019,6
43023,3
43024,1
43025,2
43025,7
43026,8
43029,7
43032,1
43034,3
43035,8
43035,10
43035,2
43038,1
43042,5
43043,5
43045,8
43049,4
43052,9
43052,3
43053,4
43053,10
43054,2
43056,5
43056,4
43058,9
43059,2
43060,1
43062,8
43063,2
43064,7
43067,7
43070,1
43072,7
43072,2
43073,6
43073,2
43074,10
43074,7
43075,6
43076,5
43080,9
43080,5
43081,8
43086,9
43086,5
43090,5
43091,8
43099,1
43100,3
43101,10
43106,0
43108,10
43109,6
43111,2
43113,1
43117,1
43118,9
43122,4
43122,9
43123,10
43129,4
43133,0
43133,6
43133,7
43143,10
43148,3
43148,7
43152,4
43153,0
43154,3
43155,4
43155,8
43156,10
43157,3
43158,4
43159,7
43159,2
43160,9
43161,6
43162,9
43163,2
43167,1
43167,10
43168,2
43169,0
43170,6
43172,0
43173,4
43173,7
43176,2
43176,9
43177,2
43182,10
43183,8
43186,1
43189,5
43189,2
43191,9
43197,9
43197,7
43205,7
43206,3
43207,2
43207,3
43211,7
43214,5
43216,4
43216,3
43216,8
43220,1
43222,4
43224,8
43224,4
43225,9
43226,5
43226,2
43231,6
43232,8
43233,2
43236,8
43241,0
43244,0
43246,8
43246,7
43246,4
43247,9
43252,9
43252,3
43255,5
43259,6
43260,0
43265,8
43266,5
43268,2
43269,7
43269,9
43272,0
43274,6
43275,0
43276,1
43279,8
43279,5
43280,8
43282,2
43283,10
43284,4
43287,2
43287,6
43288,10
43289,10
43291,5
43294,1
43295,5
43296,9
43299,8
43301,9
43303,7
43307,5
43311,9
43311,2
43311,5
43319,10
43320,0
43324,0
43326,3
43328,6
43329,3
43332,9
43333,0
43335,5
43335,10
43336,4
43336,7
43337,10
43338,3
43343,10
43343,4
43345,0
43346,1
43346,4
43348,4
43351,4
43352,4
43356,10
43359,8
43363,7
43364,9
43366,5
43368,9
43371,7
43373,10
43375,7
43382,5
43383,3
43384,6
43389,9
43390,8
43391,5
43392,2
43394,5
43396,7
43396,0
43403,5
43410,1
43410,0
43411,8
43413,6
43414,8
43416,6
43417,2
43419,3
43420,3
43422,9
43426,8
43426,6
43426,4
43427,6
43427,8
43428,0
43430,9
43430,4
43433,4
43435,0
43436,5
43436,1
43437,6
43441,3
43441,2
43441,6
43443,7
43445,5
43448,0
43448,2
43450,8
43452,9
43454,10
43455,1
43458,9
43460,3
43468,8
43468,9
43469,3
43469,0
43469,7
43471,10
43476,5
43477,3
43479,5
43479,4
43480,6
43481,2
43483,4
43483,8
43484,7
43485,1
43492,9
43495,6
43498,5
43502,2
43504,9
43505,8
43507,3
43508,8
43508,4
43511,4
43515,1
43516,7
43517,10
43518,3
43520,10
43522,6
43523,0
43524,7
43525,8
43526,0
43526,3
43527,8
43529,3
43533,4
43533,5
43535,4
43541,6
43542,6
43543,5
43543,1
43543,8
43547,1
43548,4
43549,0
43550,6
43552,1
43559,5
43560,4
43560,5
43561,9
43561,4
43565,2
43570,2
43570,4
43574,4
43577,0
43577,1
43577,3
43581,0
43585,0
43586,5
43587,10
43590,7
43591,0
43591,7
43592,3
43595,5
43598,9
43603,2
43603,7
43606,5
43612,8
43612,0
43612,6
43613,10
43615,8
43616,2
43617,4
43619,8
43620,1
43620,9
43625,1
43627,8
43628,7
43628,9
43633,3
43633,5
43634,6
43637,6
43641,10
43643,9
43643,7
43645,7
43649,6
43649,2
43650,5
43652,4
43652,2
43655,6
43656,4
43657,0
43661,6
43661,1
43663,0
43668,5
43669,0
43670,5
43670,0
43675,4
43675,8
43676,3
43677,6
43685,2
43685,8
43693,0
43696,1
43696,6
43701,7
43702,8
43703,4
43704,0
43704,5
43705,2
43708,7
43715,7
43717,5
43717,2
43719,3
43722,8
43722,2
43724,2
43724,10
43724,3
43725,4
43726,2
43726,1
43729,3
43731,4
43732,1
43732,7
43734,7
43734,4
43741,10
43743,2
43745,5
43746,2
43749,0
43757,6
43758,2
43758,0
43761,7
43766,3
43768,2
43769,0
43773,7
43774,5
43775,7
43775,8
43777,9
43777,2
43780,3
43782,8
43784,2
43788,2
43791,0
43791,10
43796,1
43797,3
43800,10
43801,4
43804,9
43805,5
43806,6
43807,1
43809,6
43811,10
43814,7
43816,0
43816,3
43819,4
43829,9
43830,3
43831,2
43832,10
43834,0
43834,3
43836,10
43839,1
43846,0
43851,10
43851,7
43855,5
43856,4
43857,5
43858,7
43858,3
43862,8
43864,6
43866,9
43873,4
43876,6
43877,6
43878,6
43880,3
43881,4
43883,0
43883,5
43886,7
43887,7
43888,10
43894,7
43895,5
43897,7
43898,8
43900,3
43901,5
43904,2
43905,5
43908,3
43908,6
43911,0
43915,4
43915,8
43916,0
43919,2
43928,8
43928,3
43930,2
43930,1
43930,10
43931,4
43938,5
43940,1
43944,9
43948,7
43949,10
43952,6
43952,10
43955,4
43957,1
43958,3
43962,3
43963,4
43964,10
43968,7
43968,2
43969,9
43978,7
43979,3
43985,4
43986,4
43994,7
43994,8
43997,10
43998,8
44002,8
44006,4
44009,1
44009,3
44010,10
44012,5
44012,6
44013,2
44014,5
44016,0
44017,10
44018,3
44019,9
44020,5
44024,9
44024,5
44026,5
44027,3
44030,1
44031,5
44033,7
44034,7
44035,7
44037,10
44037,6
44037,1
44039,10
44040,9
44040,1
44044,0
44045,0
44047,10
44049,4
44050,3
44051,0
44051,1
44054,6
44056,5
44057,0
44058,8
44059,10
44063,7
44066,9
44072,7
44074,8
44074,2
44076,10
44077,6
44082,4
44082,7
44086,1
44087,0
44092,9
44094,6
44094,8
44095,10
44096,8
44097,6
44097,4
44098,4
44099,4
44108,0
44110,1
44117,2
44118,7
44119,3
44122,6
44125,8
44133,9
44136,2
44138,10
44139,0
44141,2
44142,5
44142,0
44145,2
44147,5
44147,7
44147,2
44151,2
44153,4
44155,9
44156,9
44160,2
44161,6
44163,3
44165,8
44172,6
44174,9
44175,4
44175,3
44176,4
44179,9
44182,6
44185,5
44188,10
44192,1
44193,8
44194,1
44196,6
44196,2
44198,6
44199,3
44211,0
44212,5
44214,5
44220,1
44221,5
44222,10
44225,0
44230,6
44232,7
44233,7
44235,3
44238,10
44239,9
44241,7
44241,1
44246,8
44248,1
44248,10
44251,3
44252,0
44257,8
44259,7
44259,3
44261,6
44261,3
44267,5
44270,6
44271,0
44272,5
44274,10
44275,10
44278,0
44278,10
44279,8
44280,5
44283,10
44284,2
44285,0
44289,7
44295,8
44296,10
44299,4
44299,0
44299,10
44301,8
44303,6
44303,5
44305,2
44306,8
44307,1
44311,7
44311,2
44311,8
44313,5
44314,0
44315,3
44319,9
44319,1
44319,8
44319,4
44321,6
44322,3
44325,1
44326,8
44329,10
44329,9
44334,2
44337,0
44338,8
44341,7
44341,5
44345,10
44346,8
44348,4
44353,0
44355,6
44357,7
44357,0
44359,3
44359,2
44360,7
44362,6
44366,7
44367,7
44367,8
44368,9
44369,4
44371,3
44371,8
44376,9
44379,1
44384,4
44384,2
44384,6
44385,4
44386,6
44388,9
44394,10
44395,7
44397,10
44399,6
44400,7
44400,1
44402,7
44404,0
44409,9
44409,8
44412,2
44416,9
44417,7
44422,5
44425,4
44425,1
44426,4
44427,6
44428,0
44429,2
44432,10
44432,7
44435,10
44435,9
44440,10
44442,4
44444,10
44446,2
44447,9
44447,6
44454,0
44458,2
44459,5
44460,3
44462,9
44465,0
44468,0
44473,0
44473,5
44474,7
44474,6
44477,1
44477,9
44481,3
44486,10
44489,1
44489,6
44491,4
44493,1
44493,2
44494,10
44496,6
44498,0
44500,3
44503,0
44505,0
44506,7
44506,4
44508,10
44510,3
44510,7
44512,6
44514,3
44516,7
44518,3
44521,10
44523,5
44531,0
44531,8
44535,0
44535,6
44540,2
44542,4
44544,4
44544,3
44546,2
44549,8
44552,9
44557,5
44558,5
44559,4
44559,2
44563,6
44569,0
44570,4
44573,6
44576,3
44578,8
44579,10
44581,5
44584,4
44588,6
44592,3
44597,3
44599,0
44602,6
44606,5
44607,7
44611,4
44612,5
44613,6
44614,5
44614,2
44620,8
44624,0
44626,0
44632,7
44632,6
44634,8
44638,1
44638,7
44642,4
44642,6
44645,9
44645,1
44651,3
44652,7
44655,9
44656,2
44658,10
44660,0
44661,6
44662,10
44662,6
44664,3
44670,1
44670,3
44671,2
44672,4
44674,1
44675,8
44676,1
44681,4
44683,9
44687,7
44687,2
44687,3
44690,10
44694,8
44694,2
44697,2
44702,7
44703,5
44704,6
44711,6
44715,6
44716,10
44716,1
44718,7
44719,7
44721,0
44721,5
44722,0
44722,3
44725,3
44726,7
44731,3
44731,7
44732,1
44733,0
44734,1
44734,5
44735,7
44735,10
44737,3
44737,2
44737,4
44738,1
44743,2
44747,8
44748,0
44749,6
44751,10
44753,7
44753,5
44755,6
44758,1
44758,0
44759,9
44759,4
44764,0
44764,9
44764,8
44766,10
44767,0
44773,6
44774,2
44774,8
44775,4
44776,1
44780,2
44780,8
44780,0
44784,7
44789,2
44792,1
44793,4
44794,2
44794,0
44795,5
44800,6
44801,0
44801,1
44803,6
44804,5
44806,2
44818,5
44819,0
44821,2
44823,3
44824,9
44825,8
44827,7
44833,3
44833,2
44835,6
44836,7
44843,0
44845,5
44848,3
44849,3
44856,8
44857,4
44857,5
44858,6
44861,3
44863,8
44865,10
44870,10
44871,4
44872,1
44873,1
44875,3
44877,1
44881,10
44881,5
44882,3
44882,6
44885,7
44887,10
44887,1
44889,6
44895,10
44897,2
44898,10
44899,7
44899,3
44900,5
44901,1
44904,3
44905,4
44909,0
44914,2
44920,9
44922,0
44922,5
44924,1
44929,5
44931,10
44933,7
44935,7
44936,8
44937,6
44937,2
44938,1
44940,2
44940,3
44943,9
44945,10
44947,10
44948,8
44949,9
44951,9
44961,1
44963,1
44966,2
44967,0
44970,9
44970,3
44972,6
44973,8
44973,10
44974,8
44977,10
44979,6
44990,7
44991,0
44992,2
44993,10
44995,10
44995,4
44996,5
44996,6
44999,0
45004,9
45009,7
45009,10
45010,3
45010,8
45012,10
45022,4
45024,0
45026,2
45029,10
45032,5
45035,0
45038,3
45041,7
45041,0
45042,5
45043,7
45049,8
45051,1
45052,2
45053,9
45054,2
45056,3
45060,7
45060,5
45061,6
45061,8
45063,6
45064,9
45065,8
45066,2
45067,5
45069,4
45069,8
45072,1
45073,8
45073,0
45079,3
45080,4
45081,0
45082,8
45082,5
45083,6
45084,8
45085,7
45088,10
45089,2
45090,7
45093,0
45095,8
45098,3
45099,9
45100,9
45101,10
45102,0
45102,10
45104,7
45111,10
45114,8
45119,7
45124,0
45128,1
45130,4
45139,5
45140,5
45141,10
45142,7
45144,4
45145,5
45152,6
45153,5
45154,8
45154,3
45155,0
45156,2
45157,1
45157,2
45161,2
45162,6
45164,5
45164,6
45166,5
45170,1
45173,4
45173,3
45174,4
45175,4
45176,0
45177,8
45178,0
45179,9
45182,10
45183,9
45184,1
45185,3
45185,2
45191,4
45194,0
45194,2
45196,7
45201,5
45203,9
45212,6
45214,8
45220,5
45223,0
45225,9
45225,5
45228,2
45229,5
45230,4
45231,4
45233,6
45233,3
45238,4
45239,2
45241,3
45241,10
45241,8
45247,3
45247,6
45255,7
45258,8
45258,3
45261,3
45261,1
45263,7
45263,9
45265,10
45265,3
45277,6
45279,0
45280,10
45280,8
45281,7
45282,1
45288,3
45289,9
45290,6
45296,5
45297,8
45298,2
45300,7
45302,5
45307,9
45308,8
45309,3
45310,1
45313,1
45316,5
45318,9
45318,3
45326,7
45326,0
45328,10
45328,0
45329,10
45330,4
45332,10
45332,0
45333,1
45336,1
45336,0
45339,6
45340,10
45343,3
45343,5
45343,2
45345,2
45348,2
45348,10
45350,5
45353,4
45355,5
45356,7
45358,0
45359,1
45362,9
45364,1
45364,0
45365,2
45369,1
45369,0
45373,7
45374,5
45374,6
45375,6
45377,10
45378,10
45380,9
45380,10
45381,10
45387,6
45387,3
45388,6
45390,4
45390,8
45397,4
45397,8
45400,10
45403,2
45405,6
45409,5
45410,1
45411,7
45411,1
45419,9
45420,10
45423,5
45424,7
45424,3
45425,3
45427,8
45429,0
45432,10
45434,2
45435,6
45437,3
45438,8
45444,5
45447,8
45452,5
45456,1
45458,6
45459,9
45459,5
45462,9
45464,1
45465,7
45469,6
45471,10
45471,7
45480,0
45480,6
45483,6
45486,2
45493,9
45495,1
45497,9
45498,5
45500,9
45501,8
45503,8
45504,0
45509,0
45513,8
45514,0
45514,6
45514,8
45517,8
45517,0
45518,9
45519,4
45520,2
45522,3
45524,3
45530,1
45530,8
45531,7
45532,0
45534,1
45538,10
45539,4
45539,6
45541,7
45541,3
45543,8
45543,3
45544,0
45545,2
45547,8
45548,8
45548,3
45549,1
45549,7
45550,6
45551,6
45552,8
45554,3
45555,4
45556,7
45557,1
45558,4
45558,7
45559,0
45560,6
45561,10
45563,8
45564,3
45565,2
45566,2
45567,2
45568,5
45570,10
45571,10
45573,5
45573,9
45574,2
45575,7
45575,3
45579,4
45581,0
45582,7
45588,8
45589,1
45589,2
45590,4
45590,0
45590,8
45595,1
45603,8
45604,6
45606,0
45607,10
45607,3
45609,8
45611,3
45613,9
45617,6
45617,8
45619,0
45620,10
45622,2
45625,5
45627,10
45627,7
45629,9
45632,6
45632,2
45634,7
45635,4
45640,3
45640,4
45642,10
45644,4
45644,9
45647,1
45647,7
45648,2
45649,8
45655,0
45657,2
45658,7
45664,7
45666,7
45669,4
45670,5
45670,7
45673,2
45674,0
45684,9
45685,10
45687,10
45688,0
45689,8
45694,5
45698,7
45702,2
45703,10
45704,1
45705,7
45708,0
45709,9
45709,8
45712,3
45714,6
45714,8
45715,2
45719,5
45721,7
45723,7
45729,4
45730,4
45732,4
45735,1
45737,6
45739,9
45740,5
45745,6
45749,10
45751,2
45752,0
45753,10
45762,9
45766,6
45766,2
45767,4
45771,0
45773,8
45775,8
45776,3
45777,2
45777,6
45781,9
45786,0
45788,7
45788,6
45792,5
45793,7
45793,3
45794,6
45794,8
45795,7
45797,4
45800,2
45801,7
45805,0
45806,10
45808,10
45813,7
45815,7
45817,1
45819,4
45825,9
45826,6
45827,1
45831,1
45831,7
45833,6
45835,0
45835,10
45838,5
45839,9
45846,6
45851,3
45851,2
45854,6
45857,5
45858,1
45858,5
45860,7
45860,10
45861,4
45862,2
45863,8
45864,10
45865,3
45868,5
45869,6
45870,7
45871,9
45872,0
45873,1
45874,7
45876,10
45877,5
45877,4
45878,2
45879,7
45883,9
45884,9
45884,7
45885,7
45895,4
45898,6
45899,8
45902,5
45906,5
45908,6
45909,0
45914,5
45917,3
45918,0
45919,1
45920,7
45922,4
45922,1
45924,6
45924,7
45928,7
45930,8
45932,3
45933,1
45933,4
45934,4
45937,3
45943,5
45947,0
45947,6
45950,9
45950,0
45951,8
45952,3
45953,0
45953,4
45954,7
45954,0
45954,5
45956,5
45960,9
45965,8
45966,1
45968,7
45968,4
45969,7
45971,4
45972,7
45972,5
45972,2
45975,1
45975,2
45977,10
45983,7
45985,10
45987,10
45990,2
45999,6
46001,2
46002,0
46005,6
46006,6
46008,5
46009,10
46010,1
46013,9
46014,5
46016,5
46022,4
46023,7
46029,9
46030,7
46031,0
46037,9
46041,3
46042,5
46045,8
46048,10
46049,0
46050,2
46052,5
46052,10
46056,8
46060,3
46060,6
46066,8
46068,1
46068,2
46070,9
46071,2
46071,7
46075,2
46077,5
46078,5
46081,6
46085,3
46085,10
46088,6
46089,2
46090,3
46094,1
46095,0
46095,6
46101,6
46105,5
46105,10
46106,2
46107,2
46108,5
46109,8
46110,2
46111,7
46111,6
46111,10
46114,1
46114,3
46117,3
46120,5
46120,10
46122,5
46123,5
46123,0
46124,4
46125,1
46127,6
46133,10
46133,7
46135,8
46135,6
46136,0
46147,4
46147,9
46148,6
46150,2
46153,10
46154,1
46164,5
46165,6
46167,8
46171,9
46172,5
46174,8
46174,7
46178,2
46179,8
46181,10
46182,3
46186,4
46187,2
46187,3
46188,10
46188,6
46189,4
46192,5
46193,2
46195,3
46202,3
46204,4
46207,1
46209,0
46213,3
46214,4
46221,1
46228,8
46230,7
46233,1
46236,2
46241,1
46242,8
46244,2
46252,8
46253,8
46253,6
46256,4
46261,5
46265,5
46265,3
46266,8
46268,3
46272,1
46274,9
46280,9
46280,7
46282,6
46282,10
46283,5
46285,0
46288,3
46293,4
46294,1
46295,0
46296,10
46297,4
46298,8
46299,10
46301,2
46301,5
46302,2
46302,9
46302,0
46302,4
46305,2
46306,2
46311,9
46312,6
46312,7
46317,3
46317,0
46318,10
46319,6
46320,7
46322,7
46327,1
46328,9
46329,6
46330,1
46332,10
46333,8
46337,2
46340,2
46340,0
46341,4
46342,0
46343,3
46344,1
46346,10
46347,9
46347,3
46353,9
46353,8
46354,10
46357,5
46360,1
46365,0
46367,0
46368,9
46368,10
46371,1
46372,0
46374,5
46377,1
46380,0
46380,1
46382,1
46387,8
46388,7
46389,3
46392,2
46393,2
46393,10
46395,7
46401,5
46403,10
46404,5
46404,1
46405,9
46406,5
46407,5
46407,9
46409,7
46409,0
46414,10
46417,5
46418,7
46419,7
46421,1
46422,3
46424,6
46425,5
46425,3
46431,4
46436,6
46438,10
46441,7
46441,4
46443,10
46451,7
46451,9
46454,3
46455,1
46458,9
46459,3
46459,1
46461,2
46462,4
46462,9
46463,7
46463,4
46465,1
46471,5
46471,3
46472,0
46474,0
46476,1
46478,0
46485,4
46485,3
46488,2
46491,2
46494,6
46496,10
46499,4
46499,2
46503,3
46507,1
46508,10
46510,3
46510,7
46515,10
46516,7
46518,10
46518,7
46519,6
46521,2
46523,8
46527,0
46529,9
46532,5
46534,5
46535,10
46537,8
46539,1
46547,6
46547,9
46548,10
46551,10
46552,5
46556,1
46556,8
46557,1
46557,3
46558,9
46558,0
46559,9
46560,10
46560,3
46561,8
46562,0
46565,9
46565,0
46566,1
46566,10
46569,1
46569,10
46569,2
46570,5
46571,0
46571,4
46575,9
46578,9
46583,6
46584,1
46587,0
46587,10
46588,3
46588,2
46588,7
46591,1
46593,10
46598,8
46600,3
46601,3
46604,10
46606,6
46611,5
46614,1
46616,10
46620,6
46621,1
46622,9
46626,6
46627,0
46627,5
46628,3
46628,4
46630,2
46633,7
46633,2
46634,8
46635,7
46635,9
46636,9
46637,1
46643,8
46644,5
46647,4
46648,4
46649,2
46649,7
46649,8
46649,4
46650,4
46655,5
46656,6
46656,7
46657,1
46658,0
46661,9
46662,5
46663,7
46667,9
46673,6
46678,10
46679,5
46680,8
46680,10
46681,8
46681,7
46683,9
46683,10
46683,3
46688,5
46688,7
46692,6
46694,8
46695,6
46696,8
46701,9
46703,7
46703,10
46704,10
46706,5
46709,7
46709,1
46712,6
46713,4
46715,0
46715,5
46717,6
46719,3
46721,1
46722,7
46724,2
46729,10
46730,2
46732,6
46732,1
46734,0
46734,6
46736,0
46736,5
46747,7
46747,2
46748,6
46748,3
46748,0
46749,10
46749,3
46751,1
46752,7
46754,6
46755,1
46760,5
46761,2
46762,1
46763,8
46766,10
46767,5
46767,7
46767,2
46768,4
46769,9
46773,3
46773,4
46774,6
46775,2
46776,9
46777,1
46777,3
46778,7
46779,5
46782,9
46784,6
46784,4
46787,8
46787,2
46789,6
46790,8
46790,9
46793,2
46799,10
46800,7
46803,4
46804,2
46805,9
46806,10
46815,1
46818,8
46821,10
46821,0
46822,8
46824,9
46830,6
46830,0
46830,7
46833,2
46833,3
46833,5
46833,10
46838,1
46844,2
46844,8
46847,9
46848,8
46849,5
46849,1
46850,3
46850,2
46850,8
46851,5
46852,3
46853,6
46855,7
46857,10
46859,2
46861,8
46861,0
46865,3
46868,9
46868,7
46869,1
46870,6
46870,9
46870,3
46872,1
46873,4
46873,10
46878,8
46879,9
46880,4
46882,6
46882,9
46882,7
46883,3
46885,2
46886,7
46888,9
46893,5
46895,0
46899,8
46899,10
46899,9
46900,0
46901,1
46901,6
46901,9
46902,4
46903,7
46904,10
46905,9
46907,4
46908,4
46914,5
46918,8
46922,4
46923,1
46923,10
46925,9
46927,2
46927,5
46931,2
46931,3
46934,8
46936,0
46942,6
46944,9
46945,2
46945,5
46946,2
46952,4
46953,2
46954,4
46958,10
46961,1
46964,0
46965,4
46965,6
46966,8
46966,0
46971,9
46975,3
46975,5
46977,6
46982,1
46983,6
46989,8
46991,6
46995,7
46998,6
47001,0
47002,1
47003,10
47012,9
47014,3
47016,2
47016,1
47022,10
47026,9
47028,5
47030,0
47030,7
47031,2
47031,3
47033,10
47034,6
47034,3
47034,1
47037,2
47040,5
47042,1
47043,9
47053,6
47055,0
47061,4
47063,10
47068,0
47070,4
47075,6
47076,6
47077,5
47082,1
47082,5
47085,9
47090,3
47090,5
47090,2
47092,10
47093,2
47096,8
47097,4
47100,10
47101,9
47101,5
47102,7
47107,4
47107,3
47108,6
47109,7
47110,0
47111,4
47113,3
47115,7
47118,7
47119,2
47120,8
47121,6
47125,1
47126,0
47128,9
47134,6
47135,9
47136,6
47138,9
47141,5
47143,2
47143,8
47146,8
47147,8
47154,2
47155,7
47157,2
47160,10
47165,1
47167,8
47169,3
47169,0
47169,4
47172,7
47173,10
47174,0
47179,6
47181,3
47184,10
47189,6
47193,7
47196,0
47197,6
47197,7
47201,4
47202,8
47207,9
47208,1
47211,4
47215,7
47218,9
47221,0
47221,7
47222,9
47223,9
47224,8
47225,2
47228,0
47229,8
47230,7
47230,0
47233,9
47237,4
47237,6
47237,3
47243,9
47244,0
47245,0
47248,8
47253,7
47254,9
47255,0
47256,8
47256,2
47258,2
47260,7
47261,7
47262,10
47263,5
47264,4
47265,10
47267,6
47268,10
47271,2
47274,0
47274,6
47275,5
47275,0
47275,4
47275,9
47278,4
47278,7
47279,6
47279,8
47281,2
47283,10
47286,9
47286,2
47288,4
47288,8
47290,3
47293,2
47294,10
47294,4
47298,1
47304,8
47305,0
47306,7
47307,7
47311,9
47311,7
47316,9
47318,1
47319,4
47321,10
47322,0
47326,5
47326,7
47329,2
47334,1
47336,7
47338,2
47339,6
47339,1
47340,4
47341,8
47347,2
47348,7
47348,3
47351,2
47357,9
47360,9
47360,1
47363,9
47363,8
47369,4
47371,6
47371,4
47375,6
47375,3
47376,0
47382,6
47386,2
47389,5
47390,7
47393,8
47397,6
47398,3
47403,10
47406,2
47406,8
47409,2
47413,0
47415,8
47416,7
47418,0
47419,10
47419,6
47424,7
47426,8
47427,0
47428,6
47430,4
47431,7
47436,7
47439,6
47440,2
47440,9
47442,3
47443,8
47446,10
47446,5
47447,4
47455,7
47458,4
47459,0
47465,3
47468,0
47469,5
47471,6
47471,1
47474,2
47477,9
47478,2
47479,8
47481,2
47483,9
47486,5
47486,3
47486,6
47487,4
47487,10
47490,9
47491,10
47494,9
47498,6
47501,2
47502,0
47503,0
47505,6
47511,8
47513,0
47520,6
47526,3
47527,4
47527,7
47530,2
47530,7
47533,9
47536,0
47540,6
47542,6
47546,1
47550,8
47551,5
47557,8
47559,9
47565,5
47569,5
47570,2
47573,6
47573,3
47574,7
47575,4
47577,0
47577,9
47579,6
47582,1
47585,3
47585,1
47587,7
47587,5
47587,10
47590,1
47592,9
47592,2
47596,5
47598,2
47604,6
47613,0
47617,1
47618,6
47618,0
47622,10
47624,9
47626,10
47627,7
47629,10
47635,2
47637,7
47637,4
47638,8
47638,0
47643,2
47647,2
47652,2
47654,1
47655,9
47655,6
47656,6
47659,7
47659,3
47660,5
47662,7
47663,6
47663,9
47664,1
47669,9
47671,1
47673,2
47674,3
47678,6
47679,9
47683,9
47683,1
47683,4
47683,10
47684,9
47684,3
47685,7
47686,2
47687,3
47688,5
47690,2
47693,2
47693,10
47700,5
47705,5
47706,2
47706,10
47706,3
47707,10
47714,2
47715,0
47716,7
47718,9
47720,9
47721,1
47723,10
47726,5
47728,0
47730,5
47730,9
47732,3
47752,7
47754,8
47754,3
47755,10
47755,7
47759,4
47763,7
47768,3
47768,9
47778,6
47784,4
47792,8
47792,3
47793,7
47793,6
47794,4
47794,1
47794,5
47796,5
47797,3
47799,7
47799,10
47799,8
47801,8
47802,2
47803,10
47804,3
47806,3
47807,8
47807,10
47811,10
47814,0
47814,1
47816,3
47816,0
47817,10
47821,1
47825,8
47832,9
47834,9
47834,8
47838,0
47842,3
47844,2
47846,6
47847,7
47847,9
47847,0
47847,1
47848,4
47855,7
47857,6
47863,0
47868,1
47870,10
47872,8
47873,1
47878,5
47880,10
47884,2
47885,5
47886,2
47887,4
47887,5
47888,3
47889,1
47889,10
47890,10
47895,3
47896,10
47897,1
47900,5
47902,9
47905,6
47905,9
47905,1
47906,4
47906,6
47908,10
47909,4
47911,4
47911,3
47913,6
47914,7
47916,0
47919,7
47920,5
47920,9
47922,9
47922,7
47928,2
47933,0
47935,9
47937,9
47937,10
47938,6
47938,7
47939,3
47940,7
47943,2
47944,8
47945,8
47947,7
47953,3
47955,6
47956,3
47960,10
47963,7
47964,0
47968,7
47968,4
47972,2
47974,8
47976,2
47981,5
47982,1
47982,10
47984,10
47985,6
47985,10
47988,2
47993,0
47994,1
47995,8
47996,9
47998,6
48000,4
48002,8
48003,6
48010,8
48010,7
48015,5
48017,9
48018,8
48020,9
48024,10
48025,8
48026,8
48026,7
48026,6
48027,2
48028,0
48029,6
48031,2
48032,3
48034,6
48038,0
48040,5
48043,5
48045,5
48048,5
48049,4
48050,2
48053,5
48053,9
48053,8
48055,8
48057,1
48057,3
48059,9
48060,5
48063,0
48064,10
48065,3
48068,1
48068,8
48072,10
48073,10
48076,5
48077,7
48078,9
48082,9
48084,5
48084,1
48087,0
48090,9
48090,5
48095,0
48095,5
48096,10
48097,4
48098,0
48100,8
48102,9
48106,5
48111,1
48114,9
48115,9
48116,4
48122,2
48124,5
48127,10
48130,8
48131,2
48133,10
48134,2
48134,0
48135,2
48136,6
48136,2
48138,1
48139,10
48143,5
48144,10
48146,2
48146,10
48148,4
48150,4
48153,9
48159,7
48160,5
48160,0
48162,8
48164,8
48165,10
48166,9
48168,2
48170,1
48170,5
48170,0
48172,0
48173,10
48173,7
48175,6
48175,9
48176,9
48177,1
48179,1
48181,3
48181,2
48182,6
48182,0
48184,3
48185,8
48186,10
48190,1
48192,1
48199,10
48201,6
48202,1
48202,7
48204,4
48204,1
48207,4
48209,7
48209,6
48213,10
48213,5
48214,0
48215,1
48218,8
48221,10
48221,9
48224,9
48225,10
48231,2
48232,7
48235,8
48237,2
48239,10
48240,9
48242,6
48249,2
48251,1
48252,2
48253,3
48255,10
48255,2
48256,9
48261,0
48267,0
48271,0
48272,7
48281,5
48281,4
48282,2
48283,6
48285,5
48287,3
48289,6
48296,1
48297,4
48298,2
48300,10
48303,6
48307,8
48307,10
48309,9
48314,2
48314,9
48316,5
48327,9
48331,4
48337,1
48342,2
48346,10
48347,0
48347,1
48348,9
48350,2
48350,8
48351,0
48354,4
48357,1
48357,0
48362,4
48363,6
48365,3
48365,5
48369,1
48369,10
48371,10
48371,4
48373,10
48374,3
48375,4
48375,7
48376,4
48377,7
48383,10
48383,1
48388,8
48392,8
48395,4
48399,1
48401,4
48404,6
48410,6
48411,2
48414,9
48415,4
48416,1
48419,7
48424,2
48425,5
48426,1
48432,7
48435,2
48436,7
48440,6
48440,2
48441,3
48442,0
48445,3
48448,4
48449,10
48449,4
48453,3
48460,10
48460,6
48462,0
48464,7
48465,1
48467,7
48469,8
48471,9
48471,0
48472,1
48474,5
48475,7
48481,2
48488,5
48491,6
48493,4
48494,6
48496,0
48496,1
48497,5
48499,1
48500,8
48500,2
48501,10
48505,7
48508,0
48512,3
48512,8
48513,4
48514,5
48516,3
48519,1
48519,5
48519,6
48520,7
48523,0
48526,10
48533,5
48535,1
48535,8
48536,4
48539,8
48540,10
48544,0
48545,8
48545,5
48548,9
48550,7
48550,0
48551,2
48554,6
48557,10
48557,4
48562,5
48563,5
48567,2
48569,4
48571,7
48582,7
48584,9
48586,10
48587,2
48590,8
48592,4
48592,1
48593,5
48597,3
48599,5
48602,0
48606,0
48607,1
48608,5
48616,4
48616,6
48620,2
48624,2
48626,8
48626,3
48627,6
48627,3
48628,0
48629,1
48633,0
48633,4
48640,4
48642,10
48644,6
48644,7
48646,9
48646,1
48649,4
48650,7
48650,5
48654,4
48658,8
48658,6
48658,5
48660,7
48664,8
48666,1
48668,0
48668,8
48668,1
48674,6
48676,7
48679,9
48681,3
48683,2
48683,9
48685,3
48691,10
48692,7
48693,6
48696,1
48696,8
48697,5
48698,6
48699,4
48704,2
48705,1
48714,3
48715,5
48715,6
48721,5
48721,0
48722,8
48724,3
48728,2
48730,6
48731,9
48732,8
48736,10
48739,3
48740,1
48740,8
48743,10
48743,0
48744,5
48745,6
48745,2
48745,8
48746,4
48746,6
48749,6
48750,8
48757,8
48758,0
48759,3
48760,3
48761,0
48765,0
48769,8
48771,1
48774,1
48775,1
48776,0
48776,5
48777,8
48777,9
48779,10
48780,2
48781,3
48784,4
48790,9
48790,8
48791,5
48793,3
48795,2
48796,9
48803,7
48804,2
48808,1
48809,5
48809,3
48810,8
48811,10
48812,8
48814,10
48814,4
48815,9
48816,9
48818,7
48820,0
48821,5
48822,9
48822,10
48822,1
48823,10
48824,0
48824,2
48825,8
48826,7
48834,3
48838,10
48840,6
48841,1
48842,2
48845,0
48848,10
48848,6
48852,3
48853,3
48856,9
48860,10
48860,0
48862,8
48863,9
48863,1
48866,0
48874,4
48878,2
48878,1
48879,1
48879,8
48881,1
48883,6
48883,0
48887,6
48887,1
48888,5
48889,6
48890,4
48892,5
48892,9
48895,4
48903,6
48906,3
48907,6
48908,9
48911,5
48912,10
48913,7
48914,10
48916,1
48917,9
48920,3
48923,8
48924,1
48924,6
48925,0
48926,8
48930,2
48932,0
48934,8
48937,7
48944,3
48946,3
48946,8
48946,9
48948,9
48953,9
48955,5
48958,9
48959,4
48959,8
48961,1
48962,10
48967,5
48970,2
48973,6
48978,6
48979,0
48979,10
48981,8
48982,10
48984,8
48985,7
48985,4
48987,7
48994,6
48995,3
48996,5
49001,7
49003,2
49006,1
49009,8
49012,4
49012,6
49015,1
49016,10
49025,0
49026,5
49026,10
49026,4
49026,0
49027,0
49032,3
49033,7
49034,3
49037,9
49038,5
49039,3
49040,0
49041,1
49042,0
49045,9
49048,4
49050,7
49052,7
49055,6
49055,8
49058,0
49058,5
49059,3
49068,10
49073,8
49073,3
49074,2
49081,7
49081,3
49082,4
49083,9
49084,4
49090,0
49091,0
49095,6
49097,3
49099,2
49101,7
49103,5
49104,2
49105,7
49108,7
49115,4
49116,8
49116,1
49119,8
49119,5
49123,2
49125,5
49127,3
49127,4
49128,9
49130,9
49131,0
49131,10
49132,4
49134,3
49140,6
49142,10
49145,7
49145,6
49147,0
49148,3
49149,3
49150,3
49156,1
49159,10
49161,4
49164,10
49164,2
49165,3
49173,5
49174,9
49174,1
49175,6
49175,2
49176,6
49179,4
49184,7
49193,2
49193,7
49195,3
49199,6
49200,10
49202,10
49204,0
49205,4
49206,1
49206,7
49206,2
49208,9
49210,4
49211,1
49211,7
49212,9
49214,1
49214,6
49216,4
49218,2
49221,0
49221,9
49224,8
49226,0
49228,3
49228,6
49232,5
49233,3
49234,3
49236,0
49236,1
49236,3
49239,6
49240,9
49248,8
49249,2
49249,1
49249,10
49250,5
49251,1
49251,0
49251,6
49254,4
49255,1
49256,1
49256,5
49257,3
49257,2
49259,10
49261,0
49262,4
49264,6
49264,8
49265,8
49272,0
49273,9
49275,8
49275,3
49280,2
49281,0
49285,10
49287,0
49288,7
49289,5
49289,9
49294,1
49296,0
49297,2
49298,7
49298,9
49298,6
49304,7
49312,5
49313,10
49317,9
49318,10
49320,8
49321,0
49324,1
49327,10
49327,8
49327,5
49331,7
49333,4
49335,3
49338,7
49340,2
49343,5
49345,4
49350,4
49350,5
49350,9
49350,10
49352,3
49352,0
49357,3
49359,3
49360,8
49361,3
49363,10
49369,10
49371,6
49374,0
49376,8
49381,4
49381,1
49383,6
49385,6
49394,8
49398,5
49403,10
49408,8
49408,5
49415,5
49415,7
49417,3
49424,7
49426,7
49427,1
49428,5
49428,6
49430,8
49432,0
49432,8
49435,8
49438,10
49439,4
49440,2
49441,9
49446,10
49447,3
49449,1
49451,0
49452,4
49453,3
49453,4
49454,10
49455,8
49458,7
49459,4
49460,10
49460,2
49465,7
49469,8
49473,7
49473,5
49477,8
49477,5
49477,4
49481,9
49482,0
49483,4
49484,2
49486,8
49491,9
49492,8
49496,0
49499,6
49503,8
49504,6
49510,6
49515,8
49516,4
49516,6
49517,1
49517,3
49520,5
49525,3
49525,7
49528,6
49529,9
49530,8
49532,6
49533,7
49537,0
49538,5
49539,8
49550,3
49551,7
49555,2
49555,5
49557,5
49559,9
49560,10
49561,6
49565,2
49567,9
49567,6
49569,0
49574,5
49580,0
49591,0
49593,5
49598,1
49605,4
49606,10
49606,0
49608,5
49608,7
49610,8
49610,4
49610,2
49611,9
49617,2
49621,6
49622,2
49624,7
49628,0
49629,3
49632,5
49633,1
49635,8
49638,2
49643,5
49646,4
49648,1
49650,2
49652,8
49653,2
49656,1
49660,6
49666,8
49668,0
49671,5
49673,2
49674,5
49675,1
49678,6
49679,7
49680,2
49682,4
49685,10
49686,7
49687,10
49689,1
49689,10
49690,3
49691,7
49694,0
49694,10
49695,5
49696,5
49699,6
49701,1
49703,6
49705,4
49706,4
49706,8
49706,0
49706,10
49711,2
49716,10
49718,0
49720,3
49724,8
49725,4
49726,10
49727,3
49732,4
49733,2
49735,7
49739,4
49741,4
49747,3
49747,2
49747,10
49748,7
49753,5
49755,6
49756,2
49756,0
49760,6
49760,2
49762,9
49763,2
49765,2
49766,5
49768,3
49768,6
49769,9
49770,8
49770,9
49773,3
49774,8
49777,8
49778,5
49780,6
49780,1
49786,7
49787,9
49789,9
49790,4
49793,0
49802,7
49805,8
49805,2
49807,9
49812,5
49813,2
49815,6
49816,10
49826,2
49828,5
49828,3
49830,2
49832,1
49833,5
49833,6
49833,9
49834,1
49834,3
49841,8
49845,3
49845,6
49849,10
49850,6
49852,0
49856,7
49856,4
49857,0
49862,4
49864,4
49866,7
49874,3
49875,3
49876,8
49877,2
49877,3
49880,10
49888,9
49891,6
49892,4
49895,3
49896,5
49896,8
49898,8
49902,8
49903,4
49906,9
49909,9
49911,9
49915,4
49919,3
49919,9
49921,1
49923,5
49925,9
49928,0
49931,2
49934,2
49935,6
49935,1
49935,9
49936,4
49938,0
49940,7
49943,10
49950,6
49951,2
49951,6
49952,10
49952,4
49953,4
49953,6
49955,2
49958,0
49960,3
49962,2
49962,0
49964,0
49965,1
49969,3
49969,5
49970,10
49973,9
49975,4
49980,10
49981,4
49981,7
49988,5
49994,4
49995,9
49996,5
49996,7
49999,2
49999,10
50000,8
50000,5
50000,10
50000,3
50002,2
50002,1
50003,0
50004,8
50004,5
50013,7
50015,10
50022,1
50023,6
50023,1
50026,5
50027,3
50028,3
50029,0
50029,3
50030,2
50031,7
50032,3
50034,4
50035,2
50036,8
50044,2
50044,8
50045,6
50045,1
50052,2
50053,9
50053,4
50054,4
50057,3
50057,9
50059,1
50060,10
50063,1
50065,10
50067,7
50072,4
50073,5
50074,0
50077,8
50079,4
50081,6
50085,3
50086,9
50087,2
50088,7
50089,5
50093,4
50093,3
50095,3
50098,10
50098,8
50106,3
50106,10
50108,6
50109,8
50111,10
50113,3
50114,8
50115,6
50119,10
50121,3
50124,2
50125,2
50126,6
50127,1
50127,3
50131,1
50131,10
50132,0
50134,0
50134,6
50137,2
50137,7
50140,3
50141,6
50143,9
50145,5
50146,0
50147,5
50156,5
50157,8
50160,0
50162,4
50163,4
50164,1
50176,4
50178,4
50182,4
50183,5
50183,4
50183,2
50186,5
50187,8
50192,0
50195,10
50201,1
50204,10
50206,5
50207,8
50208,8
50209,9
50210,3
50211,10
50212,9
50213,8
50219,0
50219,4
50220,2
50222,1
50223,0
50225,2
50226,7
50228,6
50228,4
50231,5
50231,2
50232,5
50234,7
50236,0
50240,2
50240,9
50242,5
50242,4
50243,7
50243,6
50245,8
50246,4
50247,4
50248,10
50249,1
50256,8
50257,0
50258,5
50259,7
50259,0
50262,6
50263,5
50263,10
50267,3
50272,0
50272,3
50274,6
50274,4
50275,8
50275,9
50276,10
50277,0
50282,6
50283,5
50291,9
50292,8
50293,1
50294,10
50294,0
50295,4
50296,2
50297,10
50297,0
50301,4
50302,1
50305,6
50307,8
50308,2
50309,0
50309,6
50310,3
50321,4
50322,5
50327,4
50328,0
50329,6
50331,0
50331,3
50338,7
50340,9
50344,7
50344,9
50345,2
50346,2
50347,6
50347,0
50350,7
50352,6
50354,6
50356,9
50356,2
50357,2
50357,3
50361,6
50362,3
50363,3
50365,6
50369,7
50370,9
50371,10
50371,4
50374,2
50374,10
50375,9
50379,2
50380,8
50388,5
50388,1
50392,5
50393,0
50395,3
50397,7
50401,8
50406,3
50407,7
50407,5
50407,10
50408,9
50408,3
50416,10
50417,3
50417,10
50418,4
50418,1
50418,6
50420,0
50421,5
50422,6
50422,1
50422,3
50426,3
50427,2
50427,9
50428,10
50428,0
50431,8
50431,10
50432,2
50433,3
50433,8
50446,0
50449,6
50451,5
50452,8
50456,4
50456,1
50457,9
50459,7
50459,4
50460,9
50462,2
50463,7
50464,7
50466,3
50469,2
50470,10
50471,5
50471,2
50472,7
50475,10
50476,5
50478,3
50481,2
50485,10
50491,1
50491,2
50492,8
50492,5
50493,0
50494,2
50496,5
50498,2
50500,0
50502,8
50504,7
50506,0
50506,10
50513,8
50529,0
50530,9
50530,5
50533,6
50535,1
50535,3
50540,10
50544,8
50547,9
50548,0
50557,3
50558,7
50563,5
50565,9
50567,7
50570,6
50571,1
50572,10
50572,2
50572,3
50574,2
50574,1
50575,8
50577,6
50578,5
50579,8
50582,8
50583,0
50583,2
50586,8
50586,5
50590,10
50591,6
50592,9
50593,2
50594,6
50597,9
50597,4
50597,6
50600,5
50601,8
50602,0
50603,10
50604,1
50605,5
50607,0
50607,2
50609,6
50611,9
50611,6
50619,9
50620,9
50624,0
50630,2
50630,3
50631,0
50633,2
50634,1
50636,7
50637,9
50637,4
50637,3
50639,9
50640,3
50643,0
50644,4
50644,3
50647,8
50648,2
50649,5
50649,0
50652,7
50655,6
50660,7
50665,7
50669,3
50670,9
50670,3
50672,0
50674,0
50679,1
50679,8
50679,5
50680,9
50681,4
50683,10
50689,4
50692,0
50693,2
50694,7
50695,5
50697,6
50700,4
50700,6
50710,2
50716,7
50717,2
50717,9
50721,1
50721,9
50721,2
50721,5
50722,4
50724,2
50725,9
50725,7
50725,6
50726,6
50726,5
50730,8
50731,2
50732,5
50736,5
50737,1
50739,4
50740,8
50742,5
50742,8
50744,9
50746,6
50752,3
50756,2
50757,7
50761,3
50761,10
50763,1
50764,5
50769,6
50770,6
50770,10
50771,2
50772,9
50772,5
50773,10
50774,5
50776,1
50778,0
50780,9
50781,8
50781,1
50781,6
50782,1
50786,0
50788,2
50789,4
50791,7
50796,1
50800,1
50800,0
50801,3
50803,3
50808,9
50808,4
50811,4
50812,8
50813,6
50814,7
50814,9
50815,4
50815,8
50817,10
50819,1
50819,6
50820,8
50821,2
50821,10
50823,0
50826,7
50826,2
50832,3
50834,5
50835,0
50835,2
50841,3
50856,7
50859,3
50860,6
50860,10
50861,5
50861,10
50861,7
50862,8
50863,3
50866,10
50868,8
50868,6
50872,3
50873,4
50873,1
50874,3
50876,5
50879,2
50885,10
50886,3
50886,8
50887,6
50888,8
50890,1
50891,8
50893,0
50893,1
50896,4
50898,2
50906,5
50906,0
50907,4
50908,3
50909,9
50909,2
50912,4
50914,7
50915,0
50916,2
50916,3
50919,9
50919,7
50919,0
50920,3
50923,1
50925,8
50928,4
50929,6
50930,1
50931,9
50931,8
50932,3
50933,5
50934,9
50935,4
50936,10
50939,2
50940,8
50946,2
50948,8
50950,9
50950,0
50953,0
50953,3
50954,10
50955,6
50959,7
50962,9
50963,7
50964,0
50966,1
50968,2
50969,9
50975,0
50978,1
50979,10
50979,9
50979,2
50980,9
50986,3
50986,9
50989,5
50991,3
50992,3
50992,9
50995,2
50995,0
50996,6
50996,5
50998,6
51002,3
51004,2
51011,1
51012,10
51016,1
51019,3
51020,3
51020,10
51029,7
51035,3
51035,8
51037,2
51037,5
51040,9
51040,2
51040,5
51041,6
51044,1
51046,8
51046,3
51047,6
51048,5
51052,4
51052,9
51053,9
51054,6
51054,10
51057,9
51061,4
51061,1
51061,10
51061,7
51062,6
51064,0
51067,3
51072,5
51074,7
51075,6
51078,6
51082,3
51084,7
51087,2
51089,1
51089,8
51090,10
51091,2
51091,9
51094,8
51096,9
51096,7
51100,8
51100,3
51101,6
51103,2
51108,7
51108,10
51114,3
51115,9
51117,4
51120,4
51127,2
51127,9
51128,5
51129,0
51130,2
51130,6
51132,6
51132,5
51135,5
51137,2
51142,3
51147,8
51149,3
51152,9
51155,3
51162,4
51163,3
51164,10
51165,0
51166,1
51167,9
51171,0
51171,6
51172,0
51173,0
51173,5
51173,6
51175,10
51179,9
51179,6
51180,3
51181,9
51182,2
51182,7
51189,8
51191,7
51198,8
51200,2
51201,3
51203,9
51206,9
51207,6
51208,5
51214,0
51219,5
51220,7
51220,2
51224,2
51230,6
51237,7
51241,2
51242,3
51244,3
51246,5
51246,1
51247,9
51249,4
51251,3
51252,9
51255,2
51256,7
51258,0
51260,4
51264,10
51265,6
51270,8
51274,10
51277,8
51278,1
51280,9
51283,5
51288,9
51290,10
51294,3
51296,6
51296,1
51299,0
51300,0
51303,10
51303,4
51303,2
51305,10
51307,10
51307,1
51307,5
51311,5
51313,1
51314,9
51318,0
51320,9
51320,10
51321,7
51321,8
51323,9
51324,5
51324,0
51329,7
51334,1
51335,1
51335,9
51336,2
51337,2
51338,1
51338,7
51342,5
51343,10
51344,5
51346,7
51348,5
51350,2
51350,5
51351,8
51353,1
51354,5
51356,0
51359,7
51362,9
51365,5
51369,0
51369,3
51371,8
51373,6
51374,4
51375,3
51377,0
51379,4
51381,4
51381,10
51383,10
51385,6
51386,3
51387,10
51387,1
51389,0
51389,9
51390,8
51390,4
51390,1
51395,2
51399,1
51399,8
51400,9
51403,10
51404,3
51405,2
51405,4
51406,9
51407,5
51407,6
51409,10
51410,6
51411,1
51412,5
51415,2
51416,10
51416,9
51417,4
51417,8
51419,5
51429,4
51430,3
51432,8
51432,6
51437,10
51437,4
51439,3
51440,2
51445,0
51447,3
51449,8
51451,8
51451,4
51452,4
51453,8
51456,4
51458,9
51460,9
51462,5
51462,6
51463,4
51464,6
51464,2
51471,7
51474,10
51475,3
51476,1
51477,7
51478,3
51480,10
51483,0
51486,8
51488,9
51489,0
51491,0
51493,10
51493,9
51493,2
51496,8
51498,3
51499,5
51501,10
51502,8
51505,10
51506,4
51507,6
51507,5
51510,5
51511,1
51512,5
51516,9
51518,4
51518,7
51519,5
51522,0
51523,2
51528,9
51528,10
51530,3
51530,2
51532,1
51534,4
51535,10
51536,10
51536,1
51538,4
51538,10
51539,4
51545,1
51547,8
51548,6
51549,8
51549,1
51550,5
51550,3
51551,4
51552,1
51556,9
51557,6
51559,2
51561,7
51562,6
51565,8
51567,7
51571,7
51572,5
51572,3
51573,4
51575,10
51579,8
51579,10
51581,5
51582,10
51583,4
51584,10
51587,6
51591,10
51601,5
51601,4
51604,8
51609,2
51610,6
51611,2
51616,7
51617,6
51618,0
51618,8
51619,2
51621,9
51622,10
51624,4
51627,10
51630,3
51630,2
51630,10
51632,4
51632,0
51634,6
51642,2
51645,10
51647,9
51647,6
51650,10
51652,4
51654,0
51660,0
51660,9
51666,2
51667,0
51668,4
51668,6
51671,9
51672,2
51673,9
51674,10
51674,5
51674,0
51675,4
51678,10
51679,6
51682,7
51685,4
51685,8
51685,3
51686,1
51686,0
51689,9
51690,8
51690,6
51691,2
51693,4
51694,5
51694,1
51698,10
51699,4
51704,10
51707,3
51707,9
51708,8
51716,10
51717,8
51717,9
51721,8
51722,2
51723,6
51725,3
51726,3
51732,6
51732,9
51733,5
51735,6
51735,2
51738,10
51739,2
51740,5
51742,0
51742,5
51742,10
51742,2
51747,3
51752,9
51757,7
51760,6
51763,7
51764,6
51764,8
51765,4
51765,0
51765,6
51765,1
51768,6
51771,8
51772,7
51772,0
51772,6
51773,2
51774,10
51775,6
51776,0
51783,4
51784,4
51785,10
51787,10
51789,1
51789,8
51790,6
51795,1
51797,3
51802,8
51802,3
51804,4
51807,0
51810,3
51812,4
51814,4
51815,10
51816,6
51817,6
51817,10
51818,3
51820,10
51821,3
51823,2
51826,1
51827,0
51827,4
51831,6
51837,10
51838,9
51838,4
51839,9
51840,6
51842,2
51845,1
51850,8
51851,2
51853,2
51854,10
51861,0
51864,0
51865,10
51866,1
51874,0
51878,3
51880,10
51880,5
51881,9
51883,1
51884,2
51884,6
51886,4
51886,7
51886,1
51888,1
51891,2
51894,5
51895,0
51897,0
51899,9
51900,6
51902,9
51903,7
51906,8
51908,0
51909,3
51910,1
51911,6
51915,9
51918,0
51923,10
51928,1
51929,5
51930,7
51932,10
51933,1
51935,6
51936,5
51936,0
51937,6
51945,0
51950,7
51950,8
51950,0
51956,8
51958,1
51965,3
51965,1
51966,6
51971,1
51972,1
51979,4
51987,2
51993,4
51993,6
51994,2
51996,3
51999,1
52014,2
52016,0
52020,1
52021,4
52022,9
52022,7
52026,8
52026,1
52027,5
52028,9
52028,5
52029,9
52036,8
52038,5
52039,9
52040,8
52040,3
52044,7
52047,8
52053,6
52054,2
52055,8
52056,10
52061,0
52062,6
52063,3
52065,0
52065,9
52068,8
52075,2
52076,7
52078,1
52080,4
52080,0
52086,8
52090,5
52091,10
52091,8
52095,6
52098,5
52100,1
52100,5
52101,4
52105,2
52109,8
52109,9
52110,9
52110,0
52113,5
52115,5
52120,3
52122,6
52123,7
52124,3
52125,6
52129,9
52130,8
52131,3
52131,4
52139,7
52140,9
52143,1
52149,6
52149,2
52149,5
52151,6
52155,9
52157,1
52157,5
52159,6
52164,4
52165,5
52166,10
52166,0
52168,4
52171,3
52171,9
52172,4
52176,0
52177,8
52182,7
52184,10
52184,2
52185,0
52190,9
52191,1
52194,5
52195,3
52195,7
52198,2
52199,9
52199,3
52200,7
52204,3
52206,0
52208,0
52209,1
52209,3
52212,0
52212,8
52212,2
52213,0
52217,2
52218,0
52221,9
52222,2
52222,8
52222,4
52223,4
52225,1
52233,10
52234,4
52234,3
52238,1
52239,6
52240,7
52241,5
52243,3
52251,0
52252,5
52254,3
52256,8
52258,10
52258,7
52263,3
52263,10
52265,2
52266,3
52267,8
52272,0
52275,6
52278,7
52278,4
52278,5
52289,10
52290,7
52293,3
52295,0
52298,0
52299,3
52301,2
52304,1
52306,4
52307,1
52310,7
52313,4
52320,8
52321,5
52323,7
52324,4
52328,5
52331,7
52333,2
52334,3
52336,8
52346,8
52347,9
52356,4
52360,7
52364,7
52365,9
52366,1
52366,6
52367,8
52370,5
52372,9
52373,3
52373,8
52373,5
52378,5
52380,2
52383,6
52384,9
52386,8
52387,6
52387,2
52387,4
52389,4
52391,9
52396,0
52402,0
52404,3
52404,1
52405,2
52406,1
52408,5
52413,1
52414,0
52417,9
52417,10
52422,8
52423,3
52423,9
52428,9
52430,6
52432,0
52433,3
52434,5
52436,5
52437,4
52437,0
52438,9
52439,0
52441,10
52443,6
52448,7
52449,10
52449,0
52451,8
52452,4
52452,0
52452,7
52454,9
52455,2
52460,2
52461,4
52464,10
52466,6
52468,2
52468,6
52469,5
52470,8
52471,5
52471,8
52471,2
52473,7
52473,2
52476,7
52477,6
52478,4
52478,1
52481,10
52481,2
52481,9
52489,1
52493,3
52496,6
52497,3
52500,4
52508,5
52509,2
52509,1
52509,7
52511,6
52511,9
52513,8
52517,0
52519,7
52519,8
52523,3
52525,9
52526,7
52527,8
52533,2
52538,9
52549,10
52551,10
52551,8
52553,2
52557,6
52559,6
52561,4
52564,8
52565,2
52566,2
52567,2
52571,9
52572,10
52573,2
52574,8
52577,1
52579,8
52584,5
52591,2
52592,8
52594,0
52595,3
52600,0
52601,1
52602,1
52604,9
52605,0
52605,8
52607,8
52609,6
52612,9
52612,3
52612,10
52616,5
52616,0
52617,7
52624,4
52628,4
52628,5
52630,0
52631,10
52636,10
52636,3
52637,3
52637,0
52637,10
52641,8
52642,2
52645,1
52649,8
52650,8
52653,10
52656,2
52661,10
52662,1
52665,4
52668,2
52668,6
52670,5
52672,0
52672,10
52674,2
52674,9
52681,7
52684,4
52685,9
52686,4
52687,4
52687,1
52688,5
52689,4
52691,10
52694,2
52697,6
52698,9
52700,1
52703,8
52704,6
52707,10
52711,7
52718,0
52724,8
52725,5
52726,6
52728,0
52730,5
52731,9
52736,3
52739,4
52740,1
52745,1
52749,2
52750,0
52750,8
52751,2
52752,10
52756,8
52759,1
52759,8
52760,4
52760,8
52761,0
52761,3
52763,5
52764,2
52765,2
52768,3
52768,4
52772,5
52772,6
52775,9
52778,7
52778,3
52782,7
52783,1
52783,9
52784,3
52788,0
52791,6
52795,4
52796,8
52796,4
52797,7
52797,10
52801,9
52801,5
52804,9
52805,2
52811,10
52811,3
52812,8
52814,9
52815,0
52815,6
52818,4
52821,4
52821,10
52825,9
52827,8
52829,1
52830,4
52833,2
52834,1
52834,3
52837,3
52842,5
52844,6
52844,10
52845,0
52845,8
52846,0
52846,4
52847,2
52853,2
52853,0
52856,2
52864,1
52864,10
52866,10
52872,7
52873,2
52873,6
52874,0
52881,1
52882,4
52883,7
52885,2
52885,10
52886,3
52888,7
52893,1
52893,2
52893,8
52897,4
52903,8
52904,1
52904,0
52905,7
52906,10
52910,4
52911,0
52911,9
52913,6
52914,1
52916,8
52922,0
52923,10
52924,0
52926,9
52928,4
52928,9
52929,0
52929,10
52935,3
52940,0
52944,1
52944,6
52946,8
52952,0
52953,5
52954,8
52956,0
52956,7
52957,2
52958,7
52961,8
52961,6
52962,6
52965,3
52969,9
52970,8
52971,2
52972,1
52973,0
52974,8
52975,5
52975,3
52977,1
52980,10
52981,6
52984,10
52989,5
52990,2
52990,4
52993,7
52994,5
52994,7
52997,6
52999,3
53001,0
53002,7
53005,7
53013,6
53014,10
53014,1
53019,8
53030,7
53033,3
53036,1
53036,9
53038,6
53039,0
53039,10
53042,10
53047,8
53050,5
53051,4
53051,1
53053,10
53053,1
53055,8
53057,3
53058,2
53061,3
53062,3
53064,8
53065,4
53066,4
53068,10
53069,4
53072,7
53077,5
53078,3
53079,4
53082,1
53087,0
53087,7
53089,3
53090,8
53090,10
53095,5
53098,5
53098,2
53099,5
53099,0
53106,3
53111,10
53112,10
53113,8
53114,4
53116,8
53117,7
53122,5
53123,4
53123,6
53125,1
53126,4
53126,10
53127,7
53128,0
53133,0
53135,7
53137,2
53142,5
53143,9
53143,6
53148,9
53153,0
53158,0
53158,10
53159,4
53160,7
53161,7
53161,1
53164,5
53164,4
53165,2
53166,10
53166,7
53167,3
53170,4
53171,3
53173,1
53175,8
53180,6
53181,6
53182,6
53186,8
53187,10
53190,4
53198,7
53200,0
53203,0
53205,1
53206,7
53209,0
53212,4
53213,9
53217,4
53225,0
53227,6
53229,0
53230,6
53231,10
53236,0
53241,6
53246,4
53246,2
53247,8
53249,1
53250,3
53252,3
53253,8
53255,1
53255,0
53257,6
53259,7
53261,9
53262,5
53263,0
53263,6
53267,2
53267,1
53269,7
53270,5
53271,5
53271,6
53274,1
53275,4
53275,1
53276,8
53278,0
53278,7
53279,2
53281,8
53282,4
53283,8
53283,0
53284,2
53285,3
53287,10
53288,6
53289,0
53292,3
53297,7
53299,2
53303,3
53307,10
53309,8
53311,4
53312,4
53315,5
53317,6
53318,10
53322,3
53322,1
53326,10
53326,2
53327,8
53335,6
53336,5
53339,6
53340,0
53342,2
53342,3
53348,5
53349,10
53353,6
53353,3
53355,7
53355,10
53358,4
53360,2
53360,1
53360,0
53363,1
53371,6
53374,3
53374,1
53374,10
53378,4
53379,8
53382,1
53384,3
53385,6
53387,6
53388,1
53389,3
53389,6
53389,1
53392,5
53392,10
53394,6
53396,2
53399,7
53400,6
53409,10
53411,2
53411,9
53411,7
53412,8
53412,5
53412,2
53413,5
53415,4
53419,8
53420,8
53420,6
53422,10
53424,8
53427,3
53428,3
53428,9
53430,6
53434,0
53435,8
53437,0
53439,6
53441,9
53445,3
53445,6
53448,8
53450,9
53452,0
53454,3
53458,10
53459,5
53460,8
53462,4
53464,2
53471,9
53474,0
53476,6
53476,5
53487,6
53488,4
53489,10
53489,9
53492,9
53493,9
53494,4
53498,9
53499,4
53503,7
53504,1
53505,8
53505,9
53506,2
53509,6
53512,4
53513,9
53514,5
53515,4
53516,5
53516,2
53518,8
53519,1
53519,5
53523,1
53524,0
53524,2
53525,9
53526,5
53527,3
53530,0
53530,8
53533,6
53535,2
53537,4
53540,1
53543,2
53545,6
53549,0
53550,10
53551,0
53551,3
53551,7
53555,3
53555,0
53556,9
53561,9
53567,6
53568,9
53568,0
53568,8
53569,7
53570,4
53574,7
53578,3
53581,1
53581,5
53582,8
53586,4
53586,6
53586,7
53587,9
53589,6
53592,2
53593,1
53593,10
53594,4
53594,10
53594,5
53595,8
53596,7
53597,10
53602,9
53603,9
53604,10
53608,6
53613,10
53613,3
53614,3
53616,7
53616,8
53625,9
53634,8
53636,5
53639,5
53639,8
53640,3
53642,8
53649,2
53651,8
53651,10
53654,1
53655,5
53656,0
53657,6
53657,4
53659,4
53660,4
53662,7
53663,0
53664,6
53668,1
53669,2
53671,8
53673,9
53673,2
53674,7
53675,5
53678,3
53679,9
53680,0
53681,9
53683,6
53683,7
53689,10
53690,4
53693,5
53694,9
53694,6
53699,9
53701,7
53702,8
53703,5
53704,4
53705,8
53707,5
53713,2
53716,10
53720,7
53722,6
53723,5
53728,3
53730,7
53733,4
53737,6
53738,7
53739,8
53739,10
53740,8
53741,4
53742,1
53743,4
53743,3
53746,8
53747,9
53752,5
53753,3
53754,5
53755,4
53755,7
53757,2
53760,9
53760,1
53761,10
53762,1
53763,9
53765,5
53765,7
53767,4
53770,1
53771,8
53772,2
53774,1
53774,5
53776,4
53777,8
53778,1
53780,9
53782,0
53788,3
53788,0
53789,0
53791,2
53793,4
53794,4
53794,9
53794,7
53795,3
53795,7
53796,10
53796,3
53804,4
53804,5
53804,8
53807,7
53807,6
53808,2
53809,7
53809,9
53811,2
53813,10
53821,0
53824,9
53824,5
53824,2
53825,2
53829,3
53830,5
53832,1
53833,2
53838,0
53842,10
53846,7
53850,9
53853,4
53855,6
53856,5
53858,1
53862,9
53862,0
53866,4
53872,3
53874,10
53875,9
53875,10
53879,6
53879,4
53880,8
53880,2
53882,4
53883,0
53886,0
53889,3
53902,6
53904,8
53905,5
53905,9
53905,8
53907,5
53908,2
53909,3
53910,1
53910,9
53920,1
53920,8
53922,0
53929,0
53930,5
53931,6
53932,9
53933,8
53934,5
53937,5
53938,7
53940,0
53940,8
53941,6
53942,5
53942,1
53943,7
53945,4
53946,5
53947,7
53951,8
53960,0
53965,6
53968,6
53974,8
53975,10
53975,2
53979,4
53981,4
53983,10
53984,6
53985,0
53985,2
53987,3
53990,7
53990,9
53991,0
53994,6
53995,8
53999,4
53999,8
54000,2
54002,10
54011,10
54012,3
54013,3
54015,2
54019,10
54026,8
54029,1
54032,5
54032,3
54035,2
54037,3
54037,1
54042,10
54043,1
54046,2
54047,1
54050,10
54053,10
54055,5
54055,7
54058,5
54058,9
54071,5
54073,1
54075,10
54075,6
54080,5
54081,10
54084,4
54085,1
54087,1
54090,3
54090,10
54092,3
54092,0
54094,5
54095,2
54099,3
54100,10
54100,2
54101,10
54104,5
54107,0
54108,3
54114,0
54117,3
54119,7
54120,10
54124,1
54125,5
54125,4
54126,5
54127,1
54135,9
54136,1
54139,8
54140,9
54141,0
54143,8
54145,6
54147,6
54149,10
54150,8
54151,7
54155,4
54156,0
54156,1
54157,2
54161,3
54161,7
54164,3
54164,0
54166,2
54167,0
54168,2
54169,0
54169,1
54172,5
54176,4
54177,6
54179,2
54181,3
54183,6
54184,6
54189,7
54190,10
54192,3
54195,2
54196,2
54198,4
54198,7
54201,3
54203,8
54204,8
54206,6
54207,5
54208,3
54211,8
54212,0
54216,0
54216,5
54217,2
54218,7
54220,5
54220,9
54225,5
54227,6
54230,9
54231,10
54232,0
54233,6
54234,9
54236,8
54238,7
54243,4
54243,1
54245,2
54245,6
54247,10
54248,6
54249,2
54251,9
54253,0
54255,8
54255,4
54256,7
54256,0
54260,3
54262,4
54262,1
54265,9
54267,1
54268,7
54272,3
54272,5
54274,3
54274,8
54275,2
54275,1
54278,1
54280,1
54282,10
54284,0
54285,5
54288,0
54288,6
54290,10
54291,6
54295,9
54297,2
54306,10
54308,6
54308,0
54309,9
54310,10
54310,0
54311,6
54312,2
54312,5
54314,1
54315,4
54316,3
54320,1
54321,10
54321,0
54322,6
54323,6
54327,3
54329,3
54329,7
54334,6
54334,7
54345,10
54346,8
54348,2
54353,3
54357,9
54358,3
54358,9
54359,5
54359,8
54360,9
54361,5
54361,0
54362,0
54363,5
54364,6
54364,8
54365,5
54365,4
54367,8
54369,2
54372,9
54377,0
54377,1
54377,5
54379,2
54380,10
54382,7
54383,5
54385,4
54387,1
54391,5
54392,8
54398,9
54399,4
54400,1
54401,5
54405,6
54406,3
54406,0
54406,8
54409,5
54412,10
54415,0
54416,7
54417,6
54418,0
54421,6
54421,0
54422,9
54423,5
54426,8
54427,8
54427,10
54433,1
54433,6
54434,1
54435,9
54437,0
54438,4
54439,6
54441,6
54442,9
54442,7
54443,1
54444,3
54450,3
54450,2
54451,6
54452,8
54459,8
54461,2
54471,2
54478,1
54482,8
54483,2
54484,7
54485,5
54491,7
54493,0
54495,7
54497,8
54497,6
54499,8
54504,0
54505,4
54507,6
54508,9
54508,5
54509,9
54510,5
54510,4
54512,4
54514,8
54514,4
54515,6
54516,8
54517,9
54518,0
54520,7
54520,3
54524,6
54530,5
54534,9
54535,2
54537,7
54538,2
54538,8
54542,8
54543,6
54545,7
54546,8
54547,8
54557,5
54563,3
54563,5
54565,8
54566,4
54567,5
54568,4
54569,10
54570,9
54570,2
54573,3
54579,10
54580,3
54581,3
54583,10
54584,2
54588,7
54592,5
54593,3
54594,9
54595,8
54595,10
54595,2
54600,4
54603,1
54604,9
54605,4
54605,0
54607,10
54608,3
54609,3
54610,9
54613,9
54616,5
54618,3
54625,3
54627,4
54627,9
54629,0
54630,4
54633,6
54634,10
54636,8
54637,7
54638,0
54640,8
54643,9
54643,3
54648,2
54650,8
54651,3
54652,10
54653,2
54654,2
54661,2
54663,1
54663,9
54665,2
54665,1
54671,8
54672,3
54673,10
54674,3
54674,4
54675,4
54681,1
54682,6
54685,4
54687,9
54689,6
54690,0
54692,9
54694,7
54694,9
54696,8
54698,2
54699,1
54699,5
54700,0
54700,6
54701,3
54701,4
54706,2
54708,8
54709,1
54717,10
54718,6
54718,10
54720,6
54720,4
54722,10
54726,8
54728,4
54728,6
54729,6
54730,5
54733,7
54733,3
54736,10
54737,7
54738,4
54739,8
54741,3
54747,4
54747,2
54748,5
54749,6
54751,3
54757,10
54757,9
54758,1
54760,10
54761,10
54762,10
54763,5
54765,10
54767,9
54773,9
54780,10
54784,1
54785,3
54789,8
54789,1
54790,6
54790,2
54790,7
54790,0
54791,7
54795,5
54796,2
54797,0
54799,0
54802,5
54802,4
54808,7
54811,4
54816,2
54816,5
54817,4
54817,6
54818,6
54819,4
54820,9
54820,6
54821,4
54821,9
54824,6
54825,9
54826,1
54828,5
54829,1
54831,5
54836,9
54843,4
54843,10
54844,6
54846,8
54846,3
54849,5
54849,7
54850,10
54851,10
54853,4
54855,8
54855,0
54856,10
54857,6
54862,6
54863,0
54864,3
54866,4
54868,6
54869,0
54872,3
54872,8
54872,9
54874,2
54877,3
54882,3
54883,5
54886,7
54887,10
54891,10
54891,0
54891,3
54892,4
54895,5
54896,3
54897,6
54897,9
54898,7
54899,8
54899,1
54902,10
54903,8
54912,1
54915,4
54918,9
54921,3
54921,1
54922,1
54924,6
54926,1
54927,6
54933,2
54936,9
54936,6
54938,9
54940,1
54943,7
54946,9
54949,10
54949,3
54953,3
54953,8
54953,0
54955,9
54956,9
54958,8
54958,1
54958,2
54968,8
54976,1
54979,7
54980,2
54980,9
54981,10
54981,6
54982,2
54983,4
54984,9
54990,0
54995,4
55000,8
55001,9
55003,2
55003,1
55004,3
55004,6
55004,10
55008,3
55015,2
55016,4
55018,0
55019,6
55019,5
55020,1
55023,4
55023,8
55024,4
55026,5
55028,1
55033,10
55033,5
55035,10
55035,8
55036,2
55036,6
55041,10
55042,10
55044,2
55047,8
55047,6
55049,10
55050,0
55051,3
55055,10
55055,8
55057,10
55058,8
55060,7
55061,3
55065,0
55066,5
55069,8
55074,6
55078,6
55079,4
55080,1
55085,10
55086,9
55088,3
55090,4
55092,9
55093,2
55093,0
55095,0
55096,9
55098,8
55099,10
55101,9
55104,9
55106,3
55110,6
55113,6
55115,5
55117,1
55119,9
55120,9
55122,4
55124,0
55124,7
55126,5
55129,2
55131,1
55133,8
55134,10
55135,6
55136,0
55136,3
55137,7
55138,2
55142,7
55142,10
55146,9
55147,1
55149,3
55149,5
55151,2
55153,7
55156,0
55157,9
55159,7
55160,1
55160,5
55163,2
55165,0
55165,6
55166,5
55170,4
55172,5
55174,1
55177,10
55177,4
55177,0
55178,10
55179,6
55180,6
55182,0
55183,10
55188,3
55189,5
55196,7
55200,6
55202,0
55204,9
55204,0
55204,5
55206,4
55211,3
55220,6
55222,9
55224,7
55225,6
55228,3
55231,6
55236,1
55238,0
55240,0
55241,1
55245,3
55247,5
55247,3
55250,4
55251,9
55253,8
55254,10
55257,3
55258,10
55261,3
55261,1
55268,10
55276,10
55279,4
55280,3
55283,4
55287,2
55289,0
55291,4
55293,4
55298,1
55300,5
55301,8
55306,4
55307,6
55308,3
55311,1
55315,7
55315,2
55319,7
55319,9
55323,7
55325,7
55326,2
55326,0
55329,3
55331,5
55334,6
55338,4
55341,6
55345,3
55350,1
55353,10
55354,1
55357,3
55361,2
55364,0
55367,10
55367,1
55368,9
55369,3
55369,6
55369,10
55370,3
55371,1
55372,7
55374,4
55374,2
55376,2
55378,4
55379,0
55382,1
55383,2
55388,9
55391,7
55391,8
55393,5
55395,3
55396,2
55397,6
55399,3
55400,2
55400,0
55405,3
55405,6
55407,8
55409,10
55411,6
55414,9
55415,6
55415,9
55415,1
55416,9
55426,4
55431,7
55433,10
55442,1
55443,6
55444,2
55445,8
55451,2
55451,1
55460,4
55461,9
55464,4
55465,5
55467,7
55469,7
55471,5
55473,0
55473,10
55473,6
55474,1
55475,5
55475,3
55477,6
55484,3
55485,1
55488,0
55489,2
55490,8
55491,6
55496,8
55498,1
55502,6
55504,8
55506,2
55507,5
55511,10
55512,9
55517,4
55517,5
55518,9
55518,8
55518,2
55520,9
55521,9
55522,10
55524,5
55526,7
55530,2
55532,6
55533,0
55534,3
55535,6
55541,6
55544,9
55545,7
55550,5
55551,0
55552,2
55553,9
55553,8
55554,10
55556,7
55561,5
55562,5
55563,1
55564,4
55568,0
55573,10
55576,5
55577,3
55579,2
55580,10
55582,10
55584,5
55590,7
55592,7
55593,7
55593,10
55594,9
55598,9
55600,1
55600,10
55601,3
55602,10
55604,7
55606,8
55609,1
55609,10
55609,0
55613,7
55613,1
55614,5
55615,8
55616,3
55616,8
55617,6
55618,2
55618,0
55621,0
55623,8
55624,4
55625,6
55631,2
55634,7
55635,2
55636,3
55638,10
55638,6
55644,0
55645,7
55647,7
55648,8
55648,1
55654,1
55654,10
55656,4
55658,3
55659,4
55659,10
55660,7
55663,2
55664,7
55665,4
55666,1
55669,3
55669,10
55670,7
55671,6
55676,6
55680,0
55681,7
55681,6
55681,1
55682,8
55682,1
55683,0
55684,4
55687,2
55689,3
55689,6
55690,10
55690,1
55693,10
55693,3
55694,4
55699,6
55699,7
55705,4
55705,3
55705,5
55706,9
55709,0
55709,1
55710,10
55711,10
55713,8
55717,10
55718,4
55721,7
55722,6
55723,2
55726,0
55731,9
55731,3
55735,4
55738,1
55738,2
55740,6
55741,2
55741,8
55745,8
55749,1
55751,6
55758,0
55762,6
55763,2
55764,9
55765,10
55766,6
55767,10
55767,7
55768,10
55774,9
55774,2
55775,1
55778,5
55778,8
55779,4
55779,5
55780,3
55780,6
55781,8
55785,8
55786,5
55787,3
55787,0
55787,7
55788,10
55790,6
55791,5
55793,9
55795,0
55795,9
55802,5
55802,6
55803,3
55803,2
55803,6
55806,0
55808,7
55808,0
55810,0
55811,0
55814,5
55815,7
55816,7
55817,10
55820,6
55820,4
55822,8
55823,2
55825,5
55826,3
55829,6
55830,2
55832,5
55833,8
55836,5
55836,4
55840,10
55841,0
55841,6
55845,5
55845,2
55846,0
55846,4
55846,7
55850,6
55851,0
55852,9
55853,3
55855,7
55855,3
55856,5
55858,9
55858,4
55862,3
55864,3
55867,6
55867,7
55869,8
55871,8
55872,6
55873,3
55875,9
55877,10
55878,5
55878,10
55878,7
55881,5
55882,1
55882,4
55884,5
55885,10
55886,5
55889,7
55891,3
55892,4
55892,6
55893,6
55894,0
55894,5
55895,2
55895,6
55896,10
55897,4
55900,7
55906,0
55907,9
55909,5
55910,8
55912,10
55914,1
55914,7
55917,1
55918,4
55925,9
55927,0
55927,1
55932,5
55934,10
55936,7
55937,7
55937,6
55938,5
55940,5
55943,7
55944,2
55944,9
55944,0
55944,8
55946,3
55946,10
55947,5
55950,4
55950,10
55951,2
55952,9
55953,2
55955,7
55961,6
55963,2
55963,6
55963,3
55965,3
55969,2
55969,6
55969,10
55971,5
55973,0
55975,6
55975,10
55979,5
55980,0
55982,3
55983,7
55988,2
55996,0
55997,9
55999,1
56000,6
56001,4
56001,10
56003,3
56004,0
56004,4
56005,2
56005,1
56008,6
56010,5
56011,6
56012,3
56020,2
56024,3
56026,7
56026,4
56027,7
56027,10
56028,10
56030,8
56030,0
56032,5
56032,7
56033,6
56035,8
56036,7
56038,4
56038,3
56040,10
56041,6
56043,1
56047,1
56047,2
56048,7
56049,3
56050,7
56051,6
56051,5
56057,0
56058,3
56059,0
56060,10
56060,9
56060,5
56062,6
56063,2
56065,10
56066,1
56066,7
56066,10
56068,7
56069,8
56069,7
56074,7
56075,1
56075,6
56080,2
56082,4
56083,6
56083,4
56083,0
56084,8
56089,7
56091,5
56094,1
56097,4
56100,8
56101,3
56104,6
56105,5
56107,6
56110,5
56111,10
56114,9
56114,1
56116,0
56119,3
56122,7
56126,1
56136,2
56137,8
56138,5
56140,3
56141,10
56142,0
56143,10
56144,3
56144,8
56147,5
56149,7
56150,2
56150,9
56153,8
56155,1
56156,2
56158,1
56162,1
56167,8
56171,3
56175,5
56177,4
56177,9
56178,9
56179,3
56179,4
56180,10
56180,3
56181,6
56182,1
56189,8
56189,1
56190,0
56193,3
56194,4
56197,9
56197,1
56198,5
56201,7
56201,2
56202,1
56203,7
56206,2
56209,8
56211,10
56213,8
56216,3
56219,9
56222,0
56223,3
56224,1
56224,2
56225,0
56229,2
56229,10
56232,0
56241,2
56242,7
56242,10
56243,10
56250,3
56259,4
56260,5
56262,7
56263,4
56267,10
56270,5
56271,0
56271,1
56273,6
56274,2
56275,0
56277,1
56277,5
56279,1
56280,5
56280,8
56282,4
56285,0
56286,0
56288,10
56289,5
56293,7
56294,3
56294,6
56296,4
56296,10
56297,7
56298,6
56300,3
56304,4
56305,6
56308,8
56309,0
56309,7
56310,2
56312,2
56312,8
56313,1
56314,4
56315,8
56316,0
56320,9
56322,2
56324,3
56327,7
56328,6
56329,8
56330,5
56333,1
56337,9
56337,6
56340,3
56340,2
56343,10
56348,6
56351,1
56353,10
56357,9
56357,3
56359,10
56360,8
56361,1
56362,5
56362,1
56363,7
56366,10
56370,5
56370,8
56378,3
56379,6
56381,5
56384,7
56384,4
56387,2
56388,6
56389,9
56393,0
56395,4
56397,0
56397,4
56398,0
56399,4
56400,7
56402,4
56406,4
56407,3
56412,4
56413,2
56414,1
56415,5
56416,6
56417,10
56419,9
56423,10
56424,4
56427,0
56427,9
56427,6
56428,6
56432,10
56433,9
56434,7
56436,1
56440,0
56441,6
56441,8
56441,9
56446,1
56451,6
56453,8
56453,7
56455,0
56456,0
56457,4
56457,9
56459,1
56466,3
56466,9
56467,2
56469,1
56471,8
56471,2
56474,4
56475,3
56476,1
56477,6
56477,1
56479,2
56479,6
56480,2
56481,8
56483,10
56493,4
56493,1
56496,7
56497,10
56498,3
56500,2
56501,7
56503,5
56504,5
56504,4
56505,7
56506,3
56507,7
56507,9
56508,6
56509,8
56510,8
56513,0
56515,2
56517,10
56517,8
56518,5
56526,0
56526,4
56528,2
56533,0
56535,7
56536,5
56542,8
56545,2
56545,3
56546,9
56548,9
56550,10
56550,9
56552,4
56553,0
56555,9
56560,2
56566,9
56568,10
56569,5
56571,7
56575,4
56577,5
56579,8
56583,9
56586,0
56587,6
56587,9
56590,10
56594,2
56595,10
56595,4
56597,6
56599,2
56600,2
56606,5
56608,7
56616,5
56617,9
56617,4
56618,6
56618,10
56619,2
56621,8
56623,8
56624,3
56626,5
56627,1
56628,5
56633,6
56634,2
56634,9
56638,4
56642,3
56643,9
56647,5
56648,10
56649,7
56651,6
56653,4
56654,0
56657,6
56659,5
56659,1
56664,8
56667,4
56670,10
56672,7
56674,10
56674,7
56676,5
56678,0
56679,0
56682,8
56683,6
56684,9
56684,4
56686,9
56687,6
56688,0
56690,3
56690,8
56693,5
56701,9
56702,5
56703,8
56711,5
56713,6
56713,2
56716,9
56716,2
56716,5
56719,2
56720,5
56724,7
56726,3
56727,1
56731,3
56737,0
56738,4
56738,6
56739,2
56740,0
56741,7
56744,0
56745,1
56747,7
56748,6
56751,1
56751,10
56753,8
56754,8
56756,10
56758,9
56759,0
56759,6
56760,8
56763,3
56766,9
56767,5
56768,5
56769,5
56774,2
56777,7
56781,4
56783,7
56785,8
56785,10
56786,1
56786,0
56789,7
56789,6
56797,2
56799,9
56799,4
56803,10
56804,10
56804,5
56806,10
56809,3
56810,2
56810,3
56814,9
56816,2
56821,7
56822,7
56823,7
56823,1
56823,8
56825,1
56826,2
56831,4
56831,7
56832,2
56835,9
56835,3
56838,1
56839,6
56840,3
56841,0
56841,3
56841,10
56842,4
56846,2
56847,5
56848,9
56856,1
56857,4
56859,10
56865,2
56870,2
56871,0
56873,8
56876,7
56876,3
56877,4
56877,3
56880,2
56883,2
56885,10
56888,7
56889,6
56889,7
56890,7
56893,1
56894,4
56896,0
56897,3
56899,7
56900,4
56900,10
56901,7
56901,0
56912,5
56912,1
56913,8
56918,7
56926,2
56926,1
56927,1
56933,3
56937,10
56937,7
56938,2
56946,0
56955,9
56965,4
56966,0
56966,10
56967,0
56968,10
56973,6
56976,10
56977,8
56977,10
56978,4
56988,7
56992,10
56993,8
56996,6
56997,5
56998,4
56999,2
57003,0
57004,10
57010,1
57012,10
57012,0
57013,3
57014,10
57017,4
57022,2
57022,0
57024,2
57025,9
57028,4
57028,2
57029,1
57031,5
57032,2
57033,0
57034,10
57039,4
57039,6
57040,10
57041,1
57041,4
57049,10
57049,4
57051,4
57052,7
57052,6
57053,8
57053,1
57054,2
57060,5
57061,8
57063,3
57067,1
57070,2
57070,7
57071,6
57073,8
57073,0
57075,5
57076,0
57077,10
57077,2
57078,8
57082,5
57088,5
57090,0
57091,6
57095,6
57099,5
57101,4
57104,1
57105,2
57107,4
57107,6
57109,1
57110,5
57111,0
57115,7
57115,9
57117,7
57117,4
57121,10
57121,8
57121,2
57123,3
57124,0
57125,2
57128,1
57130,1
57131,3
57132,8
57133,2
57133,6
57137,2
57138,3
57146,10
57146,0
57147,4
57152,4
57153,5
57154,2
57164,5
57165,3
57168,6
57174,8
57175,1
57177,2
57177,7
57178,7
57180,4
57183,7
57186,5
57191,9
57191,4
57192,10
57193,1
57196,1
57203,1
57204,3
57209,6
57211,2
57212,9
57215,0
57216,10
57222,7
57222,10
57225,3
57226,2
57231,3
57232,1
57232,0
57235,5
57236,3
57242,8
57242,1
57243,4
57244,9
57246,4
57247,9
57247,1
57250,3
57251,1
57251,8
57252,4
57256,3
57256,8
57259,10
57260,6
57261,4
57261,0
57264,0
57264,6
57266,3
57267,1
57268,7
57269,4
57269,10
57270,5
57271,6
57272,5
57272,4
57278,4
57282,2
57291,9
57292,9
57292,4
57293,2
57293,1
57293,10
57294,1
57298,10
57299,3
57299,6
57301,8
57302,7
57303,3
57307,1
57314,1
57315,0
57318,7
57318,4
57319,9
57320,6
57321,5
57322,3
57324,1
57324,8
57329,8
57329,10
57332,2
57337,10
57339,3
57340,10
57340,7
57342,7
57344,1
57348,3
57357,9
57357,6
57360,10
57360,0
57366,8
57366,3
57367,6
57368,4
57370,0
57372,7
57372,9
57373,1
57381,6
57382,5
57384,3
57385,9
57387,3
57390,7
57398,2
57401,10
57404,3
57407,10
57411,4
57412,8
57415,0
57415,9
57417,10
57421,8
57421,7
57422,9
57425,3
57426,3
57426,8
57437,8
57439,8
57440,3
57440,8
57441,2
57443,10
57447,4
57450,8
57452,6
57456,1
57456,2
57457,8
57458,7
57458,9
57459,1
57460,10
57464,7
57464,10
57464,6
57465,6
57470,4
57475,6
57475,10
57479,5
57482,6
57483,9
57491,7
57492,2
57493,0
57495,0
57496,4
57497,8
57498,9
57507,4
57508,5
57508,2
57515,3
57516,9
57519,6
57520,0
57523,8
57524,8
57525,3
57526,4
57526,8
57528,9
57534,10
57535,8
57536,5
57539,0
57539,4
57543,3
57545,0
57548,7
57549,8
57549,7
57551,10
57556,6
57556,8
57557,5
57558,6
57563,0
57564,7
57566,10
57566,2
57566,1
57567,9
57568,5
57573,4
57576,5
57578,8
57580,10
57580,6
57580,8
57582,4
57584,9
57585,6
57587,7
57590,8
57595,9
57596,4
57600,6
57604,2
57604,6
57606,7
57606,3
57610,5
57614,3
57615,7
57617,7
57618,8
57619,6
57619,7
57619,3
57620,10
57623,0
57624,9
57625,10
57628,9
57629,0
57633,5
57638,3
57640,1
57640,2
57641,10
57645,3
57646,5
57651,0
57651,7
57652,5
57652,4
57655,9
57655,0
57656,7
57657,9
57659,2
57660,0
57665,1
57667,6
57671,3
57673,0
57674,7
57674,9
57676,6
57678,1
57679,0
57679,10
57680,9
57684,1
57685,1
57685,9
57686,2
57686,9
57687,10
57688,7
57689,10
57691,10
57691,0
57693,3
57695,10
57696,9
57697,1
57698,4
57699,3
57703,8
57704,1
57706,4
57709,6
57713,3
57714,6
57718,2
57720,4
57721,10
57731,3
57731,10
57732,2
57732,7
57735,7
57737,0
57738,0
57743,1
57744,9
57745,9
57746,10
57747,7
57749,4
57750,6
57752,10
57753,2
57755,9
57755,10
57760,7
57762,6
57764,4
57764,8
57767,6
57768,10
57769,0
57769,2
57770,1
57771,2
57772,6
57774,1
57774,7
57775,1
57776,8
57777,10
57778,3
57781,2
57781,6
57786,0
57786,1
57786,7
57788,8
57788,1
57791,8
57791,0
57794,9
57795,7
57798,9
57801,3
57804,2
57804,8
57806,1
57806,9
57809,6
57811,2
57815,5
57818,3
57821,4
57824,4
57829,2
57833,7
57837,0
57838,0
57841,4
57842,8
57846,5
57847,10
57851,1
57855,4
57862,9
57862,5
57864,7
57865,4
57866,2
57868,3
57868,9
57869,6
57874,3
57875,1
57875,2
57878,0
57879,1
57880,4
57881,5
57881,8
57881,6
57882,2
57884,5
57885,10
57886,8
57890,8
57899,6
57901,6
57905,2
57910,9
57911,4
57912,0
57913,1
57913,7
57915,2
57918,1
57918,4
57918,7
57919,9
57920,6
57921,2
57921,9
57922,0
57923,3
57926,4
57928,5
57929,3
57929,10
57929,2
57930,8
57932,2
57933,5
57934,8
57936,0
57937,9
57940,2
57944,5
57947,1
57952,10
57952,9
57953,1
57954,6
57955,4
57956,8
57957,9
57961,9
57962,5
57964,6
57966,3
57968,4
57970,8
57972,8
57974,0
57975,0
57977,6
57979,7
57980,9
57980,8
57981,7
57982,3
57982,7
57984,8
57988,1
57991,10
57993,6
57997,6
57997,2
57998,4
57998,6
58003,10
58006,6
58006,10
58006,2
58007,7
58007,5
58008,8
58008,6
58010,9
58011,10
58012,9
58012,1
58017,4
58018,3
58018,7
58019,9
58019,3
58020,9
58022,1
58023,6
58023,2
58024,3
58024,10
58029,5
58031,1
58031,9
58032,9
58032,10
58034,6
58036,8
58041,4
58041,3
58049,6
58050,4
58053,1
58053,6
58054,3
58055,6
58057,4
58059,6
58060,7
58065,4
58066,3
58070,7
58071,5
58076,6
58076,0
58078,0
58080,1
58080,3
58082,10
58091,6
58093,9
58097,2
58098,10
58099,6
58108,10
58109,8
58109,2
58112,10
58113,1
58114,10
58116,2
58118,4
58119,6
58121,2
58122,3
58131,7
58132,8
58133,5
58136,8
58138,2
58140,9
58142,3
58142,7
58145,8
58146,8
58149,0
58151,4
58155,10
58162,0
58164,1
58165,5
58166,8
58166,6
58169,7
58169,1
58169,8
58170,4
58172,0
58173,6
58175,1
58176,1
58183,8
58184,6
58192,7
58192,0
58194,1
58196,6
58196,3
58197,6
58198,1
58199,4
58202,8
58204,4
58205,4
58212,7
58213,7
58215,6
58216,6
58218,9
58218,5
58219,8
58223,7
58226,4
58226,8
58234,8
58236,0
58236,2
58237,4
58238,3
58243,9
58245,0
58247,10
58248,7
58248,6
58248,10
58253,8
58254,10
58264,1
58266,2
58267,5
58268,0
58269,4
58269,9
58273,5
58274,5
58277,3
58278,9
58283,8
58283,5
58283,2
58285,6
58287,0
58292,5
58293,7
58293,1
58294,3
58296,8
58298,9
58299,3
58305,1
58305,4
58305,3
58316,1
58318,3
58323,6
58323,7
58325,0
58325,1
58325,3
58331,2
58331,8
58332,1
58333,8
58333,9
58340,6
58340,2
58342,4
58344,10
58346,5
58349,3
58351,5
58351,1
58352,2
58352,6
58352,9
58357,7
58357,1
58358,0
58359,6
58361,9
58362,2
58366,5
58367,5
58367,8
58371,2
58372,10
58372,2
58373,7
58374,0
58377,0
58379,0
58382,2
58389,10
58390,8
58391,3
58398,1
58401,9
58402,8
58403,4
58404,2
58408,9
58413,0
58414,9
58417,9
58418,0
58419,0
58420,8
58422,6
58423,8
58425,1
58427,4
58434,8
58435,4
58438,5
58440,9
58440,8
58441,5
58444,9
58444,0
58445,0
58446,4
58450,6
58453,3
58454,7
58455,6
58456,7
58459,1
58462,1
58464,0
58464,3
58465,6
58467,10
58469,7
58474,2
58474,1
58474,8
58474,6
58475,8
58476,10
58478,9
58479,2
58484,2
58488,4
58492,6
58495,4
58495,7
58498,4
58498,0
58501,1
58501,4
58506,9
58507,8
58508,3
58508,6
58509,8
58510,7
58513,1
58514,2
58518,0
58519,0
58522,9
58525,7
58529,7
58532,7
58533,0
58535,6
58536,3
58536,10
58537,3
58541,1
58542,2
58546,10
58547,2
58547,3
58548,3
58550,4
58550,7
58552,0
58553,1
58555,0
58561,8
58561,2
58562,9
58562,6
58564,7
58565,7
58566,0
58567,8
58568,5
58568,1
58570,7
58571,8
58573,9
58573,2
58575,10
58577,2
58580,9
58585,2
58585,4
58587,9
58587,0
58593,2
58597,8
58599,4
58605,2
58607,6
58607,3
58608,5
58611,8
58613,10
58613,8
58615,4
58615,7
58617,0
58619,5
58620,7
58624,6
58626,9
58626,2
58627,8
58628,8
58630,3
58631,8
58632,0
58632,2
58633,1
58634,2
58634,10
58637,6
58641,0
58641,8
58642,5
58642,2
58646,3
58646,9
58649,0
58649,10
58650,2
58656,0
58659,1
58661,7
58663,6
58663,10
58667,3
58671,0
58671,2
58674,2
58674,10
58677,0
58679,7
58680,9
58682,10
58682,0
58686,9
58688,7
58690,10
58696,1
58698,5
58698,6
58700,0
58701,6
58703,7
58705,2
58706,9
58707,7
58713,5
58714,1
58720,5
58721,0
58722,9
58725,8
58729,0
58733,1
58742,9
58747,4
58748,1
58752,5
58752,4
58755,5
58756,5
58757,10
58758,10
58760,8
58760,0
58762,10
58764,10
58766,7
58766,10
58767,5
58768,7
58772,8
58774,2
58774,6
58774,0
58778,7
58779,4
58780,2
58785,9
58785,1
58785,0
58789,2
58791,6
58792,0
58796,3
58798,6
58798,3
58799,5
58799,9
58803,3
58804,6
58805,9
58810,2
58810,7
58813,4
58817,8
58818,7
58825,9
58826,9
58830,0
58831,3
58831,4
58832,10
58837,0
58838,9
58840,0
58845,0
58846,0
58848,6
58848,10
58851,8
58851,10
58852,7
58856,2
58860,6
58860,0
58861,9
58862,7
58863,7
58864,8
58866,3
58867,0
58867,2
58872,4
58873,4
58878,0
58881,5
58881,7
58883,10
58884,8
58888,9
58888,10
58890,3
58893,5
58895,9
58895,5
58897,0
58902,4
58902,8
58906,4
58906,2
58908,1
58910,3
58911,8
58912,3
58920,1
58921,6
58925,7
58927,0
58927,6
58930,6
58933,4
58935,6
58937,10
58939,7
58941,6
58941,5
58943,7
58946,1
58951,10
58951,1
58952,3
58956,6
58957,1
58960,6
58963,9
58965,3
58965,1
58970,5
58971,4
58973,10
58978,0
58978,6
58984,1
58988,0
58988,8
58991,2
58991,5
59000,8
59000,3
59004,4
59005,0
59008,10
59010,10
59011,2
59011,3
59013,8
59015,1
59017,9
59021,3
59023,5
59025,5
59025,9
59026,5
59026,10
59028,1
59028,4
59037,9
59037,5
59038,1
59042,2
59043,2
59043,3
59045,2
59048,8
59052,1
59056,1
59056,2
59058,1
59058,0
59059,4
59060,2
59064,0
59066,7
59068,7
59069,3
59074,8
59074,3
59075,6
59079,4
59080,4
59081,7
59081,10
59082,3
59084,2
59086,9
59087,7
59093,1
59097,9
59100,1
59101,7
59102,0
59106,7
59108,2
59109,10
59114,1
59115,1
59115,2
59115,0
59116,10
59118,9
59122,3
59123,7
59128,1
59129,7
59130,8
59135,5
59136,6
59140,9
59141,9
59143,3
59154,3
59155,9
59157,4
59158,2
59160,2
59160,7
59161,7
59162,7
59162,6
59163,4
59166,7
59167,1
59167,8
59170,6
59171,0
59171,2
59172,4
59173,1
59174,1
59178,10
59179,6
59184,9
59186,8
59189,1
59190,5
59194,5
59196,8
59197,1
59200,4
59200,5
59201,3
59201,8
59204,7
59205,10
59206,6
59207,6
59209,1
59212,4
59214,10
59217,1
59217,3
59218,3
59219,3
59219,0
59220,2
59224,7
59225,3
59225,6
59226,5
59228,7
59230,8
59230,1
59232,4
59232,9
59232,6
59235,3
59236,7
59239,9
59240,6
59241,1
59242,1
59242,4
59248,10
59251,10
59251,0
59255,3
59255,2
59256,5
59259,10
59263,2
59266,9
59268,1
59268,3
59269,10
59269,7
59271,8
59272,5
59278,2
59281,7
59281,5
59289,5
59290,8
59291,0
59292,3
59295,4
59298,6
59299,3
59299,4
59299,1
59304,10
59308,0
59309,7
59310,4
59311,8
59311,10
59312,10
59313,9
59314,0
59317,6
59320,8
59321,10
59326,9
59328,0
59331,10
59335,10
59339,3
59339,0
59344,10
59345,2
59350,10
59351,7
59352,9
59355,0
59361,4
59366,2
59366,10
59367,8
59370,5
59372,10
59373,0
59374,7
59376,5
59376,3
59377,7
59377,9
59380,4
59381,6
59386,10
59392,8
59393,9
59394,5
59396,9
59396,4
59398,2
59403,2
59405,5
59407,4
59410,4
59410,1
59411,9
59412,0
59417,6
59418,0
59419,8
59419,3
59421,10
59425,5
59426,0
59427,7
59429,10
59429,8
59435,4
59438,0
59441,1
59443,6
59446,10
59450,4
59450,1
59451,8
59453,2
59459,5
59461,6
59468,6
59469,2
59474,9
59475,0
59477,0
59479,7
59479,4
59481,0
59481,1
59483,4
59484,9
59486,4
59488,6
59491,7
59492,4
59496,8
59502,5
59502,3
59505,5
59506,3
59506,0
59508,9
59512,6
59519,7
59522,4
59524,0
59524,8
59524,9
59530,8
59535,4
59543,7
59543,8
59543,0
59546,3
59548,2
59548,4
59549,0
59549,3
59551,8
59552,7
59552,6
59553,0
59555,5
59556,1
59556,7
59556,2
59560,10
59562,3
59565,9
59565,0
59571,8
59572,6
59575,9
59577,0
59577,9
59579,0
59579,4
59584,4
59587,3
59595,3
59598,9
59599,4
59604,2
59607,4
59607,2
59611,4
59615,10
59619,4
59623,6
59627,8
59631,1
59634,7
59635,2
59636,0
59637,5
59638,9
59639,3
59641,4
59642,7
59644,5
59644,0
59645,5
59648,9
59649,5
59650,5
59652,0
59653,10
59653,9
59654,10
59655,7
59661,2
59666,8
59666,7
59667,0
59668,8
59669,8
59670,5
59675,3
59676,8
59682,1
59682,0
59685,6
59686,0
59686,7
59689,1
59690,8
59690,2
59690,10
59691,10
59691,7
59694,4
59696,8
59698,4
59698,0
59707,7
59707,4
59709,5
59713,4
59714,9
59714,7
59715,6
59716,10
59716,9
59718,8
59729,3
59734,0
59738,8
59738,1
59739,5
59739,8
59744,3
59746,6
59749,0
59750,2
59751,0
59751,1
59753,6
59754,10
59756,7
59758,2
59761,10
59766,8
59771,7
59774,2
59776,1
59777,10
59780,4
59782,10
59783,1
59784,9
59789,5
59791,4
59795,10
59796,5
59797,8
59797,10
59801,1
59801,5
59804,9
59805,0
59805,6
59805,2
59808,7
59809,5
59809,3
59812,3
59816,1
59817,3
59817,8
59817,4
59818,7
59818,8
59820,10
59820,4
59820,8
59823,7
59824,1
59824,10
59827,2
59828,10
59828,8
59828,9
59830,10
59831,9
59833,7
59834,0
59835,6
59836,0
59838,8
59839,0
59839,7
59839,1
59839,9
59844,7
59845,6
59848,9
59848,10
59850,5
59852,7
59856,4
59861,3
59875,5
59877,9
59880,5
59886,1
59886,9
59887,5
59891,3
59892,8
59892,4
59893,6
59893,7
59893,1
59895,0
59896,9
59897,8
59897,6
59900,9
59902,3
59904,3
59914,6
59914,4
59916,0
59917,7
59917,4
59918,10
59923,10
59927,2
59929,5
59929,7
59934,1
59935,9
59935,2
59938,7
59942,4
59943,6
59947,7
59947,8
59955,1
59957,10
59962,10
59963,9
59971,5
59972,4
59973,8
59975,0
59975,7
59977,6
59977,1
59979,4
59979,5
59980,5
59981,8
59989,2
59989,3
59993,0
59994,9
59995,10
59995,0
59997,6
60001,10
60002,9
60003,5
60003,0
60008,9
60012,6
60013,1
60013,4
60014,10
60017,3
60017,10
60021,8
60022,5
60025,5
60026,4
60032,5
60045,1
60049,6
60049,5
60053,4
60056,6
60059,8
60061,10
60070,4
60075,8
60078,6
60079,5
60081,5
60083,8
60083,0
60084,10
60086,3
60086,1
60087,1
60088,5
60089,1
60092,1
60101,5
60102,4
60104,0
60106,8
60106,5
60110,4
60112,1
60114,5
60116,2
60117,3
60119,8
60119,5
60121,5
60122,4
60124,7
60126,8
60128,3
60128,6
60128,1
60133,1
60134,10
60135,1
60140,4
60143,3
60143,5
60144,4
60144,2
60149,1
60152,9
60154,0
60154,9
60157,4
60162,3
60165,0
60167,8
60172,10
60172,2
60177,3
60180,1
60181,2
60181,3
60182,10
60189,1
60190,6
60191,1
60191,5
60193,10
60198,9
60199,1
60203,3
60203,10
60205,0
60208,2
60209,0
60210,2
60211,9
60213,3
60214,6
60215,9
60219,7
60220,8
60222,1
60222,7
60224,6
60227,6
60233,5
60236,8
60238,6
60240,7
60245,9
60246,5
60251,6
60253,10
60258,8
60259,9
60260,2
60261,4
60262,1
60263,4
60264,9
60267,3
60268,8
60271,0
60271,9
60271,3
60272,6
60274,9
60274,0
60277,9
60277,6
60281,1
60281,4
60285,7
60285,1
60286,9
60288,4
60292,7
60298,3
60298,8
60298,4
60299,3
60302,7
60304,2
60309,0
60311,0
60313,2
60314,6
60320,8
60322,4
60322,8
60323,4
60324,6
60326,8
60329,2
60332,6
60333,0
60334,3
60336,5
60337,6
60340,6
60342,3
60342,4
60343,7
60344,3
60350,10
60354,9
60355,4
60357,10
60358,10
60358,0
60360,1
60362,5
60363,5
60364,5
60365,3
60366,2
60370,9
60371,4
60371,0
60373,9
60377,7
60377,5
60379,4
60380,2
60382,0
60383,8
60388,1
60390,2
60391,4
60392,7
60395,10
60397,5
60399,9
60399,4
60402,9
60406,6
60407,0
60410,0
60413,3
60413,9
60414,3
60416,4
60416,0
60416,1
60416,7
60422,10
60425,0
60426,2
60428,9
60429,7
60429,8
60430,2
60432,6
60434,8
60434,1
60437,4
60442,9
60446,7
60447,3
60449,8
60450,6
60452,3
60454,4
60455,9
60455,4
60456,10
60459,2
60460,4
60462,8
60462,3
60464,3
60467,3
60471,2
60474,6
60478,6
60483,4
60484,9
60486,7
60487,6
60488,10
60489,2
60489,4
60490,6
60490,1
60493,9
60493,2
60494,5
60496,0
60496,10
60497,10
60498,3
60499,10
60502,3
60504,8
60506,8
60508,8
60508,4
60509,3
60514,7
60514,8
60516,10
60522,8
60530,6
60530,5
60534,3
60536,1
60536,4
60539,9
60542,9
60543,4
60544,9
60548,5
60549,3
60550,8
60550,10
60551,1
60553,7
60553,0
60555,9
60556,10
60556,6
60556,8
60557,8
60559,3
60560,1
60561,7
60562,1
60563,3
60567,4
60568,1
60569,7
60570,0
60575,4
60575,0
60577,4
60578,7
60581,5
60582,4
60582,3
60583,7
60583,10
60585,2
60585,6
60586,6
60588,8
60590,4
60597,7
60599,9
60602,2
60604,2
60605,2
60605,8
60605,10
60610,5
60617,10
60620,5
60621,0
60621,8
60622,3
60625,5
60626,0
60631,0
60636,6
60637,0
60640,10
60644,0
60653,10
60658,2
60662,4
60663,0
60664,6
60664,7
60670,3
60671,4
60675,5
60676,6
60677,7
60679,1
60679,2
60682,4
60683,6
60689,4
60693,2
60695,8
60696,7
60701,3
60702,7
60704,9
60706,1
60706,3
60708,10
60709,9
60711,10
60714,2
60714,9
60715,7
60720,1
60720,4
60725,0
60725,2
60728,10
60729,9
60731,7
60731,8
60732,10
60734,5
60735,5
60735,7
60735,10
60739,8
60741,3
60743,4
60746,7
60747,0
60749,1
60750,3
60753,3
60755,9
60756,4
60758,0
60761,7
60763,10
60763,0
60764,3
60766,8
60768,9
60771,1
60773,4
60777,5
60777,6
60778,7
60779,10
60782,8
60782,3
60782,6
60783,7
60784,2
60784,10
60785,3
60785,8
60786,8
60786,4
60786,6
60794,6
60794,5
60798,9
60798,3
60799,9
60800,3
60800,8
60800,10
60802,7
60803,5
60806,2
60806,0
60808,3
60808,0
60809,4
60815,2
60820,4
60822,7
60825,10
60825,2
60827,4
60828,10
60829,8
60835,5
60836,5
60840,0
60841,0
60842,6
60843,7
60844,3
60845,5
60849,2
60850,5
60851,1
60858,5
60862,8
60862,7
60863,4
60864,9
60864,4
60865,2
60865,3
60866,9
60867,7
60867,4
60872,5
60876,1
60877,9
60878,8
60880,7
60880,5
60882,9
60882,4
60882,7
60884,5
60887,10
60892,8
60892,3
60892,10
60896,0
60903,5
60903,0
60904,9
60906,10
60907,4
60914,0
60919,2
60920,7
60921,2
60923,1
60926,4
60927,5
60929,1
60931,6
60940,8
60941,2
60944,9
60945,6
60945,10
60948,5
60949,7
60951,5
60953,10
60954,8
60955,2
60961,10
60965,10
60965,2
60967,6
60971,2
60972,8
60974,3
60976,8
60976,2
60978,9
60979,4
60982,9
60988,2
60989,3
60997,4
60998,3
60999,1
61004,2
61007,6
61011,4
61012,1
61012,0
61013,9
61018,4
61025,0
61030,10
61031,9
61033,0
61033,8
61037,1
61041,2
61044,0
61047,6
61048,4
61050,4
61050,2
61052,1
61054,7
61054,9
61055,3
61056,0
61059,5
61060,6
61062,8
61062,9
61066,7
61068,1
61070,6
61071,0
61073,6
61076,3
61078,7
61081,4
61083,4
61083,10
61086,5
61087,5
61088,6
61090,3
61090,1
61091,1
61092,5
61093,2
61095,10
61098,10
61101,9
61102,8
61102,5
61102,6
61103,10
61106,2
61111,7
61111,0
61112,6
61117,10
61117,3
61117,9
61120,1
61122,1
61125,5
61126,2
61127,9
61127,10
61128,0
61129,0
61133,7
61135,10
61139,8
61142,6
61155,1
61156,3
61159,1
61165,7
61167,0
61174,8
61174,6
61176,1
61181,3
61184,8
61186,0
61187,9
61187,4
61187,0
61188,5
61189,0
61189,1
61195,1
61202,8
61204,2
61207,3
61207,8
61207,6
61210,10
61213,0
61215,7
61216,6
61216,1
61216,0
61217,8
61218,10
61227,6
61229,9
61232,10
61232,0
61234,9
61235,1
61241,6
61246,8
61248,5
61258,3
61258,4
61260,10
61262,10
61265,6
61267,5
61268,0
61269,6
61270,8
61270,0
61272,9
61274,9
61274,10
61277,7
61279,5
61280,10
61284,8
61284,10
61285,5
61287,0
61288,6
61290,0
61290,1
61291,4
61293,5
61294,2
61297,8
61298,1
61299,7
61304,1
61308,0
61310,1
61311,1
61315,1
61316,6
61317,7
61319,5
61323,0
61324,2
61325,0
61327,3
61328,8
61328,5
61328,0
61329,9
61329,2
61329,4
61330,8
61330,10
61335,10
61336,1
61338,7
61338,5
61338,10
61342,5
61342,6
61345,6
61345,5
61345,7
61346,5
61347,8
61350,6
61351,1
61351,4
61353,0
61355,6
61357,8
61358,0
61363,7
61363,2
61363,6
61364,0
61365,5
61365,7
61366,5
61378,8
61379,8
61381,7
61382,5
61387,0
61394,8
61397,0
61401,8
61401,1
61402,1
61402,3
61404,10
61405,5
61407,2
61407,3
61407,5
61409,6
61410,2
61411,3
61412,10
61414,2
61415,3
61418,3
61419,8
61426,0
61428,3
61429,0
61431,2
61440,0
61441,0
61441,4
61442,9
61443,9
61445,9
61445,5
61446,8
61447,0
61450,3
61450,8
61454,10
61454,3
61456,7
61457,5
61458,6
61458,5
61459,2
61459,0
61460,8
61462,9
61464,4
61467,0
61468,1
61468,9
61469,8
61472,1
61473,5
61474,8
61487,7
61490,9
61493,10
61496,0
61500,6
61500,10
61505,2
61506,9
61507,1
61507,5
61507,7
61508,2
61509,5
61512,3
61513,7
61516,3
61519,8
61521,0
61523,0
61529,2
61530,4
61531,6
61532,8
61533,10
61535,10
61536,7
61536,3
61540,5
61540,10
61541,2
61543,6
61547,4
61547,7
61547,9
61547,0
61548,2
61550,5
61551,10
61555,2
61556,8
61558,5
61558,3
61561,1
61561,6
61562,3
61565,4
61566,10
61567,9
61568,8
61573,8
61574,10
61575,3
61585,3
61590,3
61592,2
61594,8
61596,0
61598,10
61599,8
61604,6
61607,9
61608,10
61612,6
61612,3
61613,2
61615,7
61616,5
61616,8
61618,4
61619,7
61626,1
61627,8
61627,1
61628,3
61629,4
61632,5
61632,9
61636,1
61637,0
61641,4
61646,7
61646,4
61647,1
61647,10
61653,6
61656,8
61656,10
61667,7
61668,1
61669,7
61670,9
61673,6
61674,8
61674,2
61676,3
61682,10
61684,4
61684,2
61691,5
61693,8
61693,3
61701,7
61702,9
61704,0
61708,7
61713,2
61721,1
61721,10
61722,7
61726,4
61728,4
61729,5
61729,2
61735,10
61737,5
61739,7
61739,5
61740,1
61741,6
61741,8
61743,3
61746,3
61746,2
61746,8
61750,4
61750,7
61751,2
61752,10
61754,1
61756,0
61758,8
61759,9
61761,5
61764,1
61764,7
61765,7
61766,2
61768,4
61772,8
61773,6
61775,1
61779,10
61780,1
61781,0
61782,5
61787,4
61790,5
61791,0
61792,7
61793,5
61794,6
61795,0
61796,5
61799,8
61800,6
61808,0
61808,2
61815,4
61819,4
61820,7
61824,10
61827,7
61831,4
61831,6
61831,9
61833,1
61834,3
61835,0
61840,8
61845,8
61848,0
61852,0
61853,4
61854,1
61866,10
61868,7
61870,4
61871,10
61871,4
61875,1
61876,7
61877,10
61878,2
61880,8
61880,0
61881,6
61881,1
61881,10
61882,4
61882,8
61884,4
61887,3
61890,10
61891,6
61892,5
61895,3
61896,5
61897,6
61899,0
61899,8
61901,8
61902,2
61902,6
61904,7
61905,3
61909,6
61915,6
61916,0
61922,8
61927,6
61929,1
61930,10
61932,10
61933,1
61935,1
61936,7
61936,6
61936,3
61939,8
61939,3
61942,8
61942,5
61943,0
61945,7
61946,4
61951,7
61953,9
61957,6
61961,8
61962,9
61964,6
61967,7
61968,9
61969,7
61970,1
61976,1
61979,8
61980,0
61983,5
61983,6
61986,4
61989,2
61993,9
61995,1
61996,0
61999,0
62000,4
62002,1
62003,1
62004,8
62005,0
62006,6
62007,8
62013,4
62016,1
62020,5
62020,6
62020,9
62021,0
62024,1
62025,4
62025,2
62029,8
62030,5
62030,0
62031,3
62037,4
62037,2
62039,3
62039,8
62042,4
62044,4
62047,8
62047,5
62048,5
62049,7
62051,10
62052,10
62052,1
62052,3
62056,9
62058,4
62059,6
62059,0
62060,1
62061,2
62061,5
62062,2
62065,8
62067,10
62071,10
62071,5
62072,5
62072,7
62074,8
62076,9
62076,4
62076,7
62077,8
62082,9
62084,7
62084,10
62085,3
62085,1
62086,2
62088,5
62088,9
62088,8
62090,6
62094,4
62094,5
62096,5
62097,5
62099,2
62103,9
62104,1
62104,8
62114,3
62115,0
62115,1
62118,6
62120,4
62120,5
62122,4
62125,7
62130,5
62130,2
62133,9
62134,8
62134,1
62135,4
62138,6
62138,10
62141,10
62147,8
62148,4
62149,5
62150,8
62150,6
62154,2
62154,9
62155,2
62159,2
62159,10
62160,2
62160,9
62161,6
62164,9
62164,10
62165,10
62166,8
62167,9
62172,2
62174,9
62174,7
62176,9
62177,10
62180,3
62184,8
62185,2
62185,5
62186,5
62187,3
62196,5
62199,6
62201,5
62202,10
62203,1
62205,7
62207,1
62211,10
62212,5
62212,4
62213,6
62214,2
62218,7
62219,4
62219,5
62220,9
62221,6
62222,6
62223,4
62223,7
62226,5
62227,8
62228,7
62232,9
62235,8
62236,10
62237,7
62237,6
62239,4
62240,2
62240,1
62242,1
62243,10
62246,2
62247,4
62248,0
62249,1
62250,5
62250,4
62252,0
62252,3
62254,1
62257,1
62258,4
62259,2
62259,10
62262,5
62266,3
62267,6
62267,7
62268,10
62271,4
62272,3
62272,2
62273,4
62277,5
62278,10
62279,1
62283,0
62285,6
62288,10
62294,10
62296,4
62296,7
62298,9
62298,10
62302,6
62303,7
62303,8
62306,0
62311,2
62312,10
62315,1
62320,1
62322,7
62325,6
62326,10
62328,0
62328,10
62329,4
62333,9
62335,5
62336,4
62337,0
62339,1
62342,4
62343,7
62344,8
62345,1
62347,9
62349,10
62356,7
62359,1
62359,6
62362,5
62363,0
62363,7
62366,8
62366,6
62367,4
62377,8
62378,6
62379,0
62379,2
62382,7
62383,0
62383,4
62384,4
62386,3
62389,7
62390,3
62393,8
62394,4
62396,3
62397,3
62400,10
62401,10
62403,5
62404,10
62404,7
62409,6
62410,1
62411,1
62411,7
62411,6
62412,7
62413,1
62414,10
62415,9
62417,6
62419,8
62419,1
62420,5
62425,7
62428,7
62434,8
62435,2
62437,10
62437,1
62438,5
62439,0
62440,9
62452,5
62455,0
62455,2
62456,10
62457,2
62458,5
62461,9
62462,6
62463,7
62464,0
62464,1
62465,0
62465,5
62469,0
62470,1
62471,8
62472,4
62473,5
62475,1
62476,0
62480,2
62485,7
62488,7
62489,0
62490,1
62494,7
62496,1
62497,0
62498,7
62498,8
62500,2
62507,10
62509,4
62512,10
62513,3
62513,2
62516,0
62521,2
62522,1
62523,8
62524,1
62524,9
62527,2
62527,5
62527,1
62530,10
62536,7
62542,2
62542,6
62543,3
62543,6
62547,1
62547,0
62548,5
62548,9
62550,10
62551,9
62553,1
62554,1
62554,0
62555,2
62558,1
62560,7
62563,0
62566,4
62566,3
62566,6
62567,6
62567,0
62568,3
62570,0
62571,4
62572,5
62574,7
62575,9
62578,9
62578,2
62586,9
62587,6
62590,9
62594,6
62595,7
62597,4
62601,5
62601,8
62602,1
62605,6
62606,7
62609,3
62611,4
62613,2
62614,8
62615,0
62615,8
62617,3
62618,10
62619,0
62624,2
62627,4
62628,3
62630,6
62633,5
62636,2
62638,7
62638,10
62639,6
62641,8
62642,9
62642,7
62643,7
62646,6
62648,8
62649,2
62649,6
62650,2
62652,5
62653,1
62654,6
62659,3
62661,4
62661,1
62662,7
62662,0
62663,7
62663,10
62664,1
62667,10
62667,7
62672,4
62672,2
62674,8
62676,10
62678,1
62679,3
62680,9
62683,8
62683,3
62685,8
62685,0
62686,7
62686,1
62686,4
62689,8
62690,7
62692,7
62692,2
62692,0
62693,1
62694,2
62695,8
62699,9
62700,7
62701,10
62702,2
62703,2
62704,3
62711,2
62726,4
62728,0
62730,7
62732,0
62733,4
62736,2
62737,9
62737,7
62741,0
62744,8
62746,3
62747,0
62751,4
62753,4
62754,2
62758,5
62761,3
62765,10
62765,9
62766,10
62769,6
62770,7
62773,2
62774,1
62774,8
62776,4
62776,2
62777,3
62778,7
62778,0
62779,4
62780,8
62783,3
62784,9
62785,7
62791,1
62798,10
62799,8
62801,8
62803,10
62803,4
62804,10
62805,7
62806,3
62813,1
62813,9
62813,8
62814,5
62818,0
62821,10
62823,1
62824,2
62825,2
62825,10
62827,4
62831,2
62831,9
62831,3
62832,1
62836,7
62838,4
62838,6
62839,5
62840,8
62840,5
62840,4
62841,8
62845,2
62846,6
62847,7
62847,6
62848,9
62848,2
62851,3
62852,5
62853,7
62855,9
62855,2
62856,3
62857,10
62858,7
62860,7
62861,1
62862,10
62863,4
62863,0
62863,10
62864,1
62864,3
62866,6
62869,0
62871,0
62874,4
62877,5
62878,4
62878,6
62879,8
62881,2
62882,4
62882,6
62883,5
62884,1
62885,9
62889,9
62891,2
62897,9
62901,6
62904,9
62907,5
62908,3
62909,10
62911,5
62913,5
62914,0
62916,8
62918,6
62919,4
62920,10
62920,2
62921,6
62925,5
62928,5
62928,3
62929,4
62931,5
62931,7
62933,4
62934,10
62937,2
62938,9
62938,3
62941,0
62942,8
62946,6
62948,6
62951,2
62951,5
62952,2
62953,6
62954,9
62958,0
62959,4
62960,7
62963,7
62970,9
62975,10
62977,1
62977,6
62977,2
62979,2
62980,3
62980,8
62981,8
62984,3
62984,1
62989,3
62990,5
62990,4
62991,6
62992,3
62994,3
62996,1
62998,6
62999,2
62999,1
63001,5
63003,10
63006,1
63007,1
63008,8
63010,0
63011,2
63012,10
63012,8
63013,2
63015,10
63015,9
63017,0
63022,2
63026,8
63027,6
63029,1
63034,3
63035,0
63035,10
63038,4
63040,4
63041,10
63046,2
63046,0
63049,5
63056,2
63058,4
63058,3
63066,0
63067,1
63067,8
63068,9
63070,3
63071,1
63071,9
63080,1
63080,4
63089,1
63090,8
63091,0
63091,8
63092,2
63093,3
63093,2
63098,8
63099,8
63100,4
63102,9
63103,2
63103,5
63105,3
63107,9
63108,7
63111,0
63111,8
63113,8
63114,7
63123,1
63125,2
63126,5
63129,9
63130,7
63133,0
63135,6
63137,1
63138,1
63139,4
63141,0
63143,10
63145,5
63146,9
63147,9
63149,0
63150,7
63150,9
63150,8
63153,6
63153,5
63159,7
63159,5
63160,3
63162,3
63163,5
63166,6
63168,5
63169,6
63173,10
63180,5
63181,1
63182,1
63183,3
63185,10
63188,8
63189,5
63192,1
63195,0
63196,0
63197,7
63200,3
63202,1
63202,8
63202,9
63205,2
63207,4
63211,0
63214,9
63215,9
63223,4
63225,7
63226,7
63227,4
63227,5
63228,1
63232,1
63232,8
63234,5
63237,6
63239,0
63248,1
63249,6
63252,6
63256,7
63256,3
63257,3
63258,5
63258,10
63258,3
63259,0
63262,5
63263,7
63265,3
63267,9
63271,10
63271,3
63272,3
63273,9
63273,4
63273,7
63274,3
63277,8
63279,1
63283,1
63284,1
63284,8
63285,1
63286,6
63287,0
63289,7
63291,6
63292,10
63295,4
63297,4
63300,7
63302,9
63305,9
63308,4
63309,7
63312,5
63313,8
63318,9
63320,7
63320,2
63321,8
63321,7
63324,5
63324,2
63326,1
63327,9
63328,3
63328,8
63328,1
63329,0
63332,6
63339,3
63341,6
63344,9
63345,5
63346,2
63346,3
63352,4
63355,2
63355,9
63355,6
63355,0
63356,8
63356,3
63359,6
63363,9
63368,2
63368,6
63369,10
63370,9
63370,6
63374,4
63374,6
63377,2
63378,9
63383,1
63383,9
63384,9
63386,9
63387,2
63387,6
63392,9
63392,10
63397,5
63398,4
63403,2
63406,7
63408,3
63409,4
63411,5
63414,7
63416,6
63416,5
63418,2
63419,2
63420,4
63421,3
63421,8
63421,1
63425,7
63425,0
63431,8
63431,0
63431,1
63432,8
63433,7
63433,9
63434,1
63434,0
63435,6
63435,5
63443,2
63447,10
63449,7
63453,8
63454,3
63456,3
63461,5
63462,9
63463,3
63465,10
63466,10
63466,8
63467,7
63470,5
63472,10
63475,7
63478,0
63480,10
63480,0
63481,9
63484,3
63484,2
63485,10
63487,7
63490,6
63490,1
63493,4
63494,4
63497,9
63502,0
63502,5
63503,3
63504,3
63505,6
63508,9
63509,9
63515,5
63519,0
63520,10
63521,6
63526,10
63526,8
63527,6
63530,6
63530,0
63536,3
63537,0
63538,9
63538,3
63540,6
63543,9
63547,10
63547,6
63548,0
63554,5
63556,1
63559,7
63560,2
63561,2
63564,7
63565,6
63571,8
63573,2
63574,8
63574,4
63575,0
63578,5
63579,10
63580,3
63580,6
63580,8
63581,4
63581,7
63581,2
63583,1
63585,0
63585,2
63588,9
63592,8
63593,0
63595,6
63602,2
63604,0
63605,1
63607,8
63610,4
63610,9
63612,8
63613,3
63615,3
63621,10
63623,3
63623,4
63624,5
63625,6
63628,4
63629,4
63631,3
63632,3
63632,5
63633,0
63634,6
63636,10
63640,5
63642,8
63644,8
63649,9
63650,8
63650,0
63651,9
63652,7
63658,2
63658,7
63658,1
63661,5
63662,5
63663,6
63665,3
63669,1
63670,1
63671,1
63671,0
63675,9
63676,4
63677,8
63678,3
63680,8
63681,10
63683,7
63689,3
63691,8
63692,1
63695,4
63695,3
63697,4
63698,4
63698,6
63699,4
63700,0
63702,7
63703,9
63705,4
63705,0
63707,5
63714,9
63717,9
63719,5
63719,8
63728,8
63730,9
63735,5
63737,9
63739,1
63740,4
63740,0
63740,7
63741,0
63744,7
63748,2
63748,3
63749,3
63752,0
63755,3
63756,2
63758,1
63761,0
63763,6
63764,0
63766,8
63768,5
63770,3
63777,2
63785,8
63789,1
63790,3
63791,5
63793,3
63794,10
63796,0
63802,3
63803,7
63807,6
63807,8
63807,1
63808,1
63808,0
63809,0
63810,2
63820,8
63822,1
63824,1
63825,5
63826,9
63831,10
63833,4
63835,9
63835,1
63837,3
63838,6
63841,6
63843,1
63849,7
63850,9
63851,4
63852,8
63854,0
63857,10
63858,6
63859,5
63861,1
63862,4
63864,0
63864,4
63865,4
63866,4
63878,7
63879,5
63880,5
63880,10
63881,7
63881,5
63882,9
63888,8
63890,1
63894,0
63903,0
63903,1
63905,3
63905,2
63907,6
63908,9
63911,2
63912,7
63913,2
63914,2
63917,3
63918,2
63919,0
63923,9
63924,10
63928,7
63928,8
63929,9
63929,10
63930,3
63930,6
63932,9
63936,10
63942,0
63944,3
63946,8
63946,2
63947,8
63947,5
63948,2
63950,1
63954,7
63955,0
63956,5
63956,4
63962,10
63962,0
63963,6
63966,0
63969,9
63970,5
63971,8
63973,2
63975,8
63976,9
63976,1
63977,9
63978,6
63980,7
63981,3
63984,5
63988,6
63994,3
64003,7
64005,9
64007,9
64007,3
64009,3
64010,0
64011,4
64012,8
64013,4
64013,5
64014,8
64014,5
64017,2
64019,0
64027,2
64029,3
64030,1
64031,3
64034,1
64034,0
64036,7
64040,3
64041,5
64043,0
64044,8
64048,9
64048,10
64050,10
64053,2
64059,1
64060,2
64060,5
64063,4
64064,10
64069,4
64070,2
64070,1
64071,10
64076,10
64076,7
64079,10
64080,8
64085,9
64088,0
64089,3
64089,4
64094,1
64096,7
64098,8
64098,10
64099,9
64101,10
64101,6
64106,7
64108,2
64110,3
64110,1
64112,5
64114,10
64115,10
64116,4
64118,2
64118,7
64119,6
64121,0
64123,4
64124,4
64129,6
64130,0
64131,7
64139,10
64140,2
64141,4
64142,6
64143,9
64146,2
64148,7
64151,5
64153,0
64157,8
64159,6
64160,1
64160,8
64165,10
64165,0
64166,7
64166,10
64168,0
64170,3
64172,1
64178,10
64181,3
64182,2
64183,0
64183,8
64185,7
64189,7
64190,0
64191,1
64192,6
64193,9
64193,3
64194,2
64196,3
64196,2
64196,4
64198,6
64200,5
64200,8
64202,10
64202,3
64203,8
64204,5
64204,3
64206,2
64207,6
64207,7
64209,1
64209,5
64209,3
64213,2
64216,1
64216,9
64216,3
64217,6
64225,0
64226,3
64228,10
64232,10
64233,7
64233,4
64235,9
64236,9
64236,2
64241,0
64242,7
64245,9
64247,5
64248,6
64248,0
64251,7
64253,1
64255,1
64258,5
64259,2
64260,10
64263,6
64269,5
64270,6
64270,9
64272,8
64273,10
64275,0
64276,1
64278,9
64279,7
64280,7
64283,5
64283,10
64288,8
64289,10
64289,3
64290,10
64291,7
64292,8
64295,10
64295,3
64296,9
64296,0
64296,10
64297,8
64297,7
64303,4
64305,1
64305,0
64308,3
64310,1
64311,10
64312,0
64317,6
64318,5
64320,1
64325,8
64327,1
64327,6
64328,2
64330,10
64331,10
64331,6
64332,6
64337,2
64341,5
64341,9
64343,6
64347,8
64348,7
64351,0
64351,3
64355,7
64357,4
64358,7
64364,7
64368,8
64370,8
64372,10
64373,6
64374,6
64375,3
64378,4
64379,1
64383,5
64386,6
64391,8
64392,8
64395,0
64395,8
64396,4
64400,4
64400,3
64403,6
64407,9
64407,6
64409,1
64410,4
64418,7
64418,3
64419,1
64419,7
64424,10
64427,10
64428,8
64432,3
64436,6
64439,4
64440,5
64441,10
64443,8
64444,5
64454,9
64454,1
64455,9
64456,0
64456,8
64458,0
64461,7
64462,8
64467,8
64467,3
64467,7
64469,5
64469,3
64470,0
64474,3
64474,9
64474,4
64478,7
64479,3
64479,2
64482,4
64484,0
64485,4
64487,0
64488,10
64489,8
64491,4
64492,2
64494,1
64497,5
64499,1
64500,1
64506,1
64508,2
64511,8
64512,6
64520,8
64521,1
64523,7
64528,1
64529,8
64529,4
64534,2
64536,0
64537,5
64540,10
64541,3
64543,0
64548,4
64549,10
64550,10
64550,0
64552,0
64552,2
64555,2
64555,4
64557,10
64558,6
64560,0
64560,6
64561,10
64562,5
64568,8
64571,0
64575,6
64578,7
64584,0
64584,1
64587,7
64589,7
64591,7
64593,7
64594,2
64596,5
64597,6
64600,2
64601,0
64602,6
64604,8
64604,9
64607,3
64608,10
64614,0
64615,9
64617,9
64622,4
64622,5
64623,4
64624,1
64630,9
64635,3
64636,5
64636,6
64637,5
64639,8
64641,1
64642,1
64642,3
64643,8
64647,0
64648,3
64652,2
64656,0
64660,8
64664,2
64667,5
64667,7
64669,1
64671,3
64671,10
64674,3
64674,4
64675,1
64675,9
64676,6
64678,0
64678,5
64682,9
64684,7
64685,1
64685,3
64689,5
64690,2
64691,8
64694,7
64694,9
64694,6
64699,9
64702,9
64705,2
64709,8
64711,4
64716,6
64717,5
64722,6
64729,7
64730,8
64731,1
64732,9
64734,7
64737,2
64739,0
64740,9
64740,6
64742,2
64747,4
64749,1
64750,9
64754,7
64756,0
64758,5
64758,10
64759,6
64760,5
64760,2
64765,6
64765,9
64766,6
64767,2
64771,10
64773,10
64773,6
64775,7
64776,2
64777,4
64781,4
64781,8
64782,10
64784,5
64787,5
64792,10
64796,9
64797,0
64799,8
64803,3
64806,0
64808,3
64809,7
64815,7
64815,3
64815,8
64820,2
64821,9
64826,7
64833,9
64834,2
64839,6
64846,9
64847,10
64847,7
64851,10
64852,0
64853,1
64854,3
64854,8
64856,5
64857,5
64862,3
64866,0
64867,7
64872,9
64875,6
64875,7
64876,9
64876,6
64882,10
64887,7
64888,5
64889,1
64890,10
64892,6
64892,9
64893,9
64896,9
64896,1
64898,3
64899,5
64900,9
64900,6
64903,0
64905,6
64906,6
64908,6
64909,0
64910,0
64910,2
64912,1
64912,9
64915,5
64915,4
64918,0
64919,6
64921,5
64921,2
64922,10
64924,4
64924,3
64925,9
64926,2
64932,0
64932,6
64932,3
64933,1
64935,4
64940,10
64941,2
64946,2
64946,8
64949,4
64953,8
64955,2
64956,0
64956,5
64957,2
64957,10
64961,8
64961,10
64965,8
64968,6
64970,0
64971,1
64971,9
64972,8
64972,4
64976,9
64982,3
64984,6
64985,8
64987,3
64987,9
64990,7
64991,8
64992,9
64993,7
64996,10
64996,5
64998,0
65001,10
65003,0
65006,4
65009,7
65009,3
65010,8
65011,5
65018,5
65020,0
65024,5
65031,10
65034,10
65040,3
65040,8
65042,5
65044,2
65045,2
65047,0
65048,9
65049,2
65050,4
65051,0
65054,10
65055,6
65056,8
65056,6
65058,5
65059,10
65067,0
65068,0
65069,0
65070,0
65072,9
65073,10
65073,5
65075,7
65078,0
65079,10
65080,8
65081,7
65081,5
65083,5
65084,9
65087,4
65089,10
65090,9
65091,9
65094,5
65096,7
65098,10
65101,6
65101,9
65104,3
65108,10
65110,10
65117,8
65118,1
65121,2
65122,5
65122,6
65128,1
65134,0
65135,2
65135,8
65137,5
65138,5
65139,9
65142,10
65149,5
65153,7
65162,8
65164,4
65170,0
65172,0
65173,10
65173,2
65176,5
65176,8
65178,9
65181,9
65190,8
65191,3
65195,10
65196,4
65200,8
65201,7
65202,0
65206,0
65206,4
65207,1
65207,3
65209,7
65212,8
65213,4
65219,7
65222,4
65223,4
65224,2
65225,6
65227,2
65228,5
65230,2
65235,0
65237,6
65239,3
65240,5
65242,1
65242,5
65244,10
65244,3
65246,1
65247,5
65248,7
65249,6
65252,5
65253,0
65254,6
65254,8
65256,7
65257,9
65258,6
65259,4
65263,4
65265,7
65270,1
65270,9
65273,7
65275,3
65275,1
65276,1
65276,8
65280,7
65283,9
65286,2
65289,5
65292,10
65297,2
65299,5
65299,1
65304,0
65305,9
65306,8
65307,3
65308,10
65309,0
65311,2
65311,1
65315,9
65316,6
65321,10
65323,3
65324,0
65324,4
65324,2
65326,1
65326,10
65327,5
65328,8
65331,0
65337,5
65338,6
65338,9
65340,8
65342,6
65345,6
65347,0
65350,5
65351,9
65352,4
65352,7
65353,5
65355,7
65355,6
65356,3
65366,7
65369,1
65371,5
65374,4
65375,8
65375,1
65378,8
65381,9
65381,2
65384,9
65386,3
65389,7
65393,8
65394,2
65395,10
65396,1
65401,6
65401,3
65402,0
65403,4
65403,3
65404,1
65413,6
65415,7
65416,2
65418,5
65418,0
65420,5
65425,7
65429,7
65430,4
65431,2
65433,5
65434,8
65437,5
65438,8
65439,2
65441,0
65442,3
65442,9
65442,10
65446,7
65447,0
65448,5
65450,3
65451,8
65451,9
65453,8
65454,1
65454,10
65455,6
65455,3
65459,3
65462,3
65462,6
65462,8
65463,0
65465,7
65466,5
65470,2
65470,9
65471,6
65471,10
65471,9
65473,6
65475,10
65475,7
65479,6
65479,7
65483,6
65488,4
65490,10
65492,7
65493,8
65495,9
65500,1
65503,8
65504,8
65504,2
65504,5
65505,7
65506,1
65507,4
65507,9
65513,1
65515,0
65518,8
65519,4
65520,4
65523,10
65524,4
65529,10
65531,8
65532,3
65534,5
65534,8
65535,4
65537,2
65538,9
65538,5
65542,2
65546,1
65547,6
65547,8
65548,0
65549,6
65554,10
65559,3
65559,1
65559,8
65559,7
65560,8
65563,8
65571,1
65573,0
65575,8
65577,7
65578,8
65583,5
65583,7
65584,5
65584,2
65585,7
65585,1
65588,9
65589,7
65590,1
65590,5
65591,3
65593,0
65597,3
65598,5
65599,0
65600,5
65602,10
65604,1
65606,10
65608,9
65608,0
65609,4
65612,8
65619,0
65621,6
65624,6
65625,4
65629,0
65632,10
65632,3
65633,5
65636,4
65641,7
65644,10
65645,0
65648,5
65649,9
65651,9
65656,7
65660,8
65666,0
65671,5
65672,7
65674,3
65678,3
65678,1
65679,0
65682,4
65685,9
65686,4
65689,8
65691,1
65692,7
65693,1
65693,4
65695,5
65704,8
65716,4
65718,1
65720,9
65721,5
65722,6
65724,0
65725,6
65730,5
65733,1
65735,9
65738,6
65739,1
65739,4
65740,7
65740,5
65742,0
65744,9
65750,5
65757,4
65761,8
65762,3
65762,7
65768,6
65771,3
65772,2
65775,3
65778,2
65779,6
65779,3
65780,6
65788,7
65789,1
65790,1
65791,5
65794,10
65795,8
65800,8
65800,10
65802,8
65808,3
65813,8
65816,9
65828,1
65829,4
65836,6
65842,0
65843,8
65851,1
65852,6
65853,4
65853,9
65856,6
65857,7
65859,3
65861,8
65869,3
65872,2
65875,4
65877,0
65878,1
65880,5
65881,6
65882,7
65882,6
65882,9
65883,1
65884,10
65886,10
65890,0
65892,2
65892,8
65892,6
65893,2
65894,8
65897,3
65902,0
65902,1
65904,5
65907,10
65908,0
65910,10
65912,4
65912,9
65912,2
65913,1
65915,1
65915,5
65916,6
65917,5
65919,2
65921,5
65922,0
65923,5
65924,2
65924,7
65929,10
65929,8
65931,1
65932,3
65932,8
65932,7
65933,10
65938,5
65944,5
65949,4
65950,9
65950,7
65950,8
65950,4
65951,8
65953,0
65954,7
65955,1
65956,0
65958,6
65959,7
65960,0
65961,6
65961,1
65962,0
65966,5
65968,6
65968,7
65970,10
65977,1
65977,10
65979,2
65979,1
65980,4
65981,2
65981,7
65988,6
65988,8
65996,6
65999,5
65999,10
66001,10
66003,0
66008,4
66009,9
66010,6
66010,4
66012,7
66016,3
66020,6
66021,5
66021,1
66022,3
66024,6
66028,7
66031,1
66031,0
66034,3
66038,2
66041,7
66045,1
66046,5
66050,7
66052,10
66053,9
66055,8
66058,9
66059,1
66065,9
66066,2
66072,5
66072,3
66073,4
66075,9
66077,7
66078,2
66079,1
66079,5
66079,9
66081,5
66082,5
66084,9
66088,3
66090,8
66092,9
66092,2
66094,0
66096,1
66098,3
66098,9
66099,3
66102,1
66103,0
66107,2
66108,1
66109,2
66111,9
66113,6
66115,0
66115,7
66118,10
66119,0
66120,9
66121,4
66122,4
66127,3
66127,2
66133,6
66134,2
66134,6
66135,9
66137,6
66138,1
66139,3
66141,0
66145,10
66150,10
66150,2
66153,8
66156,1
66159,8
66159,10
66159,9
66161,6
66161,3
66161,8
66162,7
66165,8
66168,8
66170,8
66171,6
66171,7
66171,5
66172,1
66174,6
66175,6
66175,0
66177,9
66179,4
66181,1
66188,7
66188,8
66190,4
66192,10
66193,10
66194,2
66197,1
66201,7
66204,8
66204,5
66204,6
66205,4
66212,5
66212,1
66213,1
66213,5
66213,10
66216,8
66223,9
66225,5
66232,3
66233,6
66234,3
66236,2
66241,0
66243,10
66248,0
66249,9
66254,0
66254,6
66255,9
66259,5
66261,1
66273,6
66277,8
66285,8
66287,1
66288,0
66294,3
66302,8
66305,9
66306,8
66309,3
66318,1
66319,8
66321,6
66321,9
66322,9
66323,8
66328,5
66330,7
66331,4
66335,5
66336,10
66338,2
66339,5
66341,4
66346,8
66347,2
66351,8
66353,5
66354,5
66355,5
66356,6
66356,1
66357,8
66359,10
66364,4
66365,3
66367,0
66370,3
66372,4
66373,1
66374,7
66377,4
66378,9
66382,10
66383,10
66387,10
66397,9
66402,8
66403,1
66405,1
66406,7
66406,8
66407,2
66409,8
66410,6
66410,1
66411,10
66415,2
66416,0
66418,0
66423,9
66424,10
66426,9
66429,10
66431,9
66434,6
66436,7
66437,10
66437,0
66438,7
66439,2
66441,4
66443,2
66444,2
66446,6
66446,8
66447,0
66449,1
66449,0
66451,9
66451,3
66453,6
66454,0
66466,10
66467,0
66468,10
66469,1
66471,4
66472,6
66472,0
66472,4
66475,3
66475,8
66482,4
66483,3
66484,0
66488,2
66489,2
66489,1
66492,7
66493,4
66500,6
66502,9
66503,9
66505,2
66506,4
66506,8
66509,9
66510,3
66514,9
66521,0
66522,6
66523,10
66524,9
66525,9
66526,9
66527,4
66529,9
66529,5
66529,0
66531,5
66540,3
66542,7
66547,9
66551,4
66554,7
66555,4
66556,1
66557,10
66559,5
66561,8
66562,0
66563,7
66567,2
66572,1
66579,9
66580,4
66580,5
66581,1
66581,5
66582,9
66583,6
66583,2
66585,1
66586,3
66587,5
66589,0
66593,8
66598,3
66599,5
66599,1
66600,9
66602,4
66602,6
66603,9
66605,4
66618,1
66625,8
66627,8
66629,2
66630,0
66636,4
66637,2
66638,4
66640,4
66646,6
66647,0
66647,5
66648,7
66649,3
66654,1
66656,2
66657,7
66659,0
66664,7
66665,1
66665,8
66670,1
66671,3
66673,10
66675,1
66679,10
66681,7
66685,7
66687,7
66690,8
66693,3
66694,5
66699,2
66699,4
66700,2
66701,0
66702,8
66704,7
66705,5
66708,9
66708,10
66708,6
66719,0
66722,10
66725,10
66731,8
66732,9
66733,6
66734,0
66739,7
66750,5
66751,5
66752,1
66752,7
66753,8
66754,6
66758,1
66760,4
66762,1
66764,10
66770,0
66771,1
66776,10
66778,8
66778,9
66784,1
66784,6
66787,8
66789,4
66791,5
66793,5
66799,1
66801,5
66802,7
66804,7
66804,2
66808,10
66808,4
66810,8
66812,6
66813,9
66816,5
66817,6
66819,2
66821,5
66822,6
66822,3
66823,5
66824,6
66826,3
66826,8
66828,9
66828,10
66832,8
66832,0
66834,9
66835,5
66839,6
66841,7
66845,10
66848,4
66848,0
66850,2
66851,6
66852,8
66852,2
66853,7
66854,9
66858,3
66860,7
66861,8
66862,5
66868,9
66869,8
66869,7
66870,6
66871,3
66873,9
66873,10
66874,5
66878,9
66879,3
66881,5
66881,0
66883,9
66884,10
66886,3
66886,0
66887,9
66887,6
66888,10
66889,3
66890,4
66890,10
66891,2
66897,1
66897,7
66897,10
66898,4
66898,9
66899,8
66899,10
66900,9
66901,0
66902,9
66902,8
66902,4
66904,2
66908,1
66911,1
66911,3
66913,8
66915,1
66924,2
66924,5
66925,5
66926,0
66926,8
66926,2
66928,1
66929,10
66932,6
66934,2
66935,8
66938,3
66938,6
66938,4
66940,8
66941,8
66941,0
66943,4
66943,7
66945,9
66947,5
66949,4
66952,3
66952,5
66952,7
66953,8
66954,8
66955,5
66956,0
66962,4
66962,5
66964,8
66964,0
66964,6
66965,10
66966,3
66967,3
66967,2
66968,4
66972,1
66972,8
66974,4
66976,3
66976,5
66982,5
66983,6
66989,0
66990,9
66995,4
66996,4
66998,9
66999,0
66999,6
67000,1
67000,2
67006,7
67007,9
67009,5
67010,5
67011,5
67012,9
67021,9
67021,6
67024,5
67027,7
67028,9
67029,7
67030,7
67030,10
67030,9
67031,9
67031,6
67032,2
67034,6
67039,1
67040,6
67041,7
67044,10
67046,2
67049,10
67051,8
67052,1
67052,9
67055,0
67058,4
67058,8
67059,9
67059,10
67060,3
67060,6
67061,10
67066,0
67066,6
67066,7
67068,0
67069,10
67072,3
67072,10
67074,9
67074,7
67077,10
67078,1
67081,6
67082,2
67083,1
67083,8
67092,2
67095,4
67099,9
67099,3
67099,5
67101,1
67106,1
67107,3
67107,2
67111,2
67117,3
67120,3
67122,9
67122,1
67124,4
67126,6
67127,2
67128,2
67130,1
67133,7
67133,10
67133,4
67135,1
67136,8
67136,7
67136,2
67137,10
67145,8
67145,9
67146,2
67146,8
67146,3
67148,5
67149,8
67163,3
67165,6
67167,5
67169,3
67169,10
67172,10
67173,10
67173,5
67174,5
67177,6
67178,6
67179,5
67179,10
67183,4
67183,10
67184,8
67185,6
67188,8
67190,6
67190,8
67193,8
67199,7
67201,2
67202,3
67203,9
67204,5
67206,9
67207,10
67210,1
67211,3
67211,7
67213,6
67214,1
67215,6
67216,5
67217,9
67219,7
67221,6
67224,1
67225,1
67226,5
67227,8
67233,7
67234,7
67235,1
67235,8
67235,9
67236,7
67237,0
67237,2
67238,2
67240,2
67242,1
67243,0
67246,2
67246,8
67253,8
67257,8
67257,9
67268,3
67270,9
67271,2
67271,9
67271,7
67272,1
67272,10
67274,9
67276,4
67277,4
67278,4
67279,9
67282,6
67283,8
67284,0
67293,6
67295,2
67296,6
67296,9
67298,0
67302,8
67302,1
67304,2
67305,8
67306,1
67306,10
67306,5
67307,8
67307,0
67308,0
67309,5
67309,1
67310,5
67311,0
67313,1
67315,6
67317,9
67317,3
67318,7
67319,0
67321,4
67322,10
67323,4
67325,8
67325,4
67326,3
67326,10
67330,4
67332,3
67335,10
67336,6
67339,10
67345,2
67345,0
67346,8
67348,1
67353,8
67354,5
67355,5
67358,5
67361,2
67362,2
67362,4
67363,1
67364,4
67364,1
67365,7
67365,10
67367,2
67368,1
67368,7
67369,6
67374,10
67374,5
67383,1
67388,4
67390,1
67391,3
67398,3
67401,0
67401,1
67401,3
67402,8
67402,5
67404,3
67405,0
67406,1
67407,0
67415,9
67418,3
67420,7
67420,6
67421,3
67422,2
67422,9
67425,4
67426,9
67427,2
67427,5
67429,3
67429,9
67435,5
67442,6
67442,3
67444,5
67447,4
67448,10
67449,3
67449,10
67453,10
67454,3
67456,4
67457,3
67458,8
67459,6
67460,9
67460,8
67462,7
67464,5
67466,6
67468,9
67468,5
67470,1
67473,5
67475,0
67479,1
67480,7
67481,1
67488,10
67492,10
67496,0
67498,3
67502,8
67503,5
67504,1
67508,6
67510,8
67516,10
67518,1
67518,7
67519,3
67520,10
67521,9
67521,5
67523,6
67523,8
67524,2
67527,10
67530,1
67531,9
67533,4
67539,4
67539,2
67539,6
67539,1
67539,9
67540,10
67547,0
67547,9
67548,2
67553,6
67554,8
67556,9
67558,5
67562,10
67562,5
67563,0
67565,9
67567,9
67567,7
67568,1
67568,4
67569,8
67572,4
67572,2
67573,5
67577,6
67577,0
67578,3
67580,10
67580,8
67582,9
67582,3
67589,6
67591,9
67592,10
67598,3
67600,6
67600,2
67600,7
67602,4
67605,1
67606,8
67610,8
67617,3
67619,9
67622,3
67623,2
67625,8
67627,0
67627,9
67628,4
67628,7
67632,7
67633,8
67634,6
67638,6
67644,10
67647,8
67648,2
67649,3
67652,8
67653,0
67653,5
67655,0
67656,1
67657,9
67659,4
67662,3
67666,0
67666,4
67666,9
67669,3
67671,8
67678,1
67680,7
67682,10
67682,4
67687,2
67688,10
67688,3
67691,10
67691,1
67692,9
67693,1
67694,1
67700,0
67700,9
67702,8
67706,8
67706,6
67710,0
67710,10
67711,6
67714,6
67715,5
67715,1
67718,0
67720,3
67722,9
67726,3
67730,4
67731,0
67731,10
67732,9
67734,10
67734,9
67741,1
67742,7
67742,4
67743,4
67744,7
67745,5
67746,2
67747,2
67751,1
67754,4
67758,1
67763,2
67764,9
67765,3
67765,0
67769,10
67770,8
67772,5
67772,6
67776,1
67776,4
67777,0
67779,2
67780,5
67784,2
67789,2
67789,10
67791,3
67798,7
67800,1
67801,9
67803,7
67809,9
67810,7
67812,3
67815,2
67816,6
67819,2
67823,2
67823,4
67826,4
67828,3
67828,6
67831,0
67838,4
67839,1
67840,5
67841,1
67842,5
67844,5
67844,4
67845,3
67845,1
67845,6
67847,9
67847,5
67850,8
67850,6
67854,9
67857,10
67858,4
67859,10
67860,2
67861,0
67867,7
67868,5
67868,9
67868,8
67869,0
67875,6
67876,5
67880,10
67880,0
67882,4
67883,0
67884,3
67885,2
67886,3
67887,9
67888,10
67888,6
67889,3
67889,9
67896,4
67898,1
67899,0
67900,9
67907,2
67911,0
67917,9
67922,1
67926,3
67926,6
67926,10
67927,3
67931,2
67934,5
67936,7
67937,5
67938,4
67939,0
67941,3
67941,2
67945,9
67949,10
67951,0
67953,9
67953,7
67954,0
67955,7
67956,10
67956,7
67957,10
67957,5
67958,5
67960,3
67965,6
67966,3
67969,6
67969,1
67970,0
67971,4
67975,2
67976,7
67976,8
67977,3
67977,10
67978,2
67979,0
67980,4
67980,10
67981,7
67981,6
67987,1
67988,0
67989,10
67989,3
67991,0
67995,8
68000,4
68000,8
68006,2
68010,9
68012,6
68013,2
68016,1
68017,5
68020,2
68025,6
68025,8
68026,9
68034,1
68045,10
68046,1
68048,6
68049,0
68049,7
68050,6
68050,5
68053,10
68055,7
68060,9
68063,1
68066,7
68067,4
68074,6
68075,0
68077,7
68078,10
68078,0
68081,2
68083,10
68087,4
68087,10
68089,2
68090,4
68091,3
68091,10
68092,8
68099,2
68102,6
68103,4
68104,8
68104,6
68112,8
68112,2
68113,8
68116,6
68117,7
68120,6
68121,10
68122,8
68131,9
68131,0
68132,4
68143,2
68143,0
68145,9
68146,1
68148,1
68149,4
68154,5
68156,0
68156,10
68159,6
68160,5
68161,7
68162,10
68166,0
68169,8
68171,10
68175,8
68180,6
68180,2
68181,6
68186,7
68186,2
68187,7
68189,10
68195,6
68196,3
68200,4
68202,9
68205,0
68205,2
68211,0
68216,2
68218,6
68218,9
68220,3
68221,6
68224,0
68225,6
68228,0
68230,3
68234,6
68236,5
68236,8
68236,0
68238,10
68238,9
68239,9
68242,1
68243,3
68243,9
68245,5
68246,4
68250,0
68250,2
68251,6
68251,2
68252,0
68257,1
68257,3
68258,4
68263,10
68267,9
68268,4
68269,6
68273,9
68281,4
68282,4
68282,8
68283,1
68284,5
68285,10
68287,0
68289,0
68289,7
68293,10
68295,2
68298,3
68302,3
68304,0
68304,10
68305,5
68308,7
68310,6
68310,5
68311,3
68311,9
68314,8
68314,7
68314,4
68316,8
68319,0
68321,2
68322,5
68322,8
68324,6
68327,1
68327,4
68329,5
68331,1
68331,10
68334,7
68335,5
68336,2
68338,3
68338,6
68341,5
68343,9
68343,10
68343,7
68345,8
68352,7
68353,2
68356,9
68357,3
68358,7
68358,8
68360,5
68361,4
68362,5
68364,2
68365,10
68370,3
68370,2
68372,9
68374,2
68375,7
68376,3
68380,8
68380,2
68382,8
68384,5
68385,4
68385,3
68387,1
68390,9
68390,8
68392,6
68400,3
68400,5
68402,8
68404,10
68406,1
68410,7
68412,2
68412,7
68415,5
68415,4
68422,2
68422,6
68423,3
68426,6
68429,9
68429,4
68432,6
68434,2
68434,9
68435,6
68441,9
68441,7
68442,6
68445,0
68445,2
68447,10
68451,7
68452,5
68453,9
68453,1
68454,5
68454,3
68457,5
68457,4
68457,3
68458,2
68458,5
68461,4
68461,9
68467,3
68468,7
68468,9
68469,7
68472,1
68473,4
68474,10
68476,0
68477,10
68482,9
68485,0
68486,6
68488,1
68488,6
68490,0
68490,1
68491,4
68491,5
68492,1
68493,7
68495,2
68498,7
68498,9
68500,7
68501,6
68505,0
68506,10
68509,8
68510,8
68511,5
68512,9
68515,10
68519,7
68521,8
68523,7
68523,5
68524,0
68525,6
68527,0
68528,4
68530,2
68533,8
68534,9
68536,5
68545,4
68547,9
68549,5
68553,6
68555,7
68557,1
68558,4
68560,8
68562,4
68563,9
68570,9
68574,4
68576,8
68584,10
68588,0
68589,9
68589,3
68592,3
68594,1
68596,8
68601,10
68601,0
68602,3
68604,0
68606,5
68607,3
68607,8
68608,1
68609,1
68609,9
68610,8
68612,6
68618,10
68619,10
68620,4
68623,5
68623,0
68624,8
68625,6
68632,7
68632,2
68634,10
68634,8
68634,6
68635,10
68636,9
68637,9
68638,8
68640,1
68641,4
68643,5
68644,8
68648,4
68651,7
68652,9
68654,7
68656,10
68656,3
68658,1
68660,8
68663,1
68666,2
68667,4
68668,8
68669,2
68673,1
68675,5
68677,6
68680,4
68685,5
68689,9
68691,4
68699,9
68700,7
68702,8
68702,0
68704,2
68704,3
68708,9
68708,10
68714,3
68718,2
68720,4
68723,0
68723,2
68723,10
68724,0
68725,5
68730,5
68732,4
68733,5
68734,2
68734,6
68739,7
68739,0
68740,5
68740,1
68742,3
68747,7
68749,6
68751,5
68753,10
68753,2
68756,10
68756,1
68758,4
68759,4
68759,5
68760,4
68760,1
68761,8
68763,7
68764,2
68765,10
68766,4
68766,7
68767,9
68770,4
68771,9
68771,0
68778,8
68778,4
68781,8
68781,6
68783,3
68786,10
68787,3
68790,3
68793,8
68794,2
68794,4
68794,1
68796,5
68796,0
68800,0
68800,8
68805,1
68806,4
68809,2
68812,8
68819,5
68832,5
68833,3
68834,0
68834,2
68835,8
68837,10
68841,8
68841,4
68846,2
68850,5
68853,5
68861,9
68861,3
68864,5
68864,6
68867,1
68873,4
68874,0
68875,7
68877,2
68877,1
68878,0
68882,7
68883,5
68883,0
68884,3
68884,7
68887,4
68889,6
68889,3
68891,10
68893,8
68893,9
68894,4
68895,2
68897,1
68898,9
68903,4
68904,8
68904,10
68908,3
68909,4
68910,5
68915,6
68915,9
68916,8
68921,5
68926,6
68928,2
68931,5
68932,6
68933,9
68934,8
68934,4
68936,9
68939,4
68939,8
68943,6
68945,8
68945,4
68947,0
68948,3
68948,10
68949,9
68954,8
68954,5
68954,9
68959,10
68960,5
68960,8
68964,6
68966,4
68967,5
68968,2
68970,10
68972,6
68974,4
68975,6
68978,5
68980,5
68982,4
68987,10
68993,7
68993,1
68999,4
69001,4
69002,6
69010,6
69011,8
69015,3
69017,8
69017,3
69024,2
69025,0
69026,8
69026,6
69031,2
69033,3
69036,6
69037,2
69038,2
69038,8
69038,5
69039,3
69040,8
69045,8
69048,10
69048,4
69049,1
69050,8
69050,1
69052,4
69053,6
69056,4
69058,9
69058,3
69060,7
69061,8
69061,5
69064,10
69065,9
69065,3
69069,1
69074,2
69075,6
69078,0
69079,1
69082,1
69087,10
69088,0
69090,3
69092,3
69092,9
69093,8
69094,6
69097,2
69097,4
69099,3
69099,5
69105,5
69106,9
69110,6
69111,5
69111,1
69116,10
69120,8
69121,3
69121,10
69125,9
69126,7
69126,4
69127,8
69127,1
69129,7
69130,3
69131,4
69132,2
69136,0
69136,1
69140,1
69140,9
69141,6
69142,4
69143,3
69144,0
69147,2
69148,5
69149,6
69151,7
69151,9
69154,7
69155,6
69157,1
69157,8
69158,1
69159,9
69161,2
69162,0
69163,10
69166,4
69167,7
69168,2
69168,0
69169,4
69170,4
69171,5
69171,6
69173,3
69173,4
69176,3
69177,2
69179,9
69183,2
69185,3
69188,3
69189,7
69191,4
69193,8
69196,8
69198,9
69199,1
69199,7
69201,8
69209,6
69209,4
69213,5
69223,7
69224,7
69226,5
69229,10
69229,6
69229,4
69230,3
69230,2
69232,4
69233,7
69233,3
69238,5
69238,4
69238,1
69241,8
69241,5
69242,4
69244,9
69246,9
69248,6
69249,4
69254,4
69258,7
69258,4
69262,7
69263,6
69265,1
69265,3
69268,3
69268,6
69269,6
69269,0
69274,6
69275,5
69281,5
69287,9
69287,0
69290,8
69290,5
69292,9
69294,2
69294,1
69295,1
69296,4
69298,1
69301,4
69303,9
69305,10
69306,9
69308,10
69309,4
69311,5
69311,0
69313,1
69315,3
69316,1
69320,1
69328,10
69330,7
69333,6
69334,1
69335,4
69335,9
69336,4
69338,2
69339,4
69340,1
69340,8
69341,5
69341,4
69342,1
69344,7
69345,1
69346,3
69346,8
69348,8
69349,10
69351,6
69353,2
69353,8
69354,6
69354,5
69358,7
69359,5
69364,6
69367,10
69370,10
69372,9
69373,2
69373,0
69378,9
69379,7
69379,5
69379,1
69382,3
69386,1
69387,2
69389,1
69394,1
69398,3
69399,10
69399,5
69400,1
69402,2
69409,10
69411,7
69415,4
69416,5
69416,0
69419,6
69420,10
69421,0
69425,8
69426,8
69427,10
69428,2
69428,3
69429,5
69436,5
69440,6
69444,10
69445,6
69452,0
69453,3
69454,7
69458,2
69460,10
69462,5
69464,10
69468,1
69470,6
69471,9
69472,9
69473,10
69474,5
69476,8
69476,6
69479,1
69484,6
69485,5
69492,7
69494,4
69495,2
69496,8
69496,9
69499,9
69501,4
69505,7
69506,3
69507,7
69507,2
69508,9
69509,0
69512,1
69515,7
69517,4
69518,0
69519,9
69521,9
69525,4
69526,9
69529,4
69529,1
69529,3
69533,2
69535,9
69537,8
69537,0
69538,9
69540,9
69541,7
69543,8
69543,5
69544,1
69545,10
69550,2
69552,8
69557,4
69557,3
69558,2
69559,5
69566,6
69574,3
69575,5
69580,1
69588,9
69588,10
69589,10
69592,1
69594,1
69600,2
69602,1
69603,2
69604,5
69607,9
69609,3
69610,3
69612,7
69619,6
69623,2
69629,3
69629,8
69632,7
69634,2
69637,1
69640,5
69648,2
69651,8
69651,1
69651,3
69652,9
69652,8
69653,7
69654,7
69666,6
69668,9
69675,2
69676,10
69678,7
69678,8
69681,1
69687,7
69691,5
69693,8
69695,10
69697,8
69697,6
69700,4
69700,3
69700,2
69703,7
69708,7
69708,5
69711,8
69711,2
69713,3
69719,9
69723,0
69723,5
69727,10
69728,0
69729,8
69730,9
69736,4
69736,1
69737,1
69737,7
69739,9
69740,4
69741,8
69744,0
69744,3
69749,2
69749,8
69752,2
69752,3
69754,7
69754,9
69755,10
69767,6
69772,8
69772,1
69777,1
69781,5
69783,6
69785,3
69786,9
69789,8
69789,6
69790,8
69792,10
69794,1
69795,4
69796,2
69798,8
69805,0
69806,8
69811,5
69812,0
69813,8
69817,5
69821,8
69822,7
69824,9
69824,4
69826,3
69829,2
69831,10
69831,1
69832,5
69832,8
69834,0
69838,1
69839,2
69840,4
69846,9
69847,6
69850,10
69853,9
69854,9
69856,7
69856,3
69857,3
69857,6
69858,10
69859,8
69860,0
69860,10
69861,0
69862,2
69868,2
69871,10
69873,9
69874,2
69874,1
69875,10
69876,5
69878,6
69886,9
69890,5
69892,2
69892,1
69897,1
69898,6
69901,2
69901,8
69901,0
69902,9
69902,6
69910,6
69913,4
69914,1
69916,1
69916,2
69917,3
69920,3
69920,9
69920,5
69920,1
69921,4
69923,1
69924,3
69925,2
69926,10
69927,10
69930,7
69931,2
69934,8
69935,7
69935,3
69936,0
69938,9
69940,5
69940,0
69945,8
69945,6
69947,3
69947,7
69952,2
69955,4
69956,8
69957,8
69958,5
69961,7
69961,2
69963,9
69964,0
69966,1
69968,10
69969,7
69973,4
69977,2
69979,10
69980,5
69986,10
69991,3
69995,2
69996,9
69996,7
69997,0
69997,4
70001,1
70009,1
70011,6
70014,3
70017,1
70019,9
70019,2
70020,1
70021,2
70021,5
70024,7
70025,2
70025,4
70027,10
70028,1
70028,9
70030,5
70034,6
70037,10
70037,0
70039,10
70041,8
70041,7
70043,9
70043,8
70043,5
70046,3
70046,7
70046,0
70051,8
70051,4
70054,4
70054,2
70058,3
70058,7
70058,0
70060,1
70060,9
70062,6
70064,3
70066,8
70068,4
70074,5
70081,1
70081,3
70084,8
70094,1
70097,0
70097,4
70099,0
70099,5
70099,1
70103,1
70104,6
70110,9
70111,6
70111,0
70113,10
70114,2
70116,10
70118,9
70118,1
70119,3
70121,8
70122,0
70123,7
70125,7
70125,0
70127,1
70130,4
70131,6
70132,1
70133,0
70138,7
70143,7
70143,0
70144,6
70144,1
70148,8
70151,3
70155,4
70157,4
70160,3
70162,4
70170,0
70174,3
70180,4
70181,4
70184,0
70185,7
70185,4
70190,10
70192,8
70194,7
70195,9
70196,8
70197,3
70203,6
70203,10
70204,7
70205,7
70205,2
70208,9
70208,4
70209,6
70213,1
70213,6
70214,10
70215,1
70218,2
70220,2
70221,4
70221,0
70224,0
70224,6
70225,1
70232,0
70235,4
70237,9
70239,0
70240,9
70244,9
70250,0
70253,1
70255,8
70259,8
70261,5
70263,3
70265,9
70266,6
70267,4
70271,7
70272,6
70273,10
70276,5
70278,6
70282,0
70286,6
70288,4
70291,6
70297,0
70298,2
70298,9
70299,0
70299,8
70306,2
70310,10
70314,4
70315,6
70317,1
70319,9
70324,8
70329,9
70333,4
70335,4
70335,5
70336,4
70337,8
70337,4
70338,5
70339,4
70341,1
70342,8
70345,0
70345,9
70346,0
70349,0
70350,1
70353,9
70356,4
70356,9
70359,2
70361,5
70361,2
70364,5
70365,1
70366,10
70369,6
70369,8
70369,3
70371,2
70371,7
70372,3
70374,2
70375,10
70377,8
70377,1
70378,9
70382,0
70384,4
70384,10
70385,5
70386,8
70389,8
70392,1
70401,2
70403,5
70404,5
70404,6
70409,4
70409,3
70410,2
70412,9
70413,0
70423,5
70424,5
70424,10
70425,0
70426,4
70431,6
70432,6
70432,1
70433,1
70436,0
70438,0
70441,6
70441,5
70446,6
70451,8
70458,4
70459,6
70459,9
70460,0
70462,2
70467,10
70468,8
70468,9
70470,7
70472,9
70473,0
70473,1
70477,5
70479,8
70480,0
70480,2
70481,7
70482,10
70487,0
70487,10
70492,3
70493,2
70493,10
70496,8
70497,2
70503,1
70507,4
70507,10
70508,0
70509,2
70511,8
70515,2
70516,1
70519,7
70519,6
70522,8
70523,3
70524,5
70527,0
70530,10
70530,5
70534,10
70534,4
70540,6
70541,2
70545,7
70547,9
70547,3
70548,8
70549,7
70549,8
70551,2
70556,6
70559,7
70559,5
70562,6
70566,6
70569,8
70570,4
70572,1
70573,6
70576,7
70577,3
70584,7
70588,2
70590,2
70591,4
70593,4
70595,7
70597,6
70602,9
70603,1
70604,7
70608,0
70609,1
70610,10
70612,10
70612,4
70617,4
70623,1
70632,0
70633,9
70635,2
70640,0
70643,7
70645,2
70645,1
70645,7
70647,2
70651,3
70652,6
70656,0
70659,8
70660,8
70661,1
70663,3
70665,8
70668,5
70668,7
70670,10
70671,5
70671,4
70674,2
70679,9
70680,8
70686,10
70687,4
70687,9
70688,8
70689,5
70691,0
70693,4
70694,2
70707,4
70709,8
70712,6
70712,8
70714,3
70714,6
70715,0
70722,3
70726,1
70728,2
70734,4
70734,0
70735,8
70737,6
70738,5
70739,9
70739,7
70740,8
70742,9
70743,10
70744,9
70745,6
70748,1
70748,0
70748,9
70748,10
70752,0
70755,8
70756,5
70758,10
70762,2
70764,5
70766,3
70767,2
70767,5
70768,3
70769,6
70770,6
70771,10
70774,9
70774,2
70776,3
70776,8
70778,4
70781,4
70781,9
70782,10
70783,6
70785,9
70798,10
70799,2
70800,10
70804,6
70805,6
70806,5
70806,10
70810,1
70811,5
70814,1
70816,10
70820,6
70822,5
70824,7
70824,10
70824,6
70826,6
70829,9
70830,2
70835,6
70837,8
70838,10
70840,10
70842,4
70843,6
70843,2
70846,2
70847,6
70851,3
70854,10
70863,5
70864,6
70864,3
70867,0
70868,4
70870,8
70871,9
70872,7
70873,3
70875,10
70877,0
70880,10
70880,3
70880,4
70881,6
70883,2
70885,7
70886,9
70887,0
70891,2
70896,9
70899,7
70900,7
70900,1
70903,8
70905,4
70908,3
70908,7
70908,2
70911,0
70913,6
70914,1
70914,10
70916,6
70916,8
70916,4
70923,3
70924,3
70924,10
70927,5
70931,10
70937,7
70943,5
70943,2
70943,3
70948,1
70948,6
70949,6
70951,6
70951,7
70952,10
70954,3
70956,8
70957,1
70960,0
70964,1
70964,3
70971,0
70972,2
70972,8
70975,10
70977,1
70978,1
70981,2
70983,10
70984,4
70987,8
70990,2
70997,0
70998,2
70999,1
71000,3
71002,0
71006,5
71008,2
71010,4
71010,5
71012,1
71013,5
71013,7
71014,2
71016,6
71019,7
71021,2
71024,3
71024,1
71027,2
71029,6
71030,1
71030,4
71033,6
71035,0
71037,10
71040,1
71047,8
71049,9
71050,3
71054,5
71055,0
71056,2
71056,10
71057,4
71061,6
71061,7
71062,4
71062,5
71067,10
71067,9
71068,2
71070,1
71072,9
71072,10
71073,10
71076,0
71077,7
71078,1
71081,10
71084,10
71086,3
71088,6
71089,0
71090,6
71090,2
71091,6
71099,4
71100,0
71100,6
71101,4
71102,0
71103,0
71104,8
71104,9
71105,0
71107,2
71108,4
71108,2
71111,10
71113,8
71114,8
71114,6
71118,3
71122,7
71122,4
71124,7
71126,4
71129,2
71129,5
71129,0
71130,9
71133,2
71134,8
71134,6
71141,4
71144,9
71149,6
71149,5
71150,9
71151,6
71154,6
71158,6
71159,10
71160,2
71163,5
71165,3
71165,2
71167,9
71169,0
71169,2
71170,5
71172,4
71176,3
71176,4
71177,10
71180,2
71181,3
71181,8
71183,0
71183,2
71183,9
71185,1
71185,5
71193,0
71195,3
71196,10
71197,3
71199,8
71199,6
71202,9
71203,3
71206,10
71206,4
71209,4
71209,0
71215,6
71215,0
71215,3
71217,6
71220,8
71224,1
71228,3
71232,7
71233,5
71239,5
71240,9
71243,1
71245,1
71246,0
71248,5
71251,5
71253,10
71255,7
71256,7
71256,0
71259,4
71260,2
71261,4
71262,2
71263,9
71267,3
71268,7
71271,6
71275,1
71276,4
71276,8
71277,2
71282,4
71284,8
71287,10
71287,5
71289,4
71289,10
71291,3
71295,7
71296,3
71299,6
71300,6
71301,5
71301,7
71302,0
71304,2
71306,10
71310,4
71311,2
71311,4
71313,4
71317,9
71319,7
71320,10
71321,0
71322,3
71324,6
71325,8
71327,4
71328,0
71332,3
71333,9
71335,2
71338,9
71339,1
71342,6
71343,8
71344,3
71344,0
71347,6
71347,0
71352,4
71359,8
71363,2
71365,3
71366,0
71367,1
71369,3
71372,4
71375,1
71378,4
71381,5
71383,4
71394,10
71394,2
71394,3
71395,9
71397,3
71397,8
71404,7
71408,10
71412,6
71413,4
71414,6
71417,3
71418,4
71419,6
71423,7
71427,6
71427,2
71428,0
71429,10
71432,10
71441,0
71442,10
71443,3
71445,8
71445,7
71446,2
71446,0
71447,2
71447,8
71447,7
71451,8
71452,3
71452,2
71453,7
71464,0
71467,10
71467,5
71475,9
71476,10
71476,6
71483,8
71483,0
71485,0
71490,4
71490,2
71495,1
71499,8
71499,3
71506,2
71509,2
71512,0
71513,6
71516,4
71518,1
71519,2
71523,10
71527,6
71528,6
71534,6
71534,7
71539,10
71544,4
71544,5
71544,7
71544,0
71545,1
71545,4
71546,9
71546,6
71547,5
71549,4
71551,0
71556,8
71557,0
71557,10
71557,6
71558,9
71558,5
71563,2
71569,10
71570,7
71570,2
71572,4
71573,4
71573,3
71576,6
71576,7
71577,0
71578,6
71579,9
71584,2
71585,9
71586,8
71588,5
71589,7
71591,8
71596,10
71596,9
71596,3
71598,9
71599,1
71600,0
71602,3
71604,5
71607,8
71607,5
71608,7
71614,4
71615,9
71616,3
71617,8
71619,3
71622,2
71623,7
71627,6
71629,2
71629,1
71632,10
71633,3
71633,0
71637,6
71637,2
71639,10
71640,1
71641,2
71642,4
71644,0
71646,5
71647,6
71655,6
71655,7
71659,3
71660,1
71661,10
71663,1
71663,6
71663,8
71667,7
71668,6
71669,6
71674,7
71675,8
71678,8
71679,3
71682,7
71686,1
71693,0
71698,0
71705,8
71709,8
71712,6
71713,9
71714,0
71719,3
71720,2
71720,3
71724,7
71725,8
71726,8
71727,5
71728,1
71729,3
71730,4
71731,6
71734,4
71738,4
71739,5
71739,1
71740,8
71747,1
71754,4
71754,3
71755,2
71758,6
71759,8
71762,7
71762,4
71762,3
71763,8
71764,4
71770,8
71772,5
71773,0
71774,3
71776,0
71779,7
71779,10
71781,1
71784,8
71785,5
71787,10
71788,2
71788,5
71789,7
71794,0
71797,1
71798,6
71800,5
71802,7
71804,7
71805,0
71806,3
71808,5
71815,9
71816,1
71816,9
71816,4
71818,10
71819,5
71821,3
71822,9
71823,9
71825,1
71835,1
71843,4
71844,3
71849,10
71851,3
71851,0
71854,6
71856,6
71856,2
71856,7
71858,2
71859,9
71860,7
71866,1
71867,7
71868,3
71873,9
71877,8
71881,5
71885,8
71888,8
71891,3
71897,6
71898,2
71899,10
71902,3
71903,3
71903,9
71903,4
71903,1
71903,8
71904,1
71904,8
71905,10
71905,0
71907,8
71908,2
71909,5
71916,1
71917,1
71917,0
71918,9
71921,2
71923,5
71924,4
71926,6
71927,2
71928,3
71933,6
71934,5
71934,4
71936,8
71936,4
71937,3
71939,9
71940,4
71941,10
71945,8
71949,10
71950,1
71951,9
71953,1
71954,1
71963,8
71964,10
71966,1
71967,2
71967,5
71969,2
71972,10
71975,10
71976,1
71978,10
71979,1
71982,2
71991,1
71993,4
71994,9
71996,8
71997,3
71998,8
71998,3
72000,8
72000,9
72002,10
72003,4
72005,9
72006,4
72011,2
72011,6
72013,2
72013,0
72014,6
72014,9
72019,0
72022,6
72022,9
72023,3
72024,4
72025,4
72027,6
72027,4
72027,9
72030,10
72032,8
72032,3
72034,8
72034,0
72035,8
72036,10
72039,7
72040,8
72041,9
72041,8
72044,10
72045,7
72047,0
72051,0
72051,8
72052,4
72055,3
72062,3
72064,3
72066,9
72071,6
72081,2
72083,10
72083,4
72085,0
72086,9
72086,6
72090,2
72091,1
72091,10
72092,2
72095,3
72098,3
72100,6
72102,8
72102,5
72108,0
72109,3
72111,6
72113,2
72115,6
72118,7
72119,8
72120,8
72121,2
72122,5
72125,8
72128,9
72129,10
72131,3
72131,6
72135,0
72138,1
72139,4
72141,9
72145,1
72147,3
72149,3
72152,10
72153,5
72154,0
72157,2
72157,5
72158,3
72160,2
72160,7
72161,8
72163,8
72167,3
72184,10
72184,3
72186,2
72190,10
72191,2
72193,1
72194,8
72194,6
72195,8
72198,7
72201,10
72201,3
72208,6
72210,10
72214,10
72215,4
72215,5
72222,10
72222,1
72228,5
72228,9
72229,4
72231,2
72231,6
72231,8
72235,2
72236,3
72239,0
72239,10
72239,6
72240,5
72245,6
72246,7
72250,8
72251,10
72252,4
72258,8
72260,9
72261,6
72261,5
72263,7
72264,6
72265,0
72269,6
72270,4
72273,6
72275,0
72277,1
72280,6
72282,6
72284,8
72284,3
72285,2
72290,8
72294,9
72294,4
72294,1
72297,8
72297,7
72297,5
72301,5
72306,7
72308,2
72311,1
72311,9
72312,3
72313,5
72321,2
72321,8
72327,10
72329,6
72333,0
72334,7
72343,8
72345,6
72350,5
72352,10
72352,3
72353,3
72355,5
72355,4
72356,4
72361,9
72362,5
72363,3
72365,6
72366,5
72368,3
72373,7
72374,1
72375,3
72377,0
72378,4
72383,6
72386,1
72391,2
72393,3
72395,9
72400,7
72403,10
72407,4
72408,6
72410,10
72411,3
72411,10
72416,4
72417,5
72418,8
72419,6
72419,9
72421,0
72422,10
72423,10
72424,0
72424,6
72427,4
72428,5
72429,2
72429,9
72430,9
72432,3
72437,2
72439,0
72440,6
72440,1
72441,3
72442,0
72443,9
72444,1
72445,10
72446,2
72449,3
72451,2
72452,10
72453,4
72453,10
72463,7
72463,4
72464,10
72466,7
72469,4
72471,9
72471,10
72474,1
72476,9
72484,1
72484,6
72485,0
72487,5
72490,8
72490,1
72494,5
72498,8
72499,8
72505,8
72507,7
72507,3
72508,1
72509,6
72514,3
72514,7
72517,3
72521,5
72522,3
72524,5
72527,3
72529,0
72529,2
72530,4
72534,0
72534,7
72534,9
72538,4
72538,8
72539,0
72540,1
72542,2
72542,8
72543,4
72543,7
72550,9
72554,10
72556,1
72557,2
72557,0
72558,10
72564,9
72565,6
72566,4
72569,1
72574,10
72575,0
72575,2
72576,5
72577,3
72583,1
72592,5
72593,6
72593,8
72595,3
72596,4
72597,1
72597,9
72602,8
72606,8
72610,10
72611,9
72611,8
72612,9
72613,6
72613,8
72615,0
72615,8
72615,7
72617,3
72619,5
72620,1
72622,9
72626,8
72628,2
72633,0
72636,2
72636,9
72641,0
72641,8
72646,8
72650,1
72652,10
72654,1
72654,6
72654,0
72656,8
72661,5
72663,10
72665,10
72667,1
72668,8
72670,7
72671,4
72673,7
72675,9
72681,5
72689,4
72690,1
72692,4
72693,6
72695,2
72696,3
72696,7
72696,6
72697,7
72697,9
72703,7
72704,1
72704,10
72705,7
72706,7
72710,8
72711,4
72711,8
72712,0
72714,5
72715,9
72715,1
72716,7
72717,2
72722,5
72723,7
72724,7
72724,6
72729,8
72735,10
72736,9
72737,8
72740,3
72751,5
72753,8
72755,7
72756,4
72758,9
72759,1
72761,0
72761,2
72768,4
72768,6
72771,6
72776,5
72779,5
72781,7
72782,4
72783,10
72783,3
72784,9
72786,7
72792,9
72794,0
72798,7
72801,7
72804,0
72804,10
72807,1
72808,5
72809,6
72810,3
72810,4
72811,8
72812,7
72814,1
72818,2
72822,8
72833,4
72833,9
72834,0
72841,1
72844,0
72849,9
72856,0
72857,4
72858,2
72859,9
72859,5
72860,8
72861,10
72863,8
72866,4
72866,6
72868,3
72868,0
72870,8
72871,10
72873,8
72873,3
72877,1
72877,5
72879,5
72880,2
72880,10
72882,3
72882,8
72883,7
72883,10
72884,4
72885,4
72888,7
72888,6
72890,6
72891,2
72896,0
72896,2
72897,8
72898,5
72898,0
72898,10
72899,0
72904,5
72905,3
72905,6
72906,8
72907,4
72908,0
72908,1
72910,8
72912,3
72917,10
72919,2
72920,1
72920,9
72923,1
72923,0
72926,9
72926,5
72929,3
72933,10
72933,9
72934,5
72939,5
72940,0
72941,4
72947,2
72949,4
72950,10
72959,6
72961,1
72965,10
72966,6
72973,7
72977,5
72977,4
72978,10
72980,3
72981,8
72983,3
72984,10
72989,6
72990,7
72991,0
72995,1
72997,6
72997,8
72997,3
72999,9
73000,3
73000,9
73005,4
73007,3
73008,7
73009,4
73011,6
73012,2
73019,10
73019,3
73021,4
73022,1
73026,1
73029,7
73030,0
73039,9
73040,4
73043,7
73046,10
73047,10
73052,5
73052,0
73053,5
73056,8
73057,6
73060,7
73060,9
73060,8
73061,0
73063,2
73066,2
73068,6
73069,10
73077,0
73080,3
73080,1
73082,4
73086,7
73087,8
73087,0
73088,1
73090,5
73093,8
73098,2
73099,8
73100,9
73100,0
73101,1
73102,8
73102,0
73103,5
73104,10
73104,9
73112,0
73112,9
73120,4
73121,10
73122,5
73123,10
73123,8
73124,5
73126,3
73128,3
73129,6
73135,9
73137,7
73141,7
73145,10
73152,1
73153,5
73156,8
73156,2
73162,5
73163,8
73163,3
73164,7
73165,5
73165,7
73167,8
73167,1
73171,6
73172,10
73173,9
73173,4
73175,3
73178,0
73180,0
73184,10
73193,5
73205,5
73206,3
73209,2
73210,7
73213,0
73214,8
73221,8
73221,1
73222,8
73223,8
73226,6
73230,8
73233,1
73233,6
73234,9
73236,2
73244,0
73247,3
73249,5
73249,10
73250,10
73250,4
73252,6
73252,1
73253,9
73256,2
73257,3
73260,9
73260,10
73266,3
73273,1
73273,8
73275,2
73276,0
73279,7
73288,7
73289,5
73299,5
73301,0
73303,1
73304,5
73306,1
73309,9
73310,6
73313,10
73317,2
73320,3
73321,4
73322,4
73325,0
73327,7
73330,9
73331,1
73332,5
73334,2
73341,5
73342,10
73344,9
73345,7
73346,10
73347,10
73347,4
73351,1
73353,9
73355,0
73355,6
73359,8
73359,7
73362,4
73365,2
73367,8
73367,7
73369,0
73369,6
73374,8
73378,6
73381,2
73382,2
73389,4
73390,0
73395,5
73397,3
73398,0
73399,8
73400,1
73400,0
73404,4
73404,3
73407,5
73408,6
73408,9
73408,2
73414,1
73417,9
73418,9
73419,8
73421,9
73424,10
73429,3
73439,0
73439,8
73449,7
73449,2
73451,9
73455,9
73457,3
73457,10
73459,2
73460,10
73460,0
73462,7
73462,5
73465,10
73466,4
73468,5
73470,10
73473,7
73473,8
73477,5
73478,2
73478,1
73478,7
73479,2
73497,10
73498,4
73500,10
73507,5
73508,2
73508,8
73509,10
73510,6
73510,10
73511,3
73512,6
73513,0
73513,7
73514,9
73515,1
73515,9
73517,8
73517,0
73518,0
73519,3
73521,8
73521,3
73522,8
73526,9
73527,1
73531,9
73532,0
73533,4
73534,7
73535,7
73537,2
73539,8
73539,3
73539,1
73540,5
73540,4
73541,10
73542,2
73542,0
73542,7
73543,5
73544,1
73550,8
73550,5
73554,4
73559,6
73561,1
73562,2
73563,6
73565,1
73567,2
73573,10
73574,2
73576,6
73577,3
73578,4
73581,4
73582,3
73590,5
73592,5
73593,1
73594,8
73595,10
73596,1
73596,9
73598,1
73605,1
73607,10
73607,9
73608,7
73609,4
73611,4
73611,8
73611,2
73612,6
73613,3
73614,7
73616,10
73617,7
73618,3
73618,9
73623,2
73623,6
73623,1
73623,4
73625,2
73626,8
73629,10
73629,7
73631,1
73633,1
73634,0
73639,3
73639,7
73642,0
73642,9
73643,10
73644,1
73646,5
73651,10
73655,7
73658,8
73658,10
73659,2
73661,4
73661,9
73662,8
73664,10
73664,8
73666,9
73668,1
73669,4
73671,6
73674,10
73681,3
73682,6
73683,9
73685,5
73686,3
73692,0
73699,7
73699,5
73700,0
73702,9
73703,2
73704,6
73708,8
73714,10
73720,7
73721,6
73727,10
73727,2
73730,5
73732,3
73733,0
73736,8
73738,10
73738,0
73738,5
73738,4
73741,4
73742,2
73742,0
73744,5
73745,4
73747,7
73747,8
73750,2
73750,5
73753,8
73762,8
73764,3
73766,8
73766,4
73767,8
73770,5
73772,3
73773,8
73779,4
73780,1
73785,1
73786,7
73789,8
73795,5
73797,7
73798,6
73799,3
73800,10
73801,7
73802,7
73805,5
73810,4
73815,8
73815,7
73815,2
73816,8
73816,6
73816,4
73817,2
73818,5
73819,2
73826,5
73826,1
73828,8
73835,2
73841,0
73842,9
73845,5
73847,5
73849,7
73850,10
73853,1
73856,7
73858,3
73859,6
73861,8
73863,8
73865,8
73866,10
73866,2
73872,6
73872,1
73872,10
73873,9
73875,0
73876,7
73880,8
73880,3
73881,6
73882,1
73883,10
73884,3
73884,6
73885,0
73887,3
73888,7
73891,0
73898,8
73900,8
73900,1
73904,0
73905,7
73905,4
73908,4
73912,3
73912,2
73912,10
73914,10
73915,5
73917,4
73919,2
73919,10
73919,7
73920,2
73922,2
73922,3
73922,6
73923,6
73925,5
73926,1
73927,1
73928,3
73930,8
73931,8
73936,10
73938,8
73938,0
73938,10
73941,8
73942,1
73943,7
73943,6
73949,7
73950,6
73951,6
73953,7
73955,3
73956,6
73957,9
73959,8
73959,10
73960,6
73960,10
73962,3
73964,6
73964,10
73966,1
73971,3
73972,3
73976,6
73976,4
73977,1
73978,7
73980,9
73981,5
73981,7
73982,1
73982,3
73989,9
73991,5
73992,3
73994,10
73997,5
73998,0
73999,10
74000,5
74001,7
74001,4
74002,0
74005,4
74005,10
74006,3
74006,5
74006,4
74009,9
74009,10
74009,5
74010,3
74013,7
74016,10
74022,6
74022,3
74025,0
74025,10
74026,7
74026,8
74026,3
74030,10
74032,3
74033,6
74034,4
74035,6
74035,4
74039,2
74042,3
74044,5
74048,10
74049,2
74049,7
74056,9
74056,5
74058,3
74060,7
74060,2
74061,7
74062,5
74063,9
74067,4
74067,0
74069,10
74069,9
74070,0
74072,0
74079,8
74081,0
74082,9
74084,0
74085,5
74086,5
74087,5
74088,6
74094,8
74096,1
74096,9
74100,3
74101,9
74104,10
74106,8
74107,2
74108,2
74109,6
74113,6
74116,5
74125,0
74128,5
74128,7
74129,9
74129,0
74131,10
74132,6
74134,7
74134,1
74136,6
74137,0
74138,5
74138,7
74139,1
74148,10
74148,5
74152,10
74155,3
74155,4
74155,8
74156,3
74156,9
74156,1
74161,9
74163,7
74164,8
74166,0
74170,10
74171,8
74173,3
74176,0
74178,0
74181,4
74183,4
74183,7
74184,4
74187,0
74188,9
74189,5
74189,0
74192,2
74192,6
74197,1
74197,2
74198,7
74198,0
74200,0
74204,8
74205,4
74206,7
74214,2
74215,2
74217,5
74224,2
74227,8
74232,4
74232,5
74236,9
74238,6
74239,4
74246,5
74247,5
74247,6
74248,0
74248,9
74248,8
74255,7
74256,9
74257,4
74260,4
74260,10
74261,10
74261,7
74262,2
74263,4
74265,2
74270,9
74273,4
74279,5
74280,9
74285,1
74289,8
74291,8
74292,7
74294,0
74294,5
74295,0
74296,1
74298,8
74299,5
74301,7
74302,6
74303,1
74304,5
74305,2
74306,9
74306,3
74308,0
74309,4
74310,1
74312,3
74314,0
74317,6
74317,10
74319,9
74320,6
74321,8
74321,9
74321,10
74323,4
74323,1
74324,7
74324,3
74325,2
74326,3
74326,7
74328,6
74331,10
74331,3
74333,3
74334,5
74334,4
74335,8
74335,1
74338,2
74341,4
74342,8
74343,2
74345,8
74346,5
74351,9
74353,0
74355,5
74359,8
74361,2
74362,10
74363,8
74364,2
74366,9
74374,7
74375,2
74377,3
74377,8
74378,10
74378,5
74378,0
74379,1
74380,4
74381,1
74381,9
74384,0
74388,8
74394,6
74397,9
74399,2
74401,4
74404,5
74404,1
74405,9
74407,6
74408,8
74408,6
74410,5
74410,9
74413,3
74414,5
74416,9
74417,8
74419,0
74425,2
74427,3
74429,9
74430,10
74433,0
74436,6
74436,7
74437,4
74438,2
74439,8
74439,2
74440,5
74442,10
74444,2
74444,9
74447,10
74451,1
74453,1
74454,6
74455,3
74458,1
74458,3
74462,3
74464,10
74469,4
74473,10
74474,9
74477,7
74478,1
74480,7
74482,3
74486,2
74488,3
74495,3
74496,2
74497,5
74498,5
74499,0
74500,5
74503,10
74508,9
74509,3
74510,8
74515,1
74515,2
74516,10
74516,1
74518,3
74520,0
74520,8
74521,3
74521,1
74527,1
74530,2
74531,1
74533,4
74536,7
74536,10
74536,1
74537,9
74540,5
74540,3
74542,7
74543,4
74544,9
74548,10
74548,9
74553,10
74553,6
74556,7
74557,10
74557,6
74560,7
74561,10
74563,6
74564,4
74565,0
74565,2
74567,10
74568,1
74569,1
74571,3
74571,6
74572,0
74573,0
74583,6
74586,0
74590,9
74595,10
74596,5
74598,0
74598,3
74603,3
74604,8
74610,9
74615,2
74615,10
74621,7
74622,10
74626,8
74630,1
74636,2
74637,3
74639,2
74639,3
74639,4
74639,1
74641,0
74643,3
74644,1
74644,0
74644,7
74645,10
74649,8
74649,4
74650,5
74653,9
74655,5
74660,8
74668,7
74670,6
74670,4
74671,3
74679,9
74679,0
74680,1
74686,1
74689,1
74693,10
74693,1
74696,0
74698,4
74699,5
74699,6
74699,9
74700,5
74703,7
74703,1
74706,9
74707,3
74709,4
74709,9
74710,3
74713,10
74716,10
74717,3
74720,4
74721,7
74721,1
74722,4
74724,2
74725,5
74727,1
74728,6
74729,8
74741,8
74742,8
74743,2
74744,0
74744,7
74745,4
74756,7
74757,10
74761,4
74761,10
74763,10
74765,8
74770,5
74772,8
74778,3
74779,8
74781,2
74782,7
74782,4
74785,9
74786,1
74787,5
74791,5
74794,5
74796,6
74798,4
74799,2
74800,8
74800,5
74802,0
74804,0
74805,2
74807,3
74812,4
74813,8
74816,8
74821,2
74825,0
74826,10
74827,2
74828,8
74830,6
74831,5
74832,7
74832,1
74834,10
74836,3
74838,9
74840,8
74842,5
74845,8
74847,5
74850,8
74853,4
74854,0
74855,7
74855,6
74860,2
74864,3
74864,4
74864,2
74864,1
74866,1
74869,5
74871,3
74879,7
74879,9
74880,10
74880,4
74881,8
74886,7
74889,1
74890,9
74892,6
74895,6
74897,10
74897,1
74898,5
74900,7
74904,8
74904,6
74905,1
74907,9
74908,9
74909,10
74914,10
74916,9
74916,5
74919,8
74921,6
74922,8
74927,7
74927,5
74928,9
74929,0
74929,8
74930,8
74932,5
74933,8
74934,0
74938,5
74938,7
74939,4
74940,10
74942,4
74943,0
74944,7
74944,1
74947,0
74948,8
74956,5
74956,9
74959,0
74961,4
74962,0
74962,8
74968,1
74970,3
74973,10
74973,0
74976,9
74981,1
74984,6
74984,10
74987,6
74988,4
74989,0
74991,7
74991,5
74995,5
74995,7
74996,2
74999,4
75001,9
75004,1
75008,0
75009,7
75013,8
75014,6
75017,7
75020,8
75022,0
75026,10
75029,9
75030,4
75031,8
75037,10
75039,0
75043,3
75044,3
75044,0
75045,0
75053,10
75054,9
75057,10
75058,10
75062,2
75065,8
75066,2
75067,1
75069,9
75072,5
75078,8
75079,9
75079,5
75080,10
75080,1
75080,3
75080,0
75086,9
75086,7
75086,5
75087,1
75091,1
75092,8
75092,6
75093,7
75094,8
75095,6
75096,6
75097,6
75098,1
75100,0
75101,4
75103,7
75103,3
75104,8
75104,7
75107,2
75108,5
75113,7
75113,8
75115,5
75118,7
75122,4
75122,1
75131,6
75132,0
75132,2
75136,2
75138,0
75142,6
75143,2
75146,8
75149,8
75149,6
75153,4
75155,6
75159,6
75159,10
75160,2
75162,7
75165,7
75166,0
75168,1
75170,3
75170,1
75172,7
75177,4
75182,10
75186,2
75195,4
75195,7
75198,3
75199,4
75204,0
75208,8
75209,1
75211,2
75211,6
75212,2
75213,4
75214,6
75214,4
75222,3
75224,5
75227,3
75227,4
75228,4
75230,3
75230,7
75231,1
75235,5
75236,8
75237,8
75241,2
75242,2
75245,0
75245,7
75248,2
75249,7
75255,5
75259,5
75260,10
75261,6
75261,2
75262,2
75263,3
75267,3
75267,10
75269,3
75273,5
75276,4
75279,4
75279,2
75280,7
75280,3
75280,10
75284,3
75288,6
75289,4
75289,0
75289,5
75292,9
75294,6
75294,8
75295,0
75296,0
75296,8
75299,5
75301,7
75306,0
75311,4
75313,4
75315,4
75315,2
75316,9
75329,1
75330,3
75334,5
75334,10
75335,0
75336,9
75338,4
75339,9
75339,1
75339,7
75342,3
75345,9
75347,1
75352,8
75356,1
75359,8
75362,3
75363,6
75365,8
75366,5
75367,5
75370,1
75370,6
75372,5
75373,7
75374,1
75377,9
75378,0
75379,10
75387,0
75391,2
75393,2
75393,1
75393,5
75397,8
75398,6
75401,10
75403,5
75405,4
75405,0
75406,8
75408,2
75409,8
75409,10
75412,3
75421,4
75424,9
75424,3
75428,6
75429,1
75430,4
75432,10
75436,1
75437,7
75437,10
75440,1
75441,7
75441,4
75442,3
75443,2
75445,6
75446,4
75452,10
75452,1
75453,1
75459,10
75460,6
75462,6
75463,2
75463,5
75465,3
75467,5
75469,10
75470,8
75471,0
75473,3
75475,4
75477,4
75480,7
75482,5
75483,5
75484,10
75484,0
75489,6
75494,7
75502,7
75506,6
75509,6
75510,1
75511,6
75511,8
75512,4
75512,7
75515,9
75517,5
75520,3
75523,10
75524,5
75526,8
75529,7
75529,8
75530,7
75530,4
75534,2
75535,9
75536,5
75536,4
75537,7
75539,8
75540,10
75541,5
75546,1
75547,1
75548,10
75550,5
75551,7
75555,8
75556,1
75556,2
75557,1
75557,7
75560,8
75561,1
75561,4
75561,2
75567,1
75571,0
75572,7
75575,4
75581,2
75581,5
75582,1
75591,4
75591,5
75594,8
75596,4
75598,6
75598,2
75603,7
75607,9
75607,6
75609,2
75614,7
75616,0
75617,9
75618,8
75621,10
75621,4
75624,0
75625,2
75627,9
75627,2
75630,4
75630,9
75634,1
75634,7
75637,3
75637,6
75639,7
75639,5
75642,2
75642,1
75644,4
75645,6
75646,8
75647,8
75648,2
75649,3
75651,5
75652,4
75654,4
75656,3
75658,4
75658,0
75659,4
75662,4
75664,3
75664,9
75669,1
75670,7
75670,1
75672,7
75673,1
75675,3
75675,10
75677,6
75679,10
75683,7
75685,1
75687,6
75688,2
75692,5
75694,7
75695,3
75699,1
75700,3
75702,0
75704,2
75708,1
75710,0
75711,0
75714,0
75716,2
75717,5
75717,6
75718,0
75719,3
75720,2
75720,8
75726,7
75727,10
75729,2
75734,9
75734,8
75735,2
75737,3
75737,9
75739,6
75742,0
75743,1
75746,7
75748,7
75749,5
75751,2
75751,6
75756,9
75758,4
75762,2
75765,2
75772,10
75774,2
75776,9
75778,2
75779,8
75780,6
75782,1
75790,1
75794,7
75796,1
75804,2
75807,3
75807,7
75810,9
75811,10
75812,2
75813,3
75813,5
75820,5
75826,6
75829,3
75830,0
75831,1
75831,8
75833,7
75834,10
75834,7
75836,1
75837,3
75839,2
75840,6
75841,7
75842,5
75848,3
75851,4
75852,10
75853,0
75854,4
75854,1
75858,3
75859,3
75862,2
75863,9
75866,9
75866,5
75867,10
75868,8
75873,1
75874,8
75879,8
75879,9
75879,2
75881,8
75881,5
75882,9
75883,2
75883,5
75884,3
75884,2
75893,1
75901,9
75906,4
75911,8
75912,5
75914,9
75914,1
75915,1
75916,7
75918,4
75922,5
75925,5
75926,8
75926,4
75927,4
75928,2
75929,10
75930,3
75933,8
75934,6
75935,10
75939,4
75940,0
75941,1
75943,6
75949,6
75949,4
75952,5
75952,7
75955,5
75956,7
75957,9
75959,10
75962,9
75962,7
75965,8
75969,6
75970,5
75975,10
75977,1
75983,0
75985,8
75988,9
75990,1
75990,10
75991,9
75992,0
75992,5
75993,7
75993,8
75995,7
75997,8
75999,5
76000,2
76002,0
76002,4
76002,9
76007,8
76008,3
76012,1
76014,3
76021,6
76021,1
76024,5
76024,8
76026,2
76028,9
76030,4
76034,8
76035,9
76036,4
76037,0
76038,4
76043,4
76044,6
76046,2
76052,4
76054,6
76059,1
76064,7
76065,4
76065,9
76067,4
76074,0
76077,7
76079,8
76079,2
76080,2
76083,4
76084,8
76086,10
76088,5
76090,4
76097,3
76101,6
76102,2
76106,2
76107,4
76110,3
76111,8
76114,7
76115,7
76116,1
76118,2
76124,7
76125,10
76128,3
76131,5
76132,10
76132,8
76133,0
76137,5
76140,10
76142,6
76144,4
76144,9
76145,10
76149,3
76149,2
76150,6
76157,7
76160,1
76161,3
76162,5
76166,8
76168,6
76171,8
76172,8
76173,8
76173,1
76174,8
76176,4
76178,4
76179,4
76179,9
76182,4
76182,7
76184,3
76184,8
76184,4
76188,7
76189,7
76190,1
76193,0
76193,3
76194,3
76197,2
76197,8
76198,10
76205,1
76205,10
76209,8
76211,1
76212,1
76214,10
76216,6
76222,5
76224,3
76227,9
76228,6
76228,5
76235,0
76235,9
76244,8
76246,2
76247,9
76250,8
76252,1
76254,3
76255,6
76255,7
76258,10
76259,9
76259,4
76260,5
76260,1
76262,0
76266,6
76272,9
76277,2
76280,2
76281,6
76284,2
76287,7
76287,3
76291,8
76293,7
76295,0
76300,7
76300,3
76303,8
76305,1
76306,2
76306,3
76308,9
76308,5
76310,2
76314,3
76315,7
76318,7
76322,9
76323,10
76323,8
76324,10
76325,1
76328,7
76328,8
76329,7
76331,5
76331,0
76332,3
76334,8
76335,8
76335,1
76336,0
76341,2
76342,3
76342,2
76342,10
76344,3
76345,9
76347,9
76349,0
76353,4
76359,7
76361,9
76365,7
76366,8
76371,2
76371,9
76373,5
76373,8
76376,0
76378,3
76381,4
76382,1
76382,10
76385,10
76386,1
76387,3
76390,4
76393,1
76396,3
76397,5
76400,9
76401,7
76404,8
76408,3
76411,4
76414,6
76418,6
76420,5
76420,10
76420,0
76423,5
76424,10
76425,5
76425,2
76426,8
76426,10
76427,8
76429,4
76435,6
76436,10
76436,2
76437,7
76445,7
76450,0
76451,2
76452,6
76454,9
76455,2
76455,10
76456,7
76456,6
76456,9
76458,2
76460,3
76463,7
76466,10
76470,6
76471,10
76474,4
76480,9
76482,4
76482,3
76483,9
76487,10
76488,1
76489,7
76489,5
76492,2
76493,7
76493,6
76504,0
76504,8
76509,0
76513,5
76515,0
76515,1
76516,5
76518,10
76519,0
76520,0
76524,7
76527,4
76531,7
76537,10
76537,3
76538,3
76541,2
76542,9
76543,10
76544,10
76545,9
76546,3
76547,5
76550,9
76550,1
76553,0
76553,5
76559,8
76561,4
76562,9
76562,3
76563,4
76565,4
76567,0
76568,7
76568,1
76574,8
76575,8
76578,1
76586,7
76586,9
76586,3
76589,4
76592,1
76593,3
76595,8
76597,2
76600,0
76601,4
76601,0
76604,8
76606,1
76606,2
76608,10
76610,8
76611,3
76612,9
76612,7
76613,5
76613,0
76615,6
76615,0
76619,10
76620,9
76620,1
76622,10
76623,2
76624,1
76625,6
76628,2
76630,0
76631,5
76637,6
76639,1
76641,2
76642,2
76644,6
76646,7
76648,9
76651,10
76655,5
76656,5
76656,0
76658,3
76662,0
76665,4
76666,4
76668,5
76669,8
76670,10
76672,0
76673,1
76678,2
76688,4
76690,8
76690,10
76691,0
76693,3
76696,10
76697,9
76699,5
76699,1
76700,6
76702,5
76703,3
76704,4
76705,7
76705,1
76706,6
76707,1
76709,7
76712,1
76713,4
76715,4
76716,4
76719,5
76720,6
76728,2
76729,7
76734,9
76736,9
76737,1
76739,5
76743,0
76744,1
76745,6
76747,8
76748,6
76750,5
76752,10
76756,2
76760,0
76760,5
76765,10
76768,6
76769,4
76772,10
76772,3
76773,3
76780,7
76781,10
76784,5
76784,4
76786,1
76787,7
76791,2
76791,5
76792,10
76795,9
76795,8
76799,2
76800,4
76807,1
76811,9
76813,7
76814,0
76815,9
76818,4
76818,3
76820,10
76823,8
76824,3
76826,2
76826,7
76828,3
76828,2
76828,1
76829,10
76831,6
76832,3
76834,7
76834,3
76839,6
76841,6
76843,1
76844,1
76846,5
76846,9
76846,1
76847,10
76853,6
76859,8
76864,7
76867,10
76869,1
76873,4
76874,9
76879,4
76880,5
76880,6
76881,0
76882,3
76883,8
76885,10
76887,3
76888,3
76889,6
76889,1
76891,9
76893,10
76893,9
76893,5
76896,9
76898,9
76899,1
76902,8
76905,7
76906,2
76906,4
76907,1
76907,6
76908,1
76910,9
76911,9
76914,7
76914,6
76925,1
76925,2
76925,4
76931,4
76931,3
76931,2
76932,6
76933,1
76936,4
76940,1
76941,5
76943,10
76943,3
76944,5
76945,7
76947,0
76951,8
76955,3
76958,10
76958,9
76958,8
76964,1
76965,7
76968,1
76969,0
76977,0
76979,10
76985,3
76987,1
76987,4
76992,9
76994,9
76994,5
76997,4
77005,7
77007,2
77008,3
77016,3
77019,1
77020,1
77027,3
77028,1
77029,7
77031,0
77032,1
77039,8
77039,3
77040,1
77040,10
77040,6
77043,8
77044,0
77045,6
77051,9
77055,0
77056,5
77056,10
77057,10
77060,7
77062,7
77063,4
77065,3
77066,1
77070,6
77073,10
77075,1
77077,7
77079,3
77079,8
77082,6
77084,10
77084,2
77084,5
77086,10
77087,1
77088,10
77089,8
77091,0
77096,4
77096,6
77097,9
77104,5
77105,1
77107,9
77110,1
77112,4
77117,4
77117,2
77119,8
77119,7
77124,8
77126,10
77129,9
77129,8
77131,10
77135,7
77137,5
77138,4
77140,6
77145,3
77146,1
77146,0
77152,9
77153,0
77156,3
77160,7
77162,0
77162,4
77166,3
77170,4
77171,4
77172,10
77177,7
77181,1
77182,9
77184,2
77186,2
77189,5
77190,7
77196,9
77199,4
77200,3
77202,1
77202,8
77204,5
77206,9
77208,8
77209,7
77210,0
77211,1
77212,5
77214,2
77216,9
77218,10
77218,6
77218,9
77223,5
77223,3
77224,7
77226,7
77228,4
77229,4
77231,5
77233,4
77234,9
77235,2
77235,9
77239,1
77244,3
77244,1
77246,1
77246,6
77246,8
77248,0
77249,0
77250,5
77254,0
77254,3
77257,0
77258,9
77260,6
77260,9
77262,5
77264,1
77265,9
77267,2
77270,5
77271,7
77274,4
77278,6
77280,9
77282,5
77283,3
77285,6
77287,2
77289,5
77291,3
77291,1
77294,7
77295,3
77297,7
77299,0
77301,8
77302,2
77303,4
77304,9
77305,5
77306,9
77309,7
77313,4
77313,6
77320,5
77322,4
77323,5
77324,8
77326,5
77329,10
77334,2
77336,1
77337,8
77339,0
77341,5
77343,5
77343,2
77345,9
77347,6
77348,10
77354,2
77359,5
77360,5
77360,2
77361,10
77362,10
77366,1
77370,0
77373,5
77375,7
77376,0
77376,10
77380,9
77384,4
77385,2
77389,10
77390,6
77392,1
77393,1
77395,8
77398,8
77404,5
77404,6
77407,4
77408,8
77409,6
77412,10
77417,3
77419,9
77419,2
77420,6
77420,10
77420,3
77421,2
77422,5
77424,8
77430,2
77433,7
77435,1
77439,7
77441,5
77441,3
77442,10
77445,6
77445,8
77446,0
77448,10
77450,7
77451,2
77452,9
77458,2
77459,6
77460,1
77463,6
77464,1
77465,9
77466,1
77472,2
77472,3
77474,10
77474,3
77476,7
77484,5
77484,6
77484,3
77486,7
77488,9
77489,1
77489,4
77489,10
77492,4
77493,1
77496,6
77497,9
77497,2
77498,4
77505,2
77507,2
77512,4
77513,4
77515,0
77516,1
77519,9
77529,6
77532,8
77533,8
77535,4
77535,9
77538,3
77542,10
77545,6
77548,7
77549,2
77551,6
77553,10
77557,4
77559,8
77559,7
77560,3
77562,0
77563,1
77564,9
77564,0
77565,6
77566,8
77566,10
77566,5
77569,0
77573,8
77580,8
77580,5
77586,3
77591,0
77591,1
77593,7
77595,6
77600,4
77601,6
77603,6
77606,7
77608,5
77609,2
77609,6
77610,1
77610,4
77611,6
77611,9
77616,1
77617,4
77618,9
77621,9
77624,0
77627,8
77629,0
77632,9
77635,9
77635,6
77639,2
77639,3
77641,1
77642,6
77642,3
77647,8
77649,3
77650,0
77650,6
77656,9
77657,4
77659,6
77662,2
77662,10
77664,6
77667,10
77668,4
77668,3
77668,1
77670,1
77671,8
77672,4
77673,7
77675,3
77675,10
77676,0
77677,9
77677,8
77678,0
77678,4
77678,8
77682,0
77692,5
77693,0
77694,8
77694,1
77697,1
77697,10
77699,10
77702,3
77708,5
77709,1
77711,9
77716,2
77721,2
77723,5
77723,4
77724,8
77729,4
77729,2
77729,1
77738,1
77738,9
77739,0
77740,1
77740,7
77740,3
77741,6
77742,5
77745,10
77746,8
77746,6
77747,4
77749,10
77752,5
77753,10
77768,8
77768,9
77770,6
77771,7
77771,5
77772,3
77774,0
77775,5
77777,7
77778,1
77779,10
77780,0
77782,0
77783,6
77786,10
77787,10
77788,7
77790,8
77791,6
77792,6
77792,5
77794,10
77796,0
77797,3
77798,6
77799,5
77802,6
77803,7
77806,0
77808,1
77811,5
77813,9
77817,3
77818,2
77820,0
77820,8
77821,4
77822,4
77822,7
77824,6
77827,10
77832,6
77833,9
77834,10
77835,10
77836,4
77837,5
77837,1
77843,3
77849,7
77857,10
77859,7
77863,6
77868,0
77869,6
77870,5
77871,9
77872,0
77873,8
77876,3
77877,10
77882,3
77884,3
77885,5
77886,7
77887,3
77888,8
77890,9
77891,8
77893,1
77896,2
77900,9
77902,3
77904,5
77905,2
77906,0
77906,5
77909,4
77910,7
77911,7
77913,2
77916,0
77918,7
77918,10
77922,8
77922,3
77924,5
77924,2
77926,4
77927,6
77930,9
77930,1
77931,1
77932,10
77936,2
77937,7
77938,1
77940,1
77943,2
77943,0
77943,4
77945,1
77946,0
77946,1
77948,7
77949,9
77949,5
77951,5
77953,2
77953,7
77955,7
77959,0
77962,9
77963,6
77965,6
77967,0
77971,8
77972,7
77973,6
77979,0
77980,2
77987,1
77989,10
77990,8
77992,8
77993,6
77994,3
77998,3
77998,6
78002,2
78008,3
78010,2
78012,4
78016,4
78018,2
78018,4
78021,9
78022,2
78024,3
78024,6
78025,3
78026,8
78028,7
78031,6
78032,10
78034,8
78035,6
78040,6
78041,3
78043,10
78047,7
78052,8
78055,1
78056,8
78060,4
78061,8
78071,5
78076,6
78076,4
78077,5
78078,7
78080,3
78086,6
78086,5
78087,6
78088,5
78091,6
78092,8
78092,4
78094,3
78099,7
78103,8
78104,4
78104,3
78104,8
78105,6
78107,5
78107,7
78111,0
78111,5
78113,1
78117,2
78117,1
78119,8
78126,3
78126,5
78127,6
78127,2
78131,3
78131,0
78131,6
78133,2
78134,7
78134,9
78137,7
78142,7
78144,7
78146,7
78147,3
78153,4
78153,5
78154,6
78155,3
78158,9
78160,10
78162,5
78163,5
78165,6
78166,8
78166,0
78166,9
78167,5
78171,3
78171,5
78175,9
78179,2
78179,0
78181,6
78189,0
78189,6
78190,7
78193,3
78197,6
78202,1
78206,0
78208,7
78211,1
78212,2
78215,0
78216,5
78217,3
78219,1
78221,10
78223,6
78224,7
78225,4
78226,1
78226,4
78226,8
78228,3
78228,10
78229,7
78231,9
78233,8
78238,8
78239,1
78240,4
78245,2
78246,0
78248,5
78249,5
78251,0
78254,7
78255,3
78257,1
78258,7
78260,0
78261,6
78263,3
78265,0
78266,5
78267,9
78268,2
78278,1
78278,8
78280,0
78281,6
78283,0
78284,6
78284,8
78286,10
78288,0
78289,5
78290,2
78292,1
78292,0
78293,4
78296,4
78302,6
78303,0
78304,5
78305,3
78306,2
78307,4
78309,7
78314,2
78315,3
78317,6
78321,9
78321,4
78322,8
78323,7
78331,0
78333,9
78347,3
78347,7
78350,3
78351,2
78358,7
78361,7
78361,5
78362,1
78363,6
78371,2
78371,7
78371,0
78372,8
78373,2
78383,10
78385,10
78385,5
78386,1
78389,6
78391,3
78393,9
78394,1
78396,10
78398,0
78400,8
78402,0
78411,10
78412,5
78413,8
78414,2
78419,1
78419,7
78422,3
78428,2
78429,0
78431,7
78432,5
78439,10
78441,10
78441,3
78442,5
78443,8
78443,7
78444,9
78447,0
78449,10
78450,4
78451,7
78456,9
78456,5
78458,1
78458,9
78464,1
78469,10
78471,5
78471,0
78475,9
78475,1
78476,8
78476,0
78477,0
78478,8
78479,2
78481,10
78482,0
78483,6
78484,9
78485,5
78487,1
78488,6
78490,2
78493,10
78495,6
78496,6
78496,8
78498,5
78499,9
78501,2
78507,10
78513,8
78514,7
78519,5
78522,5
78524,9
78532,2
78533,4
78536,1
78538,3
78539,4
78542,10
78543,10
78551,5
78551,9
78555,7
78556,5
78558,8
78559,9
78560,7
78561,5
78561,6
78561,0
78564,10
78567,6
78568,7
78570,10
78571,1
78572,3
78573,10
78574,7
78575,0
78576,2
78579,0
78581,10
78583,6
78583,4
78589,6
78589,8
78592,3
78595,5
78599,7
78601,7
78601,2
78602,0
78602,3
78602,2
78603,5
78607,8
78607,10
78607,6
78611,7
78615,2
78615,10
78617,7
78618,3
78618,0
78622,0
78622,2
78623,2
78625,3
78628,5
78630,1
78631,4
78632,5
78633,0
78638,7
78643,4
78647,8
78651,10
78652,8
78652,3
78653,4
78654,6
78656,10
78656,3
78658,9
78661,1
78663,2
78665,10
78665,3
78667,8
78671,0
78673,5
78677,2
78677,3
78678,7
78679,2
78679,1
78682,7
78695,2
78696,8
78698,2
78699,3
78701,8
78707,0
78710,10
78712,6
78716,9
78719,0
78721,1
78722,3
78724,9
78725,6
78727,8
78727,1
78729,1
78729,9
78730,0
78736,10
78737,5
78739,5
78741,0
78741,2
78743,4
78744,5
78746,1
78752,0
78754,2
78756,9
78757,2
78761,1
78764,10
78765,5
78769,7
78769,1
78771,9
78771,8
78772,3
78772,8
78773,1
78775,2
78775,10
78777,3
78780,5
78782,8
78782,6
78783,6
78784,9
78786,10
78786,7
78786,9
78787,5
78790,2
78792,4
78798,0
78799,10
78799,9
78800,2
78801,5
78803,8
78804,1
78809,1
78810,0
78810,10
78811,10
78813,5
78815,8
78817,5
78821,7
78822,8
78823,1
78824,4
78826,2
78834,2
78838,9
78840,5
78840,7
78841,6
78843,10
78845,1
78846,9
78847,5
78848,7
78848,5
78851,8
78853,0
78854,5
78854,10
78854,7
78856,1
78858,2
78861,8
78861,3
78863,7
78865,10
78866,6
78868,9
78868,0
78869,0
78871,2
78871,7
78872,0
78874,0
78874,10
78876,8
78877,10
78878,5
78879,6
78879,3
78882,6
78883,5
78889,5
78891,9
78893,5
78894,9
78897,5
78899,1
78899,7
78900,4
78903,7
78907,4
78907,10
78908,5
78909,3
78910,6
78913,7
78915,9
78917,4
78917,8
78917,3
78918,8
78919,10
78919,9
78929,0
78930,4
78930,0
78934,9
78936,1
78936,8
78937,10
78940,6
78941,4
78942,9
78945,10
78947,0
78948,9
78954,10
78954,5
78958,4
78958,7
78959,0
78960,2
78962,7
78965,2
78970,5
78971,8
78971,0
78973,2
78975,1
78982,7
78983,0
78983,10
78983,9
78983,4
78985,2
78990,4
78991,7
78991,6
78996,0
79000,5
79001,5
79002,4
79005,1
79005,7
79010,4
79011,9
79012,8
79014,6
79016,7
79019,9
79020,10
79022,2
79025,4
79032,6
79032,4
79034,7
79036,7
79036,3
79038,4
79039,2
79040,5
79042,1
79042,7
79043,1
79045,3
79046,6
79049,10
79050,5
79050,7
79051,8
79054,6
79055,5
79056,3
79057,7
79057,9
79060,3
79060,8
79064,10
79067,10
79071,7
79072,10
79074,0
79080,1
79083,6
79089,5
79090,3
79092,6
79095,8
79096,9
79097,5
79097,6
79099,4
79100,10
79101,4
79103,4
79109,9
79109,3
79111,1
79113,1
79113,7
79114,5
79115,1
79116,7
79116,6
79120,9
79120,1
79120,7
79121,4
79121,8
79124,8
79125,4
79127,7
79128,2
79129,0
79132,6
79133,3
79133,10
79134,0
79135,7
79139,5
79141,0
79142,9
79143,5
79145,0
79145,10
79148,0
79150,0
79153,6
79154,3
79154,7
79156,5
79159,3
79159,6
79160,7
79161,0
79161,7
79164,6
79169,8
79172,6
79176,5
79185,10
79187,8
79191,2
79192,1
79194,3
79195,7
79195,10
79201,10
79203,1
79203,5
79211,1
79213,1
79215,3
79217,6
79219,5
79227,1
79229,8
79231,2
79235,0
79236,0
79237,4
79241,4
79241,8
79242,4
79243,5
79244,1
79247,5
79247,4
79248,5
79248,10
79254,4
79256,9
79262,8
79263,7
79270,2
79271,4
79271,0
79274,3
79274,10
79274,4
79278,10
79278,6
79279,8
79279,10
79279,0
79284,6
79287,4
79287,7
79288,9
79290,8
79290,10
79294,5
79298,4
79298,1
79304,1
79305,2
79306,1
79306,8
79310,5
79311,10
79311,3
79312,8
79314,6
79314,1
79319,3
79321,6
79322,0
79325,10
79329,6
79330,4
79330,8
79330,10
79332,2
79332,1
79334,7
79335,6
79336,5
79338,4
79338,6
79339,10
79340,9
79341,0
79342,10
79342,6
79344,1
79344,7
79350,6
79351,10
79354,0
79354,2
79356,8
79357,2
79357,3
79360,9
79367,6
79369,7
79372,10
79373,6
79374,7
79374,1
79374,0
79377,7
79379,8
79379,1
79380,3
79382,2
79382,8
79388,5
79390,5
79391,3
79395,7
79397,0
79398,4
79402,0
79413,3
79419,8
79420,9
79422,9
79423,5
79423,0
79428,4
79429,7
79430,9
79431,1
79433,8
79434,1
79435,1
79436,6
79437,1
79437,0
79440,2
79441,9
79441,2
79442,1
79445,9
79446,7
79447,5
79450,8
79451,8
79453,1
79457,4
79457,8
79458,4
79459,1
79459,4
79459,0
79460,3
79464,5
79465,10
79465,9
79465,3
79468,2
79469,10
79474,0
79476,7
79476,5
79478,0
79480,4
79481,5
79486,0
79488,2
79490,1
79491,9
79496,3
79496,10
79498,1
79498,10
79500,3
79501,7
79504,3
79508,9
79509,10
79514,0
79519,2
79524,5
79527,10
79529,6
79530,0
79531,3
79531,2
79533,3
79533,4
79535,2
79535,4
79535,9
79536,10
79538,8
79540,7
79542,1
79545,7
79545,0
79546,7
79546,0
79549,1
79554,10
79554,6
79554,7
79556,5
79556,9
79558,5
79559,10
79559,4
79560,5
79563,10
79564,2
79566,3
79567,1
79568,7
79570,9
79571,3
79571,10
79571,6
79572,3
79573,3
79574,6
79575,5
79575,4
79577,9
79578,4
79580,0
79580,9
79580,10
79582,3
79583,9
79584,7
79587,10
79588,4
79591,8
79593,7
79594,9
79596,6
79597,4
79600,3
79602,6
79603,10
79604,4
79611,2
79612,1
79613,9
79621,1
79623,0
79623,3
79623,1
79627,7
79630,0
79631,0
79632,9
79637,1
79640,4
79641,2
79648,10
79649,9
79651,5
79654,9
79654,5
79654,7
79655,9
79656,10
79657,1
79657,0
79659,10
79660,3
79664,0
79664,7
79665,6
79666,4
79669,1
79670,5
79671,9
79675,0
79679,8
79679,1
79681,9
79681,3
79682,4
79684,5
79686,9
79691,2
79693,9
79694,5
79699,2
79703,4
79704,5
79706,8
79707,5
79709,5
79710,5
79710,10
79714,1
79716,7
79716,9
79721,4
79722,10
79725,0
79727,8
79728,4
79734,1
79736,6
79740,3
79740,10
79741,10
79741,9
79750,0
79754,4
79754,1
79755,3
79755,1
79757,6
79757,3
79761,10
79765,9
79767,7
79767,2
79769,2
79771,5
79771,6
79772,2
79777,3
79781,4
79782,8
79783,0
79784,3
79791,3
79791,7
79793,3
79795,3
79798,3
79799,2
79802,4
79803,0
79803,3
79806,4
79806,7
79807,8
79807,7
79808,2
79810,4
79816,8
79816,5
79816,9
79820,7
79821,5
79822,5
79823,8
79824,7
79827,6
79829,5
79836,7
79836,9
79837,10
79840,5
79850,0
79851,1
79852,0
79852,10
79853,8
79855,10
79857,7
79857,1
79863,3
79865,7
79866,3
79866,0
79867,8
79868,8
79873,1
79874,6
79875,1
79883,5
79888,7
79888,5
79893,2
79893,6
79900,2
79902,0
79905,10
79906,6
79907,7
79911,9
79911,0
79912,6
79913,6
79913,5
79914,1
79921,5
79923,8
79923,6
79925,2
79925,8
79929,1
79930,2
79932,9
79940,0
79948,5
79949,7
79955,8
79956,2
79960,0
79961,3
79963,10
79963,1
79964,7
79965,8
79966,9
79971,3
79973,10
79976,8
79981,0
79983,10
79985,1
79985,4
79988,10
79988,5
79990,6
79990,4
79993,7
79995,8
79995,0
79997,2
79998,8
80001,4
80004,9
80004,0
80005,10
80006,8
80008,3
80012,3
80012,10
80016,0
80017,7
80018,4
80022,1
80022,4
80026,8
80027,5
80032,10
80033,7
80040,5
80041,6
80045,3
80046,9
80047,0
80050,10
80056,3
80056,1
80057,4
80059,7
80066,3
80066,4
80069,7
80070,10
80072,9
80072,3
80076,7
80078,9
80080,4
80081,10
80082,3
80084,1
80085,10
80085,4
80086,0
80087,9
80088,0
80092,6
80099,6
80102,2
80102,4
80103,2
80105,10
80106,1
80108,0
80108,4
80111,5
80119,1
80120,4
80121,2
80122,8
80125,7
80125,6
80128,9
80130,5
80130,4
80131,9
80133,0
80137,4
80137,3
80137,9
80142,1
80143,6
80144,6
80145,8
80145,3
80150,1
80153,6
80154,0
80154,6
80156,1
80162,9
80162,3
80163,1
80164,9
80166,1
80167,10
80170,10
80171,9
80173,2
80179,8
80182,2
80183,1
80184,1
80187,8
80190,9
80194,0
80198,7
80199,5
80200,4
80200,7
80201,3
80202,3
80204,4
80204,1
80204,2
80206,6
80209,10
80214,3
80215,8
80217,6
80220,4
80222,0
80223,3
80224,1
80225,9
80226,9
80228,10
80232,1
80233,1
80233,7
80234,10
80235,2
80235,7
80238,1
80238,7
80238,8
80239,5
80241,7
80242,7
80244,2
80245,4
80247,2
80255,0
80258,4
80262,1
80263,2
80263,8
80264,4
80269,5
80270,1
80273,0
80274,9
80279,10
80281,7
80282,1
80284,0
80288,10
80289,0
80289,3
80294,2
80299,8
80300,5
80302,7
80303,8
80308,10
80309,10
80311,3
80312,5
80313,3
80315,2
80315,10
80317,10
80317,2
80320,7
80321,5
80322,6
80325,0
80327,8
80329,9
80331,2
80331,6
80331,5
80334,5
80335,1
80336,1
80337,8
80339,6
80340,1
80340,7
80340,5
80341,0
80341,2
80346,5
80349,9
80349,2
80349,8
80352,10
80353,8
80353,2
80354,6
80354,7
80354,2
80355,8
80357,4
80359,4
80359,7
80363,6
80364,9
80364,0
80371,10
80374,4
80377,7
80385,8
80390,5
80391,8
80391,10
80394,4
80395,3
80396,6
80398,5
80399,4
80399,6
80403,3
80407,2
80411,2
80421,6
80421,2
80424,10
80433,7
80435,8
80436,7
80437,3
80437,6
80437,8
80441,2
80441,10
80442,10
80443,3
80444,10
80445,10
80445,4
80446,7
80447,10
80451,6
80454,4
80456,1
80456,7
80457,7
80469,9
80473,8
80474,3
80475,9
80475,0
80478,1
80484,3
80484,8
80484,4
80486,7
80492,7
80493,6
80495,1
80495,5
80496,4
80497,5
80498,10
80498,2
80498,1
80504,4
80509,2
80510,7
80511,0
80511,5
80512,0
80512,6
80514,2
80514,7
80515,0
80517,0
80521,8
80522,3
80524,3
80527,9
80529,4
80530,1
80531,6
80535,2
80536,8
80539,6
80540,2
80544,9
80547,7
80549,0
80550,3
80552,6
80555,3
80558,8
80560,4
80561,0
80561,9
80564,7
80573,4
80574,7
80575,5
80579,6
80579,5
80580,6
80584,8
80585,8
80586,0
80587,7
80589,1
80592,5
80592,3
80593,4
80595,10
80599,4
80599,5
80600,5
80601,1
80608,5
80611,9
80616,7
80620,1
80621,1
80622,6
80622,8
80626,7
80627,4
80629,5
80632,1
80632,4
80632,5
80633,2
80636,1
80636,0
80637,2
80638,2
80641,10
80644,10
80649,2
80652,10
80657,9
80658,1
80658,0
80661,0
80666,10
80667,1
80670,7
80671,9
80672,3
80673,1
80673,5
80674,5
80680,9
80680,10
80682,1
80682,3
80689,4
80692,5
80693,2
80694,4
80696,4
80704,7
80706,7
80716,1
80719,2
80720,5
80722,10
80722,6
80723,1
80723,4
80724,5
80724,9
80728,6
80730,5
80732,10
80733,1
80736,2
80736,3
80737,8
80737,4
80739,8
80740,4
80740,8
80741,1
80747,3
80747,7
80753,0
80754,5
80754,3
80755,10
80755,2
80756,5
80757,0
80757,3
80759,6
80759,9
80766,10
80768,2
80770,10
80773,2
80773,8
80777,0
80779,0
80779,5
80786,2
80786,4
80786,7
80787,6
80789,10
80791,1
80795,5
80796,0
80800,8
80801,8
80807,0
80808,4
80812,9
80816,2
80816,9
80817,4
80823,9
80825,6
80830,4
80831,9
80832,7
80834,8
80835,4
80835,2
80835,3
80838,3
80840,10
80845,4
80845,0
80847,10
80848,9
80853,5
80857,5
80859,5
80860,1
80860,4
80862,1
80864,8
80864,1
80865,6
80866,7
80866,9
80867,6
80871,0
80874,2
80874,3
80875,10
80877,5
80878,5
80879,4
80879,7
80879,0
80882,2
80884,5
80885,6
80886,10
80887,9
80891,1
80891,8
80892,10
80893,2
80897,3
80902,8
80903,4
80905,9
80908,9
80910,5
80911,8
80914,2
80914,6
80916,8
80917,1
80918,10
80919,10
80921,7
80922,9
80926,7
80927,6
80928,8
80930,0
80932,7
80937,5
80938,5
80938,0
80940,5
80946,0
80947,0
80955,3
80958,8
80960,10
80963,8
80967,7
80968,3
80969,0
80971,1
80975,8
80977,4
80979,6
80981,3
80984,9
80987,4
80988,10
80989,2
80989,1
80992,6
80992,10
80993,6
80994,3
80994,0
80999,7
81000,10
81002,8
81002,2
81003,8
81003,3
81004,9
81009,2
81009,5
81011,2
81013,6
81013,0
81014,5
81021,3
81026,8
81028,5
81030,5
81033,3
81035,3
81038,9
81040,8
81042,3
81042,8
81045,1
81047,2
81047,0
81048,7
81048,6
81051,5
81053,4
81057,9
81058,10
81058,9
81059,5
81061,5
81062,6
81067,0
81067,6
81068,1
81070,8
81071,4
81071,1
81071,3
81072,8
81072,10
81073,10
81074,1
81075,2
81076,7
81077,5
81078,10
81081,8
81082,2
81084,9
81089,1
81090,9
81092,2
81093,7
81093,4
81095,2
81099,0
81099,3
81100,4
81100,3
81100,2
81101,1
81103,7
81105,4
81108,1
81109,3
81109,9
81112,3
81114,3
81117,10
81118,2
81120,5
81123,0
81123,9
81123,7
81124,1
81128,4
81130,7
81133,9
81137,10
81138,8
81143,9
81145,10
81150,10
81152,4
81155,8
81156,7
81160,8
81161,10
81161,5
81164,0
81166,6
81178,5
81181,8
81181,9
81182,9
81185,9
81186,9
81187,6
81191,4
81192,10
81194,10
81194,1
81197,8
81199,9
81203,4
81203,10
81203,3
81204,3
81204,6
81205,1
81209,3
81212,3
81213,2
81218,1
81218,0
81225,8
81230,3
81231,10
81232,7
81237,1
81239,2
81239,4
81241,4
81242,6
81243,2
81244,7
81244,0
81244,6
81250,2
81253,2
81255,3
81258,0
81259,7
81260,4
81263,1
81266,0
81267,1
81267,3
81269,4
81271,0
81271,2
81274,8
81275,9
81276,7
81278,7
81280,9
81280,4
81285,5
81286,4
81287,3
81287,6
81290,9
81295,1
81296,0
81299,2
81300,1
81305,6
81306,0
81306,4
81308,8
81310,8
81310,0
81310,7
81311,0
81312,5
81315,8
81320,8
81321,7
81321,9
81322,7
81326,1
81330,7
81332,8
81333,6
81340,2
81340,5
81341,8
81342,4
81343,0
81346,0
81346,8
81349,2
81351,4
81352,8
81356,1
81359,1
81360,5
81364,2
81365,7
81367,7
81369,2
81371,5
81371,9
81374,4
81376,7
81378,9
81379,10
81379,7
81383,1
81383,3
81383,9
81384,0
81388,9
81389,3
81391,7
81392,9
81395,7
81396,3
81399,8
81405,1
81407,4
81408,2
81408,4
81410,5
81410,0
81412,2
81413,5
81416,5
81423,10
81425,5
81426,5
81427,1
81427,10
81427,8
81428,5
81430,8
81432,1
81435,4
81437,2
81437,0
81438,1
81440,8
81444,9
81446,10
81447,8
81447,6
81447,10
81449,6
81449,0
81450,5
81450,1
81452,7
81453,4
81453,8
81454,0
81459,7
81463,2
81464,8
81465,10
81466,7
81466,0
81466,2
81467,8
81467,6
81468,4
81469,10
81478,0
81480,8
81484,0
81485,10
81486,4
81489,6
81490,6
81496,1
81498,3
81500,9
81501,6
81506,0
81508,9
81511,3
81512,6
81518,2
81522,0
81524,9
81525,3
81526,0
81528,3
81530,8
81531,8
81531,7
81532,9
81535,6
81539,8
81541,2
81542,7
81544,2
81545,1
81546,10
81552,7
81556,2
81556,3
81556,10
81558,1
81561,9
81562,6
81563,3
81564,5
81564,0
81566,3
81567,0
81569,5
81571,4
81572,5
81572,0
81576,0
81578,9
81584,8
81586,2
81587,4
81588,5
81590,9
81590,5
81592,1
81592,7
81594,10
81595,1
81596,1
81597,6
81598,9
81598,5
81599,2
81602,5
81606,5
81611,7
81612,5
81612,10
81617,2
81618,9
81620,0
81621,3
81623,5
81624,0
81624,10
81625,10
81625,5
81628,4
81630,8
81632,0
81634,0
81635,5
81636,0
81636,9
81639,7
81640,1
81641,8
81641,9
81643,6
81643,7
81645,10
81645,8
81649,1
81651,3
81653,6
81656,7
81658,10
81661,1
81661,10
81661,3
81662,9
81668,6
81669,8
81672,4
81673,1
81674,3
81674,2
81676,8
81677,10
81677,4
81678,0
81678,5
81679,9
81681,3
81683,9
81684,2
81685,9
81685,10
81686,10
81686,0
81687,7
81687,4
81690,1
81691,3
81692,1
81693,10
81695,1
81696,4
81696,7
81696,2
81699,2
81700,4
81706,2
81710,0
81712,9
81719,7
81722,10
81729,10
81732,4
81733,4
81737,0
81740,10
81741,3
81743,10
81744,4
81746,3
81746,6
81746,2
81748,8
81749,3
81750,0
81750,2
81751,8
81752,2
81752,9
81753,10
81754,7
81755,7
81757,0
81758,0
81758,3
81760,8
81766,7
81767,9
81768,10
81770,7
81773,10
81774,5
81776,2
81776,4
81777,0
81778,10
81778,0
81779,7
81779,9
81780,7
81781,7
81784,0
81785,4
81786,5
81786,1
81787,7
81788,2
81789,3
81791,2
81791,7
81795,7
81796,8
81798,3
81799,10
81803,8
81804,1
81805,7
81809,8
81810,3
81810,4
81812,6
81813,2
81814,6
81814,9
81814,1
81816,0
81817,7
81818,8
81822,4
81824,1
81826,9
81830,8
81832,10
81832,1
81836,8
81838,8
81841,10
81849,10
81850,3
81855,10
81857,1
81866,10
81867,4
81868,0
81874,4
81879,8
81879,1
81881,2
81883,3
81884,7
81889,5
81892,10
81892,4
81893,0
81895,0
81895,9
81897,0
81899,10
81903,0
81903,3
81904,6
81904,10
81908,6
81909,4
81910,10
81913,7
81913,2
81914,1
81916,1
81917,9
81919,9
81923,3
81929,2
81931,6
81932,2
81932,7
81939,9
81939,3
81939,5
81942,3
81943,10
81944,9
81944,8
81948,4
81949,3
81949,5
81950,6
81951,4
81952,6
81954,2
81955,7
81956,6
81956,1
81958,10
81960,1
81963,4
81971,1
81971,9
81972,4
81973,7
81976,6
81977,6
81983,10
81984,0
81986,8
81988,4
81990,3
81993,6
81995,7
81996,10
81997,9
81999,2
82000,9
82001,10
82002,5
82003,9
82004,4
82006,8
82007,8
82008,3
82009,3
82012,9
82013,6
82014,4
82014,1
82014,6
82016,8
82019,8
82022,0
82023,2
82023,3
82025,7
82025,4
82034,1
82034,0
82041,4
82048,10
82050,4
82052,0
82054,1
82054,10
82057,2
82059,5
82062,6
82063,4
82063,5
82065,0
82066,10
82071,2
82073,4
82077,3
82079,7
82082,3
82084,10
82088,5
82091,9
82091,4
82094,4
82095,5
82096,3
82097,10
82100,0
82101,3
82101,10
82101,1
82101,9
82102,0
82104,8
82107,9
82109,10
82110,8
82114,3
82115,3
82121,10
82122,10
82122,1
82125,8
82125,9
82130,9
82132,2
82135,2
82139,0
82140,8
82141,0
82141,2
82143,2
82144,0
82145,3
82145,5
82150,6
82151,9
82152,6
82156,10
82159,2
82159,8
82159,10
82161,10
82164,2
82164,3
82167,5
82171,0
82173,0
82174,7
82175,8
82175,6
82176,10
82177,2
82181,10
82183,2
82184,6
82184,1
82189,3
82191,10
82192,8
82193,5
82193,8
82194,5
82194,1
82195,7
82196,2
82197,5
82198,1
82199,0
82200,5
82203,8
82210,2
82213,9
82215,0
82217,3
82219,8
82223,2
82227,3
82228,2
82230,10
82232,7
82234,2
82237,8
82247,10
82247,6
82250,2
82255,3
82256,7
82260,8
82261,8
82266,2
82268,6
82272,7
82276,1
82282,7
82285,0
82286,6
82288,2
82291,0
82292,4
82292,1
82297,2
82302,10
82304,0
82304,9
82305,5
82308,1
82313,7
82314,4
82315,6
82315,1
82319,2
82319,9
82320,0
82327,2
82328,8
82332,9
82334,1
82338,10
82341,7
82344,1
82345,3
82345,0
82347,2
82350,5
82352,9
82353,6
82355,9
82356,5
82357,2
82357,10
82360,2
82361,9
82363,5
82364,9
82364,8
82364,2
82367,4
82368,8
82369,8
82371,10
82372,3
82378,0
82386,1
82386,2
82387,1
82387,8
82390,4
82397,3
82400,1
82401,0
82402,9
82412,2
82413,1
82415,3
82417,5
82418,8
82421,1
82422,10
82424,8
82428,3
82430,3
82436,1
82439,6
82441,2
82441,9
82443,2
82444,0
82447,2
82448,5
82452,8
82453,6
82454,5
82462,7
82463,6
82464,6
82469,0
82469,7
82471,6
82481,8
82482,5
82484,10
82488,0
82488,4
82490,0
82490,4
82490,3
82491,10
82491,0
82492,5
82493,6
82495,3
82496,2
82497,6
82497,10
82501,9
82502,1
82503,9
82505,7
82506,6
82510,8
82512,1
82516,6
82516,8
82517,5
82521,4
82521,3
82522,5
82526,1
82528,9
82529,7
82531,7
82531,4
82532,2
82532,5
82533,4
82535,6
82540,10
82540,1
82543,1
82547,5
82551,4
82555,10
82557,7
82561,10
82571,7
82573,9
82574,10
82575,1
82578,5
82579,5
82582,3
82584,0
82588,3
82589,6
82589,2
82593,5
82599,8
82600,0
82600,7
82602,6
82607,0
82612,2
82612,7
82614,5
82615,9
82616,9
82616,5
82620,10
82624,8
82630,1
82635,6
82639,7
82644,6
82645,1
82648,3
82648,7
82650,10
82658,3
82660,7
82661,2
82662,10
82663,6
82664,6
82664,0
82666,3
82667,5
82667,0
82669,3
82670,8
82671,8
82672,10
82673,8
82677,9
82681,0
82681,8
82682,7
82683,6
82683,8
82684,2
82689,9
82689,10
82692,6
82692,2
82695,2
82697,4
82698,8
82700,7
82703,0
82704,5
82705,7
82705,8
82707,3
82711,10
82711,0
82712,0
82716,4
82719,7
82719,3
82720,0
82722,9
82725,5
82725,8
82732,9
82733,7
82734,1
82735,5
82736,1
82736,3
82738,6
82740,9
82742,8
82743,3
82746,8
82747,6
82747,0
82752,10
82753,1
82754,4
82755,1
82757,8
82760,5
82762,8
82775,7
82776,9
82779,3
82780,9
82780,3
82781,10
82784,1
82785,10
82788,7
82789,2
82790,10
82790,1
82791,7
82792,1
82797,8
82799,0
82800,2
82804,3
82807,6
82810,3
82811,1
82812,4
82812,6
82815,2
82816,1
82818,3
82818,2
82820,5
82820,2
82820,7
82824,9
82825,0
82831,2
82834,0
82837,4
82840,2
82842,0
82845,9
82846,6
82847,9
82847,4
82847,0
82851,2
82851,5
82858,5
82858,2
82860,8
82861,3
82863,9
82864,6
82865,5
82865,2
82870,5
82874,8
82876,7
82876,2
82877,8
82879,8
82882,9
82884,3
82884,10
82889,6
82892,2
82892,8
82904,8
82904,5
82905,10
82911,10
82912,3
82913,1
82915,7
82918,4
82922,3
82925,5
82926,10
82927,7
82927,6
82928,8
82930,6
82935,1
82937,2
82939,8
82939,0
82941,9
82944,5
82945,4
82947,10
82960,3
82961,9
82963,2
82966,6
82967,6
82976,2
82977,4
82979,0
82982,3
82985,9
82986,10
82987,1
82990,6
82990,9
82991,9
82994,6
82995,2
82996,0
82996,6
82999,1
83002,4
83006,7
83012,8
83014,7
83015,5
83021,3
83023,4
83025,10
83025,3
83028,1
83030,8
83031,2
83032,6
83036,3
83042,9
83043,1
83045,6
83047,1
83049,1
83049,4
83050,10
83051,5
83054,4
83058,0
83058,6
83058,2
83058,3
83060,6
83061,4
83063,9
83065,0
83074,2
83078,10
83080,7
83080,0
83082,3
83084,1
83085,1
83092,5
83092,4
83093,9
83094,7
83094,4
83095,7
83096,2
83102,6
83103,7
83111,5
83115,2
83121,0
83125,9
83127,9
83127,6
83128,7
83130,3
83131,4
83134,7
83134,4
83143,4
83146,9
83149,8
83149,3
83151,2
83159,3
83160,5
83165,1
83168,7
83169,1
83169,3
83169,8
83172,2
83173,6
83174,8
83179,10
83179,8
83180,1
83180,5
83182,7
83184,1
83186,5
83192,9
83193,9
83195,3
83198,4
83202,7
83204,6
83207,5
83207,4
83209,3
83210,10
83212,8
83216,8
83219,0
83220,9
83221,7
83223,8
83224,8
83226,3
83227,3
83229,7
83229,0
83230,5
83231,4
83233,7
83234,0
83236,4
83241,0
83243,3
83244,10
83245,4
83246,8
83247,6
83251,5
83253,10
83254,5
83255,8
83256,8
83256,7
83258,0
83258,5
83259,0
83259,4
83261,4
83263,7
83264,0
83265,2
83268,8
83268,9
83268,0
83277,5
83281,3
83281,6
83281,7
83284,0
83286,7
83291,4
83297,6
83302,1
83308,10
83309,5
83311,3
83312,0
83313,4
83317,10
83317,9
83318,0
83321,10
83321,6
83324,2
83326,0
83328,7
83330,5
83331,4
83332,5
83335,9
83335,0
83336,3
83338,1
83339,2
83341,1
83343,5
83345,0
83347,10
83347,0
83351,0
83351,4
83354,6
83355,0
83355,8
83370,2
83372,1
83374,0
83375,1
83377,9
83377,7
83379,3
83379,9
83380,3
83380,5
83382,10
83384,6
83386,6
83388,7
83389,3
83390,0
83391,4
83392,3
83395,0
83395,4
83395,9
83396,5
83397,0
83398,9
83403,7
83411,5
83412,7
83415,0
83416,8
83419,1
83421,8
83427,10
83429,10
83431,8
83434,0
83435,0
83437,4
83437,9
83441,1
83443,9
83444,7
83445,8
83445,5
83446,5
83447,10
83447,2
83448,1
83449,0
83453,6
83457,10
83459,2
83463,8
83474,1
83481,4
83485,1
83486,7
83492,7
83492,1
83501,7
83501,8
83507,8
83508,10
83509,3
83509,8
83509,6
83509,2
83512,2
83513,9
83514,10
83514,3
83515,2
83517,10
83519,6
83519,5
83521,6
83523,7
83524,3
83524,1
83525,8
83525,10
83529,4
83532,10
83532,5
83536,5
83537,5
83539,7
83539,9
83542,9
83544,6
83549,1
83550,1
83551,2
83553,1
83554,10
83554,5
83555,8
83558,3
83559,4
83560,0
83561,3
83561,0
83562,2
83565,1
83567,1
83568,2
83569,2
83572,9
83575,1
83579,2
83584,4
83590,6
83595,4
83596,6
83598,4
83601,6
83607,10
83608,0
83612,1
83615,10
83616,7
83618,3
83621,0
83622,4
83623,5
83625,7
83625,10
83625,8
83627,8
83627,3
83629,1
83632,6
83633,1
83636,1
83637,6
83641,6
83642,8
83643,7
83645,4
83646,0
83647,2
83648,7
83649,1
83650,7
83650,0
83651,3
83652,7
83652,9
83653,9
83656,4
83657,10
83664,5
83664,10
83665,5
83665,10
83666,8
83669,7
83672,4
83673,3
83674,0
83675,0
83675,5
83675,8
83676,2
83677,8
83677,9
83678,3
83681,1
83681,4
83686,4
83687,4
83688,5
83697,1
83699,0
83701,0
83701,7
83704,1
83713,4
83716,4
83717,8
83719,6
83722,0
83724,1
83725,6
83725,9
83727,2
83728,10
83732,1
83735,1
83742,7
83744,8
83746,1
83746,8
83747,5
83749,3
83749,6
83753,3
83755,6
83756,3
83756,4
83761,0
83762,4
83764,10
83771,8
83771,2
83772,7
83773,1
83775,6
83775,10
83776,6
83777,1
83778,0
83785,3
83786,2
83789,3
83791,3
83791,4
83792,8
83792,2
83793,1
83793,6
83794,10
83795,1
83797,3
83797,8
83798,3
83799,8
83799,1
83805,5
83807,9
83811,6
83813,4
83813,6
83816,3
83818,1
83820,4
83822,9
83822,2
83824,7
83825,6
83826,7
83827,1
83828,10
83829,8
83829,6
83832,1
83833,6
83837,5
83837,10
83839,2
83840,6
83844,3
83845,8
83847,2
83847,8
83849,3
83854,8
83855,0
83857,6
83860,9
83861,2
83861,1
83863,4
83866,7
83868,6
83869,2
83871,3
83871,4
83879,3
83880,9
83883,4
83886,8
83892,10
83893,2
83894,0
83897,0
83898,10
83901,0
83903,2
83908,0
83908,10
83910,5
83911,8
83911,1
83913,6
83914,0
83916,10
83918,8
83920,7
83920,0
83920,4
83920,8
83921,2
83921,3
83922,1
83924,10
83924,1
83925,1
83928,8
83937,8
83937,7
83940,4
83944,7
83947,8
83948,5
83955,10
83963,1
83964,3
83967,8
83969,5
83972,5
83975,6
83977,9
83977,10
83977,1
83979,2
83982,3
83986,2
83986,1
83989,1
83989,8
83995,6
83996,7
83997,5
83997,9
83997,10
83998,7
83999,1
83999,9
84000,9
84001,1
84003,1
84004,10
84005,5
84005,7
84007,8
84008,4
84008,8
84008,7
84011,8
84012,5
84014,0
84015,5
84016,8
84017,2
84018,0
84021,10
84023,6
84023,4
84023,2
84025,3
84025,4
84028,6
84028,1
84032,10
84033,6
84035,10
84036,5
84037,5
84040,8
84042,3
84045,3
84046,7
84048,6
84051,1
84055,5
84056,1
84057,7
84058,6
84059,9
84059,1
84062,5
84068,6
84071,9
84072,0
84074,9
84077,4
84080,10
84083,2
84083,10
84085,5
84086,1
84087,0
84090,7
84094,10
84095,4
84095,3
84103,6
84103,0
84104,7
84108,7
84112,10
84113,4
84114,1
84114,8
84119,5
84126,5
84129,5
84129,2
84131,2
84134,7
84136,9
84136,2
84138,3
84138,2
84141,10
84143,7
84144,3
84146,1
84148,4
84150,3
84155,2
84157,6
84158,3
84159,4
84159,10
84160,9
84168,1
84170,2
84172,9
84175,8
84177,5
84178,6
84180,6
84180,2
84180,5
84183,7
84190,9
84191,5
84192,0
84193,8
84195,7
84197,4
84198,1
84205,3
84205,7
84209,1
84209,4
84210,6
84211,1
84218,9
84218,4
84219,7
84226,2
84226,4
84226,7
84233,5
84236,4
84237,8
84237,7
84239,9
84240,5
84240,4
84241,4
84243,7
84243,8
84243,1
84249,2
84250,3
84251,3
84253,2
84255,3
84256,4
84258,3
84265,7
84267,6
84267,0
84269,1
84270,4
84271,8
84273,3
84274,10
84274,8
84274,1
84277,1
84277,7
84279,8
84280,7
84280,0
84281,9
84282,0
84285,2
84290,2
84291,4
84295,4
84296,3
84299,10
84300,2
84305,5
84305,6
84305,9
84305,10
84307,7
84307,8
84308,6
84312,9
84314,7
84314,0
84315,0
84317,6
84317,1
84318,2
84319,4
84320,8
84322,10
84323,10
84323,5
84323,1
84324,2
84327,7
84329,3
84330,2
84331,2
84336,0
84337,7
84339,6
84345,4
84349,7
84349,8
84352,4
84352,9
84353,10
84353,9
84354,2
84355,10
84356,2
84356,10
84358,2
84359,3
84361,0
84364,9
84365,7
84369,5
84370,8
84373,3
84374,2
84375,2
84376,10
84377,5
84379,10
84381,6
84389,10
84391,7
84393,7
84393,6
84395,9
84398,7
84399,4
84399,0
84408,10
84410,3
84413,4
84416,4
84416,6
84418,8
84421,5
84422,0
84425,1
84426,4
84433,3
84435,4
84436,9
84436,2
84441,1
84441,3
84442,5
84443,8
84446,4
84447,9
84451,2
84454,6
84458,0
84459,2
84460,2
84462,3
84463,10
84464,4
84465,10
84466,6
84467,3
84468,3
84469,7
84473,5
84478,3
84480,1
84480,10
84484,4
84485,7
84489,5
84489,0
84491,3
84491,9
84495,0
84496,5
84496,7
84498,9
84498,0
84499,5
84502,9
84503,10
84503,0
84505,3
84506,5
84507,4
84508,9
84509,3
84510,6
84511,0
84514,3
84514,10
84515,0
84516,2
84516,9
84520,4
84522,3
84524,3
84526,0
84531,2
84537,0
84537,1
84541,6
84542,9
84543,1
84547,4
84547,3
84549,7
84551,0
84551,10
84556,1
84564,7
84564,9
84565,8
84567,3
84568,2
84572,10
84573,6
84578,0
84579,7
84582,7
84583,8
84587,10
84589,0
84590,7
84590,0
84591,0
84593,3
84596,0
84599,8
84602,8
84602,4
84605,8
84607,6
84612,9
84615,0
84616,10
84618,9
84621,3
84622,7
84627,0
84627,3
84628,6
84629,7
84631,4
84631,9
84632,5
84633,7
84642,6
84647,3
84649,9
84654,1
84657,0
84661,5
84667,1
84672,2
84677,2
84680,1
84682,7
84685,1
84688,2
84688,5
84689,2
84690,2
84691,10
84694,10
84694,6
84699,9
84701,9
84702,3
84702,7
84702,2
84704,7
84705,2
84708,3
84709,6
84713,9
84714,10
84717,1
84722,8
84722,2
84725,8
84735,4
84738,9
84741,0
84743,5
84747,1
84748,1
84750,6
84751,9
84753,0
84755,3
84755,0
84758,2
84763,3
84763,9
84764,4
84764,0
84767,7
84770,7
84774,6
84775,0
84776,4
84777,6
84778,1
84781,4
84787,9
84787,3
84790,0
84793,4
84793,1
84796,7
84800,0
84803,1
84813,7
84814,10
84816,3
84821,9
84821,7
84823,10
84825,0
84826,6
84828,3
84829,2
84832,5
84832,4
84832,8
84833,4
84834,2
84834,7
84835,9
84838,5
84844,9
84845,2
84855,9
84855,2
84856,10
84859,4
84861,2
84862,10
84863,1
84865,4
84866,6
84872,10
84876,7
84876,6
84881,0
84882,2
84883,8
84883,5
84885,3
84891,10
84893,5
84897,9
84899,4
84903,4
84904,10
84905,6
84906,5
84909,6
84911,2
84917,2
84920,9
84922,6
84923,2
84925,5
84927,3
84927,1
84930,8
84931,6
84932,6
84933,7
84941,3
84943,8
84946,6
84947,4
84951,4
84955,5
84955,10
84955,3
84961,1
84961,4
84961,2
84963,3
84963,0
84966,10
84969,0
84970,6
84973,3
84975,7
84975,9
84986,0
84986,1
84989,6
84989,2
84990,0
84997,9
84999,0
85001,10
85003,1
85009,7
85012,7
85012,0
85014,8
85014,9
85017,5
85021,1
85021,2
85021,9
85022,7
85023,3
85024,8
85024,7
85026,7
85027,8
85030,1
85033,4
85034,10
85035,5
85035,7
85040,1
85041,0
85042,7
85042,9
85044,5
85047,4
85052,9
85054,10
85061,5
85062,1
85062,9
85063,6
85069,6
85072,8
85072,10
85076,1
85079,4
85080,3
85084,6
85086,2
85090,9
85091,8
85092,2
85092,9
85092,0
85095,0
85098,0
85099,7
85101,6
85102,8
85103,0
85104,5
85108,7
85111,4
85111,8
85114,7
85115,1
85119,6
85120,3
85123,8
85126,8
85128,0
85130,4
85130,9
85133,9
85133,1
85137,6
85138,1
85138,3
85141,4
85141,1
85145,0
85148,7
85148,10
85152,10
85153,3
85154,10
85156,5
85159,6
85163,0
85165,6
85166,8
85167,4
85170,2
85176,10
85178,10
85180,8
85184,7
85188,3
85191,5
85193,7
85193,0
85194,0
85195,1
85196,1
85197,4
85198,5
85199,0
85206,0
85206,8
85210,4
85213,9
85214,7
85218,0
85219,2
85220,9
85221,8
85222,8
85226,1
85229,2
85237,3
85242,3
85243,3
85244,0
85246,9
85246,0
85248,9
85249,7
85251,2
85252,1
85252,9
85252,7
85253,7
85255,9
85256,6
85260,4
85260,9
85261,3
85264,8
85268,4
85269,7
85271,2
85272,7
85272,6
85274,10
85276,8
85277,8
85278,4
85278,7
85283,7
85285,4
85285,1
85287,10
85288,8
85294,9
85295,7
85295,3
85298,1
85298,3
85300,6
85300,2
85301,8
85301,5
85302,4
85302,7
85306,4
85308,7
85309,6
85313,9
85317,5
85317,1
85321,0
85321,8
85328,1
85328,7
85332,3
85334,7
85335,1
85337,10
85339,10
85340,10
85340,2
85344,9
85348,9
85350,6
85353,4
85354,1
85358,2
85359,9
85360,2
85361,10
85362,0
85366,3
85366,1
85368,5
85370,7
85372,3
85372,9
85374,5
85377,3
85379,2
85382,1
85383,7
85384,9
85385,6
85387,9
85388,9
85389,6
85392,7
85393,7
85397,10
85398,0
85401,6
85403,0
85406,4
85407,6
85407,7
85409,2
85411,10
85411,9
85416,4
85416,10
85419,9
85421,1
85423,8
85424,5
85432,7
85434,5
85437,6
85439,8
85441,2
85443,9
85445,6
85446,1
85450,2
85453,8
85455,7
85460,6
85465,10
85465,8
85470,6
85471,0
85473,2
85478,3
85478,5
85481,4
85482,5
85486,10
85488,3
85489,0
85492,4
85494,0
85496,4
85496,6
85497,6
85498,0
85498,5
85500,6
85500,7
85501,6
85507,10
85508,7
85509,0
85514,7
85515,5
85516,1
85516,3
85517,9
85518,3
85522,4
85522,2
85523,2
85526,1
85527,0
85528,1
85528,10
85531,6
85533,4
85533,3
85534,8
85536,6
85537,2
85537,1
85537,10
85540,3
85540,6
85540,10
85545,1
85546,0
85551,0
85555,6
85557,7
85558,4
85562,2
85565,9
85571,4
85571,2
85571,5
85574,7
85577,7
85582,5
85584,10
85594,8
85595,0
85596,4
85596,5
85597,5
85599,2
85599,5
85600,2
85603,2
85609,4
85611,7
85614,3
85616,2
85616,5
85617,8
85618,0
85622,1
85628,8
85631,5
85633,0
85634,8
85637,8
85637,4
85638,0
85643,9
85643,10
85644,1
85645,1
85647,6
85647,2
85648,9
85649,9
85650,2
85651,7
85661,0
85664,3
85665,10
85667,8
85668,10
85669,6
85670,6
85671,9
85671,3
85672,2
85673,5
85676,0
85676,10
85683,9
85684,4
85686,8
85689,8
85690,6
85690,7
85693,2
85694,9
85697,9
85697,4
85700,4
85700,7
85701,2
85701,8
85703,1
85705,3
85708,3
85712,4
85713,0
85714,3
85716,0
85716,3
85723,10
85725,3
85727,10
85730,8
85731,4
85733,8
85734,2
85734,1
85739,4
85740,1
85742,9
85748,0
85748,5
85750,9
85757,4
85758,1
85761,1
85768,5
85768,6
85769,6
85772,9
85774,6
85779,4
85781,9
85783,2
85783,1
85784,5
85785,2
85791,2
85791,8
85793,6
85794,1
85800,10
85802,6
85807,5
85812,7
85812,5
85814,8
85815,2
85816,9
85817,1
85818,0
85819,0
85821,6
85823,7
85826,4
85827,2
85828,7
85828,8
85828,5
85836,7
85840,1
85842,10
85850,7
85854,8
85860,3
85860,8
85865,2
85867,2
85868,8
85869,4
85869,2
85871,9
85875,5
85879,1
85879,9
85880,0
85880,4
85881,1
85882,7
85884,1
85885,0
85887,3
85888,10
85891,2
85894,1
85894,10
85895,3
85897,4
85898,4
85899,1
85899,2
85899,0
85905,3
85906,2
85906,3
85907,2
85910,4
85913,7
85916,0
85917,5
85921,0
85922,10
85923,2
85924,1
85926,1
85927,10
85930,3
85935,0
85937,2
85939,9
85939,7
85940,3
85943,8
85945,9
85947,3
85950,9
85950,5
85951,5
85952,5
85957,9
85958,2
85959,10
85960,6
85960,2
85960,9
85961,5
85964,3
85964,1
85967,9
85968,6
85969,2
85972,2
85972,3
85975,4
85978,1
85983,0
85983,1
85988,7
85990,9
85998,10
85998,0
85999,6
86000,6
86000,8
86004,7
86005,7
86010,3
86010,9
86010,6
86011,9
86014,9
86015,2
86015,6
86018,0
86020,9
86021,5
86022,1
86025,7
86029,0
86030,3
86033,4
86038,7
86040,8
86044,4
86044,5
86047,6
86048,8
86051,9
86054,10
86056,10
86056,5
86060,0
86062,6
86064,10
86065,8
86076,2
86077,8
86086,3
86088,1
86088,10
86090,0
86091,2
86092,8
86094,2
86095,2
86097,9
86098,5
86099,2
86104,9
86107,1
86108,5
86109,8
86109,6
86111,8
86111,1
86113,8
86113,3
86115,1
86118,3
86118,2
86119,1
86119,4
86122,6
86123,1
86127,6
86128,9
86130,0
86134,1
86135,8
86136,1
86137,3
86141,1
86141,7
86142,4
86142,2
86144,10
86149,4
86149,6
86151,4
86155,5
86156,0
86159,9
86159,5
86160,4
86161,6
86162,7
86162,5
86164,1
86167,1
86167,6
86170,5
86176,1
86178,1
86178,0
86182,2
86183,1
86183,8
86185,9
86187,7
86188,10
86189,0
86189,2
86189,3
86191,5
86193,5
86194,3
86198,8
86198,6
86203,10
86204,10
86207,2
86219,7
86221,9
86223,2
86223,4
86230,9
86236,2
86238,7
86238,5
86241,0
86244,5
86245,3
86253,0
86256,3
86256,10
86257,1
86258,5
86265,1
86266,7
86267,9
86273,8
86275,6
86277,10
86280,7
86280,0
86281,2
86285,0
86285,1
86287,6
86287,9
86295,0
86299,9
86300,10
86301,10
86304,6
86306,4
86306,1
86307,0
86316,0
86316,6
86320,4
86323,7
86326,10
86327,10
86327,2
86329,0
86329,8
86333,0
86345,6
86347,5
86350,1
86355,2
86356,1
86356,4
86360,5
86360,10
86363,6
86365,5
86369,0
86370,1
86370,8
86371,4
86373,10
86374,7
86374,4
86376,9
86379,1
86379,4
86382,10
86383,5
86384,1
86386,2
86387,2
86389,1
86394,1
86395,3
86396,0
86397,0
86398,3
86398,10
86400,8
86407,7
86408,3
86409,5
86410,8
86411,3
86414,4
86414,10
86414,6
86417,10
86418,7
86418,4
86419,2
86421,3
86425,3
86430,10
86432,3
86434,9
86434,3
86437,9
86437,3
86439,4
86439,6
86439,9
86441,8
86442,0
86442,9
86452,5
86453,4
86457,10
86460,7
86461,2
86463,3
86463,5
86464,10
86466,2
86466,7
86466,5
86467,2
86467,4
86472,4
86472,0
86476,10
86479,9
86483,9
86484,7
86487,8
86487,3
86487,9
86488,0
86490,8
86491,2
86492,3
86492,4
86496,10
86501,3
86502,8
86509,10
86509,0
86511,7
86512,8
86513,6
86517,0
86518,6
86518,5
86519,6
86519,2
86526,3
86527,4
86528,2
86530,1
86534,9
86537,6
86539,1
86540,9
86543,6
86545,8
86545,9
86546,9
86547,0
86548,4
86552,4
86553,7
86555,4
86557,9
86558,3
86559,8
86563,4
86564,1
86564,3
86567,4
86568,4
86574,5
86577,2
86578,4
86578,7
86579,6
86579,3
86581,4
86583,3
86584,0
86585,1
86590,1
86590,3
86594,1
86594,5
86598,6
86599,8
86601,0
86601,8
86603,4
86607,4
86611,3
86614,3
86615,8
86616,8
86618,6
86620,6
86620,2
86622,1
86622,5
86623,2
86623,3
86627,9
86627,2
86628,8
86628,0
86629,1
86630,4
86631,2
86632,10
86635,3
86635,6
86638,1
86639,1
86640,2
86644,9
86645,8
86647,2
86647,6
86648,3
86648,8
86650,5
86651,1
86657,0
86657,3
86658,1
86659,3
86660,0
86662,3
86662,9
86664,9
86665,7
86666,9
86666,3
86667,5
86671,2
86671,9
86674,0
86675,1
86677,10
86677,9
86678,7
86678,9
86681,3
86681,8
86689,0
86690,8
86690,5
86692,2
86697,8
86698,2
86698,8
86699,1
86700,4
86701,2
86702,9
86702,1
86704,1
86705,9
86707,3
86708,2
86710,9
86722,6
86723,8
86735,8
86736,4
86740,7
86741,10
86747,10
86747,5
86749,1
86751,10
86753,9
86754,8
86755,5
86757,10
86758,9
86758,6
86760,8
86761,6
86763,2
86764,3
86764,2
86768,9
86769,3
86770,9
86772,5
86773,4
86774,0
86776,4
86777,7
86779,7
86780,8
86781,6
86782,4
86782,0
86782,1
86783,9
86786,4
86786,0
86787,7
86788,3
86796,7
86797,0
86810,8
86815,4
86818,8
86818,2
86819,7
86821,0
86827,8
86829,10
86829,5
86829,0
86830,2
86831,1
86835,7
86839,9
86842,5
86842,8
86844,7
86845,10
86846,0
86849,4
86856,7
86857,5
86857,9
86860,10
86862,2
86864,1
86866,3
86872,10
86875,1
86878,0
86879,5
86882,8
86883,10
86888,6
86889,4
86892,2
86893,1
86893,3
86896,7
86900,2
86902,10
86903,2
86903,9
86906,8
86908,0
86909,9
86909,7
86911,0
86911,9
86913,8
86914,8
86914,9
86916,3
86918,7
86921,5
86922,1
86922,7
86924,2
86927,9
86929,4
86932,6
86936,2
86938,8
86940,1
86944,5
86947,10
86948,9
86949,8
86950,5
86953,7
86954,5
86954,2
86955,2
86955,9
86957,6
86960,3
86966,6
86969,10
86979,5
86979,7
86981,2
86982,6
86983,4
86988,3
86989,3
86990,3
86990,7
86993,5
86994,1
86995,10
86997,7
87001,10
87002,10
87004,0
87007,6
87007,10
87014,7
87014,8
87019,0
87027,10
87029,8
87033,8
87039,1
87042,1
87043,6
87043,4
87044,4
87045,1
87045,3
87045,2
87047,9
87047,0
87049,10
87051,9
87055,8
87058,3
87059,6
87065,10
87066,3
87069,7
87076,2
87080,1
87086,8
87088,3
87089,7
87090,0
87091,5
87092,5
87092,0
87097,3
87102,3
87102,1
87102,10
87107,7
87108,9
87112,7
87112,4
87114,4
87115,0
87119,4
87122,3
87124,10
87127,9
87128,8
87130,8
87131,5
87132,1
87132,10
87138,3
87139,3
87144,9
87145,0
87147,5
87152,9
87152,10
87154,8
87155,5
87158,1
87159,5
87160,4
87161,4
87162,10
87162,4
87163,7
87163,2
87163,0
87166,1
87169,7
87169,2
87173,2
87174,2
87177,7
87177,3
87178,1
87179,5
87182,10
87182,3
87184,9
87190,4
87196,7
87198,7
87201,7
87203,3
87204,8
87208,7
87209,0
87211,5
87212,5
87213,3
87215,6
87217,10
87222,6
87234,6
87234,9
87234,8
87235,9
87239,3
87242,7
87245,1
87247,2
87247,9
87253,2
87254,7
87255,6
87256,6
87256,0
87257,2
87262,1
87265,4
87267,4
87267,3
87270,1
87272,9
87274,4
87275,8
87275,3
87283,1
87284,1
87287,2
87289,3
87291,4
87293,4
87297,5
87305,4
87307,9
87308,8
87308,7
87313,9
87314,0
87317,10
87319,10
87325,9
87332,3
87333,7
87334,10
87334,7
87336,7
87336,5
87337,5
87338,7
87339,4
87341,4
87343,8
87345,2
87349,5
87349,7
87352,9
87352,8
87353,10
87354,1
87355,8
87356,1
87356,3
87360,2
87360,9
87361,9
87361,7
87363,7
87364,9
87364,8
87365,6
87366,10
87367,5
87367,0
87369,10
87369,9
87373,10
87374,9
87374,4
87375,6
87375,5
87376,9
87379,9
87381,5
87382,4
87385,4
87387,1
87388,7
87388,4
87389,6
87390,4
87392,10
87395,2
87395,9
87396,6
87398,10
87400,4
87403,10
87403,6
87404,0
87404,3
87407,2
87411,3
87411,8
87420,10
87421,6
87421,2
87421,3
87422,9
87426,10
87426,1
87427,6
87427,2
87429,4
87433,0
87434,10
87436,4
87439,5
87439,4
87444,1
87445,4
87446,10
87447,4
87447,8
87448,9
87452,7
87452,10
87452,8
87453,0
87457,5
87463,9
87463,6
87464,5
87464,7
87465,8
87465,1
87466,1
87474,1
87475,10
87476,8
87477,4
87479,2
87482,1
87483,8
87484,5
87485,0
87488,8
87489,0
87491,0
87495,8
87495,9
87500,3
87500,0
87504,6
87504,1
87509,0
87510,9
87516,6
87518,10
87524,3
87526,0
87527,3
87527,10
87529,9
87529,5
87530,9
87530,3
87532,7
87533,5
87539,1
87541,3
87541,0
87543,7
87548,3
87549,3
87550,0
87551,2
87553,0
87554,4
87556,9
87557,4
87559,8
87560,8
87560,7
87561,2
87564,9
87564,8
87566,4
87568,9
87571,9
87571,4
87573,5
87573,9
87575,3
87580,10
87580,4
87582,4
87583,0
87585,6
87588,2
87588,6
87588,4
87588,5
87588,8
87592,4
87597,0
87599,1
87600,4
87601,9
87601,1
87602,1
87603,10
87604,0
87607,6
87609,8
87610,8
87610,2
87611,7
87613,0
87614,9
87614,1
87617,8
87622,2
87623,3
87625,8
87626,3
87628,3
87628,0
87630,0
87632,8
87634,6
87634,5
87639,4
87639,10
87641,1
87642,6
87642,9
87642,3
87644,5
87646,10
87649,4
87658,7
87658,10
87665,7
87667,0
87669,0
87670,2
87673,1
87674,0
87674,4
87675,3
87675,4
87677,10
87680,10
87680,4
87682,3
87682,10
87684,6
87685,8
87688,8
87690,8
87691,2
87693,8
87699,8
87699,10
87701,0
87702,1
87703,2
87703,5
87704,10
87705,5
87706,5
87706,10
87707,6
87708,6
87711,1
87712,4
87712,9
87717,4
87717,7
87719,9
87720,3
87721,0
87723,2
87725,9
87727,6
87731,9
87734,3
87734,8
87735,10
87736,9
87737,8
87737,1
87738,4
87742,7
87745,3
87748,5
87758,2
87762,6
87763,10
87766,2
87767,1
87768,8
87770,6
87770,3
87771,6
87774,5
87774,2
87775,0
87777,10
87777,4
87782,6
87782,1
87783,7
87784,7
87788,2
87788,7
87790,9
87791,3
87793,1
87793,3
87795,3
87795,4
87801,7
87805,1
87807,9
87807,3
87807,4
87808,5
87814,7
87815,1
87819,2
87820,5
87823,4
87824,3
87829,6
87829,2
87832,0
87836,3
87836,4
87836,0
87838,6
87844,10
87847,3
87848,8
87848,1
87848,7
87852,1
87853,5
87853,8
87853,7
87857,4
87857,1
87858,4
87858,8
87859,7
87866,9
87866,7
87868,10
87869,3
87869,5
87883,4
87884,10
87886,6
87888,4
87889,2
87893,2
87895,3
87900,5
87903,1
87905,6
87908,5
87909,4
87910,2
87912,0
87915,10
87916,6
87916,0
87919,0
87921,2
87922,8
87926,4
87929,7
87929,10
87929,5
87930,6
87931,2
87932,0
87933,9
87933,8
87934,4
87935,9
87936,5
87936,7
87940,2
87940,9
87940,6
87942,5
87943,3
87946,10
87946,4
87946,9
87949,4
87955,10
87956,0
87957,6
87957,1
87959,9
87961,7
87967,3
87969,8
87975,10
87979,10
87979,6
87981,7
87986,8
87989,1
87992,9
87992,3
87993,4
87993,3
87995,2
87997,1
87999,1
88000,10
88003,2
88006,8
88006,10
88011,4
88011,1
88014,6
88015,4
88019,2
88020,0
88024,6
88025,9
88025,8
88026,4
88026,1
88026,9
88027,10
88027,9
88028,5
88030,2
88031,2
88033,2
88033,5
88033,0
88035,8
88037,2
88045,3
88046,3
88047,7
88047,9
88048,5
88048,4
88054,10
88060,5
88060,2
88063,3
88067,5
88068,0
88071,4
88077,2
88078,3
88078,7
88079,1
88079,9
88080,4
88082,7
88085,1
88089,9
88095,1
88097,7
88098,10
88102,0
88103,3
88104,3
88105,8
88105,3
88108,10
88111,2
88112,5
88114,8
88117,1
88118,10
88119,9
88119,4
88122,10
88123,0
88124,9
88126,2
88127,10
88131,3
88131,2
88131,7
88132,3
88135,4
88138,9
88140,4
88141,0
88144,1
88146,7
88148,7
88152,2
88154,0
88160,7
88160,9
88166,1
88166,5
88168,0
88169,10
88171,6
88171,2
88175,6
88175,2
88177,1
88177,5
88179,5
88180,1
88180,8
88181,5
88183,8
88184,4
88190,3
88191,5
88192,10
88193,7
88194,5
88194,9
88198,2
88198,6
88206,6
88208,10
88209,0
88211,7
88217,6
88218,6
88218,9
88223,6
88225,1
88226,5
88226,10
88227,0
88229,10
88231,5
88232,10
88237,1
88238,9
88239,0
88240,8
88241,3
88242,10
88242,1
88250,0
88252,5
88257,9
88257,3
88260,9
88260,0
88261,8
88265,5
88267,0
88267,3
88268,6
88271,8
88271,1
88271,0
88271,7
88271,4
88273,0
88281,0
88283,9
88285,6
88289,0
88292,2
88292,3
88294,2
88296,3
88297,6
88305,6
88306,8
88314,5
88318,4
88322,9
88329,9
88330,0
88332,7
88336,8
88344,4
88345,3
88346,10
88347,2
88348,3
88349,2
88351,1
88352,0
88353,10
88354,5
88354,3
88354,10
88355,9
88356,3
88356,9
88357,6
88358,5
88358,7
88361,4
88365,6
88367,6
88368,2
88369,8
88369,5
88372,5
88372,4
88378,2
88378,3
88381,10
88381,9
88382,1
88385,10
88386,8
88389,3
88389,4
88391,8
88392,5
88393,2
88395,9
88396,9
88396,5
88401,9
88405,5
88406,2
88406,9
88412,6
88413,3
88414,4
88417,3
88418,6
88420,2
88420,4
88422,9
88424,5
88424,10
88426,3
88427,6
88435,2
88437,10
88440,7
88440,6
88442,0
88443,2
88444,4
88444,2
88452,0
88458,7
88465,2
88466,9
88467,1
88468,1
88470,0
88470,3
88474,1
88474,2
88478,8
88479,3
88480,2
88481,4
88482,6
88483,1
88483,6
88485,8
88488,2
88488,5
88490,1
88491,10
88493,6
88494,6
88499,5
88501,1
88504,6
88504,9
88505,6
88506,8
88507,1
88509,3
88509,9
88516,0
88516,8
88520,7
88524,0
88525,1
88526,10
88527,3
88528,5
88530,5
88531,1
88532,8
88537,7
88541,1
88542,0
88542,8
88543,1
88544,1
88544,3
88546,4
88550,7
88551,5
88554,1
88555,9
88556,4
88557,10
88559,3
88563,9
88565,6
88566,5
88569,8
88571,9
88573,8
88577,2
88586,2
88587,1
88590,2
88591,2
88591,10
88593,3
88593,5
88594,8
88595,9
88596,1
88596,3
88599,9
88601,0
88608,9
88610,6
88612,5
88613,3
88613,8
88615,10
88616,5
88616,3
88619,4
88619,2
88621,3
88622,8
88625,7
88626,6
88626,9
88627,7
88628,7
88630,6
88631,6
88633,10
88636,10
88640,3
88640,5
88641,8
88641,3
88642,6
88648,6
88651,2
88652,8
88652,3
88655,2
88657,7
88657,0
88657,2
88658,10
88661,7
88662,9
88664,7
88665,7
88665,3
88666,7
88667,2
88667,10
88673,8
88675,6
88676,3
88679,1
88681,7
88687,0
88688,8
88691,3
88693,3
88696,2
88701,7
88702,8
88703,0
88705,9
88705,0
88706,8
88708,1
88708,7
88709,6
88713,1
88715,3
88717,6
88717,1
88718,10
88723,1
88724,8
88728,6
88729,2
88731,7
88738,2
88740,3
88741,2
88743,3
88751,3
88751,10
88753,7
88754,4
88757,9
88757,4
88759,9
88760,1
88761,2
88763,7
88765,5
88765,10
88766,0
88772,2
88772,3
88772,5
88775,2
88777,5
88777,7
88780,10
88780,5
88784,4
88784,1
88786,1
88786,6
88787,10
88788,1
88791,5
88792,6
88793,3
88797,1
88805,4
88807,5
88807,9
88810,8
88812,3
88814,4
88816,4
88818,9
88821,9
88824,8
88829,8
88831,3
88832,9
88834,8
88839,5
88841,6
88841,4
88843,10
88843,1
88846,5
88846,6
88848,1
88849,0
88849,2
88849,3
88853,3
88853,7
88854,1
88856,6
88857,2
88857,3
88858,9
88859,1
88859,4
88862,10
88862,1
88865,4
88868,3
88872,8
88874,8
88876,3
88877,5
88877,6
88878,1
88881,5
88889,4
88889,3
88889,5
88892,9
88894,7
88894,1
88897,3
88898,4
88903,2
88904,2
88904,4
88906,4
88907,3
88908,8
88913,7
88913,3
88918,10
88919,2
88920,0
88920,2
88921,10
88925,8
88929,9
88932,1
88934,3
88934,5
88935,7
88936,7
88936,8
88938,4
88938,5
88943,0
88945,5
88947,7
88950,7
88951,9
88954,4
88955,3
88960,1
88961,10
88964,4
88969,3
88970,8
88970,1
88974,9
88975,6
88978,5
88979,5
88982,7
88984,4
88986,3
88989,4
88989,3
88991,8
88992,3
88995,7
89000,5
89000,1
89000,0
89000,6
89000,7
89001,6
89003,10
89003,3
89004,6
89014,7
89017,8
89021,1
89022,7
89023,8
89028,1
89032,10
89033,5
89033,4
89033,6
89037,3
89038,6
89041,8
89041,5
89042,3
89042,7
89046,1
89047,9
89049,10
89052,4
89054,0
89056,2
89057,8
89060,4
89060,8
89062,9
89062,5
89065,6
89066,2
89073,5
89077,3
89080,4
89082,8
89084,10
89085,10
89088,9
89088,0
89089,4
89089,1
89089,5
89091,9
89093,10
89094,1
89096,3
89105,9
89109,4
89109,1
89112,4
89114,10
89115,0
89119,8
89125,7
89126,8
89129,2
89134,7
89137,0
89139,0
89143,9
89143,1
89143,8
89144,5
89145,4
89145,10
89146,0
89147,9
89149,9
89149,8
89154,7
89158,10
89162,7
89167,2
89168,2
89174,10
89176,6
89177,0
89179,0
89180,0
89181,4
89191,4
89191,6
89192,4
89193,2
89194,10
89196,8
89200,10
89204,8
89204,6
89206,1
89215,7
89221,1
89223,1
89224,3
89224,0
89225,8
89225,4
89229,6
89232,6
89233,5
89236,10
89237,9
89242,4
89243,7
89245,9
89246,1
89250,2
89251,10
89253,3
89258,9
89261,1
89264,10
89271,6
89272,4
89274,4
89274,8
89283,0
89284,6
89286,1
89287,3
89290,8
89290,4
89293,7
89298,0
89299,9
89301,10
89301,6
89304,0
89305,6
89307,7
89308,8
89309,8
89312,7
89312,1
89313,5
89316,2
89320,9
89321,8
89323,6
89324,3
89325,9
89325,6
89328,9
89330,8
89331,5
89331,1
89333,10
89339,1
89341,9
89343,7
89350,2
89351,2
89354,7
89356,5
89359,7
89359,2
89359,6
89360,4
89361,6
89364,3
89365,7
89369,1
89378,9
89378,4
89379,9
89379,10
89381,4
89383,6
89385,5
89391,5
89397,0
89398,8
89403,9
89404,5
89408,0
89408,10
89410,1
89412,3
89417,1
89417,4
89419,5
89420,9
89423,2
89424,1
89427,2
89432,2
89438,3
89438,10
89439,7
89443,8
89445,7
89447,10
89448,3
89450,5
89451,9
89452,4
89452,8
89454,8
89456,7
89457,2
89458,5
89459,4
89459,2
89461,2
89462,5
89462,10
89466,1
89467,0
89468,3
89469,10
89469,8
89469,9
89472,8
89475,3
89477,3
89477,5
89479,7
89479,2
89485,4
89488,3
89489,1
89490,8
89490,10
89493,8
89496,0
89497,2
89497,6
89499,0
89502,4
89502,3
89504,8
89505,5
89511,10
89511,4
89512,6
89513,8
89517,7
89517,8
89520,5
89524,0
89524,1
89527,10
89527,0
89528,8
89529,6
89530,7
89532,7
89533,2
89535,6
89536,0
89537,7
89538,8
89539,2
89542,2
89543,5
89545,4
89546,1
89546,2
89546,4
89548,9
89548,3
89549,8
89551,1
89554,5
89554,1
89555,0
89558,4
89560,10
89563,5
89568,9
89569,8
89579,4
89583,5
89583,10
89584,7
89585,6
89589,9
89590,8
89591,9
89596,2
89598,10
89598,7
89601,5
89602,8
89604,9
89605,7
89608,10
89609,2
89610,7
89612,10
89613,1
89615,8
89618,0
89618,2
89623,9
89625,3
89625,0
89628,0
89633,2
89634,6
89636,8
89640,1
89642,3
89644,3
89644,0
89645,3
89647,9
89648,8
89650,3
89652,9
89652,3
89654,9
89654,6
89655,0
89655,4
89656,8
89661,6
89665,1
89667,3
89672,0
89673,2
89675,4
89675,10
89676,6
89679,3
89683,7
89684,10
89694,3
89696,9
89698,7
89699,2
89700,5
89702,5
89702,8
89703,10
89704,5
89704,1
89709,2
89709,8
89709,0
89709,10
89713,2
89716,8
89719,1
89723,4
89723,3
89724,8
89735,1
89739,4
89740,8
89742,4
89743,3
89744,1
89744,0
89747,0
89752,2
89756,10
89757,4
89764,3
89766,6
89767,9
89770,5
89774,8
89774,0
89783,3
89784,1
89784,7
89785,4
89786,4
89788,6
89789,6
89791,2
89794,0
89795,4
89798,0
89799,4
89800,0
89801,4
89803,10
89804,5
89806,0
89806,4
89807,7
89810,1
89810,0
89810,2
89811,0
89812,4
89814,6
89814,7
89815,5
89816,8
89818,9
89819,2
89820,0
89821,2
89823,1
89824,10
89827,8
89828,2
89828,8
89830,4
89831,1
89834,10
89842,9
89844,8
89845,9
89846,10
89847,3
89847,5
89847,4
89850,10
89851,0
89851,5
89854,6
89859,9
89860,1
89862,9
89865,0
89867,5
89868,2
89869,3
89870,3
89871,10
89872,4
89879,7
89881,3
89881,4
89883,0
89884,1
89884,8
89885,10
89888,2
89889,0
89893,1
89893,3
89894,0
89897,4
89899,0
89902,2
89904,4
89906,3
89909,7
89912,5
89912,10
89916,0
89916,8
89917,5
89919,0
89923,6
89925,2
89925,9
89926,8
89927,1
89928,7
89930,9
89932,8
89933,3
89934,7
89941,6
89942,10
89942,2
89945,7
89946,3
89946,9
89947,0
89948,7
89948,2
89949,2
89951,4
89956,1
89958,10
89961,4
89963,8
89964,2
89965,3
89965,4
89968,3
89971,3
89976,8
89978,7
89979,10
89980,7
89982,7
89982,3
89992,8
89995,9
90000,3
90002,4
90005,5
90005,0
90006,2
90011,1
90013,2
90015,1
90017,4
90019,7
90019,5
90025,9
90033,5
90033,8
90034,4
90037,6
90037,10
90037,2
90038,8
90039,4
90046,10
90054,5
90058,6
90061,3
90061,10
90061,9
90062,5
90062,4
90065,2
90067,6
90068,9
90069,6
90072,10
90074,0
90076,6
90078,4
90079,7
90080,2
90084,0
90086,9
90092,5
90093,4
90094,1
90096,6
90096,2
90097,4
90097,2
90099,5
90104,1
90104,2
90104,8
90104,7
90106,0
90109,3
90111,4
90115,2
90118,5
90122,9
90123,7
90124,0
90125,1
90126,3
90127,10
90127,8
90128,8
90128,3
90130,5
90132,3
90134,1
90138,9
90140,9
90142,3
90143,9
90144,2
90148,0
90149,2
90152,0
90153,0
90153,5
90153,10
90154,4
90154,5
90154,0
90155,0
90155,4
90155,2
90156,5
90158,9
90161,9
90163,4
90163,7
90164,5
90165,10
90166,5
90166,4
90171,6
90174,1
90176,1
90177,6
90179,3
90182,8
90183,2
90184,10
90185,7
90186,6
90189,3
90189,4
90191,4
90191,7
90193,7
90193,8
90194,5
90195,10
90195,9
90196,10
90199,4
90201,5
90202,6
90205,4
90212,5
90213,4
90216,10
90216,2
90218,1
90218,7
90221,2
90223,5
90225,7
90225,8
90228,2
90229,9
90230,1
90231,1
90234,2
90236,9
90237,9
90237,10
90242,9
90243,1
90243,3
90243,8
90245,0
90250,10
90252,2
90254,3
90255,5
90258,8
90258,7
90261,3
90263,5
90266,4
90270,8
90271,8
90273,0
90275,3
90275,4
90279,2
90281,1
90283,6
90284,2
90285,8
90285,7
90286,2
90287,4
90290,1
90291,10
90295,6
90296,0
90297,4
90300,7
90300,4
90302,1
90303,8
90304,2
90306,10
90308,6
90308,4
90309,10
90313,5
90316,7
90318,9
90319,6
90322,2
90328,1
90331,10
90331,0
90332,7
90332,6
90335,4
90336,4
90336,6
90341,1
90341,6
90343,9
90346,10
90347,10
90348,2
90349,7
90349,2
90350,4
90351,5
90353,6
90353,9
90359,5
90361,5
90361,1
90366,0
90367,10
90370,4
90373,8
90374,6
90379,2
90381,9
90383,2
90384,0
90384,4
90387,4
90390,5
90393,3
90396,6
90397,1
90398,0
90406,6
90406,1
90408,6
90416,0
90421,0
90423,3
90427,9
90433,9
90434,4
90434,2
90436,2
90436,7
90437,1
90443,8
90445,10
90445,2
90446,4
90446,6
90448,4
90448,10
90449,1
90454,4
90455,7
90456,8
90456,2
90456,6
90458,10
90458,8
90459,8
90465,2
90466,2
90466,4
90469,7
90470,2
90472,6
90472,9
90477,6
90478,5
90480,6
90483,6
90485,5
90488,9
90491,2
90493,6
90493,7
90497,5
90499,5
90499,9
90502,5
90502,9
90504,3
90509,5
90509,1
90512,3
90512,9
90515,6
90516,9
90517,0
90518,8
90519,7
90521,0
90522,1
90525,2
90525,1
90526,7
90526,4
90528,5
90529,1
90532,1
90534,0
90537,1
90538,9
90540,10
90543,1
90543,2
90545,1
90546,0
90548,9
90552,1
90553,7
90554,0
90556,9
90556,5
90558,7
90561,10
90561,3
90565,4
90572,4
90573,8
90574,7
90574,8
90581,4
90582,1
90584,8
90585,10
90587,7
90590,6
90590,2
90592,2
90593,4
90595,6
90597,6
90599,2
90600,1
90602,6
90602,9
90609,6
90610,5
90610,4
90612,6
90612,7
90614,6
90619,10
90623,9
90626,5
90628,4
90632,10
90633,9
90634,3
90637,8
90638,8
90638,6
90645,2
90647,0
90652,3
90655,9
90656,7
90657,0
90659,2
90659,8
90661,3
90661,6
90664,7
90664,8
90665,9
90665,4
90669,4
90670,9
90674,9
90679,3
90681,9
90681,1
90682,4
90683,10
90686,1
90689,7
90691,3
90691,10
90692,9
90694,6
90695,1
90695,3
90702,4
90705,8
90707,2
90708,1
90708,7
90709,9
90710,4
90710,8
90712,8
90712,0
90712,6
90716,1
90716,6
90718,0
90721,4
90725,7
90725,2
90727,1
90728,9
90728,7
90729,2
90730,10
90733,0
90734,9
90734,5
90738,3
90739,2
90739,4
90739,10
90745,0
90747,6
90748,8
90748,0
90750,1
90750,9
90753,1
90756,1
90759,1
90764,4
90769,3
90772,8
90774,6
90775,4
90778,2
90779,0
90779,4
90784,7
90784,1
90784,9
90787,2
90790,7
90791,0
90792,7
90794,7
90794,10
90798,1
90800,2
90801,5
90802,2
90804,2
90804,3
90806,5
90807,2
90811,4
90811,10
90812,9
90814,6
90816,1
90822,9
90824,5
90825,8
90826,6
90828,9
90830,7
90832,3
90833,9
90852,5
90854,10
90854,3
90854,0
90859,0
90860,1
90861,7
90863,1
90864,7
90865,5
90866,7
90867,5
90868,4
90870,4
90871,6
90873,9
90873,6
90876,6
90883,9
90883,0
90885,7
90888,9
90894,2
90898,8
90898,10
90899,7
90900,1
90903,0
90905,10
90909,5
90912,7
90918,1
90919,9
90921,0
90925,3
90926,0
90932,10
90934,0
90934,8
90934,9
90940,1
90945,0
90952,9
90962,2
90962,10
90966,3
90968,10
90970,0
90973,0
90973,8
90973,9
90976,10
90976,3
90978,7
90982,10
90988,8
90991,5
90998,7
90998,4
90998,5
90998,1
90999,6
91001,4
91006,3
91006,8
91006,4
91010,0
91011,8
91022,1
91028,2
91032,8
91034,1
91037,2
91044,9
91044,6
91050,1
91056,2
91057,5
91059,9
91059,7
91062,2
91062,0
91065,5
91066,6
91066,4
91069,1
91070,2
91071,3
91071,4
91074,10
91077,2
91077,3
91077,7
91080,2
91080,8
91082,4
91090,7
91091,0
91092,6
91093,0
91096,6
91096,10
91096,8
91098,5
91101,4
91107,7
91113,1
91114,6
91117,4
91120,0
91120,10
91120,3
91125,6
91126,4
91127,6
91132,1
91134,10
91135,4
91137,9
91141,10
91146,8
91149,3
91150,3
91150,6
91151,9
91156,9
91157,5
91158,1
91160,3
91161,8
91162,7
91164,7
91164,0
91167,7
91168,0
91173,10
91173,8
91177,6
91180,9
91187,8
91188,2
91197,6
91200,6
91206,7
91208,6
91216,4
91220,4
91220,3
91220,10
91223,10
91224,2
91233,8
91233,6
91236,6
91236,8
91238,8
91240,4
91241,6
91242,6
91244,4
91245,8
91246,2
91251,2
91256,2
91258,7
91261,6
91262,10
91262,8
91263,6
91267,0
91271,6
91272,10
91279,8
91281,2
91284,0
91285,3
91285,7
91291,0
91292,8
91294,0
91295,1
91298,3
91302,3
91303,9
91308,0
91308,7
91310,2
91317,8
91319,7
91320,9
91321,10
91325,7
91329,8
91332,3
91333,4
91336,4
91337,0
91341,9
91345,4
91346,3
91347,4
91348,9
91350,1
91351,8
91352,5
91352,3
91354,3
91356,7
91362,5
91363,9
91364,1
91370,0
91371,6
91371,0
91372,0
91373,3
91378,5
91379,1
91380,3
91381,7
91384,5
91384,4
91386,1
91393,7
91396,0
91400,1
91402,2
91403,7
91410,5
91410,4
91412,8
91421,10
91422,8
91422,1
91424,2
91426,8
91427,5
91429,7
91432,9
91432,1
91433,9
91434,9
91440,0
91446,3
91446,7
91447,0
91448,1
91449,3
91452,6
91455,10
91459,9
91460,4
91460,6
91461,8
91462,2
91463,9
91464,1
91464,2
91464,6
91466,9
91468,3
91470,5
91474,1
91475,3
91477,3
91478,10
91479,9
91483,8
91484,10
91484,1
91485,8
91486,0
91488,6
91488,0
91488,2
91488,1
91495,5
91500,0
91501,6
91501,8
91502,7
91503,6
91505,9
91506,10
91508,1
91509,10
91513,6
91516,1
91518,4
91520,0
91523,0
91526,9
91527,10
91528,6
91530,2
91530,10
91532,4
91533,2
91533,3
91534,6
91534,1
91536,9
91538,7
91539,9
91540,4
91546,5
91549,7
91554,6
91557,2
91559,1
91564,7
91566,6
91573,9
91576,0
91580,0
91584,1
91586,5
91590,10
91592,5
91593,9
91603,1
91608,2
91610,4
91611,0
91612,6
91615,5
91618,1
91620,0
91620,3
91620,6
91621,8
91622,10
91623,5
91626,3
91627,3
91632,9
91635,2
91635,6
91637,9
91642,7
91642,9
91642,3
91643,3
91644,8
91644,5
91650,0
91650,3
91653,2
91656,1
91657,3
91657,0
91660,7
91663,2
91666,6
91668,8
91669,7
91674,2
91675,3
91675,7
91675,2
91675,4
91675,1
91682,1
91686,10
91687,5
91688,5
91689,0
91690,2
91693,3
91694,8
91694,4
91700,10
91701,0
91703,8
91703,2
91706,5
91709,2
91710,8
91711,10
91712,5
91713,8
91716,10
91718,5
91719,6
91722,5
91724,3
91728,7
91730,8
91732,3
91739,10
91740,9
91741,2
91742,10
91744,1
91747,1
91749,6
91753,0
91756,0
91757,10
91760,4
91760,5
91763,3
91763,1
91768,7
91771,5
91772,10
91772,2
91773,9
91775,0
91776,9
91779,9
91781,1
91783,5
91784,8
91784,9
91785,7
91790,9
91791,1
91794,9
91797,0
91799,9
91802,6
91802,8
91802,5
91803,9
91803,2
91804,9
91807,3
91808,7
91809,0
91809,4
91812,6
91814,5
91814,1
91814,9
91816,4
91816,6
91818,7
91820,5
91821,10
91825,3
91825,9
91826,3
91827,10
91827,4
91827,8
91829,8
91830,8
91834,3
91834,6
91836,10
91840,0
91842,1
91844,3
91844,6
91845,5
91847,0
91849,0
91849,4
91849,5
91850,7
91853,4
91854,8
91854,7
91854,10
91855,7
91857,1
91860,0
91863,8
91864,6
91864,0
91869,7
91870,4
91873,8
91876,6
91877,8
91879,4
91882,5
91883,2
91884,3
91885,4
91895,5
91896,5
91897,7
91897,5
91897,4
91898,2
91901,8
91901,4
91903,1
91904,2
91905,9
91905,5
91906,2
91906,5
91907,3
91908,5
91908,4
91909,6
91910,6
91911,0
91912,2
91912,8
91913,1
91914,4
91915,9
91917,7
91919,10
91923,2
91924,10
91927,4
91927,5
91929,9
91929,3
91930,4
91931,4
91931,1
91932,5
91934,8
91934,7
91936,7
91939,6
91940,2
91941,10
91941,6
91942,0
91946,8
91947,8
91953,7
91954,6
91955,9
91957,9
91957,2
91958,2
91961,0
91962,9
91962,3
91969,10
91970,5
91971,10
91974,4
91981,9
91982,4
91985,1
91985,6
91990,3
91991,5
91991,9
91992,3
91993,5
91994,10
91999,10
92001,7
92001,2
92008,5
92012,9
92013,4
92014,0
92016,2
92017,10
92022,7
92024,0
92035,6
92035,0
92040,4
92041,4
92041,9
92043,10
92048,8
92051,4
92051,2
92052,0
92056,7
92059,0
92061,5
92065,4
92067,10
92067,4
92068,1
92069,5
92071,8
92074,0
92080,10
92082,5
92087,8
92088,4
92090,3
92091,1
92095,8
92103,8
92106,1
92108,1
92109,2
92109,9
92110,2
92114,7
92117,6
92118,2
92119,10
92121,8
92123,1
92125,3
92126,10
92131,0
92134,7
92134,9
92136,5
92136,4
92138,10
92140,10
92142,6
92144,0
92145,4
92150,9
92155,2
92155,6
92159,7
92159,8
92161,5
92162,2
92163,4
92163,6
92165,8
92166,8
92169,4
92169,7
92170,0
92172,4
92172,9
92174,8
92176,1
92176,8
92177,10
92181,8
92190,10
92190,9
92190,5
92194,10
92196,2
92203,2
92206,3
92209,4
92215,6
92217,6
92219,9
92223,1
92225,4
92226,5
92227,8
92232,8
92236,1
92237,2
92238,4
92239,8
92240,5
92241,9
92244,7
92244,4
92245,8
92248,10
92248,9
92249,5
92251,6
92251,8
92255,4
92258,8
92259,9
92260,6
92261,2
92262,2
92264,1
92267,7
92267,2
92268,9
92271,3
92273,0
92274,8
92275,9
92276,3
92277,6
92277,0
92279,3
92282,1
92283,2
92285,6
92287,3
92290,8
92291,2
92292,7
92295,0
92296,2
92299,0
92301,7
92302,9
92302,2
92306,2
92307,6
92308,6
92310,8
92312,4
92314,7
92315,5
92317,8
92317,2
92317,4
92320,5
92320,1
92328,7
92329,1
92329,2
92337,8
92340,6
92342,1
92342,0
92342,7
92343,10
92345,2
92346,9
92346,8
92346,10
92351,1
92352,7
92354,10
92357,10
92361,3
92368,9
92368,0
92368,10
92370,8
92370,1
92375,2
92378,0
92379,7
92380,4
92380,10
92381,8
92381,10
92385,7
92385,8
92385,4
92386,10
92389,1
92389,9
92390,9
92392,2
92393,7
92394,1
92399,9
92402,8
92403,6
92409,9
92413,10
92416,2
92423,9
92424,10
92425,0
92426,0
92427,2
92428,0
92428,8
92433,5
92434,1
92435,8
92441,10
92442,6
92442,2
92446,6
92447,1
92448,0
92448,2
92450,0
92453,8
92455,0
92458,3
92458,0
92459,10
92459,6
92463,1
92463,7
92465,7
92469,0
92470,2
92471,6
92472,9
92472,2
92477,8
92479,6
92484,3
92486,10
92492,10
92492,0
92495,3
92496,1
92497,8
92497,5
92500,4
92514,10
92515,1
92516,5
92518,1
92520,4
92522,1
92522,5
92522,0
92525,9
92527,4
92529,2
92529,5
92530,7
92530,9
92534,1
92534,7
92534,3
92534,4
92537,8
92552,3
92556,4
92561,1
92565,1
92566,3
92569,4
92570,6
92582,7
92583,0
92585,0
92587,0
92598,0
92598,2
92603,10
92604,0
92606,6
92607,4
92609,4
92609,2
92613,0
92616,4
92617,10
92618,5
92618,7
92622,2
92624,8
92627,8
92628,6
92629,7
92632,1
92634,6
92635,1
92636,2
92637,9
92637,8
92642,6
92643,1
92643,2
92643,7
92645,7
92646,2
92649,7
92651,3
92651,0
92657,8
92661,4
92661,2
92661,3
92666,10
92666,0
92667,8
92668,3
92669,6
92671,0
92675,10
92677,10
92680,3
92691,2
92691,9
92694,1
92699,2
92700,7
92701,3
92705,9
92710,7
92718,10
92720,3
92721,7
92723,4
92725,9
92726,4
92726,3
92727,4
92731,10
92732,10
92736,2
92736,3
92736,5
92739,7
92744,7
92746,0
92749,6
92750,2
92750,3
92755,2
92757,2
92764,8
92765,5
92766,7
92766,3
92767,3
92769,4
92771,0
92772,4
92775,6
92775,4
92776,7
92776,2
92780,7
92781,3
92783,4
92784,5
92786,1
92787,0
92789,6
92789,7
92789,8
92789,2
92794,0
92794,8
92795,0
92799,7
92801,2
92807,4
92807,7
92809,9
92810,7
92821,9
92822,8
92824,2
92824,8
92827,10
92828,2
92829,9
92833,9
92837,0
92838,9
92838,1
92842,6
92842,0
92845,8
92846,8
92849,4
92850,7
92854,0
92856,6
92865,5
92866,8
92871,5
92872,7
92873,0
92877,6
92878,0
92879,10
92880,0
92882,0
92883,1
92883,2
92885,7
92886,0
92888,9
92890,1
92891,3
92891,8
92894,8
92895,7
92896,4
92898,3
92898,9
92904,4
92905,4
92908,3
92908,1
92910,8
92911,8
92912,7
92913,10
92915,8
92918,1
92922,0
92922,6
92923,0
92926,9
92928,8
92929,0
92930,1
92932,5
92933,6
92934,10
92940,0
92943,3
92946,3
92949,0
92949,2
92954,10
92954,9
92954,2
92956,10
92969,2
92970,2
92970,6
92971,4
92973,8
92973,2
92974,3
92975,5
92976,2
92977,0
92980,7
92980,10
92984,6
92984,2
92986,9
92987,2
92987,5
92988,4
92990,0
92990,3
92995,8
92995,6
92996,8
92996,1
92999,8
93002,7
93003,10
93008,7
93009,1
93011,4
93012,1
93012,9
93013,0
93016,9
93017,10
93017,1
93020,0
93025,0
93026,7
93028,0
93028,1
93029,8
93032,10
93033,1
93035,5
93037,4
93040,2
93041,4
93044,6
93046,9
93047,10
93047,1
93047,4
93048,6
93053,5
93054,8
93061,4
93063,0
93064,9
93065,7
93066,0
93070,2
93075,6
93081,0
93082,7
93084,6
93085,4
93086,6
93086,0
93087,5
93087,8
93089,2
93092,4
93094,5
93095,1
93100,10
93104,7
93104,4
93111,3
93113,0
93116,6
93116,4
93120,9
93121,9
93127,6
93129,6
93129,0
93132,0
93132,10
93133,7
93135,2
93135,1
93139,10
93139,7
93140,5
93142,7
93142,8
93142,5
93150,6
93151,3
93152,2
93152,6
93157,10
93158,4
93159,4
93164,1
93165,6
93166,6
93166,10
93168,6
93169,0
93169,7
93169,8
93170,7
93171,10
93174,5
93175,3
93175,8
93176,3
93179,7
93179,0
93179,9
93180,7
93183,4
93186,4
93192,1
93192,2
93196,9
93200,4
93203,5
93204,1
93205,8
93206,1
93209,9
93211,4
93212,2
93218,9
93220,2
93220,8
93221,6
93221,10
93222,3
93223,10
93226,2
93226,1
93226,6
93226,4
93227,8
93229,0
93231,0
93233,0
93237,8
93238,3
93239,6
93243,10
93244,3
93251,1
93252,10
93253,2
93254,7
93255,6
93257,0
93258,7
93258,4
93259,1
93259,5
93260,9
93262,5
93274,7
93279,10
93280,8
93280,6
93281,6
93293,7
93293,5
93294,10
93295,1
93296,9
93299,1
93301,9
93303,4
93303,1
93305,6
93305,8
93305,10
93306,1
93306,9
93315,0
93318,0
93321,0
93323,0
93324,4
93327,0
93327,1
93329,3
93330,8
93332,5
93336,8
93337,2
93339,8
93340,0
93341,6
93345,8
93348,1
93350,4
93351,10
93353,10
93355,8
93356,7
93357,5
93359,7
93360,10
93360,0
93362,6
93363,5
93364,5
93365,1
93366,8
93368,3
93368,10
93369,2
93370,8
93381,0
93381,2
93386,4
93387,5
93389,8
93390,10
93391,3
93391,0
93392,1
93392,5
93393,5
93395,2
93399,3
93404,6
93407,2
93408,9
93410,2
93410,7
93411,4
93412,9
93413,9
93416,4
93417,0
93419,9
93420,2
93420,0
93425,6
93425,10
93425,0
93426,9
93426,8
93431,2
93431,10
93434,10
93439,7
93439,4
93441,1
93444,4
93448,7
93450,0
93451,8
93455,7
93455,10
93456,0
93458,0
93463,6
93466,2
93468,8
93468,3
93469,6
93469,4
93470,10
93470,4
93471,1
93473,9
93474,6
93481,9
93482,2
93488,0
93489,10
93489,9
93490,6
93490,2
93492,0
93496,2
93496,0
93496,3
93498,8
93499,1
93501,10
93502,5
93504,9
93508,0
93509,8
93514,6
93517,0
93520,1
93523,4
93529,2
93530,0
93533,7
93538,8
93539,9
93539,3
93544,9
93544,3
93548,0
93548,9
93550,4
93552,9
93554,10
93556,1
93558,8
93558,0
93559,2
93563,7
93565,4
93565,8
93565,3
93566,8
93569,10
93575,3
93576,8
93577,5
93579,3
93579,4
93581,7
93582,6
93585,5
93585,0
93587,6
93590,6
93591,5
93591,9
93593,2
93595,8
93596,1
93598,10
93599,2
93600,9
93603,4
93605,9
93607,0
93607,2
93609,1
93614,8
93615,2
93620,3
93621,1
93625,5
93626,7
93626,6
93627,6
93633,3
93634,5
93635,1
93635,4
93636,3
93636,5
93638,2
93639,3
93639,8
93641,7
93642,4
93645,0
93645,1
93646,9
93649,7
93650,5
93653,4
93658,1
93659,1
93663,1
93665,5
93667,1
93669,3
93669,6
93670,6
93672,0
93677,4
93680,9
93684,1
93689,8
93691,4
93694,8
93696,9
93697,8
93697,0
93698,1
93699,6
93701,5
93703,7
93706,8
93707,0
93708,7
93713,3
93714,10
93714,5
93715,8
93716,0
93722,7
93723,2
93731,4
93731,2
93734,4
93737,10
93739,5
93739,4
93740,8
93745,4
93746,8
93747,9
93749,0
93752,0
93754,2
93754,5
93756,5
93769,2
93769,6
93770,6
93770,0
93774,1
93775,0
93776,1
93779,8
93779,5
93780,2
93781,7
93786,3
93787,5
93788,9
93788,1
93794,9
93796,0
93799,3
93800,5
93801,8
93802,6
93803,5
93808,2
93808,1
93810,4
93810,0
93811,7
93818,9
93823,9
93825,2
93829,1
93832,5
93841,5
93842,9
93845,2
93847,3
93849,0
93849,9
93851,2
93851,10
93852,7
93852,10
93860,9
93865,3
93866,1
93869,6
93876,3
93878,0
93878,9
93885,6
93886,10
93891,8
93894,9
93902,10
93902,8
93905,1
93907,7
93912,3
93913,6
93919,7
93920,0
93922,1
93924,10
93925,4
93927,10
93930,10
93930,5
93931,5
93932,2
93934,6
93936,5
93937,4
93937,2
93944,7
93947,3
93948,3
93949,4
93956,2
93959,3
93962,4
93962,2
93962,1
93962,3
93964,5
93964,9
93964,10
93964,0
93967,7
93970,1
93973,9
93974,7
93974,5
93976,4
93979,10
93979,1
93980,9
93982,3
93983,10
93985,1
93986,4
93988,1
93989,3
93990,9
93993,8
93994,0
93997,2
93998,9
93999,5
94002,3
94002,1
94003,4
94004,4
94005,2
94012,8
94013,4
94015,10
94017,4
94022,10
94023,0
94025,0
94027,10
94028,10
94029,5
94031,5
94032,8
94036,3
94037,2
94038,1
94040,0
94040,6
94048,9
94048,1
94050,6
94052,3
94052,6
94055,2
94058,10
94059,7
94059,8
94060,7
94060,9
94061,10
94061,9
94063,7
94067,10
94068,10
94070,8
94070,3
94073,8
94076,0
94081,2
94083,9
94083,8
94087,10
94093,0
94094,6
94096,5
94098,10
94100,7
94106,10
94107,2
94108,7
94108,0
94109,1
94110,2
94111,6
94111,2
94114,8
94120,6
94123,10
94124,9
94129,3
94130,1
94131,0
94134,9
94139,0
94140,2
94143,9
94145,9
94146,8
94146,3
94148,6
94149,4
94151,5
94151,1
94152,4
94153,9
94155,5
94161,8
94162,6
94163,4
94165,8
94166,10
94169,10
94169,9
94171,10
94172,8
94173,3
94174,6
94175,6
94178,4
94178,5
94181,2
94185,9
94187,3
94189,9
94190,3
94190,9
94190,6
94198,8
94200,10
94206,1
94207,0
94208,6
94210,5
94210,0
94211,8
94212,2
94214,1
94214,6
94215,10
94216,4
94218,10
94219,3
94222,2
94223,2
94226,6
94234,5
94238,4
94241,5
94242,5
94242,4
94250,8
94251,9
94252,10
94252,2
94253,0
94253,4
94254,0
94256,2
94260,0
94263,10
94264,4
94270,10
94272,7
94273,10
94275,8
94282,5
94283,6
94283,3
94284,0
94285,4
94285,3
94289,9
94289,1
94291,6
94293,8
94293,1
94297,9
94297,10
94298,8
94298,2
94300,9
94305,5
94305,6
94306,4
94309,0
94313,7
94314,4
94317,6
94319,3
94330,5
94333,1
94333,2
94333,0
94334,5
94337,10
94340,0
94341,10
94341,9
94343,9
94345,3
94348,0
94349,7
94351,4
94352,10
94352,5
94353,1
94355,5
94356,3
94357,0
94364,3
94367,4
94370,9
94371,6
94372,9
94373,10
94375,8
94377,1
94378,10
94381,7
94386,0
94389,8
94389,7
94390,7
94393,9
94394,10
94396,5
94397,6
94402,2
94403,9
94404,10
94406,4
94407,7
94408,10
94411,0
94413,9
94416,5
94417,6
94420,0
94421,3
94423,0
94426,7
94428,3
94430,0
94431,9
94431,1
94431,3
94434,6
94439,10
94440,10
94443,7
94445,7
94451,6
94452,1
94453,2
94457,8
94461,4
94463,10
94465,8
94466,10
94468,4
94470,2
94471,7
94472,6
94473,0
94478,9
94481,5
94482,1
94483,9
94483,2
94483,4
94484,6
94487,8
94488,7
94491,2
94494,8
94496,0
94501,5
94503,6
94505,6
94508,5
94509,10
94512,1
94514,7
94514,0
94514,10
94516,3
94517,9
94518,3
94518,7
94521,6
94523,3
94523,9
94524,3
94525,10
94527,4
94529,7
94529,0
94529,1
94530,7
94530,1
94531,6
94531,8
94532,1
94539,8
94539,10
94539,4
94540,4
94541,2
94543,6
94543,1
94546,0
94546,4
94548,10
94551,1
94554,9
94554,3
94563,8
94569,5
94571,5
94572,4
94572,8
94574,9
94575,9
94576,10
94580,8
94582,2
94582,9
94584,10
94584,3
94584,2
94586,4
94586,5
94587,1
94588,4
94591,7
94593,0
94595,3
94597,3
94598,4
94605,6
94607,2
94608,8
94610,0
94611,0
94613,9
94617,9
94620,2
94620,7
94623,10
94625,0
94629,2
94630,4
94632,3
94633,9
94634,7
94638,9
94641,9
94641,7
94643,4
94644,7
94648,6
94648,5
94650,7
94651,1
94653,0
94655,4
94656,9
94657,7
94661,4
94662,6
94662,4
94665,9
94666,8
94667,0
94669,4
94670,4
94671,1
94672,9
94675,1
94676,1
94676,0
94682,6
94682,4
94685,3
94686,2
94688,4
94688,6
94690,2
94691,10
94694,2
94694,8
94698,9
94698,6
94699,3
94701,8
94702,1
94705,10
94705,6
94705,8
94707,8
94707,9
94709,6
94713,0
94714,10
94717,1
94718,9
94720,3
94724,0
94725,7
94731,6
94733,3
94734,4
94738,2
94740,9
94741,8
94742,2
94748,1
94751,4
94752,5
94757,1
94757,7
94761,9
94770,9
94772,7
94772,0
94772,8
94781,4
94784,4
94784,7
94787,10
94790,9
94791,7
94797,0
94799,1
94803,3
94804,4
94805,6
94806,3
94808,7
94809,5
94809,7
94810,3
94810,7
94812,0
94816,1
94823,8
94823,6
94825,2
94826,8
94828,6
94828,9
94838,0
94839,5
94839,7
94841,0
94843,9
94843,4
94844,10
94846,0
94846,9
94851,10
94853,9
94855,3
94855,9
94858,6
94858,7
94863,8
94863,6
94867,9
94867,4
94868,2
94870,4
94870,7
94871,3
94871,4
94872,4
94875,10
94877,0
94878,5
94882,10
94887,6
94888,5
94889,4
94893,6
94894,7
94896,3
94897,7
94897,8
94899,4
94899,10
94900,10
94900,0
94901,9
94902,8
94903,2
94903,6
94904,10
94904,8
94905,9
94907,2
94907,9
94910,5
94911,10
94917,6
94917,2
94918,5
94919,1
94920,9
94920,2
94923,8
94924,3
94925,4
94926,1
94927,7
94929,7
94935,7
94936,8
94936,6
94936,1
94940,2
94942,0
94944,7
94948,1
94948,3
94949,10
94949,1
94954,5
94958,10
94960,3
94960,4
94962,4
94965,0
94966,5
94968,8
94969,1
94970,3
94974,9
94975,8
94978,10
94982,6
94984,3
94985,6
94985,4
94987,8
94990,8
94996,5
94998,6
95003,6
95005,2
95007,2
95007,6
95008,8
95009,2
95009,7
95010,2
95014,7
95015,5
95015,10
95017,6
95017,8
95019,0
95021,9
95024,4
95027,8
95028,0
95030,7
95033,9
95033,5
95035,1
95040,4
95041,0
95041,2
95041,5
95042,9
95042,8
95044,0
95047,4
95051,5
95052,2
95052,3
95054,0
95055,9
95059,4
95060,1
95060,2
95061,6
95064,3
95068,3
95068,5
95069,6
95069,4
95072,0
95073,10
95080,4
95080,3
95083,5
95086,1
95086,3
95087,4
95087,8
95088,5
95088,2
95090,1
95091,0
95091,8
95093,9
95094,7
95098,9
95102,1
95103,9
95106,8
95107,8
95109,8
95109,0
95112,5
95113,7
95116,5
95118,6
95118,10
95123,1
95124,1
95126,8
95127,2
95130,10
95130,8
95131,4
95131,2
95131,8
95132,0
95132,7
95136,4
95138,8
95139,9
95141,10
95143,0
95143,10
95143,9
95145,4
95151,0
95152,2
95153,9
95155,9
95158,6
95161,6
95164,1
95164,7
95165,5
95169,9
95170,10
95171,4
95171,10
95174,3
95177,9
95177,6
95177,5
95186,3
95187,10
95189,1
95191,7
95191,0
95192,0
95196,1
95199,0
95201,10
95203,2
95207,3
95208,10
95208,6
95210,9
95216,7
95220,3
95221,8
95228,6
95230,6
95232,4
95234,8
95235,5
95236,0
95237,7
95238,8
95240,1
95244,10
95246,10
95248,2
95249,1
95250,0
95252,9
95252,10
95258,4
95262,7
95262,5
95262,1
95263,7
95266,8
95266,3
95266,9
95266,7
95268,0
95269,7
95269,10
95270,9
95270,4
95273,0
95273,7
95274,8
95276,10
95277,9
95277,8
95278,5
95279,8
95281,6
95298,6
95299,5
95301,7
95303,0
95308,1
95310,9
95310,2
95314,1
95316,3
95320,3
95321,5
95322,0
95324,0
95327,1
95329,6
95332,2
95332,8
95334,1
95335,10
95339,10
95339,5
95340,4
95345,3
95350,5
95356,2
95357,7
95358,10
95359,10
95362,4
95362,0
95363,2
95366,1
95368,6
95369,0
95370,8
95378,7
95382,7
95386,8
95388,8
95392,4
95395,0
95395,1
95398,5
95398,8
95402,2
95404,8
95411,10
95412,5
95413,7
95414,9
95414,2
95415,6
95416,8
95417,4
95417,8
95418,7
95423,9
95426,1
95435,5
95437,9
95447,9
95448,9
95450,4
95461,0
95463,3
95465,2
95465,8
95466,4
95468,5
95472,0
95475,3
95475,9
95476,0
95478,6
95482,4
95483,8
95484,2
95486,5
95488,5
95489,7
95491,5
95492,7
95495,2
95495,5
95499,9
95500,4
95504,0
95505,10
95506,10
95508,10
95512,10
95514,3
95516,5
95516,3
95522,9
95524,4
95524,6
95525,1
95527,3
95528,1
95529,4
95529,2
95530,10
95530,0
95531,8
95534,6
95539,1
95541,2
95542,1
95543,9
95547,8
95548,5
95553,5
95558,9
95559,1
95561,9
95562,3
95566,0
95567,2
95568,5
95569,5
95573,6
95573,8
95575,9
95580,7
95581,9
95584,0
95587,4
95591,9
95596,3
95598,9
95601,6
95604,7
95606,2
95606,4
95608,5
95608,1
95614,2
95616,4
95618,3
95619,10
95620,5
95620,7
95621,0
95621,2
95623,7
95623,4
95623,5
95624,0
95626,7
95626,8
95627,6
95628,5
95633,7
95633,2
95634,1
95636,6
95637,7
95639,2
95640,4
95641,0
95643,4
95645,0
95646,9
95650,1
95651,3
95652,10
95660,6
95660,0
95665,1
95665,8
95667,2
95669,5
95669,8
95669,0
95670,8
95674,2
95674,5
95676,5
95678,2
95679,9
95681,8
95681,4
95682,7
95683,7
95685,10
95685,1
95687,4
95688,0
95688,9
95691,5
95692,5
95693,1
95694,6
95696,4
95698,7
95698,1
95699,0
95704,10
95704,9
95707,6
95711,8
95712,4
95715,1
95715,0
95719,3
95724,5
95725,9
95726,2
95731,7
95732,8
95733,1
95733,0
95734,5
95739,9
95749,3
95755,8
95756,4
95758,8
95760,9
95760,7
95762,6
95763,9
95768,5
95769,4
95769,3
95776,5
95776,8
95778,5
95780,10
95781,6
95784,7
95786,1
95786,5
95787,2
95787,0
95789,6
95792,1
95793,0
95795,1
95797,6
95798,4
95803,7
95806,4
95807,9
95808,3
95811,10
95813,7
95813,6
95814,8
95819,5
95820,9
95821,8
95823,8
95825,9
95826,3
95828,0
95830,3
95832,9
95832,10
95834,0
95836,8
95838,10
95838,5
95840,2
95842,9
95844,4
95844,2
95846,3
95849,7
95851,4
95856,2
95860,4
95861,5
95862,10
95865,6
95865,0
95869,7
95870,4
95871,4
95871,6
95878,6
95886,2
95888,5
95889,7
95889,0
95891,5
95892,6
95897,4
95897,7
95898,2
95906,6
95906,2
95906,4
95909,6
95910,7
95912,5
95913,1
95916,1
95918,0
95921,5
95921,3
95928,3
95931,7
95933,7
95935,8
95937,4
95938,6
95940,7
95942,0
95943,1
95946,2
95948,1
95949,10
95951,9
95954,4
95955,4
95959,8
95961,2
95963,3
95965,8
95965,6
95967,7
95969,2
95973,9
95974,2
95976,8
95977,4
95979,0
95979,2
95984,5
95987,5
95987,9
95988,9
95989,2
95991,4
95994,9
95995,3
95996,5
96002,2
96005,10
96012,5
96015,5
96017,4
96017,3
96017,6
96018,6
96018,3
96025,7
96028,7
96032,0
96032,2
96039,1
96040,4
96040,6
96041,7
96045,1
96046,8
96046,5
96046,4
96050,1
96051,4
96051,5
96053,9
96053,10
96053,4
96059,0
96061,4
96062,5
96064,1
96065,0
96065,1
96067,2
96070,0
96071,4
96072,9
96074,7
96075,2
96079,7
96079,6
96080,1
96080,0
96084,10
96087,4
96087,9
96088,5
96091,8
96096,4
96096,7
96099,8
96105,1
96110,7
96114,1
96114,4
96119,3
96123,4
96124,9
96128,8
96129,4
96132,3
96138,8
96141,10
96142,6
96146,9
96148,7
96149,5
96150,3
96151,6
96152,0
96152,9
96154,0
96155,7
96162,1
96164,4
96164,5
96165,7
96166,8
96166,1
96170,10
96171,0
96173,2
96173,6
96173,7
96175,2
96176,9
96181,7
96184,8
96185,3
96185,5
96186,7
96186,1
96188,3
96191,2
96194,8
96196,8
96198,8
96198,0
96198,5
96198,7
96203,9
96204,2
96206,5
96207,10
96210,0
96211,1
96214,6
96218,4
96221,10
96224,0
96227,8
96228,3
96229,3
96231,2
96232,4
96235,6
96236,6
96238,10
96243,4
96249,3
96250,2
96256,1
96258,0
96258,4
96262,6
96267,7
96268,7
96270,3
96271,2
96275,6
96276,7
96277,3
96278,4
96279,10
96281,0
96281,7
96285,8
96285,6
96286,4
96286,3
96290,8
96290,3
96292,7
96294,10
96296,7
96298,4
96304,9
96311,3
96313,1
96314,6
96314,8
96314,2
96317,6
96319,2
96322,6
96323,8
96323,7
96328,5
96333,1
96333,9
96334,3
96337,9
96339,1
96342,9
96347,5
96348,2
96353,8
96353,6
96360,8
96364,1
96365,5
96366,0
96368,3
96369,7
96369,8
96372,3
96372,2
96373,9
96374,10
96376,5
96377,10
96379,10
96384,0
96384,9
96388,5
96394,9
96397,4
96398,6
96407,2
96408,0
96408,1
96416,2
96419,7
96420,9
96421,7
96423,4
96429,7
96430,10
96439,5
96439,4
96442,5
96446,10
96446,5
96447,10
96448,6
96448,5
96449,1
96449,0
96451,0
96452,6
96452,9
96454,1
96455,4
96455,1
96456,8
96458,3
96460,4
96461,1
96461,3
96462,8
96462,1
96465,7
96466,10
96468,8
96470,0
96471,0
96475,0
96477,10
96480,8
96481,4
96487,3
96488,5
96489,6
96491,7
96492,9
96495,1
96495,9
96499,8
96501,10
96502,3
96504,0
96511,9
96511,10
96512,7
96512,6
96516,4
96516,3
96522,1
96522,6
96523,4
96525,8
96525,9
96526,1
96538,3
96541,10
96544,9
96545,4
96547,3
96551,2
96552,4
96553,0
96554,9
96555,9
96556,0
96559,4
96563,5
96563,6
96565,7
96568,3
96572,1
96572,7
96573,5
96575,2
96577,9
96577,2
96578,6
96579,7
96581,8
96581,9
96584,0
96585,5
96588,2
96589,0
96590,4
96596,6
96598,10
96601,3
96602,2
96605,1
96605,0
96606,4
96607,2
96607,7
96610,7
96613,7
96614,8
96616,6
96616,10
96620,5
96620,1
96622,5
96628,7
96630,8
96632,10
96636,0
96636,9
96641,1
96643,6
96647,8
96647,0
96648,3
96652,10
96653,9
96654,4
96655,1
96656,3
96659,5
96665,7
96669,1
96670,6
96670,0
96670,7
96671,0
96671,10
96673,7
96674,4
96675,1
96676,0
96677,5
96683,5
96684,0
96684,2
96685,5
96686,6
96691,5
96695,10
96699,8
96706,4
96712,3
96715,3
96715,7
96717,3
96717,0
96719,9
96719,0
96721,10
96723,4
96724,9
96726,0
96726,8
96729,9
96732,4
96732,5
96732,0
96733,10
96734,7
96734,8
96736,4
96736,0
96738,7
96746,7
96747,6
96750,6
96752,2
96758,3
96759,0
96760,6
96765,7
96765,10
96771,6
96771,4
96773,7
96775,6
96778,2
96778,9
96781,1
96784,0
96785,3
96791,5
96795,3
96795,7
96795,4
96797,2
96800,3
96804,5
96807,9
96808,5
96812,9
96814,3
96815,3
96815,1
96817,10
96818,10
96819,3
96821,4
96827,7
96832,0
96832,8
96833,8
96836,4
96840,8
96842,7
96844,0
96847,2
96848,3
96849,9
96851,7
96854,7
96855,7
96856,0
96858,2
96861,2
96862,6
96864,0
96867,0
96868,5
96871,3
96872,8
96875,7
96879,0
96879,4
96883,1
96886,4
96886,8
96888,6
96889,8
96889,7
96892,2
96892,1
96894,3
96895,2
96898,7
96900,2
96902,9
96904,8
96906,6
96910,1
96912,10
96914,9
96915,6
96915,1
96916,7
96917,7
96918,7
96919,4
96926,0
96926,6
96928,10
96929,7
96929,9
96931,5
96931,8
96932,6
96932,9
96934,10
96935,6
96935,8
96936,3
96936,9
96938,7
96939,9
96940,7
96942,0
96942,5
96942,3
96943,1
96945,0
96947,0
96948,5
96949,10
96952,7
96954,5
96958,1
96958,6
96960,4
96961,6
96962,10
96965,9
96965,5
96966,9
96967,1
96969,4
96970,10
96970,3
96973,9
96975,2
96976,5
96977,0
96978,0
96978,8
96979,8
96986,7
96987,6
96988,8
96989,3
96990,10
96990,6
96990,8
96995,3
96996,10
96998,1
96998,5
96999,10
96999,4
97001,5
97002,8
97004,5
97013,4
97013,0
97016,2
97018,2
97019,1
97020,2
97021,4
97021,9
97024,0
97025,1
97027,5
97028,9
97031,9
97032,2
97035,2
97036,0
97037,0
97037,10
97038,4
97046,2
97046,0
97047,6
97049,9
97049,10
97057,7
97059,5
97061,4
97064,0
97065,9
97074,6
97075,6
97078,8
97079,4
97081,6
97082,3
97082,6
97083,8
97084,1
97084,6
97085,7
97086,0
97088,6
97093,3
97096,7
97097,0
97098,3
97099,9
97110,5
97111,9
97113,4
97115,10
97116,9
97116,7
97119,10
97119,3
97120,3
97121,9
97121,0
97122,1
97122,4
97123,1
97124,3
97124,9
97126,5
97128,8
97131,9
97133,9
97133,2
97135,1
97138,3
97140,9
97141,4
97141,9
97141,3
97143,6
97144,4
97144,0
97145,5
97152,4
97155,4
97156,1
97158,0
97160,0
97161,7
97161,10
97161,0
97162,6
97166,9
97166,0
97166,5
97166,10
97167,10
97168,5
97168,9
97169,2
97169,7
97169,1
97170,1
97172,9
97172,3
97173,1
97173,0
97176,3
97176,10
97176,5
97178,2
97181,9
97181,8
97182,0
97184,2
97185,2
97192,10
97193,9
97196,1
97199,8
97200,10
97201,6
97202,8
97204,8
97207,1
97209,7
97216,7
97217,1
97217,2
97218,7
97218,9
97219,3
97219,0
97226,3
97227,10
97227,7
97228,7
97228,4
97229,5
97232,7
97233,1
97235,8
97238,8
97238,2
97238,0
97239,6
97240,10
97240,3
97243,1
97251,6
97253,1
97258,1
97259,8
97259,10
97261,2
97265,0
97265,8
97266,10
97268,3
97272,6
97273,10
97274,0
97280,10
97280,0
97282,4
97286,9
97287,1
97287,5
97291,10
97292,6
97294,3
97296,3
97298,0
97300,4
97301,5
97302,9
97312,3
97318,6
97318,10
97319,9
97319,4
97320,3
97321,3
97323,2
97326,7
97328,7
97336,6
97336,0
97337,9
97338,2
97339,6
97340,4
97341,2
97346,4
97346,9
97347,3
97348,2
97349,5
97350,0
97356,3
97357,2
97358,4
97358,9
97364,7
97365,0
97371,6
97371,3
97371,10
97373,2
97374,6
97376,7
97377,7
97378,1
97379,3
97381,9
97387,0
97394,10
97394,1
97397,10
97398,4
97400,2
97402,4
97402,8
97404,6
97407,7
97410,10
97410,2
97412,3
97419,6
97422,1
97423,5
97427,0
97428,8
97430,2
97437,9
97439,4
97441,2
97442,6
97450,9
97452,2
97456,4
97456,6
97459,1
97459,10
97466,6
97466,5
97467,1
97467,5
97468,8
97469,4
97473,1
97474,8
97480,0
97480,8
97481,9
97482,0
97483,0
97485,9
97486,3
97491,8
97492,5
97495,10
97496,1
97498,0
97501,5
97508,0
97508,4
97509,5
97511,2
97512,4
97513,1
97514,1
97515,8
97517,0
97518,6
97519,1
97521,0
97524,7
97526,2
97532,9
97532,2
97534,1
97535,6
97535,9
97537,4
97538,8
97540,9
97546,10
97549,6
97550,3
97550,1
97551,0
97554,9
97554,0
97554,10
97557,0
97558,1
97562,8
97563,5
97565,0
97568,10
97569,9
97573,0
97582,1
97584,5
97586,2
97586,4
97587,3
97587,1
97587,5
97588,6
97590,3
97597,3
97600,3
97604,5
97604,7
97609,0
97612,10
97612,2
97617,5
97619,10
97620,1
97622,0
97624,9
97626,8
97628,3
97629,1
97630,10
97631,6
97632,9
97632,0
97632,6
97635,10
97635,3
97635,6
97642,4
97642,9
97643,8
97644,9
97644,7
97645,4
97645,7
97647,10
97651,9
97652,10
97653,9
97654,8
97655,4
97658,6
97663,9
97671,9
97675,1
97676,9
97677,10
97682,4
97683,0
97685,4
97686,1
97688,10
97689,0
97691,9
97694,5
97695,4
97696,10
97700,7
97702,4
97705,1
97711,9
97713,2
97714,7
97718,4
97719,2
97720,6
97722,4
97723,1
97724,4
97724,8
97726,3
97728,4
97734,7
97740,10
97740,4
97742,5
97743,9
97744,8
97744,6
97746,6
97747,0
97748,4
97751,3
97751,9
97751,1
97754,8
97760,1
97762,2
97762,7
97764,9
97772,0
97776,4
97777,8
97784,3
97787,10
97790,5
97790,2
97790,9
97792,6
97793,9
97794,4
97797,0
97802,2
97806,4
97807,4
97807,10
97810,4
97810,6
97811,8
97816,0
97817,3
97817,1
97822,1
97824,7
97826,3
97827,8
97830,10
97830,7
97835,1
97836,5
97836,2
97837,6
97839,9
97839,1
97840,10
97850,4
97851,9
97853,1
97853,9
97853,7
97856,3
97858,5
97859,5
97859,6
97859,10
97863,10
97869,7
97869,9
97871,10
97871,3
97874,5
97880,2
97880,3
97880,9
97884,9
97885,9
97885,4
97886,0
97890,8
97891,4
97892,7
97893,0
97898,2
97900,1
97903,6
97910,4
97910,6
97910,1
97911,1
97918,8
97923,7
97923,10
97926,8
97928,3
97937,0
97937,2
97939,0
97941,9
97942,9
97942,4
97943,7
97944,9
97945,4
97947,8
97948,10
97955,10
97955,7
97957,1
97958,8
97959,6
97959,0
97959,5
97959,4
97960,3
97960,1
97962,3
97963,6
97963,9
97966,10
97967,9
97967,1
97970,6
97973,8
97975,10
97979,5
97986,7
97989,7
97992,0
97995,5
97996,6
97996,1
98000,2
98000,1
98004,3
98006,2
98008,3
98010,0
98012,1
98013,2
98013,10
98016,4
98017,8
98018,8
98019,2
98021,5
98021,9
98022,1
98023,0
98029,7
98029,0
98032,1
98034,10
98035,0
98037,7
98040,3
98042,10
98044,5
98044,1
98048,9
98049,3
98049,10
98051,9
98052,2
98056,9
98059,9
98069,3
98071,9
98074,10
98075,1
98077,5
98078,2
98079,10
98079,4
98079,5
98088,8
98089,8
98091,7
98091,4
98092,0
98093,5
98093,6
98098,1
98099,4
98100,10
98103,5
98105,6
98106,9
98111,3
98111,1
98112,5
98113,8
98114,7
98115,5
98117,5
98117,4
98118,8
98118,3
98124,10
98127,1
98128,9
98128,4
98129,0
98131,9
98132,9
98133,6
98134,2
98134,1
98136,3
98137,9
98143,2
98144,0
98144,9
98148,5
98148,8
98156,6
98157,6
98158,8
98158,2
98158,6
98161,1
98162,6
98163,0
98164,8
98167,2
98168,7
98171,6
98171,5
98172,10
98175,1
98175,2
98178,3
98182,7
98183,2
98184,8
98185,8
98185,7
98188,9
98189,4
98190,0
98193,7
98195,5
98199,0
98199,9
98203,5
98204,10
98210,0
98211,7
98212,0
98214,10
98214,7
98215,3
98216,3
98218,0
98220,8
98221,5
98223,8
98224,1
98228,7
98229,3
98230,1
98233,6
98235,3
98236,3
98237,2
98237,3
98241,6
98241,8
98244,6
98244,4
98246,2
98247,6
98247,8
98251,2
98252,5
98254,6
98254,8
98262,6
98263,9
98264,10
98265,9
98271,9
98271,7
98272,10
98273,4
98274,2
98277,9
98279,0
98281,5
98283,8
98285,8
98286,8
98288,4
98292,4
98296,10
98299,3
98300,8
98302,7
98306,1
98308,7
98313,1
98317,6
98320,10
98321,10
98322,8
98330,2
98333,1
98333,0
98337,3
98338,6
98339,5
98341,2
98343,10
98346,1
98346,4
98349,7
98359,2
98359,1
98361,3
98365,3
98365,0
98367,1
98369,6
98375,4
98376,1
98378,3
98382,10
98388,8
98389,10
98390,2
98391,7
98391,1
98392,2
98401,10
98404,5
98409,7
98411,9
98411,0
98413,5
98414,5
98416,6
98417,7
98418,1
98419,1
98428,2
98432,6
98432,9
98433,9
98434,3
98434,8
98436,3
98437,10
98438,5
98442,4
98456,6
98456,5
98460,4
98460,5
98460,10
98462,9
98466,2
98466,4
98469,8
98471,3
98471,7
98472,0
98475,10
98475,6
98475,5
98476,3
98476,7
98476,0
98478,5
98478,2
98479,7
98479,0
98481,5
98482,4
98483,6
98486,2
98495,4
98495,2
98496,8
98500,7
98503,4
98503,9
98505,6
98506,3
98507,2
98512,1
98513,0
98513,3
98515,2
98517,3
98521,8
98528,2
98541,9
98541,3
98542,1
98544,7
98545,8
98546,3
98548,2
98550,0
98550,8
98554,2
98554,5
98556,0
98558,4
98559,7
98559,3
98561,0
98562,0
98570,9
98571,5
98574,10
98579,6
98580,9
98581,7
98583,10
98584,7
98584,2
98584,6
98585,6
98587,10
98587,0
98589,0
98590,1
98591,0
98593,8
98595,4
98597,7
98598,4
98598,2
98600,4
98603,9
98603,4
98603,6
98605,3
98605,10
98606,7
98612,4
98613,5
98614,9
98619,2
98621,5
98624,9
98627,4
98627,6
98629,5
98629,1
98632,8
98632,3
98633,1
98633,4
98633,9
98642,10
98643,4
98644,7
98644,9
98645,4
98647,9
98652,8
98653,9
98654,1
98656,4
98656,10
98658,5
98660,3
98661,1
98663,0
98671,4
98673,7
98676,7
98677,6
98680,6
98681,6
98683,9
98683,8
98686,1
98689,8
98690,6
98692,2
98694,7
98699,6
98701,5
98701,3
98704,7
98710,5
98710,7
98713,7
98717,10
98723,2
98723,4
98729,2
98735,6
98735,9
98736,1
98740,1
98741,5
98742,5
98742,10
98743,4
98743,1
98743,0
98744,6
98745,8
98745,0
98746,1
98746,8
98748,7
98749,5
98749,0
98749,1
98752,3
98754,9
98755,10
98757,5
